###############################################################
#  Generated by:      Cadence Innovus 23.15-s106_1
#  OS:                Linux x86_64(Host ID ASIC-vm)
#  Generated on:      Fri Nov 14 14:47:32 2025
#  Design:            matmul_sync
#  Command:           check_drc -check_only special -ignore_trial_route -out_file reports/floorplan/route.drc.rpt
###############################################################

CUTSPACING: ( Adjacent Cut Spacing ) Special Wire of Net VDD  ( Via6 )
Bounds : ( 52.375, 100.500 ) ( 52.445, 100.570 )


CUTSPACING: ( Adjacent Cut Spacing ) Special Wire of Net VDD  ( Via7 )
Bounds : ( 52.375, 100.500 ) ( 52.445, 100.570 )


SHORT: ( Metal Short ) Special Wire of Net VDD & Pin of Cell WALLACE_CSA_DUMMY_OP_groupi57_g3472__1666  ( Metal1 )
Bounds : ( 52.000, 90.570 ) ( 56.000, 90.690 )


SHORT: ( Metal Short ) Special Wire of Net VSS & Pin of Cell WALLACE_CSA_DUMMY_OP_groupi57_g3472__1666  ( Metal1 )
Bounds : ( 52.000, 92.280 ) ( 56.000, 92.400 )


SHORT: ( Metal Short ) Special Wire of Net VSS & Pin of Cell WALLACE_CSA_DUMMY_OP_groupi57_g3648__7482  ( Metal1 )
Bounds : ( 52.000, 82.020 ) ( 52.800, 82.140 )


SHORT: ( Metal Short ) Special Wire of Net VDD & Pin of Cell WALLACE_CSA_DUMMY_OP_groupi57_g3648__7482  ( Metal1 )
Bounds : ( 52.000, 80.310 ) ( 52.800, 80.430 )


SHORT: ( Metal Short ) Special Wire of Net VDD & Pin of Cell WALLACE_CSA_DUMMY_OP_groupi57_g3532__5122  ( Metal1 )
Bounds : ( 50.600, 87.150 ) ( 54.600, 87.270 )


SHORT: ( Metal Short ) Special Wire of Net VSS & Pin of Cell WALLACE_CSA_DUMMY_OP_groupi57_g3532__5122  ( Metal1 )
Bounds : ( 50.600, 88.860 ) ( 54.600, 88.980 )


SHORT: ( Metal Short ) Special Wire of Net VSS & Pin of Cell WALLACE_CSA_DUMMY_OP_groupi59_g3662__5115  ( Metal1 )
Bounds : ( 52.000, 71.760 ) ( 52.800, 71.880 )


SHORT: ( Metal Short ) Special Wire of Net VSS & Pin of Cell WALLACE_CSA_DUMMY_OP_groupi59_g3801__6260  ( Metal1 )
Bounds : ( 50.600, 71.760 ) ( 51.400, 71.880 )


SHORT: ( Metal Short ) Special Wire of Net VDD & Pin of Cell WALLACE_CSA_DUMMY_OP_groupi59_g3662__5115  ( Metal1 )
Bounds : ( 52.000, 70.050 ) ( 52.800, 70.170 )


SHORT: ( Metal Short ) Special Wire of Net VSS & Pin of Cell WALLACE_CSA_DUMMY_OP_groupi59_g3661__1881  ( Metal1 )
Bounds : ( 51.600, 68.340 ) ( 52.200, 68.460 )


SHORT: ( Metal Short ) Special Wire of Net VDD & Pin of Cell WALLACE_CSA_DUMMY_OP_groupi59_g3661__1881  ( Metal1 )
Bounds : ( 51.600, 66.630 ) ( 52.200, 66.750 )


SHORT: ( Metal Short ) Special Wire of Net VDD & Pin of Cell WALLACE_CSA_DUMMY_OP_groupi59_g3801__6260  ( Metal1 )
Bounds : ( 50.600, 70.050 ) ( 51.400, 70.170 )


SHORT: ( Metal Short ) Special Wire of Net VDD & Pin of Cell WALLACE_CSA_DUMMY_OP_groupi59_g3631__1881  ( Metal1 )
Bounds : ( 51.000, 56.370 ) ( 51.600, 56.490 )


SHORT: ( Metal Short ) Special Wire of Net VSS & Pin of Cell WALLACE_CSA_DUMMY_OP_groupi59_g3631__1881  ( Metal1 )
Bounds : ( 51.000, 58.080 ) ( 51.600, 58.200 )


SHORT: ( Metal Short ) Special Wire of Net VDD & Pin of Cell WALLACE_CSA_DUMMY_OP_groupi59_g3645__2398  ( Metal1 )
Bounds : ( 51.600, 59.790 ) ( 52.200, 59.910 )


SHORT: ( Metal Short ) Special Wire of Net VSS & Pin of Cell WALLACE_CSA_DUMMY_OP_groupi59_g3645__2398  ( Metal1 )
Bounds : ( 51.600, 61.500 ) ( 52.200, 61.620 )


CUTSPACING: ( Adjacent Cut Spacing ) Special Wire of Net VDD  ( Via9 )
Bounds : ( 37.970, 100.515 ) ( 38.150, 100.695 )


CUTSPACING: ( Adjacent Cut Spacing ) Special Wire of Net VDD  ( Via9 )
Bounds : ( 38.330, 100.515 ) ( 38.510, 100.695 )


CUTSPACING: ( Adjacent Cut Spacing ) Special Wire of Net VDD  ( Via9 )
Bounds : ( 38.690, 100.515 ) ( 38.870, 100.695 )


CUTSPACING: ( Adjacent Cut Spacing ) Special Wire of Net VDD  ( Via9 )
Bounds : ( 39.050, 100.515 ) ( 39.230, 100.695 )


CUTSPACING: ( Adjacent Cut Spacing ) Special Wire of Net VDD  ( Via9 )
Bounds : ( 39.410, 100.515 ) ( 39.590, 100.695 )


CUTSPACING: ( Adjacent Cut Spacing ) Special Wire of Net VDD  ( Via9 )
Bounds : ( 39.770, 100.515 ) ( 39.950, 100.695 )


CUTSPACING: ( Adjacent Cut Spacing ) Special Wire of Net VDD  ( Via9 )
Bounds : ( 40.130, 100.515 ) ( 40.310, 100.695 )


CUTSPACING: ( Adjacent Cut Spacing ) Special Wire of Net VDD  ( Via9 )
Bounds : ( 40.490, 100.515 ) ( 40.670, 100.695 )


SHORT: ( Metal Short ) Special Wire of Net VDD & Pin of Cell WALLACE_CSA_DUMMY_OP_groupi57_g3696__6260  ( Metal1 )
Bounds : ( 38.600, 93.990 ) ( 39.400, 94.110 )


SHORT: ( Metal Short ) Special Wire of Net VSS & Pin of Cell WALLACE_CSA_DUMMY_OP_groupi57_g3696__6260  ( Metal1 )
Bounds : ( 38.600, 95.700 ) ( 39.400, 95.820 )


SHORT: ( Metal Short ) Special Wire of Net VDD & Pin of Cell WALLACE_CSA_DUMMY_OP_groupi57_g3654__2883  ( Metal1 )
Bounds : ( 39.000, 90.570 ) ( 39.800, 90.690 )


SHORT: ( Metal Short ) Special Wire of Net VSS & Pin of Cell WALLACE_CSA_DUMMY_OP_groupi57_g3654__2883  ( Metal1 )
Bounds : ( 39.000, 92.280 ) ( 39.800, 92.400 )


SHORT: ( Metal Short ) Special Wire of Net VDD & Pin of Cell WALLACE_CSA_DUMMY_OP_groupi57_g3470__2883  ( Metal1 )
Bounds : ( 39.000, 97.410 ) ( 43.000, 97.530 )


SHORT: ( Metal Short ) Special Wire of Net VSS & Pin of Cell WALLACE_CSA_DUMMY_OP_groupi57_g3470__2883  ( Metal1 )
Bounds : ( 39.000, 99.120 ) ( 43.000, 99.240 )


SHORT: ( Metal Short ) Special Wire of Net VDD & Pin of Cell WALLACE_CSA_DUMMY_OP_groupi57_g3510__4733  ( Metal1 )
Bounds : ( 41.000, 90.570 ) ( 45.000, 90.690 )


SHORT: ( Metal Short ) Special Wire of Net VSS & Pin of Cell WALLACE_CSA_DUMMY_OP_groupi57_g3510__4733  ( Metal1 )
Bounds : ( 41.000, 92.280 ) ( 45.000, 92.400 )


SHORT: ( Metal Short ) Special Wire of Net VDD & Pin of Cell WALLACE_CSA_DUMMY_OP_groupi57_g3368__5107  ( Metal1 )
Bounds : ( 43.600, 97.410 ) ( 47.600, 97.530 )


SHORT: ( Metal Short ) Special Wire of Net VSS & Pin of Cell WALLACE_CSA_DUMMY_OP_groupi57_g3368__5107  ( Metal1 )
Bounds : ( 43.600, 99.120 ) ( 47.600, 99.240 )


SHORT: ( Metal Short ) Special Wire of Net VDD & Pin of Cell WALLACE_CSA_DUMMY_OP_groupi57_g3695__5107  ( Metal1 )
Bounds : ( 46.000, 90.570 ) ( 46.800, 90.690 )


SHORT: ( Metal Short ) Special Wire of Net VSS & Pin of Cell WALLACE_CSA_DUMMY_OP_groupi57_g3695__5107  ( Metal1 )
Bounds : ( 46.000, 92.280 ) ( 46.800, 92.400 )


CUTSPACING: ( Adjacent Cut Spacing ) Special Wire of Net VDD  ( Via9 )
Bounds : ( 37.250, 100.515 ) ( 37.430, 100.695 )


CUTSPACING: ( Adjacent Cut Spacing ) Special Wire of Net VDD  ( Via9 )
Bounds : ( 36.890, 100.515 ) ( 37.070, 100.695 )


CUTSPACING: ( Adjacent Cut Spacing ) Special Wire of Net VDD  ( Via9 )
Bounds : ( 36.530, 100.515 ) ( 36.710, 100.695 )


CUTSPACING: ( Adjacent Cut Spacing ) Special Wire of Net VDD  ( Via8 )
Bounds : ( 36.555, 100.640 ) ( 36.625, 100.710 )


CUTSPACING: ( Adjacent Cut Spacing ) Special Wire of Net VDD  ( Via8 )
Bounds : ( 36.555, 100.500 ) ( 36.625, 100.570 )


CUTSPACING: ( Adjacent Cut Spacing ) Special Wire of Net VDD  ( Via8 )
Bounds : ( 36.375, 100.640 ) ( 36.445, 100.710 )


CUTSPACING: ( Adjacent Cut Spacing ) Special Wire of Net VDD  ( Via8 )
Bounds : ( 36.375, 100.500 ) ( 36.445, 100.570 )


CUTSPACING: ( Adjacent Cut Spacing ) Special Wire of Net VDD  ( Via6 )
Bounds : ( 36.375, 100.500 ) ( 36.445, 100.570 )


CUTSPACING: ( Adjacent Cut Spacing ) Special Wire of Net VDD  ( Via6 )
Bounds : ( 36.375, 100.640 ) ( 36.445, 100.710 )


CUTSPACING: ( Adjacent Cut Spacing ) Special Wire of Net VDD  ( Via6 )
Bounds : ( 36.555, 100.500 ) ( 36.625, 100.570 )


CUTSPACING: ( Adjacent Cut Spacing ) Special Wire of Net VDD  ( Via6 )
Bounds : ( 36.555, 100.640 ) ( 36.625, 100.710 )


CUTSPACING: ( Adjacent Cut Spacing ) Special Wire of Net VDD  ( Via7 )
Bounds : ( 36.375, 100.500 ) ( 36.445, 100.570 )


CUTSPACING: ( Adjacent Cut Spacing ) Special Wire of Net VDD  ( Via7 )
Bounds : ( 36.375, 100.640 ) ( 36.445, 100.710 )


CUTSPACING: ( Adjacent Cut Spacing ) Special Wire of Net VDD  ( Via7 )
Bounds : ( 36.555, 100.500 ) ( 36.625, 100.570 )


CUTSPACING: ( Adjacent Cut Spacing ) Special Wire of Net VDD  ( Via7 )
Bounds : ( 36.555, 100.640 ) ( 36.625, 100.710 )


SHORT: ( Metal Short ) Special Wire of Net VDD & Pin of Cell WALLACE_CSA_DUMMY_OP_groupi59_g3675__1666  ( Metal1 )
Bounds : ( 34.000, 93.990 ) ( 34.800, 94.110 )


SHORT: ( Metal Short ) Special Wire of Net VSS & Pin of Cell WALLACE_CSA_DUMMY_OP_groupi59_g3722__7098  ( Metal1 )
Bounds : ( 33.200, 92.280 ) ( 34.000, 92.400 )


SHORT: ( Metal Short ) Special Wire of Net VDD & Pin of Cell WALLACE_CSA_DUMMY_OP_groupi59_g3722__7098  ( Metal1 )
Bounds : ( 33.200, 90.570 ) ( 34.000, 90.690 )


SHORT: ( Metal Short ) Special Wire of Net VSS & Pin of Cell WALLACE_CSA_DUMMY_OP_groupi59_g3703__2346  ( Metal1 )
Bounds : ( 32.400, 95.700 ) ( 33.200, 95.820 )


SHORT: ( Metal Short ) Special Wire of Net VDD & Pin of Cell WALLACE_CSA_DUMMY_OP_groupi59_g3703__2346  ( Metal1 )
Bounds : ( 32.400, 93.990 ) ( 33.200, 94.110 )


SHORT: ( Metal Short ) Special Wire of Net VSS & Pin of Cell WALLACE_CSA_DUMMY_OP_groupi59_g3726__7482  ( Metal1 )
Bounds : ( 30.800, 95.700 ) ( 31.600, 95.820 )


SHORT: ( Metal Short ) Special Wire of Net VDD & Pin of Cell WALLACE_CSA_DUMMY_OP_groupi59_g3726__7482  ( Metal1 )
Bounds : ( 30.800, 93.990 ) ( 31.600, 94.110 )


SHORT: ( Metal Short ) Special Wire of Net VSS & Pin of Cell WALLACE_CSA_DUMMY_OP_groupi59_g3411__9315  ( Metal1 )
Bounds : ( 28.600, 92.280 ) ( 32.600, 92.400 )


SHORT: ( Metal Short ) Special Wire of Net VDD & Pin of Cell WALLACE_CSA_DUMMY_OP_groupi59_g3411__9315  ( Metal1 )
Bounds : ( 28.600, 90.570 ) ( 32.600, 90.690 )


SHORT: ( Metal Short ) Special Wire of Net VSS & Pin of Cell WALLACE_CSA_DUMMY_OP_groupi59_g3472__1705  ( Metal1 )
Bounds : ( 26.400, 95.700 ) ( 30.400, 95.820 )


SHORT: ( Metal Short ) Special Wire of Net VDD & Pin of Cell WALLACE_CSA_DUMMY_OP_groupi59_g3472__1705  ( Metal1 )
Bounds : ( 26.400, 93.990 ) ( 30.400, 94.110 )


SHORT: ( Metal Short ) Special Wire of Net VSS & Pin of Cell WALLACE_CSA_DUMMY_OP_groupi59_g3677__6417  ( Metal1 )
Bounds : ( 25.600, 92.280 ) ( 26.400, 92.400 )


SHORT: ( Metal Short ) Special Wire of Net VDD & Pin of Cell WALLACE_CSA_DUMMY_OP_groupi59_g3677__6417  ( Metal1 )
Bounds : ( 25.600, 90.570 ) ( 26.400, 90.690 )


SHORT: ( Metal Short ) Special Wire of Net VDD & Pin of Cell WALLACE_CSA_DUMMY_OP_groupi59_g3628__8246  ( Metal1 )
Bounds : ( 27.200, 90.570 ) ( 28.000, 90.690 )


SHORT: ( Metal Short ) Special Wire of Net VSS & Pin of Cell WALLACE_CSA_DUMMY_OP_groupi59_g3628__8246  ( Metal1 )
Bounds : ( 27.200, 92.280 ) ( 28.000, 92.400 )


SHORT: ( Metal Short ) Special Wire of Net VSS & Pin of Cell WALLACE_CSA_DUMMY_OP_groupi59_g3675__1666  ( Metal1 )
Bounds : ( 34.000, 95.700 ) ( 34.800, 95.820 )


SHORT: ( Metal Short ) Special Wire of Net VDD & Pin of Cell WALLACE_CSA_DUMMY_OP_groupi59_g3710__5107  ( Metal1 )
Bounds : ( 34.800, 90.570 ) ( 35.600, 90.690 )


SHORT: ( Metal Short ) Special Wire of Net VSS & Pin of Cell WALLACE_CSA_DUMMY_OP_groupi59_g3710__5107  ( Metal1 )
Bounds : ( 34.800, 92.280 ) ( 35.600, 92.400 )


SHORT: ( Metal Short ) Special Wire of Net VDD & Pin of Cell WALLACE_CSA_DUMMY_OP_groupi59_g3714__5526  ( Metal1 )
Bounds : ( 35.400, 93.990 ) ( 36.200, 94.110 )


SHORT: ( Metal Short ) Special Wire of Net VSS & Pin of Cell WALLACE_CSA_DUMMY_OP_groupi59_g3714__5526  ( Metal1 )
Bounds : ( 35.400, 95.700 ) ( 36.200, 95.820 )


SHORT: ( Metal Short ) Special Wire of Net VDD & Pin of Cell WALLACE_CSA_DUMMY_OP_groupi59_g3648__4319  ( Metal1 )
Bounds : ( 36.400, 90.570 ) ( 37.200, 90.690 )


SHORT: ( Metal Short ) Special Wire of Net VSS & Pin of Cell WALLACE_CSA_DUMMY_OP_groupi59_g3648__4319  ( Metal1 )
Bounds : ( 36.400, 92.280 ) ( 37.200, 92.400 )


CUTSPACING: ( Adjacent Cut Spacing ) Special Wire of Net VDD  ( Via9 )
Bounds : ( 37.610, 100.515 ) ( 37.790, 100.695 )


SHORT: ( Metal Short ) Special Wire of Net VDD & Pin of Cell WALLACE_CSA_DUMMY_OP_groupi59_g3690__1705  ( Metal1 )
Bounds : ( 37.000, 93.990 ) ( 37.800, 94.110 )


SHORT: ( Metal Short ) Special Wire of Net VSS & Pin of Cell WALLACE_CSA_DUMMY_OP_groupi59_g3690__1705  ( Metal1 )
Bounds : ( 37.000, 95.700 ) ( 37.800, 95.820 )


SHORT: ( Metal Short ) Special Wire of Net VSS & Pin of Cell WALLACE_CSA_DUMMY_OP_groupi59_g3802__4319  ( Metal1 )
Bounds : ( 40.400, 78.600 ) ( 41.200, 78.720 )


SHORT: ( Metal Short ) Special Wire of Net VDD & Pin of Cell WALLACE_CSA_DUMMY_OP_groupi59_g3673__2346  ( Metal1 )
Bounds : ( 41.200, 87.150 ) ( 42.000, 87.270 )


SHORT: ( Metal Short ) Special Wire of Net VSS & Pin of Cell WALLACE_CSA_DUMMY_OP_groupi59_g3673__2346  ( Metal1 )
Bounds : ( 41.200, 88.860 ) ( 42.000, 88.980 )


SHORT: ( Metal Short ) Special Wire of Net VSS & Pin of Cell WALLACE_CSA_DUMMY_OP_groupi59_g3489__7410  ( Metal1 )
Bounds : ( 41.800, 78.600 ) ( 42.400, 78.720 )


SHORT: ( Metal Short ) Special Wire of Net VDD & Pin of Cell WALLACE_CSA_DUMMY_OP_groupi59_g3697__7482  ( Metal1 )
Bounds : ( 42.200, 83.730 ) ( 43.000, 83.850 )


SHORT: ( Metal Short ) Special Wire of Net VSS & Pin of Cell WALLACE_CSA_DUMMY_OP_groupi59_g3697__7482  ( Metal1 )
Bounds : ( 42.200, 85.440 ) ( 43.000, 85.560 )


SHORT: ( Metal Short ) Special Wire of Net VSS & Pin of Cell WALLACE_CSA_DUMMY_OP_groupi59_g3516__1705  ( Metal1 )
Bounds : ( 42.800, 78.600 ) ( 46.800, 78.720 )


SHORT: ( Metal Short ) Special Wire of Net VDD & Pin of Cell WALLACE_CSA_DUMMY_OP_groupi59_g3680__5107  ( Metal1 )
Bounds : ( 43.000, 87.150 ) ( 43.800, 87.270 )


SHORT: ( Metal Short ) Special Wire of Net VSS & Pin of Cell WALLACE_CSA_DUMMY_OP_groupi59_g3680__5107  ( Metal1 )
Bounds : ( 43.000, 88.860 ) ( 43.800, 88.980 )


SHORT: ( Metal Short ) Special Wire of Net VDD & Pin of Cell WALLACE_CSA_DUMMY_OP_groupi59_g3707__5477  ( Metal1 )
Bounds : ( 43.800, 83.730 ) ( 44.600, 83.850 )


SHORT: ( Metal Short ) Special Wire of Net VSS & Pin of Cell WALLACE_CSA_DUMMY_OP_groupi59_g3707__5477  ( Metal1 )
Bounds : ( 43.800, 85.440 ) ( 44.600, 85.560 )


SHORT: ( Metal Short ) Special Wire of Net VDD & Pin of Cell WALLACE_CSA_DUMMY_OP_groupi59_g3730__9315  ( Metal1 )
Bounds : ( 44.600, 80.310 ) ( 45.400, 80.430 )


SHORT: ( Metal Short ) Special Wire of Net VSS & Pin of Cell WALLACE_CSA_DUMMY_OP_groupi59_g3730__9315  ( Metal1 )
Bounds : ( 44.600, 82.020 ) ( 45.400, 82.140 )


SHORT: ( Metal Short ) Special Wire of Net VDD & Pin of Cell WALLACE_CSA_DUMMY_OP_groupi57_g3646__1881  ( Metal1 )
Bounds : ( 44.800, 87.150 ) ( 45.600, 87.270 )


SHORT: ( Metal Short ) Special Wire of Net VSS & Pin of Cell WALLACE_CSA_DUMMY_OP_groupi57_g3646__1881  ( Metal1 )
Bounds : ( 44.800, 88.860 ) ( 45.600, 88.980 )


SHORT: ( Metal Short ) Special Wire of Net VDD & Pin of Cell WALLACE_CSA_DUMMY_OP_groupi59_g3694__6131  ( Metal1 )
Bounds : ( 45.400, 83.730 ) ( 46.200, 83.850 )


SHORT: ( Metal Short ) Special Wire of Net VSS & Pin of Cell WALLACE_CSA_DUMMY_OP_groupi59_g3694__6131  ( Metal1 )
Bounds : ( 45.400, 85.440 ) ( 46.200, 85.560 )


SHORT: ( Metal Short ) Special Wire of Net VDD & Pin of Cell WALLACE_CSA_DUMMY_OP_groupi57_g3518__6417  ( Metal1 )
Bounds : ( 46.400, 87.150 ) ( 50.400, 87.270 )


SHORT: ( Metal Short ) Special Wire of Net VSS & Pin of Cell WALLACE_CSA_DUMMY_OP_groupi57_g3518__6417  ( Metal1 )
Bounds : ( 46.400, 88.860 ) ( 50.400, 88.980 )


SHORT: ( Metal Short ) Special Wire of Net VSS & Pin of Cell WALLACE_CSA_DUMMY_OP_groupi59_g3484__9945  ( Metal1 )
Bounds : ( 35.400, 78.600 ) ( 36.800, 78.720 )


SHORT: ( Metal Short ) Special Wire of Net VSS & Pin of Cell WALLACE_CSA_DUMMY_OP_groupi59_g3719__1705  ( Metal1 )
Bounds : ( 35.200, 82.020 ) ( 36.000, 82.140 )


SHORT: ( Metal Short ) Special Wire of Net VDD & Pin of Cell WALLACE_CSA_DUMMY_OP_groupi59_g3719__1705  ( Metal1 )
Bounds : ( 35.200, 80.310 ) ( 36.000, 80.430 )


SHORT: ( Metal Short ) Special Wire of Net VSS & Pin of Cell WALLACE_CSA_DUMMY_OP_groupi59_g3725__5115  ( Metal1 )
Bounds : ( 34.800, 88.860 ) ( 35.600, 88.980 )


SHORT: ( Metal Short ) Special Wire of Net VDD & Pin of Cell WALLACE_CSA_DUMMY_OP_groupi59_g3725__5115  ( Metal1 )
Bounds : ( 34.800, 87.150 ) ( 35.600, 87.270 )


SHORT: ( Metal Short ) Special Wire of Net VSS & Pin of Cell WALLACE_CSA_DUMMY_OP_groupi59_g3418__5477  ( Metal1 )
Bounds : ( 33.400, 85.440 ) ( 37.400, 85.560 )


SHORT: ( Metal Short ) Special Wire of Net VDD & Pin of Cell WALLACE_CSA_DUMMY_OP_groupi59_g3418__5477  ( Metal1 )
Bounds : ( 33.400, 83.730 ) ( 37.400, 83.850 )


SHORT: ( Metal Short ) Special Wire of Net VSS & Pin of Cell WALLACE_CSA_DUMMY_OP_groupi59_g3384__2398  ( Metal1 )
Bounds : ( 33.200, 82.020 ) ( 34.800, 82.140 )


SHORT: ( Metal Short ) Special Wire of Net VDD & Pin of Cell WALLACE_CSA_DUMMY_OP_groupi59_g3384__2398  ( Metal1 )
Bounds : ( 33.200, 80.310 ) ( 34.800, 80.430 )


SHORT: ( Metal Short ) Special Wire of Net VSS & Pin of Cell WALLACE_CSA_DUMMY_OP_groupi59_g3371__4733  ( Metal1 )
Bounds : ( 31.600, 82.020 ) ( 32.600, 82.140 )


SHORT: ( Metal Short ) Special Wire of Net VDD & Pin of Cell WALLACE_CSA_DUMMY_OP_groupi59_g3371__4733  ( Metal1 )
Bounds : ( 31.600, 80.310 ) ( 32.600, 80.430 )


SHORT: ( Metal Short ) Special Wire of Net VSS & Pin of Cell WALLACE_CSA_DUMMY_OP_groupi59_g3434  ( Metal1 )
Bounds : ( 31.600, 78.600 ) ( 32.000, 78.720 )


SHORT: ( Metal Short ) Special Wire of Net VSS & Pin of Cell WALLACE_CSA_DUMMY_OP_groupi59_g3385__5107  ( Metal1 )
Bounds : ( 29.600, 78.600 ) ( 30.800, 78.720 )


SHORT: ( Metal Short ) Special Wire of Net VSS & Pin of Cell WALLACE_CSA_DUMMY_OP_groupi59_g3366__7098  ( Metal1 )
Bounds : ( 29.400, 82.020 ) ( 31.000, 82.140 )


SHORT: ( Metal Short ) Special Wire of Net VDD & Pin of Cell WALLACE_CSA_DUMMY_OP_groupi59_g3366__7098  ( Metal1 )
Bounds : ( 29.400, 80.310 ) ( 31.000, 80.430 )


SHORT: ( Metal Short ) Special Wire of Net VSS & Pin of Cell WALLACE_CSA_DUMMY_OP_groupi59_g3387__4319  ( Metal1 )
Bounds : ( 29.200, 85.440 ) ( 33.200, 85.560 )


SHORT: ( Metal Short ) Special Wire of Net VDD & Pin of Cell WALLACE_CSA_DUMMY_OP_groupi59_g3387__4319  ( Metal1 )
Bounds : ( 29.200, 83.730 ) ( 33.200, 83.850 )


SHORT: ( Metal Short ) Special Wire of Net VSS & Pin of Cell WALLACE_CSA_DUMMY_OP_groupi59_g3624__1617  ( Metal1 )
Bounds : ( 28.000, 82.020 ) ( 28.800, 82.140 )


SHORT: ( Metal Short ) Special Wire of Net VDD & Pin of Cell WALLACE_CSA_DUMMY_OP_groupi59_g3624__1617  ( Metal1 )
Bounds : ( 28.000, 80.310 ) ( 28.800, 80.430 )


SHORT: ( Metal Short ) Special Wire of Net VSS & Pin of Cell WALLACE_CSA_DUMMY_OP_groupi59_g3651__5526  ( Metal1 )
Bounds : ( 27.200, 85.440 ) ( 28.000, 85.560 )


SHORT: ( Metal Short ) Special Wire of Net VDD & Pin of Cell WALLACE_CSA_DUMMY_OP_groupi59_g3651__5526  ( Metal1 )
Bounds : ( 27.200, 83.730 ) ( 28.000, 83.850 )


SHORT: ( Metal Short ) Special Wire of Net VSS & Pin of Cell WALLACE_CSA_DUMMY_OP_groupi59_g3348__7410  ( Metal1 )
Bounds : ( 27.200, 78.600 ) ( 28.200, 78.720 )


SHORT: ( Metal Short ) Special Wire of Net VDD & Pin of Cell WALLACE_CSA_DUMMY_OP_groupi59_g3512__6783  ( Metal1 )
Bounds : ( 26.400, 87.150 ) ( 34.400, 87.270 )


SHORT: ( Metal Short ) Special Wire of Net VSS & Pin of Cell WALLACE_CSA_DUMMY_OP_groupi59_g3512__6783  ( Metal1 )
Bounds : ( 26.400, 88.860 ) ( 34.400, 88.980 )


SHORT: ( Metal Short ) Special Wire of Net VDD & Pin of Cell WALLACE_CSA_DUMMY_OP_groupi59_g3560__5115  ( Metal1 )
Bounds : ( 36.400, 80.310 ) ( 39.200, 80.430 )


SHORT: ( Metal Short ) Special Wire of Net VSS & Pin of Cell WALLACE_CSA_DUMMY_OP_groupi59_g3560__5115  ( Metal1 )
Bounds : ( 36.400, 82.020 ) ( 39.200, 82.140 )


SHORT: ( Metal Short ) Special Wire of Net VDD & Pin of Cell WALLACE_CSA_DUMMY_OP_groupi59_g3517__5122  ( Metal1 )
Bounds : ( 36.600, 87.150 ) ( 40.600, 87.270 )


SHORT: ( Metal Short ) Special Wire of Net VSS & Pin of Cell WALLACE_CSA_DUMMY_OP_groupi59_g3517__5122  ( Metal1 )
Bounds : ( 36.600, 88.860 ) ( 40.600, 88.980 )


SHORT: ( Metal Short ) Special Wire of Net VDD & Pin of Cell WALLACE_CSA_DUMMY_OP_groupi59_g3474__8246  ( Metal1 )
Bounds : ( 37.600, 83.730 ) ( 41.600, 83.850 )


SHORT: ( Metal Short ) Special Wire of Net VSS & Pin of Cell WALLACE_CSA_DUMMY_OP_groupi59_g3474__8246  ( Metal1 )
Bounds : ( 37.600, 85.440 ) ( 41.600, 85.560 )


CUTSPACING: ( Adjacent Cut Spacing ) Special Wire of Net VDD  ( Via9 )
Bounds : ( 24.490, 100.515 ) ( 24.670, 100.695 )


CUTSPACING: ( Adjacent Cut Spacing ) Special Wire of Net VDD  ( Via9 )
Bounds : ( 24.130, 100.515 ) ( 24.310, 100.695 )


CUTSPACING: ( Adjacent Cut Spacing ) Special Wire of Net VDD  ( Via9 )
Bounds : ( 23.770, 100.515 ) ( 23.950, 100.695 )


CUTSPACING: ( Adjacent Cut Spacing ) Special Wire of Net VDD  ( Via9 )
Bounds : ( 23.410, 100.515 ) ( 23.590, 100.695 )


CUTSPACING: ( Adjacent Cut Spacing ) Special Wire of Net VDD  ( Via9 )
Bounds : ( 23.050, 100.515 ) ( 23.230, 100.695 )


CUTSPACING: ( Adjacent Cut Spacing ) Special Wire of Net VDD  ( Via9 )
Bounds : ( 22.690, 100.515 ) ( 22.870, 100.695 )


CUTSPACING: ( Adjacent Cut Spacing ) Special Wire of Net VDD  ( Via9 )
Bounds : ( 22.330, 100.515 ) ( 22.510, 100.695 )


CUTSPACING: ( Adjacent Cut Spacing ) Special Wire of Net VDD  ( Via9 )
Bounds : ( 21.970, 100.515 ) ( 22.150, 100.695 )


CUTSPACING: ( Adjacent Cut Spacing ) Special Wire of Net VDD  ( Via9 )
Bounds : ( 21.610, 100.515 ) ( 21.790, 100.695 )


CUTSPACING: ( Adjacent Cut Spacing ) Special Wire of Net VDD  ( Via9 )
Bounds : ( 21.250, 100.515 ) ( 21.430, 100.695 )


CUTSPACING: ( Adjacent Cut Spacing ) Special Wire of Net VDD  ( Via9 )
Bounds : ( 20.890, 100.515 ) ( 21.070, 100.695 )


CUTSPACING: ( Adjacent Cut Spacing ) Special Wire of Net VDD  ( Via9 )
Bounds : ( 20.530, 100.515 ) ( 20.710, 100.695 )


CUTSPACING: ( Adjacent Cut Spacing ) Special Wire of Net VDD  ( Via8 )
Bounds : ( 20.555, 100.500 ) ( 20.625, 100.570 )


CUTSPACING: ( Adjacent Cut Spacing ) Special Wire of Net VDD  ( Via6 )
Bounds : ( 20.375, 100.500 ) ( 20.445, 100.570 )


CUTSPACING: ( Adjacent Cut Spacing ) Special Wire of Net VDD  ( Via6 )
Bounds : ( 20.375, 100.640 ) ( 20.445, 100.710 )


CUTSPACING: ( Adjacent Cut Spacing ) Special Wire of Net VDD  ( Via6 )
Bounds : ( 20.555, 100.500 ) ( 20.625, 100.570 )


CUTSPACING: ( Adjacent Cut Spacing ) Special Wire of Net VDD  ( Via6 )
Bounds : ( 20.555, 100.640 ) ( 20.625, 100.710 )


CUTSPACING: ( Adjacent Cut Spacing ) Special Wire of Net VDD  ( Via7 )
Bounds : ( 20.375, 100.500 ) ( 20.445, 100.570 )


CUTSPACING: ( Adjacent Cut Spacing ) Special Wire of Net VDD  ( Via7 )
Bounds : ( 20.375, 100.640 ) ( 20.445, 100.710 )


CUTSPACING: ( Adjacent Cut Spacing ) Special Wire of Net VDD  ( Via7 )
Bounds : ( 20.555, 100.500 ) ( 20.625, 100.570 )


CUTSPACING: ( Adjacent Cut Spacing ) Special Wire of Net VDD  ( Via7 )
Bounds : ( 20.555, 100.640 ) ( 20.625, 100.710 )


CUTSPACING: ( Adjacent Cut Spacing ) Special Wire of Net VDD  ( Via8 )
Bounds : ( 20.375, 100.500 ) ( 20.445, 100.570 )


CUTSPACING: ( Adjacent Cut Spacing ) Special Wire of Net VDD  ( Via8 )
Bounds : ( 20.375, 100.640 ) ( 20.445, 100.710 )


CUTSPACING: ( Adjacent Cut Spacing ) Special Wire of Net VDD  ( Via8 )
Bounds : ( 20.555, 100.640 ) ( 20.625, 100.710 )


SHORT: ( Metal Short ) Special Wire of Net VSS & Pin of Cell WALLACE_CSA_DUMMY_OP_groupi59_g3622__6783  ( Metal1 )
Bounds : ( 17.400, 95.700 ) ( 18.200, 95.820 )


SHORT: ( Metal Short ) Special Wire of Net VDD & Pin of Cell WALLACE_CSA_DUMMY_OP_groupi59_g3622__6783  ( Metal1 )
Bounds : ( 17.400, 93.990 ) ( 18.200, 94.110 )


SHORT: ( Metal Short ) Special Wire of Net VSS & Pin of Cell WALLACE_CSA_DUMMY_OP_groupi59_g3682__4319  ( Metal1 )
Bounds : ( 15.600, 95.700 ) ( 16.400, 95.820 )


SHORT: ( Metal Short ) Special Wire of Net VDD & Pin of Cell WALLACE_CSA_DUMMY_OP_groupi59_g3682__4319  ( Metal1 )
Bounds : ( 15.600, 93.990 ) ( 16.400, 94.110 )


SHORT: ( Metal Short ) Special Wire of Net VSS & Pin of Cell WALLACE_CSA_DUMMY_OP_groupi59_g3528__2883  ( Metal1 )
Bounds : ( 14.000, 92.280 ) ( 18.000, 92.400 )


SHORT: ( Metal Short ) Special Wire of Net VDD & Pin of Cell WALLACE_CSA_DUMMY_OP_groupi59_g3528__2883  ( Metal1 )
Bounds : ( 14.000, 90.570 ) ( 18.000, 90.690 )


SHORT: ( Metal Short ) Special Wire of Net VDD & Pin of Cell WALLACE_CSA_DUMMY_OP_groupi59_g3691__5122  ( Metal1 )
Bounds : ( 19.000, 93.990 ) ( 19.800, 94.110 )


SHORT: ( Metal Short ) Special Wire of Net VSS & Pin of Cell WALLACE_CSA_DUMMY_OP_groupi59_g3691__5122  ( Metal1 )
Bounds : ( 19.000, 95.700 ) ( 19.800, 95.820 )


SHORT: ( Metal Short ) Special Wire of Net VDD & Pin of Cell WALLACE_CSA_DUMMY_OP_groupi59_g3728__6161  ( Metal1 )
Bounds : ( 19.200, 90.570 ) ( 20.000, 90.690 )


SHORT: ( Metal Short ) Special Wire of Net VSS & Pin of Cell WALLACE_CSA_DUMMY_OP_groupi59_g3728__6161  ( Metal1 )
Bounds : ( 19.200, 92.280 ) ( 20.000, 92.400 )


SHORT: ( Metal Short ) Special Wire of Net VDD & Pin of Cell WALLACE_CSA_DUMMY_OP_groupi59_g3700__9315  ( Metal1 )
Bounds : ( 20.600, 93.990 ) ( 21.400, 94.110 )


SHORT: ( Metal Short ) Special Wire of Net VSS & Pin of Cell WALLACE_CSA_DUMMY_OP_groupi59_g3700__9315  ( Metal1 )
Bounds : ( 20.600, 95.700 ) ( 21.400, 95.820 )


SHORT: ( Metal Short ) Special Wire of Net VDD & Pin of Cell WALLACE_CSA_DUMMY_OP_groupi59_g3655__2802  ( Metal1 )
Bounds : ( 20.800, 90.570 ) ( 21.600, 90.690 )


SHORT: ( Metal Short ) Special Wire of Net VSS & Pin of Cell WALLACE_CSA_DUMMY_OP_groupi59_g3655__2802  ( Metal1 )
Bounds : ( 20.800, 92.280 ) ( 21.600, 92.400 )


SHORT: ( Metal Short ) Special Wire of Net VDD & Pin of Cell WALLACE_CSA_DUMMY_OP_groupi59_g3695__1881  ( Metal1 )
Bounds : ( 22.400, 90.570 ) ( 23.200, 90.690 )


SHORT: ( Metal Short ) Special Wire of Net VSS & Pin of Cell WALLACE_CSA_DUMMY_OP_groupi59_g3695__1881  ( Metal1 )
Bounds : ( 22.400, 92.280 ) ( 23.200, 92.400 )


SHORT: ( Metal Short ) Special Wire of Net VDD & Pin of Cell WALLACE_CSA_DUMMY_OP_groupi59_g3684__5526  ( Metal1 )
Bounds : ( 24.000, 90.570 ) ( 24.800, 90.690 )


SHORT: ( Metal Short ) Special Wire of Net VSS & Pin of Cell WALLACE_CSA_DUMMY_OP_groupi59_g3684__5526  ( Metal1 )
Bounds : ( 24.000, 92.280 ) ( 24.800, 92.400 )


CUTSPACING: ( Adjacent Cut Spacing ) Special Wire of Net VDD  ( Via9 )
Bounds : ( 6.690, 100.515 ) ( 6.870, 100.695 )


CUTSPACING: ( Adjacent Cut Spacing ) Special Wire of Net VDD  ( Via8 )
Bounds : ( 4.555, 100.640 ) ( 4.625, 100.710 )


CUTSPACING: ( Adjacent Cut Spacing ) Special Wire of Net VDD  ( Via8 )
Bounds : ( 4.555, 100.500 ) ( 4.625, 100.570 )


CUTSPACING: ( Adjacent Cut Spacing ) Special Wire of Net VDD  ( Via8 )
Bounds : ( 4.375, 100.640 ) ( 4.445, 100.710 )


CUTSPACING: ( Adjacent Cut Spacing ) Special Wire of Net VDD  ( Via8 )
Bounds : ( 4.375, 100.500 ) ( 4.445, 100.570 )


CUTSPACING: ( Adjacent Cut Spacing ) Special Wire of Net VDD  ( Via7 )
Bounds : ( 4.555, 100.640 ) ( 4.625, 100.710 )


CUTSPACING: ( Adjacent Cut Spacing ) Special Wire of Net VDD  ( Via7 )
Bounds : ( 4.555, 100.500 ) ( 4.625, 100.570 )


CUTSPACING: ( Adjacent Cut Spacing ) Special Wire of Net VDD  ( Via7 )
Bounds : ( 4.375, 100.640 ) ( 4.445, 100.710 )


CUTSPACING: ( Adjacent Cut Spacing ) Special Wire of Net VDD  ( Via7 )
Bounds : ( 4.375, 100.500 ) ( 4.445, 100.570 )


CUTSPACING: ( Adjacent Cut Spacing ) Special Wire of Net VDD  ( Via6 )
Bounds : ( 4.555, 100.640 ) ( 4.625, 100.710 )


CUTSPACING: ( Adjacent Cut Spacing ) Special Wire of Net VDD  ( Via6 )
Bounds : ( 4.555, 100.500 ) ( 4.625, 100.570 )


CUTSPACING: ( Adjacent Cut Spacing ) Special Wire of Net VDD  ( Via6 )
Bounds : ( 4.375, 100.640 ) ( 4.445, 100.710 )


CUTSPACING: ( Adjacent Cut Spacing ) Special Wire of Net VDD  ( Via6 )
Bounds : ( 4.375, 100.500 ) ( 4.445, 100.570 )


CUTSPACING: ( Adjacent Cut Spacing ) Special Wire of Net VDD  ( Via9 )
Bounds : ( 4.530, 100.515 ) ( 4.710, 100.695 )


CUTSPACING: ( Adjacent Cut Spacing ) Special Wire of Net VDD  ( Via9 )
Bounds : ( 4.890, 100.515 ) ( 5.070, 100.695 )


CUTSPACING: ( Adjacent Cut Spacing ) Special Wire of Net VDD  ( Via9 )
Bounds : ( 5.250, 100.515 ) ( 5.430, 100.695 )


CUTSPACING: ( Adjacent Cut Spacing ) Special Wire of Net VDD  ( Via9 )
Bounds : ( 5.610, 100.515 ) ( 5.790, 100.695 )


CUTSPACING: ( Adjacent Cut Spacing ) Special Wire of Net VDD  ( Via9 )
Bounds : ( 5.970, 100.515 ) ( 6.150, 100.695 )


CUTSPACING: ( Adjacent Cut Spacing ) Special Wire of Net VDD  ( Via9 )
Bounds : ( 6.330, 100.515 ) ( 6.510, 100.695 )


CUTSPACING: ( Adjacent Cut Spacing ) Special Wire of Net VDD  ( Via9 )
Bounds : ( 7.050, 100.515 ) ( 7.230, 100.695 )


CUTSPACING: ( Adjacent Cut Spacing ) Special Wire of Net VDD  ( Via9 )
Bounds : ( 7.410, 100.515 ) ( 7.590, 100.695 )


CUTSPACING: ( Adjacent Cut Spacing ) Special Wire of Net VDD  ( Via9 )
Bounds : ( 7.770, 100.515 ) ( 7.950, 100.695 )


CUTSPACING: ( Adjacent Cut Spacing ) Special Wire of Net VDD  ( Via9 )
Bounds : ( 8.130, 100.515 ) ( 8.310, 100.695 )


CUTSPACING: ( Adjacent Cut Spacing ) Special Wire of Net VDD  ( Via9 )
Bounds : ( 8.490, 100.515 ) ( 8.670, 100.695 )


SHORT: ( Metal Short ) Special Wire of Net VDD & Pin of Cell operand_a_i_sr_reg_27  ( Metal1 )
Bounds : ( 4.800, 90.570 ) ( 12.600, 90.690 )


SHORT: ( Metal Short ) Special Wire of Net VSS & Pin of Cell operand_a_i_sr_reg_27  ( Metal1 )
Bounds : ( 4.800, 92.280 ) ( 12.600, 92.400 )


SHORT: ( Metal Short ) Special Wire of Net VDD & Pin of Cell operand_a_i_sr_reg_21  ( Metal1 )
Bounds : ( 4.600, 87.150 ) ( 12.800, 87.270 )


SHORT: ( Metal Short ) Special Wire of Net VSS & Pin of Cell operand_a_i_sr_reg_21  ( Metal1 )
Bounds : ( 4.600, 88.860 ) ( 12.800, 88.980 )


SHORT: ( Metal Short ) Special Wire of Net VDD & Pin of Cell operand_a_i_sr_reg_15  ( Metal1 )
Bounds : ( 5.200, 80.310 ) ( 13.800, 80.430 )


SHORT: ( Metal Short ) Special Wire of Net VSS & Pin of Cell operand_a_i_sr_reg_15  ( Metal1 )
Bounds : ( 5.200, 82.020 ) ( 13.800, 82.140 )


SHORT: ( Metal Short ) Special Wire of Net VDD & Pin of Cell operand_a_i_sr_reg_26  ( Metal1 )
Bounds : ( 5.800, 83.730 ) ( 14.400, 83.850 )


SHORT: ( Metal Short ) Special Wire of Net VSS & Pin of Cell operand_a_i_sr_reg_26  ( Metal1 )
Bounds : ( 5.800, 85.440 ) ( 14.400, 85.560 )


SHORT: ( Metal Short ) Special Wire of Net VDD & Pin of Cell WALLACE_CSA_DUMMY_OP_groupi59_g3470__1617  ( Metal1 )
Bounds : ( 13.400, 87.150 ) ( 17.400, 87.270 )


SHORT: ( Metal Short ) Special Wire of Net VSS & Pin of Cell WALLACE_CSA_DUMMY_OP_groupi59_g3470__1617  ( Metal1 )
Bounds : ( 13.400, 88.860 ) ( 17.400, 88.980 )


SHORT: ( Metal Short ) Special Wire of Net VSS & Pin of Cell operand_a_i_sr_reg_14  ( Metal1 )
Bounds : ( 15.000, 78.600 ) ( 23.200, 78.720 )


SHORT: ( Metal Short ) Special Wire of Net VDD & Pin of Cell WALLACE_CSA_DUMMY_OP_groupi59_g3368__1881  ( Metal1 )
Bounds : ( 17.600, 87.150 ) ( 21.600, 87.270 )


SHORT: ( Metal Short ) Special Wire of Net VSS & Pin of Cell WALLACE_CSA_DUMMY_OP_groupi59_g3368__1881  ( Metal1 )
Bounds : ( 17.600, 88.860 ) ( 21.600, 88.980 )


SHORT: ( Metal Short ) Special Wire of Net VDD & Pin of Cell WALLACE_CSA_DUMMY_OP_groupi59_g3351__2398  ( Metal1 )
Bounds : ( 21.800, 87.150 ) ( 25.800, 87.270 )


SHORT: ( Metal Short ) Special Wire of Net VSS & Pin of Cell WALLACE_CSA_DUMMY_OP_groupi59_g3351__2398  ( Metal1 )
Bounds : ( 21.800, 88.860 ) ( 25.800, 88.980 )


SHORT: ( Metal Short ) Special Wire of Net VDD & Pin of Cell WALLACE_CSA_DUMMY_OP_groupi59_g3414__2346  ( Metal1 )
Bounds : ( 22.200, 93.990 ) ( 26.200, 94.110 )


SHORT: ( Metal Short ) Special Wire of Net VSS & Pin of Cell WALLACE_CSA_DUMMY_OP_groupi59_g3414__2346  ( Metal1 )
Bounds : ( 22.200, 95.700 ) ( 26.200, 95.820 )


SHORT: ( Metal Short ) Special Wire of Net VSS & Pin of Cell WALLACE_CSA_DUMMY_OP_groupi59_g3718__2802  ( Metal1 )
Bounds : ( 45.200, 75.180 ) ( 46.000, 75.300 )


SHORT: ( Metal Short ) Special Wire of Net VDD & Pin of Cell WALLACE_CSA_DUMMY_OP_groupi59_g3718__2802  ( Metal1 )
Bounds : ( 45.200, 73.470 ) ( 46.000, 73.590 )


SHORT: ( Metal Short ) Special Wire of Net VSS & Pin of Cell WALLACE_CSA_DUMMY_OP_groupi59_g3724__1881  ( Metal1 )
Bounds : ( 44.400, 71.760 ) ( 45.200, 71.880 )


SHORT: ( Metal Short ) Special Wire of Net VDD & Pin of Cell WALLACE_CSA_DUMMY_OP_groupi59_g3724__1881  ( Metal1 )
Bounds : ( 44.400, 70.050 ) ( 45.200, 70.170 )


SHORT: ( Metal Short ) Special Wire of Net VSS & Pin of Cell WALLACE_CSA_DUMMY_OP_groupi59_g3818__6161  ( Metal1 )
Bounds : ( 43.800, 75.180 ) ( 44.600, 75.300 )


SHORT: ( Metal Short ) Special Wire of Net VDD & Pin of Cell WALLACE_CSA_DUMMY_OP_groupi59_g3818__6161  ( Metal1 )
Bounds : ( 43.800, 73.470 ) ( 44.600, 73.590 )


SHORT: ( Metal Short ) Special Wire of Net VSS & Pin of Cell WALLACE_CSA_DUMMY_OP_groupi59_g3815__5115  ( Metal1 )
Bounds : ( 42.800, 71.760 ) ( 43.800, 71.880 )


SHORT: ( Metal Short ) Special Wire of Net VDD & Pin of Cell WALLACE_CSA_DUMMY_OP_groupi59_g3815__5115  ( Metal1 )
Bounds : ( 42.800, 70.050 ) ( 43.800, 70.170 )


SHORT: ( Metal Short ) Special Wire of Net VSS & Pin of Cell WALLACE_CSA_DUMMY_OP_groupi59_g3604__5115  ( Metal1 )
Bounds : ( 41.800, 64.920 ) ( 42.400, 65.040 )


SHORT: ( Metal Short ) Special Wire of Net VSS & Pin of Cell WALLACE_CSA_DUMMY_OP_groupi59_g3647__6260  ( Metal1 )
Bounds : ( 40.400, 64.920 ) ( 41.200, 65.040 )


SHORT: ( Metal Short ) Special Wire of Net VSS & Pin of Cell WALLACE_CSA_DUMMY_OP_groupi59_g3520__6131  ( Metal1 )
Bounds : ( 39.400, 75.180 ) ( 42.400, 75.300 )


SHORT: ( Metal Short ) Special Wire of Net VDD & Pin of Cell WALLACE_CSA_DUMMY_OP_groupi59_g3520__6131  ( Metal1 )
Bounds : ( 39.400, 73.470 ) ( 42.400, 73.590 )


SHORT: ( Metal Short ) Special Wire of Net VSS & Pin of Cell WALLACE_CSA_DUMMY_OP_groupi59_g3469__3680  ( Metal1 )
Bounds : ( 38.200, 71.760 ) ( 42.600, 71.880 )


SHORT: ( Metal Short ) Special Wire of Net VDD & Pin of Cell WALLACE_CSA_DUMMY_OP_groupi59_g3453__2346  ( Metal1 )
Bounds : ( 38.200, 70.050 ) ( 42.600, 70.170 )


SHORT: ( Metal Short ) Special Wire of Net VDD & Pin of Cell WALLACE_CSA_DUMMY_OP_groupi59_g3630__6131  ( Metal1 )
Bounds : ( 45.600, 70.050 ) ( 46.400, 70.170 )


SHORT: ( Metal Short ) Special Wire of Net VSS & Pin of Cell WALLACE_CSA_DUMMY_OP_groupi59_g3630__6131  ( Metal1 )
Bounds : ( 45.600, 71.760 ) ( 46.400, 71.880 )


SHORT: ( Metal Short ) Special Wire of Net VSS & Pin of Cell WALLACE_CSA_DUMMY_OP_groupi59_g3814__1881  ( Metal1 )
Bounds : ( 46.000, 64.920 ) ( 46.800, 65.040 )


SHORT: ( Metal Short ) Special Wire of Net VDD & Pin of Cell WALLACE_CSA_DUMMY_OP_groupi59_g3670__9315  ( Metal1 )
Bounds : ( 46.800, 73.470 ) ( 47.400, 73.590 )


SHORT: ( Metal Short ) Special Wire of Net VSS & Pin of Cell WALLACE_CSA_DUMMY_OP_groupi59_g3670__9315  ( Metal1 )
Bounds : ( 46.800, 75.180 ) ( 47.400, 75.300 )


SHORT: ( Metal Short ) Special Wire of Net VDD & Pin of Cell WALLACE_CSA_DUMMY_OP_groupi59_g3620__8428  ( Metal1 )
Bounds : ( 47.200, 70.050 ) ( 47.800, 70.170 )


SHORT: ( Metal Short ) Special Wire of Net VSS & Pin of Cell WALLACE_CSA_DUMMY_OP_groupi59_g3620__8428  ( Metal1 )
Bounds : ( 47.200, 71.760 ) ( 47.800, 71.880 )


SHORT: ( Metal Short ) Special Wire of Net VDD & Pin of Cell WALLACE_CSA_DUMMY_OP_groupi59_g3615__5477  ( Metal1 )
Bounds : ( 47.800, 66.630 ) ( 48.400, 66.750 )


SHORT: ( Metal Short ) Special Wire of Net VSS & Pin of Cell WALLACE_CSA_DUMMY_OP_groupi59_g3615__5477  ( Metal1 )
Bounds : ( 47.800, 68.340 ) ( 48.400, 68.460 )


SHORT: ( Metal Short ) Special Wire of Net VDD & Pin of Cell WALLACE_CSA_DUMMY_OP_groupi59_g3715__6783  ( Metal1 )
Bounds : ( 48.200, 73.470 ) ( 48.800, 73.590 )


SHORT: ( Metal Short ) Special Wire of Net VSS & Pin of Cell WALLACE_CSA_DUMMY_OP_groupi59_g3715__6783  ( Metal1 )
Bounds : ( 48.200, 75.180 ) ( 48.800, 75.300 )


SHORT: ( Metal Short ) Special Wire of Net VSS & Pin of Cell WALLACE_CSA_DUMMY_OP_groupi59_g3817__4733  ( Metal1 )
Bounds : ( 35.800, 64.920 ) ( 36.600, 65.040 )


SHORT: ( Metal Short ) Special Wire of Net VSS & Pin of Cell WALLACE_CSA_DUMMY_OP_groupi59_g3336__7482  ( Metal1 )
Bounds : ( 26.600, 68.340 ) ( 27.400, 68.460 )


SHORT: ( Metal Short ) Special Wire of Net VDD & Pin of Cell WALLACE_CSA_DUMMY_OP_groupi59_g3336__7482  ( Metal1 )
Bounds : ( 26.600, 66.630 ) ( 27.400, 66.750 )


SHORT: ( Metal Short ) Special Wire of Net VSS & Pin of Cell WALLACE_CSA_DUMMY_OP_groupi59_g3346__2346  ( Metal1 )
Bounds : ( 25.600, 75.180 ) ( 27.200, 75.300 )


SHORT: ( Metal Short ) Special Wire of Net VDD & Pin of Cell WALLACE_CSA_DUMMY_OP_groupi59_g3346__2346  ( Metal1 )
Bounds : ( 25.600, 73.470 ) ( 27.200, 73.590 )


SHORT: ( Metal Short ) Special Wire of Net VSS & Pin of Cell WALLACE_CSA_DUMMY_OP_groupi59_g3330__8246  ( Metal1 )
Bounds : ( 25.000, 64.920 ) ( 26.400, 65.040 )


SHORT: ( Metal Short ) Special Wire of Net VDD & Pin of Cell WALLACE_CSA_DUMMY_OP_groupi59_g3356__8428  ( Metal1 )
Bounds : ( 28.600, 66.630 ) ( 29.600, 66.750 )


SHORT: ( Metal Short ) Special Wire of Net VSS & Pin of Cell WALLACE_CSA_DUMMY_OP_groupi59_g3356__8428  ( Metal1 )
Bounds : ( 28.600, 68.340 ) ( 29.600, 68.460 )


SHORT: ( Metal Short ) Special Wire of Net VSS & Pin of Cell WALLACE_CSA_DUMMY_OP_groupi59_g3683__8428  ( Metal1 )
Bounds : ( 29.200, 64.920 ) ( 30.000, 65.040 )


SHORT: ( Metal Short ) Special Wire of Net VDD & Pin of Cell WALLACE_CSA_DUMMY_OP_groupi59_g3364__5122  ( Metal1 )
Bounds : ( 30.000, 66.630 ) ( 34.000, 66.750 )


SHORT: ( Metal Short ) Special Wire of Net VSS & Pin of Cell WALLACE_CSA_DUMMY_OP_groupi59_g3396__2802  ( Metal1 )
Bounds : ( 30.000, 68.340 ) ( 34.000, 68.460 )


SHORT: ( Metal Short ) Special Wire of Net VSS & Pin of Cell WALLACE_CSA_DUMMY_OP_groupi59_g3481__6161  ( Metal1 )
Bounds : ( 29.800, 75.180 ) ( 39.200, 75.300 )


SHORT: ( Metal Short ) Special Wire of Net VDD & Pin of Cell WALLACE_CSA_DUMMY_OP_groupi59_g3417__6417  ( Metal1 )
Bounds : ( 29.800, 73.470 ) ( 39.200, 73.590 )


SHORT: ( Metal Short ) Special Wire of Net VDD & Pin of Cell WALLACE_CSA_DUMMY_OP_groupi59_g3441__8246  ( Metal1 )
Bounds : ( 35.400, 66.630 ) ( 38.400, 66.750 )


SHORT: ( Metal Short ) Special Wire of Net VSS & Pin of Cell WALLACE_CSA_DUMMY_OP_groupi59_g3441__8246  ( Metal1 )
Bounds : ( 35.400, 68.340 ) ( 38.400, 68.460 )


SHORT: ( Metal Short ) Special Wire of Net VSS & Pin of Cell WALLACE_CSA_DUMMY_OP_groupi59_g3669__6161  ( Metal1 )
Bounds : ( 37.400, 64.920 ) ( 38.000, 65.040 )


SHORT: ( Metal Short ) Special Wire of Net VSS & Pin of Cell WALLACE_CSA_DUMMY_OP_groupi59_g3653__3680  ( Metal1 )
Bounds : ( 48.400, 61.500 ) ( 49.000, 61.620 )


SHORT: ( Metal Short ) Special Wire of Net VDD & Pin of Cell WALLACE_CSA_DUMMY_OP_groupi59_g3653__3680  ( Metal1 )
Bounds : ( 48.400, 59.790 ) ( 49.000, 59.910 )


SHORT: ( Metal Short ) Special Wire of Net VSS & Pin of Cell WALLACE_CSA_DUMMY_OP_groupi59_g3657__5122  ( Metal1 )
Bounds : ( 47.800, 58.080 ) ( 48.400, 58.200 )


SHORT: ( Metal Short ) Special Wire of Net VSS & Pin of Cell WALLACE_CSA_DUMMY_OP_groupi59_g3617__5107  ( Metal1 )
Bounds : ( 46.400, 58.080 ) ( 47.000, 58.200 )


SHORT: ( Metal Short ) Special Wire of Net VDD & Pin of Cell WALLACE_CSA_DUMMY_OP_groupi59_g3814__1881  ( Metal1 )
Bounds : ( 46.000, 63.210 ) ( 46.800, 63.330 )


SHORT: ( Metal Short ) Special Wire of Net VSS & Pin of Cell WALLACE_CSA_DUMMY_OP_groupi59_g3678__5477  ( Metal1 )
Bounds : ( 44.000, 58.080 ) ( 44.600, 58.200 )


SHORT: ( Metal Short ) Special Wire of Net VDD & Pin of Cell WALLACE_CSA_DUMMY_OP_groupi59_g3604__5115  ( Metal1 )
Bounds : ( 41.800, 63.210 ) ( 42.400, 63.330 )


SHORT: ( Metal Short ) Special Wire of Net VSS & Pin of Cell WALLACE_CSA_DUMMY_OP_groupi59_g3619__4319  ( Metal1 )
Bounds : ( 40.600, 61.500 ) ( 48.000, 61.620 )


SHORT: ( Metal Short ) Special Wire of Net VDD & Pin of Cell WALLACE_CSA_DUMMY_OP_groupi59_g3619__4319  ( Metal1 )
Bounds : ( 40.600, 59.790 ) ( 48.000, 59.910 )


SHORT: ( Metal Short ) Special Wire of Net VDD & Pin of Cell WALLACE_CSA_DUMMY_OP_groupi59_g3647__6260  ( Metal1 )
Bounds : ( 40.400, 63.210 ) ( 41.200, 63.330 )


SHORT: ( Metal Short ) Special Wire of Net VSS & Pin of Cell WALLACE_CSA_DUMMY_OP_groupi59_g3693__7098  ( Metal1 )
Bounds : ( 39.200, 61.500 ) ( 40.000, 61.620 )


SHORT: ( Metal Short ) Special Wire of Net VDD & Pin of Cell WALLACE_CSA_DUMMY_OP_groupi59_g3693__7098  ( Metal1 )
Bounds : ( 39.200, 59.790 ) ( 40.000, 59.910 )


SHORT: ( Metal Short ) Special Wire of Net VSS & Pin of Cell WALLACE_CSA_DUMMY_OP_groupi59_g3486__2883  ( Metal1 )
Bounds : ( 37.800, 61.500 ) ( 38.400, 61.620 )


SHORT: ( Metal Short ) Special Wire of Net VDD & Pin of Cell WALLACE_CSA_DUMMY_OP_groupi59_g3486__2883  ( Metal1 )
Bounds : ( 37.800, 59.790 ) ( 38.400, 59.910 )


SHORT: ( Metal Short ) Special Wire of Net VSS & Pin of Cell WALLACE_CSA_DUMMY_OP_groupi59_g3606__4733  ( Metal1 )
Bounds : ( 49.400, 58.080 ) ( 50.000, 58.200 )


SHORT: ( Metal Short ) Special Wire of Net VDD & Pin of Cell WALLACE_CSA_DUMMY_OP_groupi59_g3711__6260  ( Metal1 )
Bounds : ( 49.800, 59.790 ) ( 50.400, 59.910 )


SHORT: ( Metal Short ) Special Wire of Net VSS & Pin of Cell WALLACE_CSA_DUMMY_OP_groupi59_g3711__6260  ( Metal1 )
Bounds : ( 49.800, 61.500 ) ( 50.400, 61.620 )


SHORT: ( Metal Short ) Special Wire of Net VDD & Pin of Cell WALLACE_CSA_DUMMY_OP_groupi59_g3606__4733  ( Metal1 )
Bounds : ( 49.400, 56.370 ) ( 50.000, 56.490 )


SHORT: ( Metal Short ) Special Wire of Net VSS & Pin of Cell WALLACE_CSA_DUMMY_OP_groupi59_g3621__5526  ( Metal1 )
Bounds : ( 48.400, 54.660 ) ( 49.000, 54.780 )


SHORT: ( Metal Short ) Special Wire of Net VDD & Pin of Cell WALLACE_CSA_DUMMY_OP_groupi59_g3621__5526  ( Metal1 )
Bounds : ( 48.400, 52.950 ) ( 49.000, 53.070 )


SHORT: ( Metal Short ) Special Wire of Net VDD & Pin of Cell WALLACE_CSA_DUMMY_OP_groupi59_g3657__5122  ( Metal1 )
Bounds : ( 47.800, 56.370 ) ( 48.400, 56.490 )


SHORT: ( Metal Short ) Special Wire of Net VSS & Pin of Cell WALLACE_CSA_DUMMY_OP_groupi59_g3699__6161  ( Metal1 )
Bounds : ( 46.800, 54.660 ) ( 47.400, 54.780 )


SHORT: ( Metal Short ) Special Wire of Net VDD & Pin of Cell WALLACE_CSA_DUMMY_OP_groupi59_g3699__6161  ( Metal1 )
Bounds : ( 46.800, 52.950 ) ( 47.400, 53.070 )


SHORT: ( Metal Short ) Special Wire of Net VDD & Pin of Cell WALLACE_CSA_DUMMY_OP_groupi59_g3617__5107  ( Metal1 )
Bounds : ( 46.400, 56.370 ) ( 47.000, 56.490 )


SHORT: ( Metal Short ) Special Wire of Net VDD & Pin of Cell WALLACE_CSA_DUMMY_OP_groupi59_g3678__5477  ( Metal1 )
Bounds : ( 44.000, 56.370 ) ( 44.600, 56.490 )


SHORT: ( Metal Short ) Special Wire of Net VSS & Pin of Cell WALLACE_CSA_DUMMY_OP_groupi59_g3668__4733  ( Metal1 )
Bounds : ( 42.800, 54.660 ) ( 43.400, 54.780 )


SHORT: ( Metal Short ) Special Wire of Net VDD & Pin of Cell WALLACE_CSA_DUMMY_OP_groupi59_g3668__4733  ( Metal1 )
Bounds : ( 42.800, 52.950 ) ( 43.400, 53.070 )


SHORT: ( Metal Short ) Special Wire of Net VSS & Pin of Cell WALLACE_CSA_DUMMY_OP_groupi59_g3582__6783  ( Metal1 )
Bounds : ( 41.600, 54.660 ) ( 42.200, 54.780 )


SHORT: ( Metal Short ) Special Wire of Net VDD & Pin of Cell WALLACE_CSA_DUMMY_OP_groupi59_g3582__6783  ( Metal1 )
Bounds : ( 41.600, 52.950 ) ( 42.200, 53.070 )


SHORT: ( Metal Short ) Special Wire of Net VSS & Pin of Cell WALLACE_CSA_DUMMY_OP_groupi59_g3593  ( Metal1 )
Bounds : ( 40.600, 54.660 ) ( 41.000, 54.780 )


SHORT: ( Metal Short ) Special Wire of Net VDD & Pin of Cell WALLACE_CSA_DUMMY_OP_groupi59_g3593  ( Metal1 )
Bounds : ( 40.600, 52.950 ) ( 41.000, 53.070 )


SHORT: ( Metal Short ) Special Wire of Net VSS & Pin of Cell WALLACE_CSA_DUMMY_OP_groupi59_g3810__5122  ( Metal1 )
Bounds : ( 39.600, 54.660 ) ( 40.400, 54.780 )


SHORT: ( Metal Short ) Special Wire of Net VDD & Pin of Cell WALLACE_CSA_DUMMY_OP_groupi59_g3810__5122  ( Metal1 )
Bounds : ( 39.600, 52.950 ) ( 40.400, 53.070 )


SHORT: ( Metal Short ) Special Wire of Net VDD & Pin of Cell WALLACE_CSA_DUMMY_OP_groupi59_g3817__4733  ( Metal1 )
Bounds : ( 35.800, 63.210 ) ( 36.600, 63.330 )


SHORT: ( Metal Short ) Special Wire of Net VSS & Pin of Cell WALLACE_CSA_DUMMY_OP_groupi59_g3449__6161  ( Metal1 )
Bounds : ( 34.800, 58.080 ) ( 36.400, 58.200 )


SHORT: ( Metal Short ) Special Wire of Net VDD & Pin of Cell WALLACE_CSA_DUMMY_OP_groupi59_g3449__6161  ( Metal1 )
Bounds : ( 34.800, 56.370 ) ( 36.400, 56.490 )


SHORT: ( Metal Short ) Special Wire of Net VSS & Pin of Cell WALLACE_CSA_DUMMY_OP_groupi59_g3530  ( Metal1 )
Bounds : ( 34.000, 54.660 ) ( 34.400, 54.780 )


SHORT: ( Metal Short ) Special Wire of Net VDD & Pin of Cell WALLACE_CSA_DUMMY_OP_groupi59_g3530  ( Metal1 )
Bounds : ( 34.000, 52.950 ) ( 34.400, 53.070 )


SHORT: ( Metal Short ) Special Wire of Net VSS & Pin of Cell WALLACE_CSA_DUMMY_OP_groupi59_g3500  ( Metal1 )
Bounds : ( 33.800, 58.080 ) ( 34.200, 58.200 )


SHORT: ( Metal Short ) Special Wire of Net VDD & Pin of Cell WALLACE_CSA_DUMMY_OP_groupi59_g3500  ( Metal1 )
Bounds : ( 33.800, 56.370 ) ( 34.200, 56.490 )


SHORT: ( Metal Short ) Special Wire of Net VSS & Pin of Cell WALLACE_CSA_DUMMY_OP_groupi59_g3577__4319  ( Metal1 )
Bounds : ( 27.200, 61.500 ) ( 27.800, 61.620 )


SHORT: ( Metal Short ) Special Wire of Net VDD & Pin of Cell WALLACE_CSA_DUMMY_OP_groupi59_g3577__4319  ( Metal1 )
Bounds : ( 27.200, 59.790 ) ( 27.800, 59.910 )


SHORT: ( Metal Short ) Special Wire of Net VSS & Pin of Cell WALLACE_CSA_DUMMY_OP_groupi59_g3402__6131  ( Metal1 )
Bounds : ( 26.600, 54.660 ) ( 27.400, 54.780 )


SHORT: ( Metal Short ) Special Wire of Net VDD & Pin of Cell WALLACE_CSA_DUMMY_OP_groupi59_g3402__6131  ( Metal1 )
Bounds : ( 26.600, 52.950 ) ( 27.400, 53.070 )


SHORT: ( Metal Short ) Special Wire of Net VSS & Pin of Cell WALLACE_CSA_DUMMY_OP_groupi59_g3585__2802  ( Metal1 )
Bounds : ( 25.800, 61.500 ) ( 26.400, 61.620 )


SHORT: ( Metal Short ) Special Wire of Net VDD & Pin of Cell WALLACE_CSA_DUMMY_OP_groupi59_g3585__2802  ( Metal1 )
Bounds : ( 25.800, 59.790 ) ( 26.400, 59.910 )


SHORT: ( Metal Short ) Special Wire of Net VDD & Pin of Cell WALLACE_CSA_DUMMY_OP_groupi59_g3330__8246  ( Metal1 )
Bounds : ( 25.000, 63.210 ) ( 26.400, 63.330 )


SHORT: ( Metal Short ) Special Wire of Net VDD & Pin of Cell fopt3875  ( Metal1 )
Bounds : ( 28.000, 52.950 ) ( 28.400, 53.070 )


SHORT: ( Metal Short ) Special Wire of Net VSS & Pin of Cell fopt3875  ( Metal1 )
Bounds : ( 28.000, 54.660 ) ( 28.400, 54.780 )


SHORT: ( Metal Short ) Special Wire of Net VDD & Pin of Cell WALLACE_CSA_DUMMY_OP_groupi59_g3407__7482  ( Metal1 )
Bounds : ( 28.800, 52.950 ) ( 30.000, 53.070 )


SHORT: ( Metal Short ) Special Wire of Net VSS & Pin of Cell WALLACE_CSA_DUMMY_OP_groupi59_g3407__7482  ( Metal1 )
Bounds : ( 28.800, 54.660 ) ( 30.000, 54.780 )


SHORT: ( Metal Short ) Special Wire of Net VDD & Pin of Cell WALLACE_CSA_DUMMY_OP_groupi59_g3544__3680  ( Metal1 )
Bounds : ( 28.800, 59.790 ) ( 33.800, 59.910 )


SHORT: ( Metal Short ) Special Wire of Net VSS & Pin of Cell WALLACE_CSA_DUMMY_OP_groupi59_g3439__1705  ( Metal1 )
Bounds : ( 28.800, 61.500 ) ( 33.800, 61.620 )


SHORT: ( Metal Short ) Special Wire of Net VDD & Pin of Cell WALLACE_CSA_DUMMY_OP_groupi59_g3683__8428  ( Metal1 )
Bounds : ( 29.200, 63.210 ) ( 30.000, 63.330 )


SHORT: ( Metal Short ) Special Wire of Net VDD & Pin of Cell WALLACE_CSA_DUMMY_OP_groupi59_g3409  ( Metal1 )
Bounds : ( 30.400, 52.950 ) ( 30.800, 53.070 )


SHORT: ( Metal Short ) Special Wire of Net VSS & Pin of Cell WALLACE_CSA_DUMMY_OP_groupi59_g3409  ( Metal1 )
Bounds : ( 30.400, 54.660 ) ( 30.800, 54.780 )


SHORT: ( Metal Short ) Special Wire of Net VDD & Pin of Cell WALLACE_CSA_DUMMY_OP_groupi59_g3491__5477  ( Metal1 )
Bounds : ( 33.000, 52.950 ) ( 33.600, 53.070 )


SHORT: ( Metal Short ) Special Wire of Net VSS & Pin of Cell WALLACE_CSA_DUMMY_OP_groupi59_g3491__5477  ( Metal1 )
Bounds : ( 33.000, 54.660 ) ( 33.600, 54.780 )


SHORT: ( Metal Short ) Special Wire of Net VDD & Pin of Cell WALLACE_CSA_DUMMY_OP_groupi59_g3547__1705  ( Metal1 )
Bounds : ( 35.000, 52.950 ) ( 39.000, 53.070 )


SHORT: ( Metal Short ) Special Wire of Net VSS & Pin of Cell WALLACE_CSA_DUMMY_OP_groupi59_g3547__1705  ( Metal1 )
Bounds : ( 35.000, 54.660 ) ( 39.000, 54.780 )


SHORT: ( Metal Short ) Special Wire of Net VDD & Pin of Cell WALLACE_CSA_DUMMY_OP_groupi59_g3480__4733  ( Metal1 )
Bounds : ( 36.600, 56.370 ) ( 43.400, 56.490 )


SHORT: ( Metal Short ) Special Wire of Net VSS & Pin of Cell WALLACE_CSA_DUMMY_OP_groupi59_g3480__4733  ( Metal1 )
Bounds : ( 36.600, 58.080 ) ( 43.400, 58.200 )


SHORT: ( Metal Short ) Special Wire of Net VDD & Pin of Cell WALLACE_CSA_DUMMY_OP_groupi59_g3669__6161  ( Metal1 )
Bounds : ( 37.400, 63.210 ) ( 38.000, 63.330 )


SHORT: ( Metal Short ) Special Wire of Net VSS & Pin of Cell WALLACE_CSA_DUMMY_OP_groupi59_g3576__6260  ( Metal1 )
Bounds : ( 24.000, 61.500 ) ( 24.600, 61.620 )


SHORT: ( Metal Short ) Special Wire of Net VDD & Pin of Cell WALLACE_CSA_DUMMY_OP_groupi59_g3576__6260  ( Metal1 )
Bounds : ( 24.000, 59.790 ) ( 24.600, 59.910 )


SHORT: ( Metal Short ) Special Wire of Net VSS & Pin of Cell operand_b_i_sr_reg_26  ( Metal1 )
Bounds : ( 16.000, 58.080 ) ( 24.200, 58.200 )


SHORT: ( Metal Short ) Special Wire of Net VDD & Pin of Cell operand_b_i_sr_reg_26  ( Metal1 )
Bounds : ( 16.000, 56.370 ) ( 24.200, 56.490 )


SHORT: ( Metal Short ) Special Wire of Net VSS & Pin of Cell operand_a_i_sr_reg_3  ( Metal1 )
Bounds : ( 15.800, 54.660 ) ( 23.600, 54.780 )


SHORT: ( Metal Short ) Special Wire of Net VDD & Pin of Cell operand_a_i_sr_reg_3  ( Metal1 )
Bounds : ( 15.800, 52.950 ) ( 23.600, 53.070 )


SHORT: ( Metal Short ) Special Wire of Net VSS & Pin of Cell operand_b_i_sr_reg_28  ( Metal1 )
Bounds : ( 14.800, 68.340 ) ( 23.000, 68.460 )


SHORT: ( Metal Short ) Special Wire of Net VDD & Pin of Cell operand_b_i_sr_reg_28  ( Metal1 )
Bounds : ( 14.800, 66.630 ) ( 23.000, 66.750 )


SHORT: ( Metal Short ) Special Wire of Net VSS & Pin of Cell operand_a_i_sr_reg_8  ( Metal1 )
Bounds : ( 14.600, 61.500 ) ( 22.800, 61.620 )


SHORT: ( Metal Short ) Special Wire of Net VDD & Pin of Cell operand_a_i_sr_reg_8  ( Metal1 )
Bounds : ( 14.600, 59.790 ) ( 22.800, 59.910 )


SHORT: ( Metal Short ) Special Wire of Net VSS & Pin of Cell operand_a_i_sr_reg_17  ( Metal1 )
Bounds : ( 5.600, 68.340 ) ( 11.400, 68.460 )


SHORT: ( Metal Short ) Special Wire of Net VDD & Pin of Cell operand_a_i_sr_reg_17  ( Metal1 )
Bounds : ( 5.600, 66.630 ) ( 11.400, 66.750 )


SHORT: ( Metal Short ) Special Wire of Net VSS & Pin of Cell operand_a_i_sr_reg_24  ( Metal1 )
Bounds : ( 5.200, 75.180 ) ( 13.400, 75.300 )


SHORT: ( Metal Short ) Special Wire of Net VDD & Pin of Cell operand_a_i_sr_reg_24  ( Metal1 )
Bounds : ( 5.200, 73.470 ) ( 13.400, 73.590 )


SHORT: ( Metal Short ) Special Wire of Net VSS & Pin of Cell operand_b_i_sr_reg_29  ( Metal1 )
Bounds : ( 5.200, 58.080 ) ( 13.800, 58.200 )


SHORT: ( Metal Short ) Special Wire of Net VDD & Pin of Cell operand_b_i_sr_reg_29  ( Metal1 )
Bounds : ( 5.200, 56.370 ) ( 13.800, 56.490 )


SHORT: ( Metal Short ) Special Wire of Net VDD & Pin of Cell WALLACE_CSA_DUMMY_OP_groupi59_g3329__5122  ( Metal1 )
Bounds : ( 24.400, 66.630 ) ( 25.400, 66.750 )


SHORT: ( Metal Short ) Special Wire of Net VSS & Pin of Cell WALLACE_CSA_DUMMY_OP_groupi59_g3329__5122  ( Metal1 )
Bounds : ( 24.400, 68.340 ) ( 25.400, 68.460 )


SHORT: ( Metal Short ) Special Wire of Net VDD & Pin of Cell operand_a_i_sr_reg_14  ( Metal1 )
Bounds : ( 15.000, 76.890 ) ( 23.200, 77.010 )


SHORT: ( Metal Short ) Special Wire of Net VDD & Pin of Cell WALLACE_CSA_DUMMY_OP_groupi59_g3348__7410  ( Metal1 )
Bounds : ( 27.200, 76.890 ) ( 28.200, 77.010 )


SHORT: ( Metal Short ) Special Wire of Net VDD & Pin of Cell WALLACE_CSA_DUMMY_OP_groupi59_g3385__5107  ( Metal1 )
Bounds : ( 29.600, 76.890 ) ( 30.800, 77.010 )


SHORT: ( Metal Short ) Special Wire of Net VDD & Pin of Cell WALLACE_CSA_DUMMY_OP_groupi59_g3434  ( Metal1 )
Bounds : ( 31.600, 76.890 ) ( 32.000, 77.010 )


SHORT: ( Metal Short ) Special Wire of Net VDD & Pin of Cell WALLACE_CSA_DUMMY_OP_groupi59_g3484__9945  ( Metal1 )
Bounds : ( 35.400, 76.890 ) ( 36.800, 77.010 )


SHORT: ( Metal Short ) Special Wire of Net VDD & Pin of Cell WALLACE_CSA_DUMMY_OP_groupi59_g3802__4319  ( Metal1 )
Bounds : ( 40.400, 76.890 ) ( 41.200, 77.010 )


SHORT: ( Metal Short ) Special Wire of Net VDD & Pin of Cell WALLACE_CSA_DUMMY_OP_groupi59_g3489__7410  ( Metal1 )
Bounds : ( 41.800, 76.890 ) ( 42.400, 77.010 )


SHORT: ( Metal Short ) Special Wire of Net VDD & Pin of Cell WALLACE_CSA_DUMMY_OP_groupi59_g3516__1705  ( Metal1 )
Bounds : ( 42.800, 76.890 ) ( 46.800, 77.010 )


SHORT: ( Metal Short ) Special Wire of Net VDD & Pin of Cell WALLACE_CSA_DUMMY_OP_groupi59_g3461__6260  ( Metal1 )
Bounds : ( 46.400, 80.310 ) ( 50.800, 80.430 )


SHORT: ( Metal Short ) Special Wire of Net VSS & Pin of Cell WALLACE_CSA_DUMMY_OP_groupi59_g3461__6260  ( Metal1 )
Bounds : ( 46.400, 82.020 ) ( 50.800, 82.140 )


SHORT: ( Metal Short ) Special Wire of Net VDD & Pin of Cell WALLACE_CSA_DUMMY_OP_groupi59_g3515__2802  ( Metal1 )
Bounds : ( 46.400, 83.730 ) ( 58.400, 83.850 )


SHORT: ( Metal Short ) Special Wire of Net VSS & Pin of Cell WALLACE_CSA_DUMMY_OP_groupi59_g3515__2802  ( Metal1 )
Bounds : ( 46.400, 85.440 ) ( 58.400, 85.560 )


SHORT: ( Metal Short ) Special Wire of Net VDD & Pin of Cell WALLACE_CSA_DUMMY_OP_groupi59_g3812__7098  ( Metal1 )
Bounds : ( 47.000, 76.890 ) ( 51.400, 77.010 )


SHORT: ( Metal Short ) Special Wire of Net VSS & Pin of Cell WALLACE_CSA_DUMMY_OP_groupi59_g3561__7482  ( Metal1 )
Bounds : ( 47.000, 78.600 ) ( 51.400, 78.720 )


SHORT: ( Metal Short ) Special Wire of Net VDD & Pin of Cell WALLACE_CSA_DUMMY_OP_groupi57_g3538__7482  ( Metal1 )
Bounds : ( 47.600, 90.570 ) ( 51.600, 90.690 )


SHORT: ( Metal Short ) Special Wire of Net VSS & Pin of Cell WALLACE_CSA_DUMMY_OP_groupi57_g3538__7482  ( Metal1 )
Bounds : ( 47.600, 92.280 ) ( 51.600, 92.400 )


SHORT: ( Metal Short ) Special Wire of Net VDD & Pin of Cell WALLACE_CSA_DUMMY_OP_groupi59_g3537__6260  ( Metal1 )
Bounds : ( 49.200, 52.950 ) ( 53.200, 53.070 )


SHORT: ( Metal Short ) Special Wire of Net VSS & Pin of Cell WALLACE_CSA_DUMMY_OP_groupi59_g3537__6260  ( Metal1 )
Bounds : ( 49.200, 54.660 ) ( 53.200, 54.780 )


SHORT: ( Metal Short ) Special Wire of Net VDD & Pin of Cell WALLACE_CSA_DUMMY_OP_groupi59_g3519__7098  ( Metal1 )
Bounds : ( 49.200, 73.470 ) ( 53.200, 73.590 )


SHORT: ( Metal Short ) Special Wire of Net VSS & Pin of Cell WALLACE_CSA_DUMMY_OP_groupi59_g3519__7098  ( Metal1 )
Bounds : ( 49.200, 75.180 ) ( 53.200, 75.300 )


SHORT: ( Metal Short ) Special Wire of Net VDD & Pin of Cell WALLACE_CSA_DUMMY_OP_groupi59_g3671__9945  ( Metal1 )
Bounds : ( 50.000, 63.210 ) ( 50.600, 63.330 )


SHORT: ( Metal Short ) Special Wire of Net VSS & Pin of Cell WALLACE_CSA_DUMMY_OP_groupi59_g3671__9945  ( Metal1 )
Bounds : ( 50.000, 64.920 ) ( 50.600, 65.040 )


SHORT: ( Metal Short ) Special Wire of Net VDD & Pin of Cell WALLACE_CSA_DUMMY_OP_groupi57_g3636__5526  ( Metal1 )
Bounds : ( 40.200, 93.990 ) ( 64.000, 94.110 )


SHORT: ( Metal Short ) Special Wire of Net VSS & Pin of Cell WALLACE_CSA_DUMMY_OP_groupi57_g3431__6161  ( Metal1 )
Bounds : ( 40.200, 95.700 ) ( 64.000, 95.820 )


CUTSPACING: ( Adjacent Cut Spacing ) Special Wire of Net VDD  ( Via5 )
Bounds : ( 100.465, 49.650 ) ( 100.535, 49.720 )


CUTSPACING: ( Adjacent Cut Spacing ) Special Wire of Net VDD  ( Via5 )
Bounds : ( 100.465, 46.230 ) ( 100.535, 46.300 )


CUTSPACING: ( Adjacent Cut Spacing ) Special Wire of Net VDD  ( Via5 )
Bounds : ( 100.465, 42.810 ) ( 100.535, 42.880 )


CUTSPACING: ( Adjacent Cut Spacing ) Special Wire of Net VDD  ( Via5 )
Bounds : ( 100.465, 39.390 ) ( 100.535, 39.460 )


CUTSPACING: ( Adjacent Cut Spacing ) Special Wire of Net VDD  ( Via3 )
Bounds : ( 100.465, 39.390 ) ( 100.535, 39.460 )


CUTSPACING: ( Adjacent Cut Spacing ) Special Wire of Net VDD  ( Via3 )
Bounds : ( 100.465, 42.810 ) ( 100.535, 42.880 )


CUTSPACING: ( Adjacent Cut Spacing ) Special Wire of Net VDD  ( Via3 )
Bounds : ( 100.465, 46.230 ) ( 100.535, 46.300 )


CUTSPACING: ( Adjacent Cut Spacing ) Special Wire of Net VDD  ( Via3 )
Bounds : ( 100.465, 49.650 ) ( 100.535, 49.720 )


CUTSPACING: ( Adjacent Cut Spacing ) Special Wire of Net VDD  ( Via4 )
Bounds : ( 100.465, 39.390 ) ( 100.535, 39.460 )


CUTSPACING: ( Adjacent Cut Spacing ) Special Wire of Net VDD  ( Via4 )
Bounds : ( 100.465, 42.810 ) ( 100.535, 42.880 )


CUTSPACING: ( Adjacent Cut Spacing ) Special Wire of Net VDD  ( Via4 )
Bounds : ( 100.465, 46.230 ) ( 100.535, 46.300 )


CUTSPACING: ( Adjacent Cut Spacing ) Special Wire of Net VDD  ( Via4 )
Bounds : ( 100.465, 49.650 ) ( 100.535, 49.720 )


SHORT: ( Metal Short ) Special Wire of Net VDD & Pin of Cell WALLACE_CSA_DUMMY_OP_groupi_g3530  ( Metal1 )
Bounds : ( 89.800, 42.690 ) ( 90.200, 42.810 )


SHORT: ( Metal Short ) Special Wire of Net VSS & Pin of Cell WALLACE_CSA_DUMMY_OP_groupi_g3530  ( Metal1 )
Bounds : ( 89.800, 44.400 ) ( 90.200, 44.520 )


SHORT: ( Metal Short ) Special Wire of Net VDD & Pin of Cell WALLACE_CSA_DUMMY_OP_groupi_g3544__8428  ( Metal1 )
Bounds : ( 83.400, 46.110 ) ( 84.400, 46.230 )


SHORT: ( Metal Short ) Special Wire of Net VDD & Pin of Cell WALLACE_CSA_DUMMY_OP_groupi_g3577__2398  ( Metal1 )
Bounds : ( 83.000, 49.530 ) ( 83.600, 49.650 )


SHORT: ( Metal Short ) Special Wire of Net VSS & Pin of Cell WALLACE_CSA_DUMMY_OP_groupi_g3439__3680  ( Metal1 )
Bounds : ( 82.200, 44.400 ) ( 86.200, 44.520 )


SHORT: ( Metal Short ) Special Wire of Net VDD & Pin of Cell WALLACE_CSA_DUMMY_OP_groupi_g3439__3680  ( Metal1 )
Bounds : ( 82.200, 42.690 ) ( 86.200, 42.810 )


SHORT: ( Metal Short ) Special Wire of Net VSS & Pin of Cell WALLACE_CSA_DUMMY_OP_groupi_g3593  ( Metal1 )
Bounds : ( 82.200, 40.980 ) ( 82.600, 41.100 )


SHORT: ( Metal Short ) Special Wire of Net VDD & Pin of Cell WALLACE_CSA_DUMMY_OP_groupi_g3593  ( Metal1 )
Bounds : ( 82.200, 39.270 ) ( 82.600, 39.390 )


SHORT: ( Metal Short ) Special Wire of Net VSS & Pin of Cell WALLACE_CSA_DUMMY_OP_groupi_g3681__5477  ( Metal1 )
Bounds : ( 81.000, 47.820 ) ( 81.600, 47.940 )


SHORT: ( Metal Short ) Special Wire of Net VDD & Pin of Cell WALLACE_CSA_DUMMY_OP_groupi_g3681__5477  ( Metal1 )
Bounds : ( 81.000, 46.110 ) ( 81.600, 46.230 )


SHORT: ( Metal Short ) Special Wire of Net VSS & Pin of Cell WALLACE_CSA_DUMMY_OP_groupi_g3605__6131  ( Metal1 )
Bounds : ( 80.600, 40.980 ) ( 81.200, 41.100 )


SHORT: ( Metal Short ) Special Wire of Net VDD & Pin of Cell WALLACE_CSA_DUMMY_OP_groupi_g3605__6131  ( Metal1 )
Bounds : ( 80.600, 39.270 ) ( 81.200, 39.390 )


SHORT: ( Metal Short ) Special Wire of Net VDD & Pin of Cell WALLACE_CSA_DUMMY_OP_groupi_g3667__6131  ( Metal1 )
Bounds : ( 80.000, 49.530 ) ( 80.600, 49.650 )


SHORT: ( Metal Short ) Special Wire of Net VSS & Pin of Cell WALLACE_CSA_DUMMY_OP_groupi_g3641__9945  ( Metal1 )
Bounds : ( 79.000, 40.980 ) ( 79.600, 41.100 )


SHORT: ( Metal Short ) Special Wire of Net VDD & Pin of Cell WALLACE_CSA_DUMMY_OP_groupi_g3641__9945  ( Metal1 )
Bounds : ( 79.000, 39.270 ) ( 79.600, 39.390 )


SHORT: ( Metal Short ) Special Wire of Net VDD & Pin of Cell WALLACE_CSA_DUMMY_OP_groupi_g3814__8246  ( Metal1 )
Bounds : ( 77.800, 49.530 ) ( 78.600, 49.650 )


SHORT: ( Metal Short ) Special Wire of Net VSS & Pin of Cell WALLACE_CSA_DUMMY_OP_groupi_g3678__1666  ( Metal1 )
Bounds : ( 77.400, 40.980 ) ( 78.000, 41.100 )


SHORT: ( Metal Short ) Special Wire of Net VDD & Pin of Cell WALLACE_CSA_DUMMY_OP_groupi_g3678__1666  ( Metal1 )
Bounds : ( 77.400, 39.270 ) ( 78.000, 39.390 )


SHORT: ( Metal Short ) Special Wire of Net VSS & Pin of Cell WALLACE_CSA_DUMMY_OP_groupi_g3645__7410  ( Metal1 )
Bounds : ( 76.800, 44.400 ) ( 77.400, 44.520 )


SHORT: ( Metal Short ) Special Wire of Net VDD & Pin of Cell WALLACE_CSA_DUMMY_OP_groupi_g3645__7410  ( Metal1 )
Bounds : ( 76.800, 42.690 ) ( 77.400, 42.810 )


SHORT: ( Metal Short ) Special Wire of Net VSS & Pin of Cell WALLACE_CSA_DUMMY_OP_groupi_g3544__8428  ( Metal1 )
Bounds : ( 83.400, 47.820 ) ( 84.400, 47.940 )


SHORT: ( Metal Short ) Special Wire of Net VDD & Pin of Cell WALLACE_CSA_DUMMY_OP_groupi_g3582__4319  ( Metal1 )
Bounds : ( 83.600, 39.270 ) ( 84.200, 39.390 )


SHORT: ( Metal Short ) Special Wire of Net VSS & Pin of Cell WALLACE_CSA_DUMMY_OP_groupi_g3582__4319  ( Metal1 )
Bounds : ( 83.600, 40.980 ) ( 84.200, 41.100 )


SHORT: ( Metal Short ) Special Wire of Net VDD & Pin of Cell WALLACE_CSA_DUMMY_OP_groupi_g3598  ( Metal1 )
Bounds : ( 84.600, 49.530 ) ( 85.000, 49.650 )


SHORT: ( Metal Short ) Special Wire of Net VDD & Pin of Cell WALLACE_CSA_DUMMY_OP_groupi_g3570__2883  ( Metal1 )
Bounds : ( 85.200, 39.270 ) ( 85.800, 39.390 )


SHORT: ( Metal Short ) Special Wire of Net VSS & Pin of Cell WALLACE_CSA_DUMMY_OP_groupi_g3570__2883  ( Metal1 )
Bounds : ( 85.200, 40.980 ) ( 85.800, 41.100 )


SHORT: ( Metal Short ) Special Wire of Net VDD & Pin of Cell WALLACE_CSA_DUMMY_OP_groupi_g3486__6161  ( Metal1 )
Bounds : ( 86.600, 46.110 ) ( 87.200, 46.230 )


SHORT: ( Metal Short ) Special Wire of Net VSS & Pin of Cell WALLACE_CSA_DUMMY_OP_groupi_g3486__6161  ( Metal1 )
Bounds : ( 86.600, 47.820 ) ( 87.200, 47.940 )


SHORT: ( Metal Short ) Special Wire of Net VDD & Pin of Cell WALLACE_CSA_DUMMY_OP_groupi_g3547__3680  ( Metal1 )
Bounds : ( 87.200, 39.270 ) ( 87.800, 39.390 )


SHORT: ( Metal Short ) Special Wire of Net VSS & Pin of Cell WALLACE_CSA_DUMMY_OP_groupi_g3547__3680  ( Metal1 )
Bounds : ( 87.200, 40.980 ) ( 87.800, 41.100 )


SHORT: ( Metal Short ) Special Wire of Net VSS & Pin of Cell WALLACE_CSA_DUMMY_OP_groupi_g3426  ( Metal1 )
Bounds : ( 91.000, 37.560 ) ( 91.400, 37.680 )


SHORT: ( Metal Short ) Special Wire of Net VDD & Pin of Cell WALLACE_CSA_DUMMY_OP_groupi_g3426  ( Metal1 )
Bounds : ( 91.000, 35.850 ) ( 91.400, 35.970 )


SHORT: ( Metal Short ) Special Wire of Net VSS & Pin of Cell WALLACE_CSA_DUMMY_OP_groupi_g3423__2398  ( Metal1 )
Bounds : ( 89.800, 34.140 ) ( 90.400, 34.260 )


SHORT: ( Metal Short ) Special Wire of Net VDD & Pin of Cell WALLACE_CSA_DUMMY_OP_groupi_g3423__2398  ( Metal1 )
Bounds : ( 89.800, 32.430 ) ( 90.400, 32.550 )


CUTSPACING: ( Adjacent Cut Spacing ) Special Wire of Net VDD  ( Via7 )
Bounds : ( 100.555, 36.470 ) ( 100.625, 36.540 )


CUTSPACING: ( Adjacent Cut Spacing ) Special Wire of Net VDD  ( Via4 )
Bounds : ( 100.465, 35.970 ) ( 100.535, 36.040 )


CUTSPACING: ( Adjacent Cut Spacing ) Special Wire of Net VDD  ( Via4 )
Bounds : ( 100.465, 32.550 ) ( 100.535, 32.620 )


CUTSPACING: ( Adjacent Cut Spacing ) Special Wire of Net VDD  ( Via3 )
Bounds : ( 100.465, 35.970 ) ( 100.535, 36.040 )


CUTSPACING: ( Adjacent Cut Spacing ) Special Wire of Net VDD  ( Via3 )
Bounds : ( 100.465, 32.550 ) ( 100.535, 32.620 )


CUTSPACING: ( Adjacent Cut Spacing ) Special Wire of Net VDD  ( Via5 )
Bounds : ( 100.465, 32.550 ) ( 100.535, 32.620 )


CUTSPACING: ( Adjacent Cut Spacing ) Special Wire of Net VDD  ( Via5 )
Bounds : ( 100.465, 35.970 ) ( 100.535, 36.040 )


CUTSPACING: ( Adjacent Cut Spacing ) Special Wire of Net VDD  ( Via6 )
Bounds : ( 100.375, 36.470 ) ( 100.445, 36.540 )


CUTSPACING: ( Adjacent Cut Spacing ) Special Wire of Net VDD  ( Via6 )
Bounds : ( 100.375, 36.610 ) ( 100.445, 36.680 )


CUTSPACING: ( Adjacent Cut Spacing ) Special Wire of Net VDD  ( Via6 )
Bounds : ( 100.555, 36.470 ) ( 100.625, 36.540 )


CUTSPACING: ( Adjacent Cut Spacing ) Special Wire of Net VDD  ( Via6 )
Bounds : ( 100.555, 36.610 ) ( 100.625, 36.680 )


CUTSPACING: ( Adjacent Cut Spacing ) Special Wire of Net VDD  ( Via7 )
Bounds : ( 100.375, 36.470 ) ( 100.445, 36.540 )


CUTSPACING: ( Adjacent Cut Spacing ) Special Wire of Net VDD  ( Via7 )
Bounds : ( 100.375, 36.610 ) ( 100.445, 36.680 )


CUTSPACING: ( Adjacent Cut Spacing ) Special Wire of Net VDD  ( Via7 )
Bounds : ( 100.555, 36.610 ) ( 100.625, 36.680 )


CUTSPACING: ( Adjacent Cut Spacing ) Special Wire of Net VDD  ( Via8 )
Bounds : ( 100.375, 36.470 ) ( 100.445, 36.540 )


CUTSPACING: ( Adjacent Cut Spacing ) Special Wire of Net VDD  ( Via8 )
Bounds : ( 100.375, 36.610 ) ( 100.445, 36.680 )


CUTSPACING: ( Adjacent Cut Spacing ) Special Wire of Net VDD  ( Via8 )
Bounds : ( 100.555, 36.470 ) ( 100.625, 36.540 )


CUTSPACING: ( Adjacent Cut Spacing ) Special Wire of Net VDD  ( Via8 )
Bounds : ( 100.555, 36.610 ) ( 100.625, 36.680 )


SHORT: ( Metal Short ) Special Wire of Net VDD & Pin of Cell fopt3881  ( Metal1 )
Bounds : ( 91.400, 32.430 ) ( 91.800, 32.550 )


SHORT: ( Metal Short ) Special Wire of Net VSS & Pin of Cell fopt3881  ( Metal1 )
Bounds : ( 91.400, 34.140 ) ( 91.800, 34.260 )


SHORT: ( Metal Short ) Special Wire of Net VSS & Pin of Cell WALLACE_CSA_DUMMY_OP_groupi_g3409  ( Metal1 )
Bounds : ( 91.000, 30.720 ) ( 91.400, 30.840 )


SHORT: ( Metal Short ) Special Wire of Net VDD & Pin of Cell WALLACE_CSA_DUMMY_OP_groupi_g3409  ( Metal1 )
Bounds : ( 91.000, 29.010 ) ( 91.400, 29.130 )


CUTSPACING: ( Adjacent Cut Spacing ) Special Wire of Net VDD  ( Via4 )
Bounds : ( 100.465, 29.130 ) ( 100.535, 29.200 )


CUTSPACING: ( Adjacent Cut Spacing ) Special Wire of Net VDD  ( Via4 )
Bounds : ( 100.465, 25.710 ) ( 100.535, 25.780 )


CUTSPACING: ( Adjacent Cut Spacing ) Special Wire of Net VDD  ( Via3 )
Bounds : ( 100.465, 29.130 ) ( 100.535, 29.200 )


CUTSPACING: ( Adjacent Cut Spacing ) Special Wire of Net VDD  ( Via3 )
Bounds : ( 100.465, 25.710 ) ( 100.535, 25.780 )


CUTSPACING: ( Adjacent Cut Spacing ) Special Wire of Net VDD  ( Via5 )
Bounds : ( 100.465, 25.710 ) ( 100.535, 25.780 )


CUTSPACING: ( Adjacent Cut Spacing ) Special Wire of Net VDD  ( Via5 )
Bounds : ( 100.465, 29.130 ) ( 100.535, 29.200 )


SHORT: ( Metal Short ) Special Wire of Net VSS & Pin of Cell WALLACE_CSA_DUMMY_OP_groupi_g3632__7098  ( Metal1 )
Bounds : ( 77.800, 30.720 ) ( 78.400, 30.840 )


SHORT: ( Metal Short ) Special Wire of Net VDD & Pin of Cell WALLACE_CSA_DUMMY_OP_groupi_g3632__7098  ( Metal1 )
Bounds : ( 77.800, 29.010 ) ( 78.400, 29.130 )


SHORT: ( Metal Short ) Special Wire of Net VSS & Pin of Cell WALLACE_CSA_DUMMY_OP_groupi_g3672__6161  ( Metal1 )
Bounds : ( 76.800, 37.560 ) ( 77.400, 37.680 )


SHORT: ( Metal Short ) Special Wire of Net VDD & Pin of Cell WALLACE_CSA_DUMMY_OP_groupi_g3672__6161  ( Metal1 )
Bounds : ( 76.800, 35.850 ) ( 77.400, 35.970 )


SHORT: ( Metal Short ) Special Wire of Net VSS & Pin of Cell WALLACE_CSA_DUMMY_OP_groupi_g3668__1881  ( Metal1 )
Bounds : ( 76.800, 34.140 ) ( 77.400, 34.260 )


SHORT: ( Metal Short ) Special Wire of Net VDD & Pin of Cell WALLACE_CSA_DUMMY_OP_groupi_g3668__1881  ( Metal1 )
Bounds : ( 76.800, 32.430 ) ( 77.400, 32.550 )


SHORT: ( Metal Short ) Special Wire of Net VDD & Pin of Cell WALLACE_CSA_DUMMY_OP_groupi_g3563__5115  ( Metal1 )
Bounds : ( 77.800, 35.850 ) ( 84.600, 35.970 )


SHORT: ( Metal Short ) Special Wire of Net VSS & Pin of Cell WALLACE_CSA_DUMMY_OP_groupi_g3480__1881  ( Metal1 )
Bounds : ( 77.800, 37.560 ) ( 84.600, 37.680 )


SHORT: ( Metal Short ) Special Wire of Net VDD & Pin of Cell WALLACE_CSA_DUMMY_OP_groupi_g3699__5115  ( Metal1 )
Bounds : ( 78.400, 32.430 ) ( 79.000, 32.550 )


SHORT: ( Metal Short ) Special Wire of Net VSS & Pin of Cell WALLACE_CSA_DUMMY_OP_groupi_g3699__5115  ( Metal1 )
Bounds : ( 78.400, 34.140 ) ( 79.000, 34.260 )


SHORT: ( Metal Short ) Special Wire of Net VDD & Pin of Cell WALLACE_CSA_DUMMY_OP_groupi_g3658__2802  ( Metal1 )
Bounds : ( 79.600, 29.010 ) ( 80.200, 29.130 )


SHORT: ( Metal Short ) Special Wire of Net VSS & Pin of Cell WALLACE_CSA_DUMMY_OP_groupi_g3658__2802  ( Metal1 )
Bounds : ( 79.600, 30.720 ) ( 80.200, 30.840 )


SHORT: ( Metal Short ) Special Wire of Net VSS & Pin of Cell WALLACE_CSA_DUMMY_OP_groupi_g3367__5122  ( Metal1 )
Bounds : ( 80.200, 27.300 ) ( 84.200, 27.420 )


SHORT: ( Metal Short ) Special Wire of Net VDD & Pin of Cell WALLACE_CSA_DUMMY_OP_groupi_g3631__8246  ( Metal1 )
Bounds : ( 81.200, 29.010 ) ( 81.800, 29.130 )


SHORT: ( Metal Short ) Special Wire of Net VSS & Pin of Cell WALLACE_CSA_DUMMY_OP_groupi_g3631__8246  ( Metal1 )
Bounds : ( 81.200, 30.720 ) ( 81.800, 30.840 )


SHORT: ( Metal Short ) Special Wire of Net VDD & Pin of Cell WALLACE_CSA_DUMMY_OP_groupi_g3546__6783  ( Metal1 )
Bounds : ( 84.400, 32.430 ) ( 86.000, 32.550 )


SHORT: ( Metal Short ) Special Wire of Net VSS & Pin of Cell WALLACE_CSA_DUMMY_OP_groupi_g3546__6783  ( Metal1 )
Bounds : ( 84.400, 34.140 ) ( 86.000, 34.260 )


SHORT: ( Metal Short ) Special Wire of Net VDD & Pin of Cell WALLACE_CSA_DUMMY_OP_groupi_g3809__3680  ( Metal1 )
Bounds : ( 86.400, 32.430 ) ( 87.400, 32.550 )


SHORT: ( Metal Short ) Special Wire of Net VSS & Pin of Cell WALLACE_CSA_DUMMY_OP_groupi_g3809__3680  ( Metal1 )
Bounds : ( 86.400, 34.140 ) ( 87.400, 34.260 )


SHORT: ( Metal Short ) Special Wire of Net VDD & Pin of Cell WALLACE_CSA_DUMMY_OP_groupi_g3584__5526  ( Metal1 )
Bounds : ( 86.600, 35.850 ) ( 87.200, 35.970 )


SHORT: ( Metal Short ) Special Wire of Net VSS & Pin of Cell WALLACE_CSA_DUMMY_OP_groupi_g3584__5526  ( Metal1 )
Bounds : ( 86.600, 37.560 ) ( 87.200, 37.680 )


SHORT: ( Metal Short ) Special Wire of Net VSS & Pin of Cell WALLACE_CSA_DUMMY_OP_groupi_g3496__6417  ( Metal1 )
Bounds : ( 87.800, 27.300 ) ( 88.800, 27.420 )


SHORT: ( Metal Short ) Special Wire of Net VDD & Pin of Cell WALLACE_CSA_DUMMY_OP_groupi_g3477__8246  ( Metal1 )
Bounds : ( 88.600, 29.010 ) ( 89.600, 29.130 )


SHORT: ( Metal Short ) Special Wire of Net VSS & Pin of Cell WALLACE_CSA_DUMMY_OP_groupi_g3477__8246  ( Metal1 )
Bounds : ( 88.600, 30.720 ) ( 89.600, 30.840 )


SHORT: ( Metal Short ) Special Wire of Net VDD & Pin of Cell WALLACE_CSA_DUMMY_OP_groupi_g3716__8428  ( Metal1 )
Bounds : ( 64.400, 46.110 ) ( 65.200, 46.230 )


SHORT: ( Metal Short ) Special Wire of Net VSS & Pin of Cell WALLACE_CSA_DUMMY_OP_groupi_g3716__8428  ( Metal1 )
Bounds : ( 64.400, 47.820 ) ( 65.200, 47.940 )


SHORT: ( Metal Short ) Special Wire of Net VDD & Pin of Cell WALLACE_CSA_DUMMY_OP_groupi_g3724__8246  ( Metal1 )
Bounds : ( 65.000, 42.690 ) ( 65.800, 42.810 )


SHORT: ( Metal Short ) Special Wire of Net VSS & Pin of Cell WALLACE_CSA_DUMMY_OP_groupi_g3724__8246  ( Metal1 )
Bounds : ( 65.000, 44.400 ) ( 65.800, 44.520 )


SHORT: ( Metal Short ) Special Wire of Net VDD & Pin of Cell WALLACE_CSA_DUMMY_OP_groupi_g3698__1881  ( Metal1 )
Bounds : ( 65.800, 46.110 ) ( 70.600, 46.230 )


SHORT: ( Metal Short ) Special Wire of Net VSS & Pin of Cell WALLACE_CSA_DUMMY_OP_groupi_g3524__1881  ( Metal1 )
Bounds : ( 65.800, 47.820 ) ( 70.600, 47.940 )


SHORT: ( Metal Short ) Special Wire of Net VDD & Pin of Cell WALLACE_CSA_DUMMY_OP_groupi_g3662__7098  ( Metal1 )
Bounds : ( 65.800, 49.530 ) ( 66.600, 49.650 )


SHORT: ( Metal Short ) Special Wire of Net VDD & Pin of Cell WALLACE_CSA_DUMMY_OP_groupi_g3535__7410  ( Metal1 )
Bounds : ( 66.600, 42.690 ) ( 70.600, 42.810 )


SHORT: ( Metal Short ) Special Wire of Net VSS & Pin of Cell WALLACE_CSA_DUMMY_OP_groupi_g3535__7410  ( Metal1 )
Bounds : ( 66.600, 44.400 ) ( 70.600, 44.520 )


SHORT: ( Metal Short ) Special Wire of Net VDD & Pin of Cell WALLACE_CSA_DUMMY_OP_groupi_g3430__5107  ( Metal1 )
Bounds : ( 67.000, 39.270 ) ( 70.000, 39.390 )


SHORT: ( Metal Short ) Special Wire of Net VSS & Pin of Cell WALLACE_CSA_DUMMY_OP_groupi_g3430__5107  ( Metal1 )
Bounds : ( 67.000, 40.980 ) ( 70.000, 41.100 )


SHORT: ( Metal Short ) Special Wire of Net VDD & Pin of Cell WALLACE_CSA_DUMMY_OP_groupi_g3712__2398  ( Metal1 )
Bounds : ( 67.600, 49.530 ) ( 68.200, 49.650 )


SHORT: ( Metal Short ) Special Wire of Net VDD & Pin of Cell WALLACE_CSA_DUMMY_OP_groupi_g3650__5107  ( Metal1 )
Bounds : ( 70.200, 49.530 ) ( 71.000, 49.650 )


SHORT: ( Metal Short ) Special Wire of Net VDD & Pin of Cell WALLACE_CSA_DUMMY_OP_groupi_g3451__4733  ( Metal1 )
Bounds : ( 71.200, 42.690 ) ( 72.800, 42.810 )


SHORT: ( Metal Short ) Special Wire of Net VSS & Pin of Cell WALLACE_CSA_DUMMY_OP_groupi_g3451__4733  ( Metal1 )
Bounds : ( 71.200, 44.400 ) ( 72.800, 44.520 )


SHORT: ( Metal Short ) Special Wire of Net VDD & Pin of Cell WALLACE_CSA_DUMMY_OP_groupi_g3615__1666  ( Metal1 )
Bounds : ( 72.200, 49.530 ) ( 72.800, 49.650 )


SHORT: ( Metal Short ) Special Wire of Net VDD & Pin of Cell WALLACE_CSA_DUMMY_OP_groupi_g3453__9315  ( Metal1 )
Bounds : ( 73.200, 42.690 ) ( 74.800, 42.810 )


SHORT: ( Metal Short ) Special Wire of Net VSS & Pin of Cell WALLACE_CSA_DUMMY_OP_groupi_g3453__9315  ( Metal1 )
Bounds : ( 73.200, 44.400 ) ( 74.800, 44.520 )


SHORT: ( Metal Short ) Special Wire of Net VDD & Pin of Cell WALLACE_CSA_DUMMY_OP_groupi_g3817__1881  ( Metal1 )
Bounds : ( 75.000, 42.690 ) ( 75.800, 42.810 )


SHORT: ( Metal Short ) Special Wire of Net VSS & Pin of Cell WALLACE_CSA_DUMMY_OP_groupi_g3817__1881  ( Metal1 )
Bounds : ( 75.000, 44.400 ) ( 75.800, 44.520 )


SHORT: ( Metal Short ) Special Wire of Net VDD & Pin of Cell WALLACE_CSA_DUMMY_OP_groupi_g3813__5122  ( Metal1 )
Bounds : ( 75.200, 49.530 ) ( 76.000, 49.650 )


SHORT: ( Metal Short ) Special Wire of Net VSS & Pin of Cell WALLACE_CSA_DUMMY_OP_groupi_g3493__7410  ( Metal1 )
Bounds : ( 62.000, 40.980 ) ( 62.600, 41.100 )


SHORT: ( Metal Short ) Special Wire of Net VDD & Pin of Cell WALLACE_CSA_DUMMY_OP_groupi_g3493__7410  ( Metal1 )
Bounds : ( 62.000, 39.270 ) ( 62.600, 39.390 )


SHORT: ( Metal Short ) Special Wire of Net VDD & Pin of Cell WALLACE_CSA_DUMMY_OP_groupi_g3642__2883  ( Metal1 )
Bounds : ( 61.000, 49.530 ) ( 61.600, 49.650 )


SHORT: ( Metal Short ) Special Wire of Net VSS & Pin of Cell WALLACE_CSA_DUMMY_OP_groupi_g3602__5122  ( Metal1 )
Bounds : ( 61.000, 47.820 ) ( 62.000, 47.940 )


SHORT: ( Metal Short ) Special Wire of Net VDD & Pin of Cell WALLACE_CSA_DUMMY_OP_groupi_g3602__5122  ( Metal1 )
Bounds : ( 61.000, 46.110 ) ( 62.000, 46.230 )


SHORT: ( Metal Short ) Special Wire of Net VSS & Pin of Cell WALLACE_CSA_DUMMY_OP_groupi_g3490__2346  ( Metal1 )
Bounds : ( 60.800, 40.980 ) ( 61.400, 41.100 )


SHORT: ( Metal Short ) Special Wire of Net VDD & Pin of Cell WALLACE_CSA_DUMMY_OP_groupi_g3490__2346  ( Metal1 )
Bounds : ( 60.800, 39.270 ) ( 61.400, 39.390 )


SHORT: ( Metal Short ) Special Wire of Net VSS & Pin of Cell WALLACE_CSA_DUMMY_OP_groupi_g3670__7482  ( Metal1 )
Bounds : ( 59.600, 44.400 ) ( 60.200, 44.520 )


SHORT: ( Metal Short ) Special Wire of Net VDD & Pin of Cell WALLACE_CSA_DUMMY_OP_groupi_g3670__7482  ( Metal1 )
Bounds : ( 59.600, 42.690 ) ( 60.200, 42.810 )


SHORT: ( Metal Short ) Special Wire of Net VDD & Pin of Cell WALLACE_CSA_DUMMY_OP_groupi_g3583__8428  ( Metal1 )
Bounds : ( 59.400, 49.530 ) ( 60.000, 49.650 )


SHORT: ( Metal Short ) Special Wire of Net VSS & Pin of Cell WALLACE_CSA_DUMMY_OP_groupi_g3552__5122  ( Metal1 )
Bounds : ( 58.000, 47.820 ) ( 58.600, 47.940 )


SHORT: ( Metal Short ) Special Wire of Net VDD & Pin of Cell WALLACE_CSA_DUMMY_OP_groupi_g3552__5122  ( Metal1 )
Bounds : ( 58.000, 46.110 ) ( 58.600, 46.230 )


SHORT: ( Metal Short ) Special Wire of Net VDD & Pin of Cell WALLACE_CSA_DUMMY_OP_groupi58_g3681__5526  ( Metal1 )
Bounds : ( 51.200, 42.690 ) ( 51.800, 42.810 )


SHORT: ( Metal Short ) Special Wire of Net VSS & Pin of Cell WALLACE_CSA_DUMMY_OP_groupi58_g3681__5526  ( Metal1 )
Bounds : ( 51.200, 44.400 ) ( 51.800, 44.520 )


SHORT: ( Metal Short ) Special Wire of Net VDD & Pin of Cell WALLACE_CSA_DUMMY_OP_groupi58_g3585__8246  ( Metal1 )
Bounds : ( 51.200, 46.110 ) ( 51.800, 46.230 )


SHORT: ( Metal Short ) Special Wire of Net VSS & Pin of Cell WALLACE_CSA_DUMMY_OP_groupi58_g3585__8246  ( Metal1 )
Bounds : ( 51.200, 47.820 ) ( 51.800, 47.940 )


SHORT: ( Metal Short ) Special Wire of Net VDD & Pin of Cell WALLACE_CSA_DUMMY_OP_groupi58_g3576__5526  ( Metal1 )
Bounds : ( 53.800, 46.110 ) ( 54.400, 46.230 )


SHORT: ( Metal Short ) Special Wire of Net VSS & Pin of Cell WALLACE_CSA_DUMMY_OP_groupi58_g3576__5526  ( Metal1 )
Bounds : ( 53.800, 47.820 ) ( 54.400, 47.940 )


SHORT: ( Metal Short ) Special Wire of Net VDD & Pin of Cell WALLACE_CSA_DUMMY_OP_groupi58_g3644__6260  ( Metal1 )
Bounds : ( 54.000, 39.270 ) ( 54.600, 39.390 )


SHORT: ( Metal Short ) Special Wire of Net VSS & Pin of Cell WALLACE_CSA_DUMMY_OP_groupi58_g3644__6260  ( Metal1 )
Bounds : ( 54.000, 40.980 ) ( 54.600, 41.100 )


SHORT: ( Metal Short ) Special Wire of Net VDD & Pin of Cell WALLACE_CSA_DUMMY_OP_groupi58_g3584__5122  ( Metal1 )
Bounds : ( 55.400, 39.270 ) ( 56.000, 39.390 )


SHORT: ( Metal Short ) Special Wire of Net VSS & Pin of Cell WALLACE_CSA_DUMMY_OP_groupi58_g3584__5122  ( Metal1 )
Bounds : ( 55.400, 40.980 ) ( 56.000, 41.100 )


SHORT: ( Metal Short ) Special Wire of Net VDD & Pin of Cell WALLACE_CSA_DUMMY_OP_groupi58_g3605__9315  ( Metal1 )
Bounds : ( 55.600, 42.690 ) ( 56.200, 42.810 )


SHORT: ( Metal Short ) Special Wire of Net VSS & Pin of Cell WALLACE_CSA_DUMMY_OP_groupi58_g3605__9315  ( Metal1 )
Bounds : ( 55.600, 44.400 ) ( 56.200, 44.520 )


SHORT: ( Metal Short ) Special Wire of Net VDD & Pin of Cell WALLACE_CSA_DUMMY_OP_groupi59_g3464  ( Metal1 )
Bounds : ( 55.600, 49.530 ) ( 56.000, 49.650 )


SHORT: ( Metal Short ) Special Wire of Net VDD & Pin of Cell WALLACE_CSA_DUMMY_OP_groupi58_g3567__6417  ( Metal1 )
Bounds : ( 57.000, 39.270 ) ( 57.600, 39.390 )


SHORT: ( Metal Short ) Special Wire of Net VSS & Pin of Cell WALLACE_CSA_DUMMY_OP_groupi58_g3567__6417  ( Metal1 )
Bounds : ( 57.000, 40.980 ) ( 57.600, 41.100 )


SHORT: ( Metal Short ) Special Wire of Net VDD & Pin of Cell WALLACE_CSA_DUMMY_OP_groupi_g3511__6260  ( Metal1 )
Bounds : ( 61.200, 42.690 ) ( 64.200, 42.810 )


SHORT: ( Metal Short ) Special Wire of Net VSS & Pin of Cell WALLACE_CSA_DUMMY_OP_groupi_g3511__6260  ( Metal1 )
Bounds : ( 61.200, 44.400 ) ( 64.200, 44.520 )


SHORT: ( Metal Short ) Special Wire of Net VSS & Pin of Cell WALLACE_CSA_DUMMY_OP_groupi_g3702__6161  ( Metal1 )
Bounds : ( 65.800, 30.720 ) ( 66.600, 30.840 )


SHORT: ( Metal Short ) Special Wire of Net VDD & Pin of Cell WALLACE_CSA_DUMMY_OP_groupi_g3702__6161  ( Metal1 )
Bounds : ( 65.800, 29.010 ) ( 66.600, 29.130 )


SHORT: ( Metal Short ) Special Wire of Net VDD & Pin of Cell WALLACE_CSA_DUMMY_OP_groupi_g3623__8428  ( Metal1 )
Bounds : ( 67.600, 29.010 ) ( 68.200, 29.130 )


SHORT: ( Metal Short ) Special Wire of Net VSS & Pin of Cell WALLACE_CSA_DUMMY_OP_groupi_g3623__8428  ( Metal1 )
Bounds : ( 67.600, 30.720 ) ( 68.200, 30.840 )


SHORT: ( Metal Short ) Special Wire of Net VDD & Pin of Cell WALLACE_CSA_DUMMY_OP_groupi_g3529__9315  ( Metal1 )
Bounds : ( 68.800, 29.010 ) ( 71.800, 29.130 )


SHORT: ( Metal Short ) Special Wire of Net VSS & Pin of Cell WALLACE_CSA_DUMMY_OP_groupi_g3529__9315  ( Metal1 )
Bounds : ( 68.800, 30.720 ) ( 71.800, 30.840 )


SHORT: ( Metal Short ) Special Wire of Net VDD & Pin of Cell WALLACE_CSA_DUMMY_OP_groupi_g3519__1705  ( Metal1 )
Bounds : ( 69.200, 32.430 ) ( 75.600, 32.550 )


SHORT: ( Metal Short ) Special Wire of Net VSS & Pin of Cell WALLACE_CSA_DUMMY_OP_groupi_g3519__1705  ( Metal1 )
Bounds : ( 69.200, 34.140 ) ( 75.600, 34.260 )


SHORT: ( Metal Short ) Special Wire of Net VDD & Pin of Cell WALLACE_CSA_DUMMY_OP_groupi_g3635__1881  ( Metal1 )
Bounds : ( 69.200, 35.850 ) ( 70.000, 35.970 )


SHORT: ( Metal Short ) Special Wire of Net VSS & Pin of Cell WALLACE_CSA_DUMMY_OP_groupi_g3635__1881  ( Metal1 )
Bounds : ( 69.200, 37.560 ) ( 70.000, 37.680 )


SHORT: ( Metal Short ) Special Wire of Net VSS & Pin of Cell WALLACE_CSA_DUMMY_OP_groupi_g3548__1617  ( Metal1 )
Bounds : ( 70.200, 27.300 ) ( 70.800, 27.420 )


SHORT: ( Metal Short ) Special Wire of Net VDD & Pin of Cell WALLACE_CSA_DUMMY_OP_groupi_g3807__5526  ( Metal1 )
Bounds : ( 71.800, 35.850 ) ( 73.400, 35.970 )


SHORT: ( Metal Short ) Special Wire of Net VSS & Pin of Cell WALLACE_CSA_DUMMY_OP_groupi_g3807__5526  ( Metal1 )
Bounds : ( 71.800, 37.560 ) ( 73.400, 37.680 )


SHORT: ( Metal Short ) Special Wire of Net VDD & Pin of Cell WALLACE_CSA_DUMMY_OP_groupi_g3723__5122  ( Metal1 )
Bounds : ( 72.400, 29.010 ) ( 73.000, 29.130 )


SHORT: ( Metal Short ) Special Wire of Net VSS & Pin of Cell WALLACE_CSA_DUMMY_OP_groupi_g3723__5122  ( Metal1 )
Bounds : ( 72.400, 30.720 ) ( 73.000, 30.840 )


SHORT: ( Metal Short ) Special Wire of Net VDD & Pin of Cell WALLACE_CSA_DUMMY_OP_groupi_g3604__7098  ( Metal1 )
Bounds : ( 73.600, 35.850 ) ( 74.200, 35.970 )


SHORT: ( Metal Short ) Special Wire of Net VSS & Pin of Cell WALLACE_CSA_DUMMY_OP_groupi_g3604__7098  ( Metal1 )
Bounds : ( 73.600, 37.560 ) ( 74.200, 37.680 )


SHORT: ( Metal Short ) Special Wire of Net VDD & Pin of Cell WALLACE_CSA_DUMMY_OP_groupi_g3818__5115  ( Metal1 )
Bounds : ( 73.800, 29.010 ) ( 74.800, 29.130 )


SHORT: ( Metal Short ) Special Wire of Net VSS & Pin of Cell WALLACE_CSA_DUMMY_OP_groupi_g3818__5115  ( Metal1 )
Bounds : ( 73.800, 30.720 ) ( 74.800, 30.840 )


SHORT: ( Metal Short ) Special Wire of Net VSS & Pin of Cell WALLACE_CSA_DUMMY_OP_groupi_g3489__2883  ( Metal1 )
Bounds : ( 74.000, 27.300 ) ( 74.600, 27.420 )


SHORT: ( Metal Short ) Special Wire of Net VDD & Pin of Cell WALLACE_CSA_DUMMY_OP_groupi_g3687__5526  ( Metal1 )
Bounds : ( 75.200, 35.850 ) ( 75.800, 35.970 )


SHORT: ( Metal Short ) Special Wire of Net VSS & Pin of Cell WALLACE_CSA_DUMMY_OP_groupi_g3687__5526  ( Metal1 )
Bounds : ( 75.200, 37.560 ) ( 75.800, 37.680 )


SHORT: ( Metal Short ) Special Wire of Net VSS & Pin of Cell WALLACE_CSA_DUMMY_OP_groupi_g3669__5115  ( Metal1 )
Bounds : ( 62.000, 37.560 ) ( 62.600, 37.680 )


SHORT: ( Metal Short ) Special Wire of Net VDD & Pin of Cell WALLACE_CSA_DUMMY_OP_groupi_g3669__5115  ( Metal1 )
Bounds : ( 62.000, 35.850 ) ( 62.600, 35.970 )


SHORT: ( Metal Short ) Special Wire of Net VSS & Pin of Cell WALLACE_CSA_DUMMY_OP_groupi_g3694__5122  ( Metal1 )
Bounds : ( 60.200, 37.560 ) ( 61.000, 37.680 )


SHORT: ( Metal Short ) Special Wire of Net VDD & Pin of Cell WALLACE_CSA_DUMMY_OP_groupi_g3694__5122  ( Metal1 )
Bounds : ( 60.200, 35.850 ) ( 61.000, 35.970 )


SHORT: ( Metal Short ) Special Wire of Net VSS & Pin of Cell WALLACE_CSA_DUMMY_OP_groupi_g3651__6260  ( Metal1 )
Bounds : ( 60.200, 30.720 ) ( 61.000, 30.840 )


SHORT: ( Metal Short ) Special Wire of Net VDD & Pin of Cell WALLACE_CSA_DUMMY_OP_groupi_g3651__6260  ( Metal1 )
Bounds : ( 60.200, 29.010 ) ( 61.000, 29.130 )


SHORT: ( Metal Short ) Special Wire of Net VSS & Pin of Cell WALLACE_CSA_DUMMY_OP_groupi_g3730__7482  ( Metal1 )
Bounds : ( 58.600, 37.560 ) ( 59.400, 37.680 )


SHORT: ( Metal Short ) Special Wire of Net VDD & Pin of Cell WALLACE_CSA_DUMMY_OP_groupi_g3730__7482  ( Metal1 )
Bounds : ( 58.600, 35.850 ) ( 59.400, 35.970 )


SHORT: ( Metal Short ) Special Wire of Net VSS & Pin of Cell WALLACE_CSA_DUMMY_OP_groupi58_g3608__2346  ( Metal1 )
Bounds : ( 51.000, 27.300 ) ( 51.600, 27.420 )


SHORT: ( Metal Short ) Special Wire of Net VSS & Pin of Cell WALLACE_CSA_DUMMY_OP_groupi58_g3568__5477  ( Metal1 )
Bounds : ( 51.800, 27.300 ) ( 53.400, 27.420 )


SHORT: ( Metal Short ) Special Wire of Net VDD & Pin of Cell WALLACE_CSA_DUMMY_OP_groupi58_g3658__1881  ( Metal1 )
Bounds : ( 53.400, 29.010 ) ( 57.000, 29.130 )


SHORT: ( Metal Short ) Special Wire of Net VSS & Pin of Cell WALLACE_CSA_DUMMY_OP_groupi58_g3514__5122  ( Metal1 )
Bounds : ( 53.400, 30.720 ) ( 57.000, 30.840 )


SHORT: ( Metal Short ) Special Wire of Net VSS & Pin of Cell WALLACE_CSA_DUMMY_OP_groupi58_g3808__9315  ( Metal1 )
Bounds : ( 53.600, 27.300 ) ( 54.400, 27.420 )


SHORT: ( Metal Short ) Special Wire of Net VDD & Pin of Cell WALLACE_CSA_DUMMY_OP_groupi58_g3546__8246  ( Metal1 )
Bounds : ( 53.800, 35.850 ) ( 55.400, 35.970 )


SHORT: ( Metal Short ) Special Wire of Net VSS & Pin of Cell WALLACE_CSA_DUMMY_OP_groupi58_g3546__8246  ( Metal1 )
Bounds : ( 53.800, 37.560 ) ( 55.400, 37.680 )


SHORT: ( Metal Short ) Special Wire of Net VDD & Pin of Cell WALLACE_CSA_DUMMY_OP_groupi58_g3632__6161  ( Metal1 )
Bounds : ( 54.200, 32.430 ) ( 54.800, 32.550 )


SHORT: ( Metal Short ) Special Wire of Net VSS & Pin of Cell WALLACE_CSA_DUMMY_OP_groupi58_g3632__6161  ( Metal1 )
Bounds : ( 54.200, 34.140 ) ( 54.800, 34.260 )


SHORT: ( Metal Short ) Special Wire of Net VSS & Pin of Cell WALLACE_CSA_DUMMY_OP_groupi58_g3496__8428  ( Metal1 )
Bounds : ( 54.800, 27.300 ) ( 55.800, 27.420 )


SHORT: ( Metal Short ) Special Wire of Net VDD & Pin of Cell WALLACE_CSA_DUMMY_OP_groupi58_g3708__5122  ( Metal1 )
Bounds : ( 55.000, 32.430 ) ( 55.600, 32.550 )


SHORT: ( Metal Short ) Special Wire of Net VSS & Pin of Cell WALLACE_CSA_DUMMY_OP_groupi58_g3708__5122  ( Metal1 )
Bounds : ( 55.000, 34.140 ) ( 55.600, 34.260 )


SHORT: ( Metal Short ) Special Wire of Net VSS & Pin of Cell WALLACE_CSA_DUMMY_OP_groupi58_g3804__5115  ( Metal1 )
Bounds : ( 56.400, 27.300 ) ( 57.200, 27.420 )


SHORT: ( Metal Short ) Special Wire of Net VDD & Pin of Cell WALLACE_CSA_DUMMY_OP_groupi_g3440__1617  ( Metal1 )
Bounds : ( 56.400, 32.430 ) ( 59.400, 32.550 )


SHORT: ( Metal Short ) Special Wire of Net VSS & Pin of Cell WALLACE_CSA_DUMMY_OP_groupi_g3440__1617  ( Metal1 )
Bounds : ( 56.400, 34.140 ) ( 59.400, 34.260 )


SHORT: ( Metal Short ) Special Wire of Net VSS & Pin of Cell WALLACE_CSA_DUMMY_OP_groupi_g3512__4319  ( Metal1 )
Bounds : ( 57.800, 27.300 ) ( 65.800, 27.420 )


SHORT: ( Metal Short ) Special Wire of Net VDD & Pin of Cell WALLACE_CSA_DUMMY_OP_groupi_g3474__2802  ( Metal1 )
Bounds : ( 61.400, 29.010 ) ( 65.400, 29.130 )


SHORT: ( Metal Short ) Special Wire of Net VSS & Pin of Cell WALLACE_CSA_DUMMY_OP_groupi_g3474__2802  ( Metal1 )
Bounds : ( 61.400, 30.720 ) ( 65.400, 30.840 )


SHORT: ( Metal Short ) Special Wire of Net VDD & Pin of Cell WALLACE_CSA_DUMMY_OP_groupi_g3515__6783  ( Metal1 )
Bounds : ( 63.200, 35.850 ) ( 66.200, 35.970 )


SHORT: ( Metal Short ) Special Wire of Net VSS & Pin of Cell WALLACE_CSA_DUMMY_OP_groupi_g3515__6783  ( Metal1 )
Bounds : ( 63.200, 37.560 ) ( 66.200, 37.680 )


SHORT: ( Metal Short ) Special Wire of Net VDD & Pin of Cell WALLACE_CSA_DUMMY_OP_groupi_g3436__8428  ( Metal1 )
Bounds : ( 74.600, 46.110 ) ( 79.600, 46.230 )


SHORT: ( Metal Short ) Special Wire of Net VSS & Pin of Cell WALLACE_CSA_DUMMY_OP_groupi_g3436__8428  ( Metal1 )
Bounds : ( 74.600, 47.820 ) ( 79.600, 47.940 )


SHORT: ( Metal Short ) Special Wire of Net VDD & Pin of Cell WALLACE_CSA_DUMMY_OP_groupi_g3612__9945  ( Metal1 )
Bounds : ( 75.600, 39.270 ) ( 76.200, 39.390 )


SHORT: ( Metal Short ) Special Wire of Net VSS & Pin of Cell WALLACE_CSA_DUMMY_OP_groupi_g3612__9945  ( Metal1 )
Bounds : ( 75.600, 40.980 ) ( 76.200, 41.100 )


SHORT: ( Metal Short ) Special Wire of Net VSS & Pin of Cell WALLACE_CSA_DUMMY_OP_groupi_g3412__4733  ( Metal1 )
Bounds : ( 75.800, 27.300 ) ( 79.800, 27.420 )


SHORT: ( Metal Short ) Special Wire of Net VDD & Pin of Cell WALLACE_CSA_DUMMY_OP_groupi_g3704__9945  ( Metal1 )
Bounds : ( 75.800, 29.010 ) ( 76.400, 29.130 )


SHORT: ( Metal Short ) Special Wire of Net VSS & Pin of Cell WALLACE_CSA_DUMMY_OP_groupi_g3704__9945  ( Metal1 )
Bounds : ( 75.800, 30.720 ) ( 76.400, 30.840 )


CUTSPACING: ( Adjacent Cut Spacing ) Special Wire of Net VDD  ( Via8 )
Bounds : ( 100.555, 20.650 ) ( 100.625, 20.720 )


CUTSPACING: ( Adjacent Cut Spacing ) Special Wire of Net VDD  ( Via8 )
Bounds : ( 100.555, 20.510 ) ( 100.625, 20.580 )


CUTSPACING: ( Adjacent Cut Spacing ) Special Wire of Net VDD  ( Via8 )
Bounds : ( 100.375, 20.650 ) ( 100.445, 20.720 )


CUTSPACING: ( Adjacent Cut Spacing ) Special Wire of Net VDD  ( Via8 )
Bounds : ( 100.375, 20.510 ) ( 100.445, 20.580 )


CUTSPACING: ( Adjacent Cut Spacing ) Special Wire of Net VDD  ( Via7 )
Bounds : ( 100.555, 20.650 ) ( 100.625, 20.720 )


CUTSPACING: ( Adjacent Cut Spacing ) Special Wire of Net VDD  ( Via7 )
Bounds : ( 100.555, 20.510 ) ( 100.625, 20.580 )


CUTSPACING: ( Adjacent Cut Spacing ) Special Wire of Net VDD  ( Via7 )
Bounds : ( 100.375, 20.650 ) ( 100.445, 20.720 )


CUTSPACING: ( Adjacent Cut Spacing ) Special Wire of Net VDD  ( Via7 )
Bounds : ( 100.375, 20.510 ) ( 100.445, 20.580 )


CUTSPACING: ( Adjacent Cut Spacing ) Special Wire of Net VDD  ( Via6 )
Bounds : ( 100.555, 20.650 ) ( 100.625, 20.720 )


CUTSPACING: ( Adjacent Cut Spacing ) Special Wire of Net VDD  ( Via6 )
Bounds : ( 100.555, 20.510 ) ( 100.625, 20.580 )


CUTSPACING: ( Adjacent Cut Spacing ) Special Wire of Net VDD  ( Via6 )
Bounds : ( 100.375, 20.650 ) ( 100.445, 20.720 )


CUTSPACING: ( Adjacent Cut Spacing ) Special Wire of Net VDD  ( Via6 )
Bounds : ( 100.375, 20.510 ) ( 100.445, 20.580 )


CUTSPACING: ( Adjacent Cut Spacing ) Special Wire of Net VDD  ( Via5 )
Bounds : ( 100.465, 22.290 ) ( 100.535, 22.360 )


CUTSPACING: ( Adjacent Cut Spacing ) Special Wire of Net VDD  ( Via5 )
Bounds : ( 100.465, 18.870 ) ( 100.535, 18.940 )


CUTSPACING: ( Adjacent Cut Spacing ) Special Wire of Net VDD  ( Via5 )
Bounds : ( 100.465, 15.450 ) ( 100.535, 15.520 )


CUTSPACING: ( Adjacent Cut Spacing ) Special Wire of Net VDD  ( Via3 )
Bounds : ( 100.465, 15.450 ) ( 100.535, 15.520 )


CUTSPACING: ( Adjacent Cut Spacing ) Special Wire of Net VDD  ( Via3 )
Bounds : ( 100.465, 18.870 ) ( 100.535, 18.940 )


CUTSPACING: ( Adjacent Cut Spacing ) Special Wire of Net VDD  ( Via3 )
Bounds : ( 100.465, 22.290 ) ( 100.535, 22.360 )


CUTSPACING: ( Adjacent Cut Spacing ) Special Wire of Net VDD  ( Via4 )
Bounds : ( 100.465, 15.450 ) ( 100.535, 15.520 )


CUTSPACING: ( Adjacent Cut Spacing ) Special Wire of Net VDD  ( Via4 )
Bounds : ( 100.465, 18.870 ) ( 100.535, 18.940 )


CUTSPACING: ( Adjacent Cut Spacing ) Special Wire of Net VDD  ( Via4 )
Bounds : ( 100.465, 22.290 ) ( 100.535, 22.360 )


SHORT: ( Metal Short ) Special Wire of Net VDD & Pin of Cell WALLACE_CSA_DUMMY_OP_groupi_g3445__7098  ( Metal1 )
Bounds : ( 89.400, 18.750 ) ( 90.000, 18.870 )


SHORT: ( Metal Short ) Special Wire of Net VSS & Pin of Cell WALLACE_CSA_DUMMY_OP_groupi_g3445__7098  ( Metal1 )
Bounds : ( 89.400, 20.460 ) ( 90.000, 20.580 )


SHORT: ( Metal Short ) Special Wire of Net VDD & Pin of Cell WALLACE_CSA_DUMMY_OP_groupi_g3459  ( Metal1 )
Bounds : ( 90.800, 22.170 ) ( 91.200, 22.290 )


SHORT: ( Metal Short ) Special Wire of Net VSS & Pin of Cell WALLACE_CSA_DUMMY_OP_groupi_g3459  ( Metal1 )
Bounds : ( 90.800, 23.880 ) ( 91.200, 24.000 )


SHORT: ( Metal Short ) Special Wire of Net VDD & Pin of Cell WALLACE_CSA_DUMMY_OP_groupi_g3444__8246  ( Metal1 )
Bounds : ( 91.200, 18.750 ) ( 91.800, 18.870 )


SHORT: ( Metal Short ) Special Wire of Net VSS & Pin of Cell WALLACE_CSA_DUMMY_OP_groupi_g3444__8246  ( Metal1 )
Bounds : ( 91.200, 20.460 ) ( 91.800, 20.580 )


SHORT: ( Metal Short ) Special Wire of Net VDD & Pin of Cell WALLACE_CSA_DUMMY_OP_groupi_g3364__1617  ( Metal1 )
Bounds : ( 82.000, 22.170 ) ( 83.000, 22.290 )


SHORT: ( Metal Short ) Special Wire of Net VSS & Pin of Cell WALLACE_CSA_DUMMY_OP_groupi_g3795__9945  ( Metal1 )
Bounds : ( 81.800, 20.460 ) ( 83.400, 20.580 )


SHORT: ( Metal Short ) Special Wire of Net VDD & Pin of Cell WALLACE_CSA_DUMMY_OP_groupi_g3795__9945  ( Metal1 )
Bounds : ( 81.800, 18.750 ) ( 83.400, 18.870 )


SHORT: ( Metal Short ) Special Wire of Net VSS & Pin of Cell WALLACE_CSA_DUMMY_OP_groupi_g3562__1881  ( Metal1 )
Bounds : ( 78.600, 23.880 ) ( 81.400, 24.000 )


SHORT: ( Metal Short ) Special Wire of Net VDD & Pin of Cell WALLACE_CSA_DUMMY_OP_groupi_g3562__1881  ( Metal1 )
Bounds : ( 78.600, 22.170 ) ( 81.400, 22.290 )


SHORT: ( Metal Short ) Special Wire of Net VSS & Pin of Cell WALLACE_CSA_DUMMY_OP_groupi_g3600__2802  ( Metal1 )
Bounds : ( 77.400, 23.880 ) ( 78.200, 24.000 )


SHORT: ( Metal Short ) Special Wire of Net VDD & Pin of Cell WALLACE_CSA_DUMMY_OP_groupi_g3600__2802  ( Metal1 )
Bounds : ( 77.400, 22.170 ) ( 78.200, 22.290 )


SHORT: ( Metal Short ) Special Wire of Net VSS & Pin of Cell WALLACE_CSA_DUMMY_OP_groupi_g3587__3680  ( Metal1 )
Bounds : ( 76.800, 17.040 ) ( 77.400, 17.160 )


SHORT: ( Metal Short ) Special Wire of Net VDD & Pin of Cell WALLACE_CSA_DUMMY_OP_groupi_g3587__3680  ( Metal1 )
Bounds : ( 76.800, 15.330 ) ( 77.400, 15.450 )


SHORT: ( Metal Short ) Special Wire of Net VSS & Pin of Cell WALLACE_CSA_DUMMY_OP_groupi_g3364__1617  ( Metal1 )
Bounds : ( 82.000, 23.880 ) ( 83.000, 24.000 )


SHORT: ( Metal Short ) Special Wire of Net VDD & Pin of Cell WALLACE_CSA_DUMMY_OP_groupi_g3475__1705  ( Metal1 )
Bounds : ( 84.000, 18.750 ) ( 86.800, 18.870 )


SHORT: ( Metal Short ) Special Wire of Net VSS & Pin of Cell WALLACE_CSA_DUMMY_OP_groupi_g3475__1705  ( Metal1 )
Bounds : ( 84.000, 20.460 ) ( 86.800, 20.580 )


SHORT: ( Metal Short ) Special Wire of Net VDD & Pin of Cell WALLACE_CSA_DUMMY_OP_groupi_g3447__6131  ( Metal1 )
Bounds : ( 87.600, 18.750 ) ( 88.400, 18.870 )


SHORT: ( Metal Short ) Special Wire of Net VSS & Pin of Cell WALLACE_CSA_DUMMY_OP_groupi_g3447__6131  ( Metal1 )
Bounds : ( 87.600, 20.460 ) ( 88.400, 20.580 )


SHORT: ( Metal Short ) Special Wire of Net VDD & Pin of Cell WALLACE_CSA_DUMMY_OP_groupi_g3798__1666  ( Metal1 )
Bounds : ( 88.600, 22.170 ) ( 90.200, 22.290 )


SHORT: ( Metal Short ) Special Wire of Net VSS & Pin of Cell WALLACE_CSA_DUMMY_OP_groupi_g3798__1666  ( Metal1 )
Bounds : ( 88.600, 23.880 ) ( 90.200, 24.000 )


CUTSPACING: ( Adjacent Cut Spacing ) Special Wire of Net VDD  ( Via7 )
Bounds : ( 100.555, 4.550 ) ( 100.625, 4.620 )


CUTSPACING: ( Adjacent Cut Spacing ) Special Wire of Net VDD  ( Via5 )
Bounds : ( 100.465, 8.610 ) ( 100.535, 8.680 )


CUTSPACING: ( Adjacent Cut Spacing ) Special Wire of Net VDD  ( Via5 )
Bounds : ( 100.465, 5.190 ) ( 100.535, 5.260 )


CUTSPACING: ( Adjacent Cut Spacing ) Special Wire of Net VDD  ( Via4 )
Bounds : ( 100.465, 12.030 ) ( 100.535, 12.100 )


CUTSPACING: ( Adjacent Cut Spacing ) Special Wire of Net VDD  ( Via4 )
Bounds : ( 100.465, 8.610 ) ( 100.535, 8.680 )


CUTSPACING: ( Adjacent Cut Spacing ) Special Wire of Net VDD  ( Via4 )
Bounds : ( 100.465, 5.190 ) ( 100.535, 5.260 )


CUTSPACING: ( Adjacent Cut Spacing ) Special Wire of Net VDD  ( Via3 )
Bounds : ( 100.465, 12.030 ) ( 100.535, 12.100 )


CUTSPACING: ( Adjacent Cut Spacing ) Special Wire of Net VDD  ( Via3 )
Bounds : ( 100.465, 8.610 ) ( 100.535, 8.680 )


CUTSPACING: ( Adjacent Cut Spacing ) Special Wire of Net VDD  ( Via3 )
Bounds : ( 100.465, 5.190 ) ( 100.535, 5.260 )


CUTSPACING: ( Adjacent Cut Spacing ) Special Wire of Net VDD  ( Via5 )
Bounds : ( 100.465, 12.030 ) ( 100.535, 12.100 )


CUTSPACING: ( Adjacent Cut Spacing ) Special Wire of Net VDD  ( Via6 )
Bounds : ( 100.375, 4.550 ) ( 100.445, 4.620 )


CUTSPACING: ( Adjacent Cut Spacing ) Special Wire of Net VDD  ( Via6 )
Bounds : ( 100.375, 4.690 ) ( 100.445, 4.760 )


CUTSPACING: ( Adjacent Cut Spacing ) Special Wire of Net VDD  ( Via6 )
Bounds : ( 100.555, 4.550 ) ( 100.625, 4.620 )


CUTSPACING: ( Adjacent Cut Spacing ) Special Wire of Net VDD  ( Via6 )
Bounds : ( 100.555, 4.690 ) ( 100.625, 4.760 )


CUTSPACING: ( Adjacent Cut Spacing ) Special Wire of Net VDD  ( Via7 )
Bounds : ( 100.375, 4.550 ) ( 100.445, 4.620 )


CUTSPACING: ( Adjacent Cut Spacing ) Special Wire of Net VDD  ( Via7 )
Bounds : ( 100.375, 4.690 ) ( 100.445, 4.760 )


CUTSPACING: ( Adjacent Cut Spacing ) Special Wire of Net VDD  ( Via7 )
Bounds : ( 100.555, 4.690 ) ( 100.625, 4.760 )


CUTSPACING: ( Adjacent Cut Spacing ) Special Wire of Net VDD  ( Via8 )
Bounds : ( 100.375, 4.550 ) ( 100.445, 4.620 )


CUTSPACING: ( Adjacent Cut Spacing ) Special Wire of Net VDD  ( Via8 )
Bounds : ( 100.375, 4.690 ) ( 100.445, 4.760 )


CUTSPACING: ( Adjacent Cut Spacing ) Special Wire of Net VDD  ( Via8 )
Bounds : ( 100.555, 4.550 ) ( 100.625, 4.620 )


CUTSPACING: ( Adjacent Cut Spacing ) Special Wire of Net VDD  ( Via8 )
Bounds : ( 100.555, 4.690 ) ( 100.625, 4.760 )


SHORT: ( Metal Short ) Special Wire of Net VDD & Pin of Cell WALLACE_CSA_DUMMY_OP_groupi_g2__4733  ( Metal1 )
Bounds : ( 78.600, 8.490 ) ( 79.400, 8.610 )


SHORT: ( Metal Short ) Special Wire of Net VSS & Pin of Cell WALLACE_CSA_DUMMY_OP_groupi_g2__4733  ( Metal1 )
Bounds : ( 78.600, 10.200 ) ( 79.400, 10.320 )


SHORT: ( Metal Short ) Special Wire of Net VDD & Pin of Cell WALLACE_CSA_DUMMY_OP_groupi_g3390__6260  ( Metal1 )
Bounds : ( 88.000, 5.070 ) ( 88.600, 5.190 )


SHORT: ( Metal Short ) Special Wire of Net VSS & Pin of Cell WALLACE_CSA_DUMMY_OP_groupi_g3390__6260  ( Metal1 )
Bounds : ( 88.000, 6.780 ) ( 88.600, 6.900 )


SHORT: ( Metal Short ) Special Wire of Net VDD & Pin of Cell WALLACE_CSA_DUMMY_OP_groupi_g3376__6161  ( Metal1 )
Bounds : ( 90.400, 8.490 ) ( 91.200, 8.610 )


SHORT: ( Metal Short ) Special Wire of Net VSS & Pin of Cell WALLACE_CSA_DUMMY_OP_groupi_g3376__6161  ( Metal1 )
Bounds : ( 90.400, 10.200 ) ( 91.200, 10.320 )


SHORT: ( Metal Short ) Special Wire of Net VDD & Pin of Cell WALLACE_CSA_DUMMY_OP_groupi_g3399__2802  ( Metal1 )
Bounds : ( 64.600, 15.330 ) ( 68.600, 15.450 )


SHORT: ( Metal Short ) Special Wire of Net VSS & Pin of Cell WALLACE_CSA_DUMMY_OP_groupi_g3714__6260  ( Metal1 )
Bounds : ( 64.400, 20.460 ) ( 65.200, 20.580 )


SHORT: ( Metal Short ) Special Wire of Net VDD & Pin of Cell WALLACE_CSA_DUMMY_OP_groupi_g3714__6260  ( Metal1 )
Bounds : ( 64.400, 18.750 ) ( 65.200, 18.870 )


SHORT: ( Metal Short ) Special Wire of Net VSS & Pin of Cell WALLACE_CSA_DUMMY_OP_groupi_g3399__2802  ( Metal1 )
Bounds : ( 64.600, 17.040 ) ( 68.600, 17.160 )


SHORT: ( Metal Short ) Special Wire of Net VSS & Pin of Cell WALLACE_CSA_DUMMY_OP_groupi_g3359__8428  ( Metal1 )
Bounds : ( 64.800, 13.620 ) ( 67.800, 13.740 )


SHORT: ( Metal Short ) Special Wire of Net VDD & Pin of Cell WALLACE_CSA_DUMMY_OP_groupi_g3442__1705  ( Metal1 )
Bounds : ( 65.400, 18.750 ) ( 69.400, 18.870 )


SHORT: ( Metal Short ) Special Wire of Net VSS & Pin of Cell WALLACE_CSA_DUMMY_OP_groupi_g3442__1705  ( Metal1 )
Bounds : ( 65.400, 20.460 ) ( 69.400, 20.580 )


SHORT: ( Metal Short ) Special Wire of Net VSS & Pin of Cell WALLACE_CSA_DUMMY_OP_groupi_g3365__2802  ( Metal1 )
Bounds : ( 68.200, 13.620 ) ( 69.400, 13.740 )


SHORT: ( Metal Short ) Special Wire of Net VDD & Pin of Cell WALLACE_CSA_DUMMY_OP_groupi_g3355__2398  ( Metal1 )
Bounds : ( 69.400, 15.330 ) ( 73.800, 15.450 )


SHORT: ( Metal Short ) Special Wire of Net VSS & Pin of Cell WALLACE_CSA_DUMMY_OP_groupi_g3355__2398  ( Metal1 )
Bounds : ( 69.400, 17.040 ) ( 73.800, 17.160 )


SHORT: ( Metal Short ) Special Wire of Net VSS & Pin of Cell WALLACE_CSA_DUMMY_OP_groupi_g3384__7410  ( Metal1 )
Bounds : ( 69.800, 13.620 ) ( 73.000, 13.740 )


SHORT: ( Metal Short ) Special Wire of Net VDD & Pin of Cell WALLACE_CSA_DUMMY_OP_groupi_g3429  ( Metal1 )
Bounds : ( 74.000, 18.750 ) ( 74.400, 18.870 )


SHORT: ( Metal Short ) Special Wire of Net VSS & Pin of Cell WALLACE_CSA_DUMMY_OP_groupi_g3429  ( Metal1 )
Bounds : ( 74.000, 20.460 ) ( 74.400, 20.580 )


SHORT: ( Metal Short ) Special Wire of Net VDD & Pin of Cell WALLACE_CSA_DUMMY_OP_groupi_g3428  ( Metal1 )
Bounds : ( 75.400, 18.750 ) ( 75.800, 18.870 )


SHORT: ( Metal Short ) Special Wire of Net VSS & Pin of Cell WALLACE_CSA_DUMMY_OP_groupi_g3428  ( Metal1 )
Bounds : ( 75.400, 20.460 ) ( 75.800, 20.580 )


SHORT: ( Metal Short ) Special Wire of Net VSS & Pin of Cell WALLACE_CSA_DUMMY_OP_groupi_g3684__6260  ( Metal1 )
Bounds : ( 59.000, 13.620 ) ( 59.800, 13.740 )


SHORT: ( Metal Short ) Special Wire of Net VSS & Pin of Cell WALLACE_CSA_DUMMY_OP_groupi_g3458__7410  ( Metal1 )
Bounds : ( 58.600, 20.460 ) ( 62.600, 20.580 )


SHORT: ( Metal Short ) Special Wire of Net VDD & Pin of Cell WALLACE_CSA_DUMMY_OP_groupi_g3458__7410  ( Metal1 )
Bounds : ( 58.600, 18.750 ) ( 62.600, 18.870 )


SHORT: ( Metal Short ) Special Wire of Net VSS & Pin of Cell WALLACE_CSA_DUMMY_OP_groupi_g3538__2398  ( Metal1 )
Bounds : ( 58.000, 17.040 ) ( 62.000, 17.160 )


SHORT: ( Metal Short ) Special Wire of Net VDD & Pin of Cell WALLACE_CSA_DUMMY_OP_groupi_g3538__2398  ( Metal1 )
Bounds : ( 58.000, 15.330 ) ( 62.000, 15.450 )


SHORT: ( Metal Short ) Special Wire of Net VSS & Pin of Cell WALLACE_CSA_DUMMY_OP_groupi_g3675__9945  ( Metal1 )
Bounds : ( 57.600, 20.460 ) ( 58.400, 20.580 )


SHORT: ( Metal Short ) Special Wire of Net VDD & Pin of Cell WALLACE_CSA_DUMMY_OP_groupi_g3675__9945  ( Metal1 )
Bounds : ( 57.600, 18.750 ) ( 58.400, 18.870 )


SHORT: ( Metal Short ) Special Wire of Net VSS & Pin of Cell WALLACE_CSA_DUMMY_OP_groupi58_g3459  ( Metal1 )
Bounds : ( 51.000, 13.620 ) ( 51.400, 13.740 )


SHORT: ( Metal Short ) Special Wire of Net VSS & Pin of Cell WALLACE_CSA_DUMMY_OP_groupi58_g3798__1705  ( Metal1 )
Bounds : ( 51.800, 13.620 ) ( 53.400, 13.740 )


SHORT: ( Metal Short ) Special Wire of Net VDD & Pin of Cell WALLACE_CSA_DUMMY_OP_groupi58_g3478__6161  ( Metal1 )
Bounds : ( 51.800, 22.170 ) ( 56.200, 22.290 )


SHORT: ( Metal Short ) Special Wire of Net VSS & Pin of Cell WALLACE_CSA_DUMMY_OP_groupi58_g3478__6161  ( Metal1 )
Bounds : ( 51.800, 23.880 ) ( 56.200, 24.000 )


SHORT: ( Metal Short ) Special Wire of Net VDD & Pin of Cell WALLACE_CSA_DUMMY_OP_groupi58_g3475__5115  ( Metal1 )
Bounds : ( 53.000, 18.750 ) ( 55.800, 18.870 )


SHORT: ( Metal Short ) Special Wire of Net VSS & Pin of Cell WALLACE_CSA_DUMMY_OP_groupi58_g3475__5115  ( Metal1 )
Bounds : ( 53.000, 20.460 ) ( 55.800, 20.580 )


SHORT: ( Metal Short ) Special Wire of Net VDD & Pin of Cell WALLACE_CSA_DUMMY_OP_groupi_g3510__5107  ( Metal1 )
Bounds : ( 53.800, 15.330 ) ( 57.800, 15.450 )


SHORT: ( Metal Short ) Special Wire of Net VSS & Pin of Cell WALLACE_CSA_DUMMY_OP_groupi_g3510__5107  ( Metal1 )
Bounds : ( 53.800, 17.040 ) ( 57.800, 17.160 )


SHORT: ( Metal Short ) Special Wire of Net VSS & Pin of Cell WALLACE_CSA_DUMMY_OP_groupi_g3713__5107  ( Metal1 )
Bounds : ( 54.000, 13.620 ) ( 54.800, 13.740 )


SHORT: ( Metal Short ) Special Wire of Net VSS & Pin of Cell WALLACE_CSA_DUMMY_OP_groupi_g3682__2398  ( Metal1 )
Bounds : ( 55.600, 13.620 ) ( 56.400, 13.740 )


SHORT: ( Metal Short ) Special Wire of Net VDD & Pin of Cell WALLACE_CSA_DUMMY_OP_groupi_g3628__2802  ( Metal1 )
Bounds : ( 56.200, 18.750 ) ( 57.000, 18.870 )


SHORT: ( Metal Short ) Special Wire of Net VSS & Pin of Cell WALLACE_CSA_DUMMY_OP_groupi_g3628__2802  ( Metal1 )
Bounds : ( 56.200, 20.460 ) ( 57.000, 20.580 )


SHORT: ( Metal Short ) Special Wire of Net VSS & Pin of Cell WALLACE_CSA_DUMMY_OP_groupi_g3728__5115  ( Metal1 )
Bounds : ( 57.400, 13.620 ) ( 58.200, 13.740 )


SHORT: ( Metal Short ) Special Wire of Net VSS & Pin of Cell WALLACE_CSA_DUMMY_OP_groupi_g3532__2883  ( Metal1 )
Bounds : ( 57.000, 23.880 ) ( 75.000, 24.000 )


SHORT: ( Metal Short ) Special Wire of Net VDD & Pin of Cell WALLACE_CSA_DUMMY_OP_groupi_g3646__6417  ( Metal1 )
Bounds : ( 57.000, 22.170 ) ( 75.000, 22.290 )


SHORT: ( Metal Short ) Special Wire of Net VSS & Pin of Cell WALLACE_CSA_DUMMY_OP_groupi_g3414__9315  ( Metal1 )
Bounds : ( 60.600, 13.620 ) ( 64.600, 13.740 )


SHORT: ( Metal Short ) Special Wire of Net VDD & Pin of Cell WALLACE_CSA_DUMMY_OP_groupi_g3726__6131  ( Metal1 )
Bounds : ( 62.800, 15.330 ) ( 63.600, 15.450 )


SHORT: ( Metal Short ) Special Wire of Net VSS & Pin of Cell WALLACE_CSA_DUMMY_OP_groupi_g3726__6131  ( Metal1 )
Bounds : ( 62.800, 17.040 ) ( 63.600, 17.160 )


SHORT: ( Metal Short ) Special Wire of Net VDD & Pin of Cell WALLACE_CSA_DUMMY_OP_groupi_g3705__2883  ( Metal1 )
Bounds : ( 62.800, 18.750 ) ( 63.600, 18.870 )


SHORT: ( Metal Short ) Special Wire of Net VSS & Pin of Cell WALLACE_CSA_DUMMY_OP_groupi_g3705__2883  ( Metal1 )
Bounds : ( 62.800, 20.460 ) ( 63.600, 20.580 )


SHORT: ( Metal Short ) Special Wire of Net VSS & Pin of Cell WALLACE_CSA_DUMMY_OP_groupi_g3392__8428  ( Metal1 )
Bounds : ( 73.400, 10.200 ) ( 74.400, 10.320 )


SHORT: ( Metal Short ) Special Wire of Net VDD & Pin of Cell WALLACE_CSA_DUMMY_OP_groupi_g3392__8428  ( Metal1 )
Bounds : ( 73.400, 8.490 ) ( 74.400, 8.610 )


SHORT: ( Metal Short ) Special Wire of Net VSS & Pin of Cell WALLACE_CSA_DUMMY_OP_groupi_g3385__6417  ( Metal1 )
Bounds : ( 70.800, 10.200 ) ( 72.000, 10.320 )


SHORT: ( Metal Short ) Special Wire of Net VDD & Pin of Cell WALLACE_CSA_DUMMY_OP_groupi_g3385__6417  ( Metal1 )
Bounds : ( 70.800, 8.490 ) ( 72.000, 8.610 )


SHORT: ( Metal Short ) Special Wire of Net VDD & Pin of Cell WALLACE_CSA_DUMMY_OP_groupi_g3384__7410  ( Metal1 )
Bounds : ( 69.800, 11.910 ) ( 73.000, 12.030 )


SHORT: ( Metal Short ) Special Wire of Net VDD & Pin of Cell WALLACE_CSA_DUMMY_OP_groupi_g3365__2802  ( Metal1 )
Bounds : ( 68.200, 11.910 ) ( 69.400, 12.030 )


SHORT: ( Metal Short ) Special Wire of Net VDD & Pin of Cell WALLACE_CSA_DUMMY_OP_groupi_g3359__8428  ( Metal1 )
Bounds : ( 64.800, 11.910 ) ( 67.800, 12.030 )


SHORT: ( Metal Short ) Special Wire of Net VSS & Pin of Cell WALLACE_CSA_DUMMY_OP_groupi_g3347__9945  ( Metal1 )
Bounds : ( 64.600, 10.200 ) ( 68.600, 10.320 )


SHORT: ( Metal Short ) Special Wire of Net VDD & Pin of Cell WALLACE_CSA_DUMMY_OP_groupi_g3347__9945  ( Metal1 )
Bounds : ( 64.600, 8.490 ) ( 68.600, 8.610 )


SHORT: ( Metal Short ) Special Wire of Net VSS & Pin of Cell WALLACE_CSA_DUMMY_OP_groupi_g3655__6783  ( Metal1 )
Bounds : ( 62.200, 10.200 ) ( 63.000, 10.320 )


SHORT: ( Metal Short ) Special Wire of Net VDD & Pin of Cell WALLACE_CSA_DUMMY_OP_groupi_g3655__6783  ( Metal1 )
Bounds : ( 62.200, 8.490 ) ( 63.000, 8.610 )


SHORT: ( Metal Short ) Special Wire of Net VDD & Pin of Cell WALLACE_CSA_DUMMY_OP_groupi_g3684__6260  ( Metal1 )
Bounds : ( 59.000, 11.910 ) ( 59.800, 12.030 )


SHORT: ( Metal Short ) Special Wire of Net VSS & Pin of Cell WALLACE_CSA_DUMMY_OP_groupi_g3368__8246  ( Metal1 )
Bounds : ( 57.600, 6.780 ) ( 61.600, 6.900 )


SHORT: ( Metal Short ) Special Wire of Net VDD & Pin of Cell WALLACE_CSA_DUMMY_OP_groupi_g3368__8246  ( Metal1 )
Bounds : ( 57.600, 5.070 ) ( 61.600, 5.190 )


SHORT: ( Metal Short ) Special Wire of Net VDD & Pin of Cell WALLACE_CSA_DUMMY_OP_groupi58_g3459  ( Metal1 )
Bounds : ( 51.000, 11.910 ) ( 51.400, 12.030 )


SHORT: ( Metal Short ) Special Wire of Net VDD & Pin of Cell WALLACE_CSA_DUMMY_OP_groupi58_g3390__1617  ( Metal1 )
Bounds : ( 51.400, 5.070 ) ( 52.000, 5.190 )


SHORT: ( Metal Short ) Special Wire of Net VSS & Pin of Cell WALLACE_CSA_DUMMY_OP_groupi58_g3390__1617  ( Metal1 )
Bounds : ( 51.400, 6.780 ) ( 52.000, 6.900 )


SHORT: ( Metal Short ) Special Wire of Net VDD & Pin of Cell WALLACE_CSA_DUMMY_OP_groupi58_g3798__1705  ( Metal1 )
Bounds : ( 51.800, 11.910 ) ( 53.400, 12.030 )


SHORT: ( Metal Short ) Special Wire of Net VDD & Pin of Cell WALLACE_CSA_DUMMY_OP_groupi_g3470__5526  ( Metal1 )
Bounds : ( 53.000, 5.070 ) ( 57.000, 5.190 )


SHORT: ( Metal Short ) Special Wire of Net VSS & Pin of Cell WALLACE_CSA_DUMMY_OP_groupi_g3470__5526  ( Metal1 )
Bounds : ( 53.000, 6.780 ) ( 57.000, 6.900 )


SHORT: ( Metal Short ) Special Wire of Net VDD & Pin of Cell WALLACE_CSA_DUMMY_OP_groupi_g3636__5115  ( Metal1 )
Bounds : ( 53.400, 8.490 ) ( 54.200, 8.610 )


SHORT: ( Metal Short ) Special Wire of Net VSS & Pin of Cell WALLACE_CSA_DUMMY_OP_groupi_g3636__5115  ( Metal1 )
Bounds : ( 53.400, 10.200 ) ( 54.200, 10.320 )


SHORT: ( Metal Short ) Special Wire of Net VDD & Pin of Cell WALLACE_CSA_DUMMY_OP_groupi_g3713__5107  ( Metal1 )
Bounds : ( 54.000, 11.910 ) ( 54.800, 12.030 )


SHORT: ( Metal Short ) Special Wire of Net VDD & Pin of Cell WALLACE_CSA_DUMMY_OP_groupi_g3696__7098  ( Metal1 )
Bounds : ( 55.400, 8.490 ) ( 56.200, 8.610 )


SHORT: ( Metal Short ) Special Wire of Net VSS & Pin of Cell WALLACE_CSA_DUMMY_OP_groupi_g3696__7098  ( Metal1 )
Bounds : ( 55.400, 10.200 ) ( 56.200, 10.320 )


SHORT: ( Metal Short ) Special Wire of Net VDD & Pin of Cell WALLACE_CSA_DUMMY_OP_groupi_g3682__2398  ( Metal1 )
Bounds : ( 55.600, 11.910 ) ( 56.400, 12.030 )


SHORT: ( Metal Short ) Special Wire of Net VDD & Pin of Cell WALLACE_CSA_DUMMY_OP_groupi_g3431__6260  ( Metal1 )
Bounds : ( 57.200, 8.490 ) ( 61.200, 8.610 )


SHORT: ( Metal Short ) Special Wire of Net VSS & Pin of Cell WALLACE_CSA_DUMMY_OP_groupi_g3431__6260  ( Metal1 )
Bounds : ( 57.200, 10.200 ) ( 61.200, 10.320 )


SHORT: ( Metal Short ) Special Wire of Net VDD & Pin of Cell WALLACE_CSA_DUMMY_OP_groupi_g3728__5115  ( Metal1 )
Bounds : ( 57.400, 11.910 ) ( 58.200, 12.030 )


SHORT: ( Metal Short ) Special Wire of Net VDD & Pin of Cell WALLACE_CSA_DUMMY_OP_groupi_g3414__9315  ( Metal1 )
Bounds : ( 60.600, 11.910 ) ( 64.600, 12.030 )


SHORT: ( Metal Short ) Special Wire of Net VDD & Pin of Cell WALLACE_CSA_DUMMY_OP_groupi_g3383__1666  ( Metal1 )
Bounds : ( 75.800, 11.910 ) ( 77.200, 12.030 )


SHORT: ( Metal Short ) Special Wire of Net VSS & Pin of Cell WALLACE_CSA_DUMMY_OP_groupi_g3383__1666  ( Metal1 )
Bounds : ( 75.800, 13.620 ) ( 77.200, 13.740 )


SHORT: ( Metal Short ) Special Wire of Net VDD & Pin of Cell WALLACE_CSA_DUMMY_OP_groupi_g3599__1617  ( Metal1 )
Bounds : ( 75.800, 22.170 ) ( 76.400, 22.290 )


SHORT: ( Metal Short ) Special Wire of Net VSS & Pin of Cell WALLACE_CSA_DUMMY_OP_groupi_g3599__1617  ( Metal1 )
Bounds : ( 75.800, 23.880 ) ( 76.400, 24.000 )


SHORT: ( Metal Short ) Special Wire of Net VDD & Pin of Cell WALLACE_CSA_DUMMY_OP_groupi_g3349__2346  ( Metal1 )
Bounds : ( 76.000, 8.490 ) ( 77.000, 8.610 )


SHORT: ( Metal Short ) Special Wire of Net VSS & Pin of Cell WALLACE_CSA_DUMMY_OP_groupi_g3349__2346  ( Metal1 )
Bounds : ( 76.000, 10.200 ) ( 77.000, 10.320 )


SHORT: ( Metal Short ) Special Wire of Net VDD & Pin of Cell WALLACE_CSA_DUMMY_OP_groupi58_g3608__2346  ( Metal1 )
Bounds : ( 51.000, 25.590 ) ( 51.600, 25.710 )


SHORT: ( Metal Short ) Special Wire of Net VDD & Pin of Cell WALLACE_CSA_DUMMY_OP_groupi58_g3568__5477  ( Metal1 )
Bounds : ( 51.800, 25.590 ) ( 53.400, 25.710 )


SHORT: ( Metal Short ) Special Wire of Net VDD & Pin of Cell WALLACE_CSA_DUMMY_OP_groupi58_g3808__9315  ( Metal1 )
Bounds : ( 53.600, 25.590 ) ( 54.400, 25.710 )


SHORT: ( Metal Short ) Special Wire of Net VDD & Pin of Cell WALLACE_CSA_DUMMY_OP_groupi58_g3496__8428  ( Metal1 )
Bounds : ( 54.800, 25.590 ) ( 55.800, 25.710 )


SHORT: ( Metal Short ) Special Wire of Net VDD & Pin of Cell WALLACE_CSA_DUMMY_OP_groupi58_g3804__5115  ( Metal1 )
Bounds : ( 56.400, 25.590 ) ( 57.200, 25.710 )


SHORT: ( Metal Short ) Special Wire of Net VDD & Pin of Cell WALLACE_CSA_DUMMY_OP_groupi_g3512__4319  ( Metal1 )
Bounds : ( 57.800, 25.590 ) ( 65.800, 25.710 )


SHORT: ( Metal Short ) Special Wire of Net VDD & Pin of Cell WALLACE_CSA_DUMMY_OP_groupi_g3548__1617  ( Metal1 )
Bounds : ( 70.200, 25.590 ) ( 70.800, 25.710 )


SHORT: ( Metal Short ) Special Wire of Net VDD & Pin of Cell WALLACE_CSA_DUMMY_OP_groupi_g3489__2883  ( Metal1 )
Bounds : ( 74.000, 25.590 ) ( 74.600, 25.710 )


SHORT: ( Metal Short ) Special Wire of Net VDD & Pin of Cell WALLACE_CSA_DUMMY_OP_groupi_g3412__4733  ( Metal1 )
Bounds : ( 75.800, 25.590 ) ( 79.800, 25.710 )


SHORT: ( Metal Short ) Special Wire of Net VDD & Pin of Cell WALLACE_CSA_DUMMY_OP_groupi_g3367__5122  ( Metal1 )
Bounds : ( 80.200, 25.590 ) ( 84.200, 25.710 )


SHORT: ( Metal Short ) Special Wire of Net VDD & Pin of Cell WALLACE_CSA_DUMMY_OP_groupi_g3496__6417  ( Metal1 )
Bounds : ( 87.800, 25.590 ) ( 88.800, 25.710 )


SHORT: ( Metal Short ) Special Wire of Net VDD & Pin of Cell WALLACE_CSA_DUMMY_OP_groupi58_g3676__2398  ( Metal1 )
Bounds : ( 39.600, 42.690 ) ( 40.200, 42.810 )


SHORT: ( Metal Short ) Special Wire of Net VSS & Pin of Cell WALLACE_CSA_DUMMY_OP_groupi59_g3599__5122  ( Metal1 )
Bounds : ( 39.200, 47.820 ) ( 39.800, 47.940 )


SHORT: ( Metal Short ) Special Wire of Net VDD & Pin of Cell WALLACE_CSA_DUMMY_OP_groupi59_g3599__5122  ( Metal1 )
Bounds : ( 39.200, 46.110 ) ( 39.800, 46.230 )


SHORT: ( Metal Short ) Special Wire of Net VSS & Pin of Cell WALLACE_CSA_DUMMY_OP_groupi58_g3676__2398  ( Metal1 )
Bounds : ( 39.600, 44.400 ) ( 40.200, 44.520 )


SHORT: ( Metal Short ) Special Wire of Net VDD & Pin of Cell WALLACE_CSA_DUMMY_OP_groupi58_g3615__6260  ( Metal1 )
Bounds : ( 41.200, 42.690 ) ( 41.800, 42.810 )


SHORT: ( Metal Short ) Special Wire of Net VSS & Pin of Cell WALLACE_CSA_DUMMY_OP_groupi58_g3615__6260  ( Metal1 )
Bounds : ( 41.200, 44.400 ) ( 41.800, 44.520 )


SHORT: ( Metal Short ) Special Wire of Net VDD & Pin of Cell WALLACE_CSA_DUMMY_OP_groupi58_g3813__7410  ( Metal1 )
Bounds : ( 41.200, 46.110 ) ( 42.000, 46.230 )


SHORT: ( Metal Short ) Special Wire of Net VSS & Pin of Cell WALLACE_CSA_DUMMY_OP_groupi58_g3813__7410  ( Metal1 )
Bounds : ( 41.200, 47.820 ) ( 42.000, 47.940 )


SHORT: ( Metal Short ) Special Wire of Net VDD & Pin of Cell WALLACE_CSA_DUMMY_OP_groupi58_g3815__5477  ( Metal1 )
Bounds : ( 42.400, 42.690 ) ( 43.400, 42.810 )


SHORT: ( Metal Short ) Special Wire of Net VSS & Pin of Cell WALLACE_CSA_DUMMY_OP_groupi58_g3815__5477  ( Metal1 )
Bounds : ( 42.400, 44.400 ) ( 43.400, 44.520 )


SHORT: ( Metal Short ) Special Wire of Net VDD & Pin of Cell WALLACE_CSA_DUMMY_OP_groupi58_g3678__6260  ( Metal1 )
Bounds : ( 43.400, 39.270 ) ( 44.000, 39.390 )


SHORT: ( Metal Short ) Special Wire of Net VSS & Pin of Cell WALLACE_CSA_DUMMY_OP_groupi58_g3678__6260  ( Metal1 )
Bounds : ( 43.400, 40.980 ) ( 44.000, 41.100 )


SHORT: ( Metal Short ) Special Wire of Net VDD & Pin of Cell WALLACE_CSA_DUMMY_OP_groupi58_g3609__1666  ( Metal1 )
Bounds : ( 44.600, 39.270 ) ( 45.200, 39.390 )


SHORT: ( Metal Short ) Special Wire of Net VSS & Pin of Cell WALLACE_CSA_DUMMY_OP_groupi58_g3609__1666  ( Metal1 )
Bounds : ( 44.600, 40.980 ) ( 45.200, 41.100 )


SHORT: ( Metal Short ) Special Wire of Net VDD & Pin of Cell WALLACE_CSA_DUMMY_OP_groupi58_g3661__4733  ( Metal1 )
Bounds : ( 47.200, 39.270 ) ( 47.800, 39.390 )


SHORT: ( Metal Short ) Special Wire of Net VSS & Pin of Cell WALLACE_CSA_DUMMY_OP_groupi58_g3661__4733  ( Metal1 )
Bounds : ( 47.200, 40.980 ) ( 47.800, 41.100 )


SHORT: ( Metal Short ) Special Wire of Net VDD & Pin of Cell WALLACE_CSA_DUMMY_OP_groupi58_g3602__7482  ( Metal1 )
Bounds : ( 47.600, 46.110 ) ( 48.200, 46.230 )


SHORT: ( Metal Short ) Special Wire of Net VSS & Pin of Cell WALLACE_CSA_DUMMY_OP_groupi58_g3602__7482  ( Metal1 )
Bounds : ( 47.600, 47.820 ) ( 48.200, 47.940 )


SHORT: ( Metal Short ) Special Wire of Net VDD & Pin of Cell WALLACE_CSA_DUMMY_OP_groupi58_g3577__6783  ( Metal1 )
Bounds : ( 49.600, 46.110 ) ( 50.200, 46.230 )


SHORT: ( Metal Short ) Special Wire of Net VSS & Pin of Cell WALLACE_CSA_DUMMY_OP_groupi58_g3577__6783  ( Metal1 )
Bounds : ( 49.600, 47.820 ) ( 50.200, 47.940 )


SHORT: ( Metal Short ) Special Wire of Net VDD & Pin of Cell WALLACE_CSA_DUMMY_OP_groupi59_g3445__5115  ( Metal1 )
Bounds : ( 35.000, 49.530 ) ( 35.600, 49.650 )


SHORT: ( Metal Short ) Special Wire of Net VSS & Pin of Cell WALLACE_CSA_DUMMY_OP_groupi58_g3642__2398  ( Metal1 )
Bounds : ( 33.800, 44.400 ) ( 34.400, 44.520 )


SHORT: ( Metal Short ) Special Wire of Net VDD & Pin of Cell WALLACE_CSA_DUMMY_OP_groupi58_g3642__2398  ( Metal1 )
Bounds : ( 33.800, 42.690 ) ( 34.400, 42.810 )


SHORT: ( Metal Short ) Special Wire of Net VSS & Pin of Cell WALLACE_CSA_DUMMY_OP_groupi58_g3662__6161  ( Metal1 )
Bounds : ( 33.400, 47.820 ) ( 34.200, 47.940 )


SHORT: ( Metal Short ) Special Wire of Net VDD & Pin of Cell WALLACE_CSA_DUMMY_OP_groupi58_g3662__6161  ( Metal1 )
Bounds : ( 33.400, 46.110 ) ( 34.200, 46.230 )


SHORT: ( Metal Short ) Special Wire of Net VSS & Pin of Cell WALLACE_CSA_DUMMY_OP_groupi59_g3360__1617  ( Metal1 )
Bounds : ( 25.800, 47.820 ) ( 26.600, 47.940 )


SHORT: ( Metal Short ) Special Wire of Net VDD & Pin of Cell WALLACE_CSA_DUMMY_OP_groupi59_g3360__1617  ( Metal1 )
Bounds : ( 25.800, 46.110 ) ( 26.600, 46.230 )


SHORT: ( Metal Short ) Special Wire of Net VSS & Pin of Cell WALLACE_CSA_DUMMY_OP_groupi58_g3688__8246  ( Metal1 )
Bounds : ( 25.800, 40.980 ) ( 26.400, 41.100 )


SHORT: ( Metal Short ) Special Wire of Net VDD & Pin of Cell WALLACE_CSA_DUMMY_OP_groupi58_g3688__8246  ( Metal1 )
Bounds : ( 25.800, 39.270 ) ( 26.400, 39.390 )


SHORT: ( Metal Short ) Special Wire of Net VDD & Pin of Cell WALLACE_CSA_DUMMY_OP_groupi58_g3552__7482  ( Metal1 )
Bounds : ( 27.400, 39.270 ) ( 28.000, 39.390 )


SHORT: ( Metal Short ) Special Wire of Net VSS & Pin of Cell WALLACE_CSA_DUMMY_OP_groupi58_g3552__7482  ( Metal1 )
Bounds : ( 27.400, 40.980 ) ( 28.000, 41.100 )


SHORT: ( Metal Short ) Special Wire of Net VDD & Pin of Cell WALLACE_CSA_DUMMY_OP_groupi58_g3812__1666  ( Metal1 )
Bounds : ( 28.600, 39.270 ) ( 30.000, 39.390 )


SHORT: ( Metal Short ) Special Wire of Net VSS & Pin of Cell WALLACE_CSA_DUMMY_OP_groupi58_g3812__1666  ( Metal1 )
Bounds : ( 28.600, 40.980 ) ( 30.000, 41.100 )


SHORT: ( Metal Short ) Special Wire of Net VDD & Pin of Cell WALLACE_CSA_DUMMY_OP_groupi59_g3376__2883  ( Metal1 )
Bounds : ( 29.000, 46.110 ) ( 29.800, 46.230 )


SHORT: ( Metal Short ) Special Wire of Net VSS & Pin of Cell WALLACE_CSA_DUMMY_OP_groupi59_g3376__2883  ( Metal1 )
Bounds : ( 29.000, 47.820 ) ( 29.800, 47.940 )


SHORT: ( Metal Short ) Special Wire of Net VDD & Pin of Cell WALLACE_CSA_DUMMY_OP_groupi59_g3401__7098  ( Metal1 )
Bounds : ( 29.400, 49.530 ) ( 30.800, 49.650 )


SHORT: ( Metal Short ) Special Wire of Net VDD & Pin of Cell WALLACE_CSA_DUMMY_OP_groupi58_g3630__7482  ( Metal1 )
Bounds : ( 30.600, 39.270 ) ( 36.000, 39.390 )


SHORT: ( Metal Short ) Special Wire of Net VSS & Pin of Cell WALLACE_CSA_DUMMY_OP_groupi58_g3535__4319  ( Metal1 )
Bounds : ( 30.600, 40.980 ) ( 36.000, 41.100 )


SHORT: ( Metal Short ) Special Wire of Net VDD & Pin of Cell WALLACE_CSA_DUMMY_OP_groupi59_g3415__1666  ( Metal1 )
Bounds : ( 31.000, 49.530 ) ( 32.400, 49.650 )


SHORT: ( Metal Short ) Special Wire of Net VDD & Pin of Cell WALLACE_CSA_DUMMY_OP_groupi59_g3425  ( Metal1 )
Bounds : ( 32.600, 49.530 ) ( 33.000, 49.650 )


SHORT: ( Metal Short ) Special Wire of Net VDD & Pin of Cell WALLACE_CSA_DUMMY_OP_groupi58_g3524__9945  ( Metal1 )
Bounds : ( 35.200, 42.690 ) ( 39.200, 42.810 )


SHORT: ( Metal Short ) Special Wire of Net VSS & Pin of Cell WALLACE_CSA_DUMMY_OP_groupi58_g3524__9945  ( Metal1 )
Bounds : ( 35.200, 44.400 ) ( 39.200, 44.520 )


SHORT: ( Metal Short ) Special Wire of Net VDD & Pin of Cell WALLACE_CSA_DUMMY_OP_groupi58_g3469__1705  ( Metal1 )
Bounds : ( 36.200, 39.270 ) ( 42.000, 39.390 )


SHORT: ( Metal Short ) Special Wire of Net VSS & Pin of Cell WALLACE_CSA_DUMMY_OP_groupi58_g3436__1705  ( Metal1 )
Bounds : ( 36.200, 40.980 ) ( 42.000, 41.100 )


SHORT: ( Metal Short ) Special Wire of Net VDD & Pin of Cell WALLACE_CSA_DUMMY_OP_groupi59_g3444__1881  ( Metal1 )
Bounds : ( 36.200, 49.530 ) ( 38.400, 49.650 )


SHORT: ( Metal Short ) Special Wire of Net VDD & Pin of Cell WALLACE_CSA_DUMMY_OP_groupi58_g3716__4733  ( Metal1 )
Bounds : ( 37.400, 46.110 ) ( 38.200, 46.230 )


SHORT: ( Metal Short ) Special Wire of Net VSS & Pin of Cell WALLACE_CSA_DUMMY_OP_groupi58_g3716__4733  ( Metal1 )
Bounds : ( 37.400, 47.820 ) ( 38.200, 47.940 )


SHORT: ( Metal Short ) Special Wire of Net VSS & Pin of Cell WALLACE_CSA_DUMMY_OP_groupi58_g3604__6161  ( Metal1 )
Bounds : ( 38.600, 37.560 ) ( 40.800, 37.680 )


SHORT: ( Metal Short ) Special Wire of Net VDD & Pin of Cell WALLACE_CSA_DUMMY_OP_groupi58_g3807__6161  ( Metal1 )
Bounds : ( 38.600, 35.850 ) ( 40.800, 35.970 )


SHORT: ( Metal Short ) Special Wire of Net VSS & Pin of Cell WALLACE_CSA_DUMMY_OP_groupi58_g3647__5526  ( Metal1 )
Bounds : ( 37.800, 34.140 ) ( 38.600, 34.260 )


SHORT: ( Metal Short ) Special Wire of Net VDD & Pin of Cell WALLACE_CSA_DUMMY_OP_groupi58_g3647__5526  ( Metal1 )
Bounds : ( 37.800, 32.430 ) ( 38.600, 32.550 )


SHORT: ( Metal Short ) Special Wire of Net VDD & Pin of Cell WALLACE_CSA_DUMMY_OP_groupi58_g3718__9315  ( Metal1 )
Bounds : ( 39.000, 32.430 ) ( 39.800, 32.550 )


SHORT: ( Metal Short ) Special Wire of Net VSS & Pin of Cell WALLACE_CSA_DUMMY_OP_groupi58_g3718__9315  ( Metal1 )
Bounds : ( 39.000, 34.140 ) ( 39.800, 34.260 )


SHORT: ( Metal Short ) Special Wire of Net VDD & Pin of Cell WALLACE_CSA_DUMMY_OP_groupi58_g3693__5115  ( Metal1 )
Bounds : ( 39.400, 29.010 ) ( 43.200, 29.130 )


SHORT: ( Metal Short ) Special Wire of Net VSS & Pin of Cell WALLACE_CSA_DUMMY_OP_groupi58_g3520__7482  ( Metal1 )
Bounds : ( 39.400, 30.720 ) ( 43.200, 30.840 )


SHORT: ( Metal Short ) Special Wire of Net VDD & Pin of Cell WALLACE_CSA_DUMMY_OP_groupi58_g3619__6783  ( Metal1 )
Bounds : ( 41.800, 35.850 ) ( 42.400, 35.970 )


SHORT: ( Metal Short ) Special Wire of Net VSS & Pin of Cell WALLACE_CSA_DUMMY_OP_groupi58_g3619__6783  ( Metal1 )
Bounds : ( 41.800, 37.560 ) ( 42.400, 37.680 )


SHORT: ( Metal Short ) Special Wire of Net VDD & Pin of Cell WALLACE_CSA_DUMMY_OP_groupi58_g3563__2883  ( Metal1 )
Bounds : ( 42.800, 35.850 ) ( 45.600, 35.970 )


SHORT: ( Metal Short ) Special Wire of Net VSS & Pin of Cell WALLACE_CSA_DUMMY_OP_groupi58_g3563__2883  ( Metal1 )
Bounds : ( 42.800, 37.560 ) ( 45.600, 37.680 )


SHORT: ( Metal Short ) Special Wire of Net VSS & Pin of Cell WALLACE_CSA_DUMMY_OP_groupi58_g3668__9945  ( Metal1 )
Bounds : ( 44.200, 27.300 ) ( 44.800, 27.420 )


SHORT: ( Metal Short ) Special Wire of Net VDD & Pin of Cell WALLACE_CSA_DUMMY_OP_groupi58_g3818__6260  ( Metal1 )
Bounds : ( 44.600, 29.010 ) ( 45.600, 29.130 )


SHORT: ( Metal Short ) Special Wire of Net VSS & Pin of Cell WALLACE_CSA_DUMMY_OP_groupi58_g3818__6260  ( Metal1 )
Bounds : ( 44.600, 30.720 ) ( 45.600, 30.840 )


SHORT: ( Metal Short ) Special Wire of Net VSS & Pin of Cell WALLACE_CSA_DUMMY_OP_groupi58_g3601__5115  ( Metal1 )
Bounds : ( 45.600, 27.300 ) ( 46.200, 27.420 )


SHORT: ( Metal Short ) Special Wire of Net VDD & Pin of Cell WALLACE_CSA_DUMMY_OP_groupi58_g3623__1705  ( Metal1 )
Bounds : ( 46.200, 29.010 ) ( 46.800, 29.130 )


SHORT: ( Metal Short ) Special Wire of Net VSS & Pin of Cell WALLACE_CSA_DUMMY_OP_groupi58_g3623__1705  ( Metal1 )
Bounds : ( 46.200, 30.720 ) ( 46.800, 30.840 )


SHORT: ( Metal Short ) Special Wire of Net VDD & Pin of Cell WALLACE_CSA_DUMMY_OP_groupi58_g3671__1666  ( Metal1 )
Bounds : ( 46.200, 35.850 ) ( 46.800, 35.970 )


SHORT: ( Metal Short ) Special Wire of Net VSS & Pin of Cell WALLACE_CSA_DUMMY_OP_groupi58_g3671__1666  ( Metal1 )
Bounds : ( 46.200, 37.560 ) ( 46.800, 37.680 )


SHORT: ( Metal Short ) Special Wire of Net VSS & Pin of Cell WALLACE_CSA_DUMMY_OP_groupi58_g3599__6131  ( Metal1 )
Bounds : ( 47.000, 27.300 ) ( 47.600, 27.420 )


SHORT: ( Metal Short ) Special Wire of Net VDD & Pin of Cell WALLACE_CSA_DUMMY_OP_groupi58_g3704__3680  ( Metal1 )
Bounds : ( 47.600, 29.010 ) ( 48.200, 29.130 )


SHORT: ( Metal Short ) Special Wire of Net VSS & Pin of Cell WALLACE_CSA_DUMMY_OP_groupi58_g3704__3680  ( Metal1 )
Bounds : ( 47.600, 30.720 ) ( 48.200, 30.840 )


SHORT: ( Metal Short ) Special Wire of Net VSS & Pin of Cell WALLACE_CSA_DUMMY_OP_groupi58_g3600__1881  ( Metal1 )
Bounds : ( 48.200, 27.300 ) ( 49.000, 27.420 )


SHORT: ( Metal Short ) Special Wire of Net VSS & Pin of Cell WALLACE_CSA_DUMMY_OP_groupi58_g3625__8246  ( Metal1 )
Bounds : ( 49.600, 27.300 ) ( 50.200, 27.420 )


SHORT: ( Metal Short ) Special Wire of Net VSS & Pin of Cell WALLACE_CSA_DUMMY_OP_groupi58_g3670__2346  ( Metal1 )
Bounds : ( 36.400, 37.560 ) ( 37.000, 37.680 )


SHORT: ( Metal Short ) Special Wire of Net VDD & Pin of Cell WALLACE_CSA_DUMMY_OP_groupi58_g3670__2346  ( Metal1 )
Bounds : ( 36.400, 35.850 ) ( 37.000, 35.970 )


SHORT: ( Metal Short ) Special Wire of Net VSS & Pin of Cell WALLACE_CSA_DUMMY_OP_groupi58_g3450__2346  ( Metal1 )
Bounds : ( 36.000, 34.140 ) ( 37.600, 34.260 )


SHORT: ( Metal Short ) Special Wire of Net VDD & Pin of Cell WALLACE_CSA_DUMMY_OP_groupi58_g3450__2346  ( Metal1 )
Bounds : ( 36.000, 32.430 ) ( 37.600, 32.550 )


SHORT: ( Metal Short ) Special Wire of Net VSS & Pin of Cell WALLACE_CSA_DUMMY_OP_groupi58_g3801__7098  ( Metal1 )
Bounds : ( 35.000, 37.560 ) ( 35.800, 37.680 )


SHORT: ( Metal Short ) Special Wire of Net VDD & Pin of Cell WALLACE_CSA_DUMMY_OP_groupi58_g3801__7098  ( Metal1 )
Bounds : ( 35.000, 35.850 ) ( 35.800, 35.970 )


SHORT: ( Metal Short ) Special Wire of Net VSS & Pin of Cell WALLACE_CSA_DUMMY_OP_groupi58_g3669__2883  ( Metal1 )
Bounds : ( 33.800, 37.560 ) ( 34.400, 37.680 )


SHORT: ( Metal Short ) Special Wire of Net VDD & Pin of Cell WALLACE_CSA_DUMMY_OP_groupi58_g3669__2883  ( Metal1 )
Bounds : ( 33.800, 35.850 ) ( 34.400, 35.970 )


SHORT: ( Metal Short ) Special Wire of Net VSS & Pin of Cell WALLACE_CSA_DUMMY_OP_groupi58_g3489__2398  ( Metal1 )
Bounds : ( 33.200, 27.300 ) ( 33.800, 27.420 )


SHORT: ( Metal Short ) Special Wire of Net VSS & Pin of Cell WALLACE_CSA_DUMMY_OP_groupi58_g3694__7482  ( Metal1 )
Bounds : ( 33.000, 34.140 ) ( 33.800, 34.260 )


SHORT: ( Metal Short ) Special Wire of Net VSS & Pin of Cell WALLACE_CSA_DUMMY_OP_groupi58_g3697__2398  ( Metal1 )
Bounds : ( 25.600, 34.140 ) ( 26.400, 34.260 )


SHORT: ( Metal Short ) Special Wire of Net VDD & Pin of Cell WALLACE_CSA_DUMMY_OP_groupi58_g3697__2398  ( Metal1 )
Bounds : ( 25.600, 32.430 ) ( 26.400, 32.550 )


SHORT: ( Metal Short ) Special Wire of Net VDD & Pin of Cell WALLACE_CSA_DUMMY_OP_groupi58_g3707__1705  ( Metal1 )
Bounds : ( 27.200, 32.430 ) ( 28.000, 32.550 )


SHORT: ( Metal Short ) Special Wire of Net VSS & Pin of Cell WALLACE_CSA_DUMMY_OP_groupi58_g3707__1705  ( Metal1 )
Bounds : ( 27.200, 34.140 ) ( 28.000, 34.260 )


SHORT: ( Metal Short ) Special Wire of Net VDD & Pin of Cell WALLACE_CSA_DUMMY_OP_groupi58_g3516__7098  ( Metal1 )
Bounds : ( 28.400, 32.430 ) ( 32.400, 32.550 )


SHORT: ( Metal Short ) Special Wire of Net VSS & Pin of Cell WALLACE_CSA_DUMMY_OP_groupi58_g3516__7098  ( Metal1 )
Bounds : ( 28.400, 34.140 ) ( 32.400, 34.260 )


SHORT: ( Metal Short ) Special Wire of Net VDD & Pin of Cell WALLACE_CSA_DUMMY_OP_groupi58_g3549__1881  ( Metal1 )
Bounds : ( 28.600, 35.850 ) ( 29.200, 35.970 )


SHORT: ( Metal Short ) Special Wire of Net VSS & Pin of Cell WALLACE_CSA_DUMMY_OP_groupi58_g3549__1881  ( Metal1 )
Bounds : ( 28.600, 37.560 ) ( 29.200, 37.680 )


SHORT: ( Metal Short ) Special Wire of Net VDD & Pin of Cell WALLACE_CSA_DUMMY_OP_groupi58_g3548__6131  ( Metal1 )
Bounds : ( 30.000, 35.850 ) ( 30.600, 35.970 )


SHORT: ( Metal Short ) Special Wire of Net VSS & Pin of Cell WALLACE_CSA_DUMMY_OP_groupi58_g3548__6131  ( Metal1 )
Bounds : ( 30.000, 37.560 ) ( 30.600, 37.680 )


SHORT: ( Metal Short ) Special Wire of Net VDD & Pin of Cell WALLACE_CSA_DUMMY_OP_groupi58_g3556  ( Metal1 )
Bounds : ( 31.200, 35.850 ) ( 31.600, 35.970 )


SHORT: ( Metal Short ) Special Wire of Net VSS & Pin of Cell WALLACE_CSA_DUMMY_OP_groupi58_g3556  ( Metal1 )
Bounds : ( 31.200, 37.560 ) ( 31.600, 37.680 )


SHORT: ( Metal Short ) Special Wire of Net VDD & Pin of Cell WALLACE_CSA_DUMMY_OP_groupi58_g3694__7482  ( Metal1 )
Bounds : ( 33.000, 32.430 ) ( 33.800, 32.550 )


SHORT: ( Metal Short ) Special Wire of Net VSS & Pin of Cell WALLACE_CSA_DUMMY_OP_groupi58_g3440__6131  ( Metal1 )
Bounds : ( 26.200, 30.720 ) ( 38.400, 30.840 )


SHORT: ( Metal Short ) Special Wire of Net VDD & Pin of Cell WALLACE_CSA_DUMMY_OP_groupi58_g3680__8428  ( Metal1 )
Bounds : ( 26.200, 29.010 ) ( 38.400, 29.130 )


SHORT: ( Metal Short ) Special Wire of Net VSS & Pin of Cell WALLACE_CSA_DUMMY_OP_groupi58_g3367__7482  ( Metal1 )
Bounds : ( 34.200, 27.300 ) ( 39.800, 27.420 )


SHORT: ( Metal Short ) Special Wire of Net VSS & Pin of Cell WALLACE_CSA_DUMMY_OP_groupi58_g3624__5122  ( Metal1 )
Bounds : ( 20.400, 34.140 ) ( 21.200, 34.260 )


SHORT: ( Metal Short ) Special Wire of Net VDD & Pin of Cell WALLACE_CSA_DUMMY_OP_groupi58_g3624__5122  ( Metal1 )
Bounds : ( 20.400, 32.430 ) ( 21.200, 32.550 )


SHORT: ( Metal Short ) Special Wire of Net VSS & Pin of Cell WALLACE_CSA_DUMMY_OP_groupi58_g3651__1617  ( Metal1 )
Bounds : ( 19.800, 30.720 ) ( 20.600, 30.840 )


SHORT: ( Metal Short ) Special Wire of Net VDD & Pin of Cell WALLACE_CSA_DUMMY_OP_groupi58_g3651__1617  ( Metal1 )
Bounds : ( 19.800, 29.010 ) ( 20.600, 29.130 )


SHORT: ( Metal Short ) Special Wire of Net VSS & Pin of Cell operand_b_i_sr_reg_11  ( Metal1 )
Bounds : ( 16.600, 44.400 ) ( 24.800, 44.520 )


SHORT: ( Metal Short ) Special Wire of Net VDD & Pin of Cell operand_b_i_sr_reg_11  ( Metal1 )
Bounds : ( 16.600, 42.690 ) ( 24.800, 42.810 )


SHORT: ( Metal Short ) Special Wire of Net VDD & Pin of Cell operand_a_i_sr_reg_1  ( Metal1 )
Bounds : ( 16.400, 49.530 ) ( 22.200, 49.650 )


SHORT: ( Metal Short ) Special Wire of Net VSS & Pin of Cell operand_b_i_sr_reg_8  ( Metal1 )
Bounds : ( 15.200, 37.560 ) ( 23.400, 37.680 )


SHORT: ( Metal Short ) Special Wire of Net VDD & Pin of Cell operand_b_i_sr_reg_8  ( Metal1 )
Bounds : ( 15.200, 35.850 ) ( 23.400, 35.970 )


SHORT: ( Metal Short ) Special Wire of Net VSS & Pin of Cell operand_b_i_sr_reg_4  ( Metal1 )
Bounds : ( 13.600, 27.300 ) ( 23.000, 27.420 )


SHORT: ( Metal Short ) Special Wire of Net VSS & Pin of Cell operand_b_i_sr_reg_6  ( Metal1 )
Bounds : ( 4.800, 27.300 ) ( 12.200, 27.420 )


SHORT: ( Metal Short ) Special Wire of Net VDD & Pin of Cell operand_b_i_sr_reg_18  ( Metal1 )
Bounds : ( 5.200, 35.850 ) ( 13.400, 35.970 )


SHORT: ( Metal Short ) Special Wire of Net VSS & Pin of Cell operand_b_i_sr_reg_18  ( Metal1 )
Bounds : ( 5.200, 37.560 ) ( 13.400, 37.680 )


SHORT: ( Metal Short ) Special Wire of Net VDD & Pin of Cell operand_b_i_sr_reg_20  ( Metal1 )
Bounds : ( 5.400, 32.430 ) ( 13.600, 32.550 )


SHORT: ( Metal Short ) Special Wire of Net VSS & Pin of Cell operand_b_i_sr_reg_20  ( Metal1 )
Bounds : ( 5.400, 34.140 ) ( 13.600, 34.260 )


SHORT: ( Metal Short ) Special Wire of Net VDD & Pin of Cell operand_b_i_sr_reg_22  ( Metal1 )
Bounds : ( 5.400, 42.690 ) ( 14.000, 42.810 )


SHORT: ( Metal Short ) Special Wire of Net VSS & Pin of Cell operand_b_i_sr_reg_22  ( Metal1 )
Bounds : ( 5.400, 44.400 ) ( 14.000, 44.520 )


SHORT: ( Metal Short ) Special Wire of Net VDD & Pin of Cell operand_b_i_sr_reg_13  ( Metal1 )
Bounds : ( 5.400, 49.530 ) ( 14.000, 49.650 )


SHORT: ( Metal Short ) Special Wire of Net VDD & Pin of Cell WALLACE_CSA_DUMMY_OP_groupi58_g3474__1881  ( Metal1 )
Bounds : ( 21.800, 29.010 ) ( 25.800, 29.130 )


SHORT: ( Metal Short ) Special Wire of Net VSS & Pin of Cell WALLACE_CSA_DUMMY_OP_groupi58_g3474__1881  ( Metal1 )
Bounds : ( 21.800, 30.720 ) ( 25.800, 30.840 )


SHORT: ( Metal Short ) Special Wire of Net VDD & Pin of Cell WALLACE_CSA_DUMMY_OP_groupi58_g3560__6161  ( Metal1 )
Bounds : ( 22.200, 32.430 ) ( 25.000, 32.550 )


SHORT: ( Metal Short ) Special Wire of Net VSS & Pin of Cell WALLACE_CSA_DUMMY_OP_groupi58_g3560__6161  ( Metal1 )
Bounds : ( 22.200, 34.140 ) ( 25.000, 34.260 )


SHORT: ( Metal Short ) Special Wire of Net VSS & Pin of Cell WALLACE_CSA_DUMMY_OP_groupi58_g3479__9315  ( Metal1 )
Bounds : ( 23.600, 27.300 ) ( 27.600, 27.420 )


SHORT: ( Metal Short ) Special Wire of Net VSS & Pin of Cell WALLACE_CSA_DUMMY_OP_groupi58_g3570__2398  ( Metal1 )
Bounds : ( 42.400, 23.880 ) ( 43.000, 24.000 )


SHORT: ( Metal Short ) Special Wire of Net VDD & Pin of Cell WALLACE_CSA_DUMMY_OP_groupi58_g3570__2398  ( Metal1 )
Bounds : ( 42.400, 22.170 ) ( 43.000, 22.290 )


SHORT: ( Metal Short ) Special Wire of Net VSS & Pin of Cell WALLACE_CSA_DUMMY_OP_groupi58_g3634__9315  ( Metal1 )
Bounds : ( 40.600, 23.880 ) ( 41.200, 24.000 )


SHORT: ( Metal Short ) Special Wire of Net VDD & Pin of Cell WALLACE_CSA_DUMMY_OP_groupi58_g3634__9315  ( Metal1 )
Bounds : ( 40.600, 22.170 ) ( 41.200, 22.290 )


SHORT: ( Metal Short ) Special Wire of Net VSS & Pin of Cell WALLACE_CSA_DUMMY_OP_groupi58_g3357__1617  ( Metal1 )
Bounds : ( 40.400, 13.620 ) ( 42.000, 13.740 )


SHORT: ( Metal Short ) Special Wire of Net VSS & Pin of Cell WALLACE_CSA_DUMMY_OP_groupi58_g3574__8428  ( Metal1 )
Bounds : ( 40.200, 20.460 ) ( 40.800, 20.580 )


SHORT: ( Metal Short ) Special Wire of Net VDD & Pin of Cell WALLACE_CSA_DUMMY_OP_groupi58_g3574__8428  ( Metal1 )
Bounds : ( 40.200, 18.750 ) ( 40.800, 18.870 )


SHORT: ( Metal Short ) Special Wire of Net VSS & Pin of Cell fopt3877  ( Metal1 )
Bounds : ( 42.600, 13.620 ) ( 43.000, 13.740 )


SHORT: ( Metal Short ) Special Wire of Net VDD & Pin of Cell WALLACE_CSA_DUMMY_OP_groupi58_g3810__2883  ( Metal1 )
Bounds : ( 43.800, 22.170 ) ( 44.600, 22.290 )


SHORT: ( Metal Short ) Special Wire of Net VSS & Pin of Cell WALLACE_CSA_DUMMY_OP_groupi58_g3810__2883  ( Metal1 )
Bounds : ( 43.800, 23.880 ) ( 44.600, 24.000 )


SHORT: ( Metal Short ) Special Wire of Net VSS & Pin of Cell WALLACE_CSA_DUMMY_OP_groupi58_g3407__9315  ( Metal1 )
Bounds : ( 44.000, 13.620 ) ( 45.200, 13.740 )


SHORT: ( Metal Short ) Special Wire of Net VDD & Pin of Cell WALLACE_CSA_DUMMY_OP_groupi58_g3426  ( Metal1 )
Bounds : ( 44.200, 15.330 ) ( 44.600, 15.450 )


SHORT: ( Metal Short ) Special Wire of Net VSS & Pin of Cell WALLACE_CSA_DUMMY_OP_groupi58_g3426  ( Metal1 )
Bounds : ( 44.200, 17.040 ) ( 44.600, 17.160 )


SHORT: ( Metal Short ) Special Wire of Net VDD & Pin of Cell WALLACE_CSA_DUMMY_OP_groupi58_g3582__2802  ( Metal1 )
Bounds : ( 45.400, 22.170 ) ( 46.000, 22.290 )


SHORT: ( Metal Short ) Special Wire of Net VSS & Pin of Cell WALLACE_CSA_DUMMY_OP_groupi58_g3582__2802  ( Metal1 )
Bounds : ( 45.400, 23.880 ) ( 46.000, 24.000 )


SHORT: ( Metal Short ) Special Wire of Net VDD & Pin of Cell WALLACE_CSA_DUMMY_OP_groupi58_g3486__7410  ( Metal1 )
Bounds : ( 46.000, 18.750 ) ( 46.600, 18.870 )


SHORT: ( Metal Short ) Special Wire of Net VSS & Pin of Cell WALLACE_CSA_DUMMY_OP_groupi58_g3486__7410  ( Metal1 )
Bounds : ( 46.000, 20.460 ) ( 46.600, 20.580 )


SHORT: ( Metal Short ) Special Wire of Net VSS & Pin of Cell WALLACE_CSA_DUMMY_OP_groupi58_g3409  ( Metal1 )
Bounds : ( 46.400, 13.620 ) ( 46.800, 13.740 )


SHORT: ( Metal Short ) Special Wire of Net VSS & Pin of Cell WALLACE_CSA_DUMMY_OP_groupi58_g3444__4733  ( Metal1 )
Bounds : ( 47.800, 13.620 ) ( 48.400, 13.740 )


SHORT: ( Metal Short ) Special Wire of Net VDD & Pin of Cell WALLACE_CSA_DUMMY_OP_groupi58_g3530  ( Metal1 )
Bounds : ( 49.200, 18.750 ) ( 49.600, 18.870 )


SHORT: ( Metal Short ) Special Wire of Net VSS & Pin of Cell WALLACE_CSA_DUMMY_OP_groupi58_g3530  ( Metal1 )
Bounds : ( 49.200, 20.460 ) ( 49.600, 20.580 )


SHORT: ( Metal Short ) Special Wire of Net VSS & Pin of Cell WALLACE_CSA_DUMMY_OP_groupi58_g3445__6161  ( Metal1 )
Bounds : ( 49.400, 13.620 ) ( 50.000, 13.740 )


SHORT: ( Metal Short ) Special Wire of Net VDD & Pin of Cell WALLACE_CSA_DUMMY_OP_groupi58_g3517__6131  ( Metal1 )
Bounds : ( 25.200, 22.170 ) ( 29.200, 22.290 )


SHORT: ( Metal Short ) Special Wire of Net VSS & Pin of Cell WALLACE_CSA_DUMMY_OP_groupi58_g3517__6131  ( Metal1 )
Bounds : ( 25.200, 23.880 ) ( 29.200, 24.000 )


SHORT: ( Metal Short ) Special Wire of Net VDD & Pin of Cell WALLACE_CSA_DUMMY_OP_groupi58_g3387__6783  ( Metal1 )
Bounds : ( 26.400, 15.330 ) ( 30.400, 15.450 )


SHORT: ( Metal Short ) Special Wire of Net VSS & Pin of Cell WALLACE_CSA_DUMMY_OP_groupi58_g3387__6783  ( Metal1 )
Bounds : ( 26.400, 17.040 ) ( 30.400, 17.160 )


SHORT: ( Metal Short ) Special Wire of Net VDD & Pin of Cell WALLACE_CSA_DUMMY_OP_groupi58_g3393__5122  ( Metal1 )
Bounds : ( 27.600, 18.750 ) ( 31.600, 18.870 )


SHORT: ( Metal Short ) Special Wire of Net VSS & Pin of Cell WALLACE_CSA_DUMMY_OP_groupi58_g3393__5122  ( Metal1 )
Bounds : ( 27.600, 20.460 ) ( 31.600, 20.580 )


SHORT: ( Metal Short ) Special Wire of Net VSS & Pin of Cell WALLACE_CSA_DUMMY_OP_groupi58_g3371__9945  ( Metal1 )
Bounds : ( 28.600, 13.620 ) ( 29.600, 13.740 )


SHORT: ( Metal Short ) Special Wire of Net VDD & Pin of Cell WALLACE_CSA_DUMMY_OP_groupi58_g3476__7482  ( Metal1 )
Bounds : ( 29.800, 22.170 ) ( 30.800, 22.290 )


SHORT: ( Metal Short ) Special Wire of Net VSS & Pin of Cell WALLACE_CSA_DUMMY_OP_groupi58_g3476__7482  ( Metal1 )
Bounds : ( 29.800, 23.880 ) ( 30.800, 24.000 )


SHORT: ( Metal Short ) Special Wire of Net VSS & Pin of Cell WALLACE_CSA_DUMMY_OP_groupi58_g3366__5115  ( Metal1 )
Bounds : ( 30.400, 13.620 ) ( 32.000, 13.740 )


SHORT: ( Metal Short ) Special Wire of Net VDD & Pin of Cell WALLACE_CSA_DUMMY_OP_groupi58_g3434  ( Metal1 )
Bounds : ( 31.800, 15.330 ) ( 32.200, 15.450 )


SHORT: ( Metal Short ) Special Wire of Net VSS & Pin of Cell WALLACE_CSA_DUMMY_OP_groupi58_g3434  ( Metal1 )
Bounds : ( 31.800, 17.040 ) ( 32.200, 17.160 )


SHORT: ( Metal Short ) Special Wire of Net VDD & Pin of Cell WALLACE_CSA_DUMMY_OP_groupi58_g3493__4319  ( Metal1 )
Bounds : ( 32.000, 22.170 ) ( 32.600, 22.290 )


SHORT: ( Metal Short ) Special Wire of Net VSS & Pin of Cell WALLACE_CSA_DUMMY_OP_groupi58_g3493__4319  ( Metal1 )
Bounds : ( 32.000, 23.880 ) ( 32.600, 24.000 )


SHORT: ( Metal Short ) Special Wire of Net VSS & Pin of Cell WALLACE_CSA_DUMMY_OP_groupi58_g3385__8428  ( Metal1 )
Bounds : ( 32.800, 13.620 ) ( 34.000, 13.740 )


SHORT: ( Metal Short ) Special Wire of Net VDD & Pin of Cell WALLACE_CSA_DUMMY_OP_groupi58_g3429  ( Metal1 )
Bounds : ( 35.200, 22.170 ) ( 35.600, 22.290 )


SHORT: ( Metal Short ) Special Wire of Net VSS & Pin of Cell WALLACE_CSA_DUMMY_OP_groupi58_g3429  ( Metal1 )
Bounds : ( 35.200, 23.880 ) ( 35.600, 24.000 )


SHORT: ( Metal Short ) Special Wire of Net VDD & Pin of Cell WALLACE_CSA_DUMMY_OP_groupi58_g3383__6260  ( Metal1 )
Bounds : ( 35.400, 15.330 ) ( 36.800, 15.450 )


SHORT: ( Metal Short ) Special Wire of Net VSS & Pin of Cell WALLACE_CSA_DUMMY_OP_groupi58_g3383__6260  ( Metal1 )
Bounds : ( 35.400, 17.040 ) ( 36.800, 17.160 )


SHORT: ( Metal Short ) Special Wire of Net VSS & Pin of Cell WALLACE_CSA_DUMMY_OP_groupi58_g3364__6131  ( Metal1 )
Bounds : ( 37.600, 17.040 ) ( 38.600, 17.160 )


SHORT: ( Metal Short ) Special Wire of Net VDD & Pin of Cell WALLACE_CSA_DUMMY_OP_groupi58_g3364__6131  ( Metal1 )
Bounds : ( 37.600, 15.330 ) ( 38.600, 15.450 )


SHORT: ( Metal Short ) Special Wire of Net VSS & Pin of Cell WALLACE_CSA_DUMMY_OP_groupi58_g3417__5107  ( Metal1 )
Bounds : ( 31.800, 20.460 ) ( 39.200, 20.580 )


SHORT: ( Metal Short ) Special Wire of Net VDD & Pin of Cell WALLACE_CSA_DUMMY_OP_groupi58_g3417__5107  ( Metal1 )
Bounds : ( 31.800, 18.750 ) ( 39.200, 18.870 )


SHORT: ( Metal Short ) Special Wire of Net VSS & Pin of Cell WALLACE_CSA_DUMMY_OP_groupi58_g3349__5107  ( Metal1 )
Bounds : ( 33.800, 10.200 ) ( 34.800, 10.320 )


SHORT: ( Metal Short ) Special Wire of Net VDD & Pin of Cell WALLACE_CSA_DUMMY_OP_groupi58_g3349__5107  ( Metal1 )
Bounds : ( 33.800, 8.490 ) ( 34.800, 8.610 )


SHORT: ( Metal Short ) Special Wire of Net VDD & Pin of Cell WALLACE_CSA_DUMMY_OP_groupi58_g3385__8428  ( Metal1 )
Bounds : ( 32.800, 11.910 ) ( 34.000, 12.030 )


SHORT: ( Metal Short ) Special Wire of Net VDD & Pin of Cell WALLACE_CSA_DUMMY_OP_groupi58_g3366__5115  ( Metal1 )
Bounds : ( 30.400, 11.910 ) ( 32.000, 12.030 )


SHORT: ( Metal Short ) Special Wire of Net VDD & Pin of Cell WALLACE_CSA_DUMMY_OP_groupi58_g3371__9945  ( Metal1 )
Bounds : ( 28.600, 11.910 ) ( 29.600, 12.030 )


SHORT: ( Metal Short ) Special Wire of Net VSS & Pin of Cell WALLACE_CSA_DUMMY_OP_groupi58_g3340__2883  ( Metal1 )
Bounds : ( 27.600, 10.200 ) ( 31.600, 10.320 )


SHORT: ( Metal Short ) Special Wire of Net VDD & Pin of Cell WALLACE_CSA_DUMMY_OP_groupi58_g3340__2883  ( Metal1 )
Bounds : ( 27.600, 8.490 ) ( 31.600, 8.610 )


SHORT: ( Metal Short ) Special Wire of Net VDD & Pin of Cell WALLACE_CSA_DUMMY_OP_groupi58_g3329__6131  ( Metal1 )
Bounds : ( 39.800, 5.070 ) ( 40.800, 5.190 )


SHORT: ( Metal Short ) Special Wire of Net VSS & Pin of Cell WALLACE_CSA_DUMMY_OP_groupi58_g3329__6131  ( Metal1 )
Bounds : ( 39.800, 6.780 ) ( 40.800, 6.900 )


SHORT: ( Metal Short ) Special Wire of Net VDD & Pin of Cell WALLACE_CSA_DUMMY_OP_groupi58_g3357__1617  ( Metal1 )
Bounds : ( 40.400, 11.910 ) ( 42.000, 12.030 )


SHORT: ( Metal Short ) Special Wire of Net VDD & Pin of Cell fopt3877  ( Metal1 )
Bounds : ( 42.600, 11.910 ) ( 43.000, 12.030 )


SHORT: ( Metal Short ) Special Wire of Net VDD & Pin of Cell WALLACE_CSA_DUMMY_OP_groupi58_g3360__5122  ( Metal1 )
Bounds : ( 43.600, 5.070 ) ( 44.400, 5.190 )


SHORT: ( Metal Short ) Special Wire of Net VSS & Pin of Cell WALLACE_CSA_DUMMY_OP_groupi58_g3360__5122  ( Metal1 )
Bounds : ( 43.600, 6.780 ) ( 44.400, 6.900 )


SHORT: ( Metal Short ) Special Wire of Net VDD & Pin of Cell WALLACE_CSA_DUMMY_OP_groupi58_g3407__9315  ( Metal1 )
Bounds : ( 44.000, 11.910 ) ( 45.200, 12.030 )


SHORT: ( Metal Short ) Special Wire of Net VDD & Pin of Cell WALLACE_CSA_DUMMY_OP_groupi58_g3376__7410  ( Metal1 )
Bounds : ( 45.400, 5.070 ) ( 46.200, 5.190 )


SHORT: ( Metal Short ) Special Wire of Net VSS & Pin of Cell WALLACE_CSA_DUMMY_OP_groupi58_g3376__7410  ( Metal1 )
Bounds : ( 45.400, 6.780 ) ( 46.200, 6.900 )


SHORT: ( Metal Short ) Special Wire of Net VDD & Pin of Cell WALLACE_CSA_DUMMY_OP_groupi58_g3409  ( Metal1 )
Bounds : ( 46.400, 11.910 ) ( 46.800, 12.030 )


SHORT: ( Metal Short ) Special Wire of Net VDD & Pin of Cell WALLACE_CSA_DUMMY_OP_groupi58_g3444__4733  ( Metal1 )
Bounds : ( 47.800, 11.910 ) ( 48.400, 12.030 )


SHORT: ( Metal Short ) Special Wire of Net VDD & Pin of Cell WALLACE_CSA_DUMMY_OP_groupi58_g3445__6161  ( Metal1 )
Bounds : ( 49.400, 11.910 ) ( 50.000, 12.030 )


SHORT: ( Metal Short ) Special Wire of Net VDD & Pin of Cell WALLACE_CSA_DUMMY_OP_groupi58_g3690__7098  ( Metal1 )
Bounds : ( 22.000, 18.750 ) ( 22.800, 18.870 )


SHORT: ( Metal Short ) Special Wire of Net VSS & Pin of Cell WALLACE_CSA_DUMMY_OP_groupi58_g3710__8246  ( Metal1 )
Bounds : ( 21.800, 23.880 ) ( 22.600, 24.000 )


SHORT: ( Metal Short ) Special Wire of Net VDD & Pin of Cell WALLACE_CSA_DUMMY_OP_groupi58_g3710__8246  ( Metal1 )
Bounds : ( 21.800, 22.170 ) ( 22.600, 22.290 )


SHORT: ( Metal Short ) Special Wire of Net VSS & Pin of Cell DFT_matmul_sync_lockup_latch_neg_edge  ( Metal1 )
Bounds : ( 21.000, 17.040 ) ( 24.200, 17.160 )


SHORT: ( Metal Short ) Special Wire of Net VDD & Pin of Cell DFT_matmul_sync_lockup_latch_neg_edge  ( Metal1 )
Bounds : ( 21.000, 15.330 ) ( 24.200, 15.450 )


SHORT: ( Metal Short ) Special Wire of Net VSS & Pin of Cell WALLACE_CSA_DUMMY_OP_groupi58_g3714__5115  ( Metal1 )
Bounds : ( 20.600, 20.460 ) ( 21.400, 20.580 )


SHORT: ( Metal Short ) Special Wire of Net VDD & Pin of Cell WALLACE_CSA_DUMMY_OP_groupi58_g3714__5115  ( Metal1 )
Bounds : ( 20.600, 18.750 ) ( 21.400, 18.870 )


SHORT: ( Metal Short ) Special Wire of Net VSS & Pin of Cell WALLACE_CSA_DUMMY_OP_groupi58_g3639__7410  ( Metal1 )
Bounds : ( 20.000, 23.880 ) ( 20.800, 24.000 )


SHORT: ( Metal Short ) Special Wire of Net VDD & Pin of Cell WALLACE_CSA_DUMMY_OP_groupi58_g3639__7410  ( Metal1 )
Bounds : ( 20.000, 22.170 ) ( 20.800, 22.290 )


SHORT: ( Metal Short ) Special Wire of Net VSS & Pin of Cell WALLACE_CSA_DUMMY_OP_groupi58_g3472__7098  ( Metal1 )
Bounds : ( 18.600, 13.620 ) ( 22.600, 13.740 )


SHORT: ( Metal Short ) Special Wire of Net VSS & Pin of Cell WALLACE_CSA_DUMMY_OP_groupi58_g3646__8428  ( Metal1 )
Bounds : ( 18.000, 23.880 ) ( 18.800, 24.000 )


SHORT: ( Metal Short ) Special Wire of Net VDD & Pin of Cell WALLACE_CSA_DUMMY_OP_groupi58_g3646__8428  ( Metal1 )
Bounds : ( 18.000, 22.170 ) ( 18.800, 22.290 )


SHORT: ( Metal Short ) Special Wire of Net VSS & Pin of Cell WALLACE_CSA_DUMMY_OP_groupi58_g3726__2398  ( Metal1 )
Bounds : ( 17.000, 13.620 ) ( 17.800, 13.740 )


SHORT: ( Metal Short ) Special Wire of Net VSS & Pin of Cell WALLACE_CSA_DUMMY_OP_groupi58_g3538__6783  ( Metal1 )
Bounds : ( 16.000, 17.040 ) ( 20.000, 17.160 )


SHORT: ( Metal Short ) Special Wire of Net VSS & Pin of Cell WALLACE_CSA_DUMMY_OP_groupi58_g3518__1881  ( Metal1 )
Bounds : ( 15.800, 20.460 ) ( 19.800, 20.580 )


SHORT: ( Metal Short ) Special Wire of Net VDD & Pin of Cell WALLACE_CSA_DUMMY_OP_groupi58_g3518__1881  ( Metal1 )
Bounds : ( 15.800, 18.750 ) ( 19.800, 18.870 )


SHORT: ( Metal Short ) Special Wire of Net VSS & Pin of Cell WALLACE_CSA_DUMMY_OP_groupi58_g3684__1617  ( Metal1 )
Bounds : ( 15.400, 13.620 ) ( 16.200, 13.740 )


SHORT: ( Metal Short ) Special Wire of Net VSS & Pin of Cell WALLACE_CSA_DUMMY_OP_groupi58_g3703__6783  ( Metal1 )
Bounds : ( 14.600, 17.040 ) ( 15.400, 17.160 )


SHORT: ( Metal Short ) Special Wire of Net VDD & Pin of Cell WALLACE_CSA_DUMMY_OP_groupi58_g3703__6783  ( Metal1 )
Bounds : ( 14.600, 15.330 ) ( 15.400, 15.450 )


SHORT: ( Metal Short ) Special Wire of Net VSS & Pin of Cell WALLACE_CSA_DUMMY_OP_groupi58_g3728__6260  ( Metal1 )
Bounds : ( 14.000, 13.620 ) ( 14.800, 13.740 )


SHORT: ( Metal Short ) Special Wire of Net VSS & Pin of Cell WALLACE_CSA_DUMMY_OP_groupi58_g3700__4319  ( Metal1 )
Bounds : ( 12.400, 13.620 ) ( 13.200, 13.740 )


SHORT: ( Metal Short ) Special Wire of Net VDD & Pin of Cell WALLACE_CSA_DUMMY_OP_groupi58_g3691__6131  ( Metal1 )
Bounds : ( 13.000, 15.330 ) ( 13.800, 15.450 )


SHORT: ( Metal Short ) Special Wire of Net VSS & Pin of Cell WALLACE_CSA_DUMMY_OP_groupi58_g3691__6131  ( Metal1 )
Bounds : ( 13.000, 17.040 ) ( 13.800, 17.160 )


SHORT: ( Metal Short ) Special Wire of Net VDD & Pin of Cell WALLACE_CSA_DUMMY_OP_groupi58_g3538__6783  ( Metal1 )
Bounds : ( 16.000, 15.330 ) ( 20.000, 15.450 )


SHORT: ( Metal Short ) Special Wire of Net VSS & Pin of Cell WALLACE_CSA_DUMMY_OP_groupi58_g3690__7098  ( Metal1 )
Bounds : ( 22.000, 20.460 ) ( 22.800, 20.580 )


SHORT: ( Metal Short ) Special Wire of Net VDD & Pin of Cell WALLACE_CSA_DUMMY_OP_groupi58_g3614__5107  ( Metal1 )
Bounds : ( 23.600, 22.170 ) ( 24.400, 22.290 )


SHORT: ( Metal Short ) Special Wire of Net VSS & Pin of Cell WALLACE_CSA_DUMMY_OP_groupi58_g3614__5107  ( Metal1 )
Bounds : ( 23.600, 23.880 ) ( 24.400, 24.000 )


SHORT: ( Metal Short ) Special Wire of Net VSS & Pin of Cell WALLACE_CSA_DUMMY_OP_groupi58_g3682__6783  ( Metal1 )
Bounds : ( 9.400, 13.620 ) ( 10.200, 13.740 )


SHORT: ( Metal Short ) Special Wire of Net VSS & Pin of Cell WALLACE_CSA_DUMMY_OP_groupi58_g3713__1881  ( Metal1 )
Bounds : ( 10.800, 13.620 ) ( 11.600, 13.740 )


SHORT: ( Metal Short ) Special Wire of Net VSS & Pin of Cell WALLACE_CSA_DUMMY_OP_groupi58_g3622__2802  ( Metal1 )
Bounds : ( 11.400, 17.040 ) ( 12.200, 17.160 )


SHORT: ( Metal Short ) Special Wire of Net VDD & Pin of Cell WALLACE_CSA_DUMMY_OP_groupi58_g3622__2802  ( Metal1 )
Bounds : ( 11.400, 15.330 ) ( 12.200, 15.450 )


SHORT: ( Metal Short ) Special Wire of Net VSS & Pin of Cell operand_b_i_sr_reg_1  ( Metal1 )
Bounds : ( 5.200, 20.460 ) ( 13.400, 20.580 )


SHORT: ( Metal Short ) Special Wire of Net VDD & Pin of Cell operand_b_i_sr_reg_1  ( Metal1 )
Bounds : ( 5.200, 18.750 ) ( 13.400, 18.870 )


SHORT: ( Metal Short ) Special Wire of Net VSS & Pin of Cell WALLACE_CSA_DUMMY_OP_groupi58_g3368__4733  ( Metal1 )
Bounds : ( 13.600, 6.780 ) ( 17.600, 6.900 )


SHORT: ( Metal Short ) Special Wire of Net VSS & Pin of Cell WALLACE_CSA_DUMMY_OP_groupi58_g3431__1617  ( Metal1 )
Bounds : ( 12.800, 10.200 ) ( 16.800, 10.320 )


SHORT: ( Metal Short ) Special Wire of Net VDD & Pin of Cell WALLACE_CSA_DUMMY_OP_groupi58_g3431__1617  ( Metal1 )
Bounds : ( 12.800, 8.490 ) ( 16.800, 8.610 )


SHORT: ( Metal Short ) Special Wire of Net VDD & Pin of Cell WALLACE_CSA_DUMMY_OP_groupi58_g3700__4319  ( Metal1 )
Bounds : ( 12.400, 11.910 ) ( 13.200, 12.030 )


SHORT: ( Metal Short ) Special Wire of Net VSS & Pin of Cell WALLACE_CSA_DUMMY_OP_groupi58_g3696__6161  ( Metal1 )
Bounds : ( 11.200, 10.200 ) ( 12.000, 10.320 )


SHORT: ( Metal Short ) Special Wire of Net VDD & Pin of Cell WALLACE_CSA_DUMMY_OP_groupi58_g3696__6161  ( Metal1 )
Bounds : ( 11.200, 8.490 ) ( 12.000, 8.610 )


SHORT: ( Metal Short ) Special Wire of Net VDD & Pin of Cell WALLACE_CSA_DUMMY_OP_groupi58_g3713__1881  ( Metal1 )
Bounds : ( 10.800, 11.910 ) ( 11.600, 12.030 )


SHORT: ( Metal Short ) Special Wire of Net VSS & Pin of Cell WALLACE_CSA_DUMMY_OP_groupi58_g3636__2883  ( Metal1 )
Bounds : ( 9.600, 10.200 ) ( 10.400, 10.320 )


SHORT: ( Metal Short ) Special Wire of Net VDD & Pin of Cell WALLACE_CSA_DUMMY_OP_groupi58_g3636__2883  ( Metal1 )
Bounds : ( 9.600, 8.490 ) ( 10.400, 8.610 )


SHORT: ( Metal Short ) Special Wire of Net VDD & Pin of Cell WALLACE_CSA_DUMMY_OP_groupi58_g3682__6783  ( Metal1 )
Bounds : ( 9.400, 11.910 ) ( 10.200, 12.030 )


SHORT: ( Metal Short ) Special Wire of Net VSS & Pin of Cell WALLACE_CSA_DUMMY_OP_groupi58_g3470__5122  ( Metal1 )
Bounds : ( 9.000, 6.780 ) ( 13.000, 6.900 )


SHORT: ( Metal Short ) Special Wire of Net VDD & Pin of Cell WALLACE_CSA_DUMMY_OP_groupi58_g3470__5122  ( Metal1 )
Bounds : ( 9.000, 5.070 ) ( 13.000, 5.190 )


SHORT: ( Metal Short ) Special Wire of Net VDD & Pin of Cell WALLACE_CSA_DUMMY_OP_groupi58_g3368__4733  ( Metal1 )
Bounds : ( 13.600, 5.070 ) ( 17.600, 5.190 )


SHORT: ( Metal Short ) Special Wire of Net VDD & Pin of Cell WALLACE_CSA_DUMMY_OP_groupi58_g3728__6260  ( Metal1 )
Bounds : ( 14.000, 11.910 ) ( 14.800, 12.030 )


SHORT: ( Metal Short ) Special Wire of Net VDD & Pin of Cell WALLACE_CSA_DUMMY_OP_groupi58_g3684__1617  ( Metal1 )
Bounds : ( 15.400, 11.910 ) ( 16.200, 12.030 )


SHORT: ( Metal Short ) Special Wire of Net VDD & Pin of Cell WALLACE_CSA_DUMMY_OP_groupi58_g3726__2398  ( Metal1 )
Bounds : ( 17.000, 11.910 ) ( 17.800, 12.030 )


SHORT: ( Metal Short ) Special Wire of Net VDD & Pin of Cell WALLACE_CSA_DUMMY_OP_groupi58_g3414__6417  ( Metal1 )
Bounds : ( 17.600, 8.490 ) ( 21.600, 8.610 )


SHORT: ( Metal Short ) Special Wire of Net VSS & Pin of Cell WALLACE_CSA_DUMMY_OP_groupi58_g3414__6417  ( Metal1 )
Bounds : ( 17.600, 10.200 ) ( 21.600, 10.320 )


SHORT: ( Metal Short ) Special Wire of Net VDD & Pin of Cell WALLACE_CSA_DUMMY_OP_groupi58_g3472__7098  ( Metal1 )
Bounds : ( 18.600, 11.910 ) ( 22.600, 12.030 )


SHORT: ( Metal Short ) Special Wire of Net VDD & Pin of Cell WALLACE_CSA_DUMMY_OP_groupi58_g3374__2346  ( Metal1 )
Bounds : ( 22.400, 8.490 ) ( 26.400, 8.610 )


SHORT: ( Metal Short ) Special Wire of Net VSS & Pin of Cell WALLACE_CSA_DUMMY_OP_groupi58_g3374__2346  ( Metal1 )
Bounds : ( 22.400, 10.200 ) ( 26.400, 10.320 )


SHORT: ( Metal Short ) Special Wire of Net VDD & Pin of Cell WALLACE_CSA_DUMMY_OP_groupi58_g3432__2802  ( Metal1 )
Bounds : ( 23.400, 18.750 ) ( 27.400, 18.870 )


SHORT: ( Metal Short ) Special Wire of Net VSS & Pin of Cell WALLACE_CSA_DUMMY_OP_groupi58_g3432__2802  ( Metal1 )
Bounds : ( 23.400, 20.460 ) ( 27.400, 20.580 )


SHORT: ( Metal Short ) Special Wire of Net VDD & Pin of Cell WALLACE_CSA_DUMMY_OP_groupi58_g3399__1881  ( Metal1 )
Bounds : ( 23.600, 11.910 ) ( 27.600, 12.030 )


SHORT: ( Metal Short ) Special Wire of Net VSS & Pin of Cell WALLACE_CSA_DUMMY_OP_groupi58_g3399__1881  ( Metal1 )
Bounds : ( 23.600, 13.620 ) ( 27.600, 13.740 )


SHORT: ( Metal Short ) Special Wire of Net VDD & Pin of Cell operand_b_i_sr_reg_6  ( Metal1 )
Bounds : ( 4.800, 25.590 ) ( 12.200, 25.710 )


SHORT: ( Metal Short ) Special Wire of Net VDD & Pin of Cell operand_b_i_sr_reg_4  ( Metal1 )
Bounds : ( 13.600, 25.590 ) ( 23.000, 25.710 )


SHORT: ( Metal Short ) Special Wire of Net VDD & Pin of Cell WALLACE_CSA_DUMMY_OP_groupi58_g3479__9315  ( Metal1 )
Bounds : ( 23.600, 25.590 ) ( 27.600, 25.710 )


SHORT: ( Metal Short ) Special Wire of Net VDD & Pin of Cell WALLACE_CSA_DUMMY_OP_groupi58_g3489__2398  ( Metal1 )
Bounds : ( 33.200, 25.590 ) ( 33.800, 25.710 )


SHORT: ( Metal Short ) Special Wire of Net VDD & Pin of Cell WALLACE_CSA_DUMMY_OP_groupi58_g3797__2802  ( Metal1 )
Bounds : ( 34.200, 25.590 ) ( 39.800, 25.710 )


SHORT: ( Metal Short ) Special Wire of Net VDD & Pin of Cell WALLACE_CSA_DUMMY_OP_groupi58_g3668__9945  ( Metal1 )
Bounds : ( 44.200, 25.590 ) ( 44.800, 25.710 )


SHORT: ( Metal Short ) Special Wire of Net VDD & Pin of Cell WALLACE_CSA_DUMMY_OP_groupi58_g3601__5115  ( Metal1 )
Bounds : ( 45.600, 25.590 ) ( 46.200, 25.710 )


SHORT: ( Metal Short ) Special Wire of Net VDD & Pin of Cell WALLACE_CSA_DUMMY_OP_groupi58_g3599__6131  ( Metal1 )
Bounds : ( 47.000, 25.590 ) ( 47.600, 25.710 )


SHORT: ( Metal Short ) Special Wire of Net VDD & Pin of Cell WALLACE_CSA_DUMMY_OP_groupi58_g3600__1881  ( Metal1 )
Bounds : ( 48.200, 25.590 ) ( 49.000, 25.710 )


SHORT: ( Metal Short ) Special Wire of Net VDD & Pin of Cell WALLACE_CSA_DUMMY_OP_groupi58_g3625__8246  ( Metal1 )
Bounds : ( 49.600, 25.590 ) ( 50.200, 25.710 )


SHORT: ( Metal Short ) Special Wire of Net VDD & Pin of Cell WALLACE_CSA_DUMMY_OP_groupi59_g3562__4733  ( Metal1 )
Bounds : ( 47.800, 49.530 ) ( 50.600, 49.650 )


SHORT: ( Metal Short ) Special Wire of Net VDD & Pin of Cell WALLACE_CSA_DUMMY_OP_groupi58_g3471__8246  ( Metal1 )
Bounds : ( 48.600, 29.010 ) ( 52.600, 29.130 )


SHORT: ( Metal Short ) Special Wire of Net VSS & Pin of Cell WALLACE_CSA_DUMMY_OP_groupi58_g3471__8246  ( Metal1 )
Bounds : ( 48.600, 30.720 ) ( 52.600, 30.840 )


SHORT: ( Metal Short ) Special Wire of Net VDD & Pin of Cell WALLACE_CSA_DUMMY_OP_groupi58_g3638__1666  ( Metal1 )
Bounds : ( 48.600, 35.850 ) ( 53.200, 35.970 )


SHORT: ( Metal Short ) Special Wire of Net VSS & Pin of Cell WALLACE_CSA_DUMMY_OP_groupi58_g3534__6260  ( Metal1 )
Bounds : ( 48.600, 37.560 ) ( 53.200, 37.680 )


SHORT: ( Metal Short ) Special Wire of Net VDD & Pin of Cell WALLACE_CSA_DUMMY_OP_groupi58_g3531__5477  ( Metal1 )
Bounds : ( 48.800, 32.430 ) ( 53.400, 32.550 )


SHORT: ( Metal Short ) Special Wire of Net VSS & Pin of Cell WALLACE_CSA_DUMMY_OP_groupi58_g3531__5477  ( Metal1 )
Bounds : ( 48.800, 34.140 ) ( 53.400, 34.260 )


SHORT: ( Metal Short ) Special Wire of Net VSS & Pin of Cell operand_b_i_sr_reg_13  ( Metal1 )
Bounds : ( 5.400, 51.240 ) ( 14.000, 51.360 )


SHORT: ( Metal Short ) Special Wire of Net VSS & Pin of Cell operand_a_i_sr_reg_1  ( Metal1 )
Bounds : ( 16.400, 51.240 ) ( 22.200, 51.360 )


SHORT: ( Metal Short ) Special Wire of Net VSS & Pin of Cell WALLACE_CSA_DUMMY_OP_groupi59_g3401__7098  ( Metal1 )
Bounds : ( 29.400, 51.240 ) ( 30.800, 51.360 )


SHORT: ( Metal Short ) Special Wire of Net VSS & Pin of Cell WALLACE_CSA_DUMMY_OP_groupi59_g3415__1666  ( Metal1 )
Bounds : ( 31.000, 51.240 ) ( 32.400, 51.360 )


SHORT: ( Metal Short ) Special Wire of Net VSS & Pin of Cell WALLACE_CSA_DUMMY_OP_groupi59_g3425  ( Metal1 )
Bounds : ( 32.600, 51.240 ) ( 33.000, 51.360 )


SHORT: ( Metal Short ) Special Wire of Net VSS & Pin of Cell WALLACE_CSA_DUMMY_OP_groupi59_g3445__5115  ( Metal1 )
Bounds : ( 35.000, 51.240 ) ( 35.600, 51.360 )


SHORT: ( Metal Short ) Special Wire of Net VSS & Pin of Cell WALLACE_CSA_DUMMY_OP_groupi59_g3444__1881  ( Metal1 )
Bounds : ( 36.200, 51.240 ) ( 38.400, 51.360 )


SHORT: ( Metal Short ) Special Wire of Net VSS & Pin of Cell WALLACE_CSA_DUMMY_OP_groupi59_g3562__4733  ( Metal1 )
Bounds : ( 47.800, 51.240 ) ( 50.600, 51.360 )


SHORT: ( Metal Short ) Special Wire of Net VSS & Pin of Cell WALLACE_CSA_DUMMY_OP_groupi59_g3464  ( Metal1 )
Bounds : ( 55.600, 51.240 ) ( 56.000, 51.360 )


SHORT: ( Metal Short ) Special Wire of Net VSS & Pin of Cell WALLACE_CSA_DUMMY_OP_groupi_g3583__8428  ( Metal1 )
Bounds : ( 59.400, 51.240 ) ( 60.000, 51.360 )


SHORT: ( Metal Short ) Special Wire of Net VSS & Pin of Cell WALLACE_CSA_DUMMY_OP_groupi_g3642__2883  ( Metal1 )
Bounds : ( 61.000, 51.240 ) ( 61.600, 51.360 )


SHORT: ( Metal Short ) Special Wire of Net VSS & Pin of Cell WALLACE_CSA_DUMMY_OP_groupi_g3662__7098  ( Metal1 )
Bounds : ( 65.800, 51.240 ) ( 66.600, 51.360 )


SHORT: ( Metal Short ) Special Wire of Net VSS & Pin of Cell WALLACE_CSA_DUMMY_OP_groupi_g3712__2398  ( Metal1 )
Bounds : ( 67.600, 51.240 ) ( 68.200, 51.360 )


SHORT: ( Metal Short ) Special Wire of Net VSS & Pin of Cell WALLACE_CSA_DUMMY_OP_groupi_g3650__5107  ( Metal1 )
Bounds : ( 70.200, 51.240 ) ( 71.000, 51.360 )


SHORT: ( Metal Short ) Special Wire of Net VSS & Pin of Cell WALLACE_CSA_DUMMY_OP_groupi_g3615__1666  ( Metal1 )
Bounds : ( 72.200, 51.240 ) ( 72.800, 51.360 )


SHORT: ( Metal Short ) Special Wire of Net VSS & Pin of Cell WALLACE_CSA_DUMMY_OP_groupi_g3813__5122  ( Metal1 )
Bounds : ( 75.200, 51.240 ) ( 76.000, 51.360 )


SHORT: ( Metal Short ) Special Wire of Net VSS & Pin of Cell WALLACE_CSA_DUMMY_OP_groupi_g3814__8246  ( Metal1 )
Bounds : ( 77.800, 51.240 ) ( 78.600, 51.360 )


SHORT: ( Metal Short ) Special Wire of Net VSS & Pin of Cell WALLACE_CSA_DUMMY_OP_groupi_g3667__6131  ( Metal1 )
Bounds : ( 80.000, 51.240 ) ( 80.600, 51.360 )


SHORT: ( Metal Short ) Special Wire of Net VSS & Pin of Cell WALLACE_CSA_DUMMY_OP_groupi_g3577__2398  ( Metal1 )
Bounds : ( 83.000, 51.240 ) ( 83.600, 51.360 )


SHORT: ( Metal Short ) Special Wire of Net VSS & Pin of Cell WALLACE_CSA_DUMMY_OP_groupi_g3598  ( Metal1 )
Bounds : ( 84.600, 51.240 ) ( 85.000, 51.360 )


  Total Violations : 1000 Viols.
