
Cadence Innovus(TM) Implementation System.
Copyright 2024 Cadence Design Systems, Inc. All rights reserved worldwide.

Version:	v23.15-s106_1, built Wed Jul 16 17:15:29 PDT 2025
Options:	-batch -stylus -log /home/student/16/ex8/flow_datapath_top_1/logs/route -wait 2160 -disable_user_startup -execute if {[catch {init_flow  {flow_script /home/student/16/ex8/flow_datapath_top_1/cadence_flow_scripts/scripts/run_flow.tcl yaml_script {} flow_no_check 0 parent_uuid {} previous_uuid 1bfc4baf-43b7-4f94-b568-b50f8316edf5 top_dir /home/student/16/ex8/flow_datapath_top_1 flow_dir . status_file /home/student/16/ex8/flow_datapath_top_1/flow.status.d/route metrics_file /home/student/16/ex8/flow_datapath_top_1/flow.metrics.d/route run_tag {} db {enc /home/student/16/ex8/flow_datapath_top_1/dbs/postcts.enc datapath_top {}} db_is_ref_run 0 branch {} caller_data {group 0 process_branch 0 trunk_process 1 flowtool_hostname ASIC-vm flowtool_pid 44425} flow {flow flow:block dir . db {enc dbs/postcts.enc datapath_top {}} branch {} tool innovus caller_data {group 0 process_branch 0 trunk_process 1 flowtool_hostname ASIC-vm flowtool_pid 44425} uuid 1bfc4baf-43b7-4f94-b568-b50f8316edf5 tool_options {} start_step {tool innovus flow flow:block canonical_path {.steps flow:route .steps flow_step:block_start} step flow_step:block_start features {} str route.block_start} process_branch_trunk 1} flow_name flow:block first_step {tool innovus flow flow:block canonical_path {.steps flow:route .steps flow_step:block_start} step flow_step:block_start features {} str route.block_start} interactive 0 interactive_run 0 enabled_features {report_lec synth_spatial pnr_db_handoff add_scan opt_signoff} inject_tcl {} trunk_process 1 aum_upload false tool_options {} overwrite 0 last_step {tool innovus flow flow:block canonical_path {.steps flow:route .steps flow:report_postroute .steps flow_step:report_finish} step flow_step:report_finish features {} str route.report_postroute.report_finish} log_prefix /home/student/16/ex8/flow_datapath_top_1/logs/route}; run_flow -from {tool innovus flow flow:block canonical_path {.steps flow:route .steps flow_step:block_start} step flow_step:block_start features {} str route.block_start} -to {tool innovus flow flow:block canonical_path {.steps flow:route .steps flow:report_postroute .steps flow_step:report_finish} step flow_step:report_finish features {} str route.report_postroute.report_finish}} msg]} { puts [concat {Tcl error:} $errorInfo]; set fp [open {/home/student/16/ex8/flow_datapath_top_1/flow.status.d/route} a]; puts $fp {}; puts $fp [list [list script run_tcl status error flow {flow:block} branch {} flow_working_directory {.} flow_starting_db {enc /home/student/16/ex8/flow_datapath_top_1/dbs/postcts.enc datapath_top {}} {tool_options} {} steps_run [get_db flow_step_canonical_current] msg $msg]]; close $fp; exit 1 }; exit 0 
Date:		Fri Nov 14 16:08:46 2025
Host:		ASIC-vm (x86_64 w/Linux 4.18.0-553.69.1.el8_10.x86_64) (8cores*8cpus*12th Gen Intel(R) Core(TM) i7-12700 25600KB)
OS:		Rocky Linux 8.10 (Green Obsidian)

License:
		[16:08:56.329169] Configured Lic search path (23.02-s006): 5280@licl01.it.tuni.fi

		invs	Innovus Implementation System	23.1	checkout succeeded
		8 CPU jobs allowed with the current license(s). Use set_multi_cpu_usage to set your required CPU count.


Create and set the environment variable TMPDIR to /home/student/16/ex8/flow_datapath_top_1/innovus_temp_122651_c986178c-abfd-4f49-9140-906b0eebdbc1_ASIC-vm_student_7ICbMP.

Change the soft stacksize limit to 0.2%RAM (31 mbytes). Set global soft_stack_size_limit to change the value.
[INFO] Loading Pegasus 24.13 fill procedures
Info: Process UID = 122651 / c986178c-abfd-4f49-9140-906b0eebdbc1 / onE6ecRpPS

**INFO:  MMMC transition support version v31-84 

#@ Processing -execute option
@innovus 1> if {[catch {init_flow  {flow_script /home/student/16/ex8/flow_datapath_top_1/cadence_flow_scripts/scripts/run_flow.tcl yaml_script {} flow_no_check 0 parent_uuid {} previous_uuid 1bfc4baf-43b7-4f94-b568-b50f8316edf5 top_dir /home/student/16/ex8/flow_datapath_top_1 flow_dir . status_file /home/student/16/ex8/flow_datapath_top_1/flow.status.d/route metrics_file /home/student/16/ex8/flow_datapath_top_1/flow.metrics.d/route run_tag {} db {enc /home/student/16/ex8/flow_datapath_top_1/dbs/postcts.enc datapath_top {}} db_is_ref_run 0 branch {} caller_data {group 0 process_branch 0 trunk_process 1 flowtool_hostname ASIC-vm flowtool_pid 44425} flow {flow flow:block dir . db {enc dbs/postcts.enc datapath_top {}} branch {} tool innovus caller_data {group 0 process_branch 0 trunk_process 1 flowtool_hostname ASIC-vm flowtool_pid 44425} uuid 1bfc4baf-43b7-4f94-b568-b50f8316edf5 tool_options {} start_step {tool innovus flow flow:block canonical_path {.steps flow:route .steps flow_step:block_start} step flow_step:block_start features {} str route.block_start} process_branch_trunk 1} flow_name flow:block first_step {tool innovus flow flow:block canonical_path {.steps flow:route .steps flow_step:block_start} step flow_step:block_start features {} str route.block_start} interactive 0 interactive_run 0 enabled_features {report_lec synth_spatial pnr_db_handoff add_scan opt_signoff} inject_tcl {} trunk_process 1 aum_upload false tool_options {} overwrite 0 last_step {tool innovus flow flow:block canonical_path {.steps flow:route .steps flow:report_postroute .steps flow_step:report_finish} step flow_step:report_finish features {} str route.report_postroute.report_finish} log_prefix /home/student/16/ex8/flow_datapath_top_1/logs/route}; run_flow -from {tool innovus flow flow:block canonical_path {.steps flow:route .steps flow_step:block_start} step flow_step:block_start features {} str route.block_start} -to {tool innovus flow flow:block canonical_path {.steps flow:route .steps flow:report_postroute .steps flow_step:report_finish} step flow_step:report_finish features {} str route.report_postroute.report_finish}} msg]} { puts [concat {Tcl error:} $errorInfo]; set fp [open {/home/student/16/ex8/flow_datapath_top_1/flow.status.d/route} a]; puts $fp {}; puts $fp [list [list script run_tcl status error flow {flow:block} branch {} flow_working_directory {.} flow_starting_db {enc /home/student/16/ex8/flow_datapath_top_1/dbs/postcts.enc datapath_top {}} {tool_options} {} steps_run [get_db flow_step_canonical_current] msg $msg]]; close $fp; exit 1 }; exit 0
init_flow summary:
  Flow script        : /home/student/16/ex8/flow_datapath_top_1/cadence_flow_scripts/scripts/run_flow.tcl
  YAML script        : 
  Flow               : flow:block
  From               : route.block_start
  To                 : route.report_postroute.report_finish
  Top directory      : /home/student/16/ex8/flow_datapath_top_1
  Working directory  : .
  Starting database  : /home/student/16/ex8/flow_datapath_top_1/dbs/postcts.enc
  Run tag            : 
  Branch name        : 
  Metrics file       : /home/student/16/ex8/flow_datapath_top_1/flow.metrics.d/route
  Status file        : /home/student/16/ex8/flow_datapath_top_1/flow.status.d/route
  Enable features    : report_lec synth_spatial pnr_db_handoff add_scan opt_signoff
reading previous metrics...
Sourcing flow scripts...
**WARN: (IMPDBTCL-299):	The attribute 'flow_metrics_qor_html' still works but will be obsolete in a future major release. You should remove it from your script before the next major release to avoid errors. It should be changed to the new name of 'flowtool_metrics_qor_html'.
**WARN: (IMPDBTCL-299):	The attribute 'flow_current' still works but will be obsolete in a future major release. You should remove it from your script before the next major release to avoid errors. It should be changed to the new name of 'flow_top'.
## FLOWKIT: sourcing /home/student/16/ex8/flow_datapath_top_1/cadence_flow_scripts/scripts/flow_config.tcl
#@ Begin verbose source (pre): 
@file 1: # User custom attributes definition
@file 2: set flow_vars [dict create]
@file 3:
@file 4: # Directory structure
@file 5: dict lappend flow_vars flow_vars_data_directory                                 description   "Path to the input data"
@file 6: dict lappend flow_vars flow_vars_data_directory                                 type          string
@file 7: dict lappend flow_vars flow_vars_data_directory                                 default       ""
@file 8: dict lappend flow_vars flow_vars_dft_data_directory                             description   "Path to the DFT input data"
@file 9: dict lappend flow_vars flow_vars_dft_data_directory                             type          string
@file 10: dict lappend flow_vars flow_vars_dft_data_directory                             default       ""
@file 11: dict lappend flow_vars flow_vars_dft_library                                    description   "Path to the DFT std cell library"
@file 12: dict lappend flow_vars flow_vars_dft_library                                    type          string
@file 13: dict lappend flow_vars flow_vars_dft_library                                    default       ""
@file 14: dict lappend flow_vars flow_vars_dft_ncsim_library                              description   "Path to the DFT include library"
@file 15: dict lappend flow_vars flow_vars_dft_ncsim_library                              type          string
@file 16: dict lappend flow_vars flow_vars_dft_ncsim_library                              default       ""
@file 17: dict lappend flow_vars flow_vars_memory_path                                    description   "Path to memory libs"
@file 18: dict lappend flow_vars flow_vars_memory_path                                    type          string
@file 19: dict lappend flow_vars flow_vars_memory_path                                    default       ""
@file 20: dict lappend flow_vars flow_vars_stdcell_path                                   description   "Path to stdcell libs"
@file 21: dict lappend flow_vars flow_vars_stdcell_path                                   type          string
@file 22: dict lappend flow_vars flow_vars_stdcell_path                                   default       ""
@file 23: dict lappend flow_vars flow_vars_qrc_tech_directory                             description   "Path to qrc technology directory"
@file 24: dict lappend flow_vars flow_vars_qrc_tech_directory                             type          string
@file 25: dict lappend flow_vars flow_vars_qrc_tech_directory                             default       ""
@file 26:
@file 27: # Technology files
@file 28: dict lappend flow_vars flow_vars_lef_tech_file                                  description   "Path to lef technology file"
@file 29: dict lappend flow_vars flow_vars_lef_tech_file                                  type          string
@file 30: dict lappend flow_vars flow_vars_lef_tech_file                                  default       ""
@file 31: dict lappend flow_vars flow_vars_pvs_drc_rule_file                              description   "Path to PVS DRC rule file"
@file 32: dict lappend flow_vars flow_vars_pvs_drc_rule_file                              type          string
@file 33: dict lappend flow_vars flow_vars_pvs_drc_rule_file                              default       ""
@file 34: dict lappend flow_vars flow_vars_pegasus_drc_rule_file                          description   "Path to Pegasus DRC rule file"
@file 35: dict lappend flow_vars flow_vars_pegasus_drc_rule_file                          type          string
@file 36: dict lappend flow_vars flow_vars_pegasus_drc_rule_file                          default       ""
@file 37: dict lappend flow_vars flow_vars_pvs_lvs_rule_file                              description   "Path to PVS LVS rule file"
@file 38: dict lappend flow_vars flow_vars_pvs_lvs_rule_file                              type          string
@file 39: dict lappend flow_vars flow_vars_pvs_lvs_rule_file                              default       ""
@file 40: dict lappend flow_vars flow_vars_pegasus_lvs_rule_file                          description   "Path to PEGASUS LVS rule file"
@file 41: dict lappend flow_vars flow_vars_pegasus_lvs_rule_file                          type          string
@file 42: dict lappend flow_vars flow_vars_pegasus_lvs_rule_file                          default       ""
@file 43: dict lappend flow_vars flow_vars_pvs_antenna_rule_file                          description   "Path to PVS antenna rule file"
@file 44: dict lappend flow_vars flow_vars_pvs_antenna_rule_file                          type          string
@file 45: dict lappend flow_vars flow_vars_pvs_antenna_rule_file                          default       ""
@file 46: dict lappend flow_vars flow_vars_pegasus_antenna_rule_file                      description   "Path to Pegasus antenna rule file"
@file 47: dict lappend flow_vars flow_vars_pegasus_antenna_rule_file                      type          string
@file 48: dict lappend flow_vars flow_vars_pegasus_antenna_rule_file                      default       ""
@file 49: dict lappend flow_vars flow_vars_pvs_metal_fill_rule_file                       description   "Path to PVS metal fill rule file"
@file 50: dict lappend flow_vars flow_vars_pvs_metal_fill_rule_file                       type          string
@file 51: dict lappend flow_vars flow_vars_pvs_metal_fill_rule_file                       default       ""
@file 52: dict lappend flow_vars flow_vars_pegasus_metal_fill_rule_file                   description   "Path to PEGASUS metal fill rule file"
@file 53: dict lappend flow_vars flow_vars_pegasus_metal_fill_rule_file                   type          string
@file 54: dict lappend flow_vars flow_vars_pegasus_metal_fill_rule_file                   default       ""
@file 55: dict lappend flow_vars flow_vars_pvs_feol_fill_rule_file                        description   "Path to PVS FEOL fill rule file"
@file 56: dict lappend flow_vars flow_vars_pvs_feol_fill_rule_file                        type          string
@file 57: dict lappend flow_vars flow_vars_pvs_feol_fill_rule_file                        default       ""
@file 58: dict lappend flow_vars flow_vars_pegasus_feol_fill_rule_file                    description   "Path to PEGASUS FEOL fill rule file"
@file 59: dict lappend flow_vars flow_vars_pegasus_feol_fill_rule_file                    type          string
@file 60: dict lappend flow_vars flow_vars_pegasus_feol_fill_rule_file                    default       ""
@file 61: dict lappend flow_vars flow_vars_gdsout_stream_map_file                         description   "Path to stream out map file"
@file 62: dict lappend flow_vars flow_vars_gdsout_stream_map_file                         type          string
@file 63: dict lappend flow_vars flow_vars_gdsout_stream_map_file                         default       ""
@file 64: dict lappend flow_vars flow_vars_pegasus_metal_fill_gdsout_stream_map_file      description   "Path to PEGASUS metal fill stream out map file"
@file 65: dict lappend flow_vars flow_vars_pegasus_metal_fill_gdsout_stream_map_file      type          string
@file 66: dict lappend flow_vars flow_vars_pegasus_metal_fill_gdsout_stream_map_file      default       ""
@file 67: dict lappend flow_vars flow_vars_gdsin_stream_map_file                          description   "Path to stream in map file"
@file 68: dict lappend flow_vars flow_vars_gdsin_stream_map_file                          type          string
@file 69: dict lappend flow_vars flow_vars_gdsin_stream_map_file                          default       ""
@file 70: dict lappend flow_vars flow_vars_gdsout_layer_map_table                         description   "Path to stream out map file"
@file 71: dict lappend flow_vars flow_vars_gdsout_layer_map_table                         type          string
@file 72: dict lappend flow_vars flow_vars_gdsout_layer_map_table                         default       ""
@file 73: dict lappend flow_vars flow_vars_ict_em_models                                  description   "Path to ict em models"
@file 74: dict lappend flow_vars flow_vars_ict_em_models                                  type          string
@file 75: dict lappend flow_vars flow_vars_ict_em_models                                  default       ""
@file 76:
@file 77: # Design info
@file 78: dict lappend flow_vars flow_vars_rtl_root_dir                                   description   "Design RTL root directory"
@file 79: dict lappend flow_vars flow_vars_rtl_root_dir                                   type          string
@file 80: dict lappend flow_vars flow_vars_rtl_root_dir                                   default       ""
@file 81: dict lappend flow_vars flow_vars_design_name                                    description   "Top level design name"
@file 82: dict lappend flow_vars flow_vars_design_name                                    type          string
@file 83: dict lappend flow_vars flow_vars_design_name                                    default       ""
@file 84: dict lappend flow_vars flow_vars_design_top                                     description   "Top entity name to be elaborated"
@file 85: dict lappend flow_vars flow_vars_design_top                                     type          string
@file 86: dict lappend flow_vars flow_vars_design_top                                     default       ""
@file 87: dict lappend flow_vars flow_vars_power_intent                                   description   "Path to the power intent file"
@file 88: dict lappend flow_vars flow_vars_power_intent                                   type          string
@file 89: dict lappend flow_vars flow_vars_power_intent                                   default       ""
@file 90: dict lappend flow_vars flow_vars_floorplan_def                                  description   "Path to the floorplan def file"
@file 91: dict lappend flow_vars flow_vars_floorplan_def                                  type          string
@file 92: dict lappend flow_vars flow_vars_floorplan_def                                  default       ""
@file 93: dict lappend flow_vars flow_vars_tcf_file                                       description   "Path to the activity file generated by joules"
@file 94: dict lappend flow_vars flow_vars_tcf_file                                       type          string
@file 95: dict lappend flow_vars flow_vars_tcf_file                                       default       ""
@file 96: dict lappend flow_vars flow_vars_bist_signals                                   description   "Generated verilog file which specifies bist signal connectivity"
@file 97: dict lappend flow_vars flow_vars_bist_signals                                   type          string
@file 98: dict lappend flow_vars flow_vars_bist_signals                                   default       ""
@file 99: dict lappend flow_vars flow_vars_scan_abstracts                                 description   "Subblock scan abstract file paths"
@file 100: dict lappend flow_vars flow_vars_scan_abstracts                                 type          string
@file 101: dict lappend flow_vars flow_vars_scan_abstracts                                 default       ""
@file 102: dict lappend flow_vars flow_vars_elaboration_parameters                         description   "Design toplevel parameters"
@file 103: dict lappend flow_vars flow_vars_elaboration_parameters                         type          string
@file 104: dict lappend flow_vars flow_vars_elaboration_parameters                         default       ""
@file 105:
@file 106: # MMMC info
@file 107: dict lappend flow_vars flow_vars_constraint_modes                               description   "Define the list of constraint modes"
@file 108: dict lappend flow_vars flow_vars_constraint_modes                               type          string
@file 109: dict lappend flow_vars flow_vars_constraint_modes                               default       ""
@file 110: dict lappend flow_vars flow_vars_setup_synth_active_views                       description   "Define the list of setup active analysis views for Synthesis"
@file 111: dict lappend flow_vars flow_vars_setup_synth_active_views                       type          string
@file 112: dict lappend flow_vars flow_vars_setup_synth_active_views                       default       ""
@file 113: dict lappend flow_vars flow_vars_setup_pnr_active_views                         description   "Define the list of setup active analysis views for P&R"
@file 114: dict lappend flow_vars flow_vars_setup_pnr_active_views                         type          string
@file 115: dict lappend flow_vars flow_vars_setup_pnr_active_views                         default       ""
@file 116: dict lappend flow_vars flow_vars_setup_sta_active_views                         description   "Define the list of setup active analysis views for STA"
@file 117: dict lappend flow_vars flow_vars_setup_sta_active_views                         type          string
@file 118: dict lappend flow_vars flow_vars_setup_sta_active_views                         default       ""
@file 119: dict lappend flow_vars flow_vars_hold_views                                     description   "Define the list of hold analysis views"
@file 120: dict lappend flow_vars flow_vars_hold_views                                     type          string
@file 121: dict lappend flow_vars flow_vars_hold_views                                     default       ""
@file 122: dict lappend flow_vars flow_vars_hold_pnr_active_views                          description   "Define the list of hold active analysis views for P&R"
@file 123: dict lappend flow_vars flow_vars_hold_pnr_active_views                          type          string
@file 124: dict lappend flow_vars flow_vars_hold_pnr_active_views                          default       ""
@file 125: dict lappend flow_vars flow_vars_hold_sta_active_views                          description   "Define the list of hold active analysis views for STA"
@file 126: dict lappend flow_vars flow_vars_hold_sta_active_views                          type          string
@file 127: dict lappend flow_vars flow_vars_hold_sta_active_views                          default       ""
@file 128: dict lappend flow_vars flow_vars_power_view                                     description   "Define the power analysis view"
@file 129: dict lappend flow_vars flow_vars_power_view                                     type          string
@file 130: dict lappend flow_vars flow_vars_power_view                                     default       ""
@file 131: dict lappend flow_vars flow_vars_mmmc_vt_flavor_list                            description   "Define the the list of different VTs that should be loaded in the tool"
@file 132: dict lappend flow_vars flow_vars_mmmc_vt_flavor_list                            type          string
@file 133: dict lappend flow_vars flow_vars_mmmc_vt_flavor_list                            default       ""
@file 134:
@file 135: # Physical info
@file 136: dict lappend flow_vars flow_vars_lef_list                                       description   "Lef file list definition"
@file 137: dict lappend flow_vars flow_vars_lef_list                                       type          string
@file 138: dict lappend flow_vars flow_vars_lef_list                                       default       ""
@file 139: dict lappend flow_vars flow_vars_stdcell_gds_list                               description   "Stdcell GDS file list definition"
@file 140: dict lappend flow_vars flow_vars_stdcell_gds_list                               type          string
@file 141: dict lappend flow_vars flow_vars_stdcell_gds_list                               default       ""
@file 142: dict lappend flow_vars flow_vars_stdcell_spi_list                               description   "Stdcell SPICE file list definition"
@file 143: dict lappend flow_vars flow_vars_stdcell_spi_list                               type          string
@file 144: dict lappend flow_vars flow_vars_stdcell_spi_list                               default       ""
@file 145: dict lappend flow_vars flow_vars_memory_gds_list                                description   "Memory GDS file list definition"
@file 146: dict lappend flow_vars flow_vars_memory_gds_list                                type          string
@file 147: dict lappend flow_vars flow_vars_memory_gds_list                                default       ""
@file 148: dict lappend flow_vars flow_vars_memory_spi_list                                description   "Memory SPICE file list definition"
@file 149: dict lappend flow_vars flow_vars_memory_spi_list                                type          string
@file 150: dict lappend flow_vars flow_vars_memory_spi_list                                default       ""
@file 151: dict lappend flow_vars flow_vars_io_gds_list                                    description   "IO GDS file list definition"
@file 152: dict lappend flow_vars flow_vars_io_gds_list                                    type          string
@file 153: dict lappend flow_vars flow_vars_io_gds_list                                    default       ""
@file 154: dict lappend flow_vars flow_vars_io_spi_list                                    description   "IO SPICE file list definition"
@file 155: dict lappend flow_vars flow_vars_io_spi_list                                    type          string
@file 156: dict lappend flow_vars flow_vars_io_spi_list                                    default       ""
@file 157: dict lappend flow_vars flow_vars_macro_gds_list                                 description   "Macro GDS file list definition"
@file 158: dict lappend flow_vars flow_vars_macro_gds_list                                 type          string
@file 159: dict lappend flow_vars flow_vars_macro_gds_list                                 default       ""
@file 160: dict lappend flow_vars flow_vars_macro_spi_list                                 description   "Macro SPICE file list definition"
@file 161: dict lappend flow_vars flow_vars_macro_spi_list                                 type          string
@file 162: dict lappend flow_vars flow_vars_macro_spi_list                                 default       ""
@file 163: dict lappend flow_vars flow_vars_dont_use_list                                  description   "dont_use cell list definition"
@file 164: dict lappend flow_vars flow_vars_dont_use_list                                  type          string
@file 165: dict lappend flow_vars flow_vars_dont_use_list                                  default       ""
@file 166: dict lappend flow_vars flow_vars_sdf_list                                       description   "Macro SDF file list definition"
@file 167: dict lappend flow_vars flow_vars_sdf_list                                       type          string
@file 168: dict lappend flow_vars flow_vars_sdf_list                                       default       ""
@file 169: dict lappend flow_vars flow_vars_voltus_file_list                               description   "Voltus file list definition"
@file 170: dict lappend flow_vars flow_vars_voltus_file_list                               type          string
@file 171: dict lappend flow_vars flow_vars_voltus_file_list                               default       ""
@file 172:
@file 173: # Transform all dict to attribute
@file 174: foreach myAttr [dict keys $flow_vars] {
  if { ![is_attribute -obj_type root $myAttr]} {
    define_attribute $myAttr \
      -category user_flow \
      -data_type [dict get $flow_vars $myAttr type] \
      -default [dict get $flow_vars $myAttr default] \
      -help_string [dict get $flow_vars $myAttr description] \
      -obj_type root
    }
}
@file 184:
#@ End verbose source: /home/student/16/ex8/flow_datapath_top_1/cadence_flow_scripts/scripts/flow_attributes.tcl
Info: Sourcing scripts/design_setup.tcl
#@ Begin verbose source scripts/design_setup.tcl (pre)
@file 1: ################################################################################
@file 2: # Design specific setup
@file 3: ################################################################################
@file 4: # Time-stamp: <2025-10-25 15:42:58 qftele>
@file 5:
@file 6: # Directory structure
@@file 7: set_db flow_vars_data_directory                             [exec pwd]
@file 8:
@file 9: # Design info
@@file 10: set_db flow_vars_rtl_root_dir                               .
@@file 11: set_db flow_vars_design_name                                $env(MODULE_NAME)
@@file 12: set_db flow_vars_design_top                                 $env(MODULE_NAME)
@@file 13: set_db flow_vars_power_intent                               "[get_db flow_vars_data_directory]/constraints/[get_db flow_vars_design_name].upf"
@@file 14: set_db flow_vars_floorplan_def                              "[get_db flow_vars_data_directory]/floorplan_def/[get_db flow_vars_design_name].def.gz"
@@file 15: set_db flow_vars_tcf_file				    [list /userwork8/tlehtine/projects/ML/sim/mem_pow_test/sim_out_read_1GHz.vcd tb_top.i_dut]
@@file 16: set_db flow_vars_bist_signals                               ""
@@file 17: set_db flow_vars_elaboration_parameters                     ""
@file 18:
@file 19: # block specific MMMC settings
@@file 20: set_db flow_vars_constraint_modes                           [list \
								 func \
								 scan_capture \
								 scan_shift \
							    ]
@@file 25: set_db flow_vars_setup_synth_active_views                   [list \
                                                              slow_0p9v_125c_cmax_func \
                                                              slow_0p9v_125c_cmax_scan_capture \
                                                              slow_0p9v_125c_cmax_scan_shift \
                                                            ]
@@file 30: set_db flow_vars_setup_pnr_active_views                     [list \
                                                              slow_0p9v_125c_cmax_func \
                                                              slow_0p9v_125c_cmax_scan_capture \
                                                              slow_0p9v_125c_cmax_scan_shift \
                                                            ]
@@file 35: set_db flow_vars_setup_sta_active_views                     [list \
                                                              slow_0p9v_125c_cmax_func \
                                                              slow_0p9v_125c_cmax_scan_capture \
                                                              slow_0p9v_125c_cmax_scan_shift \
                                                              ]
@@file 40: set_db flow_vars_hold_views                                 "fast_1p1v_0c_cmin_func"
@@file 41: set_db flow_vars_hold_pnr_active_views                      [list \
                                                                 slow_0p9v_125c_cmax_func \
                                                                 slow_0p9v_125c_cmax_scan_capture \
                                                                 slow_0p9v_125c_cmax_scan_shift \
								 fast_1p1v_0c_cmin_func \
								 fast_1p1v_0c_cmin_scan_capture \
								 fast_1p1v_0c_cmin_scan_shift \
                                                            ]
@@file 49: set_db flow_vars_hold_sta_active_views                      [list \
                                                                 slow_0p9v_125c_cmax_func \
                                                                 slow_0p9v_125c_cmax_scan_capture \
                                                                 slow_0p9v_125c_cmax_scan_shift \
								 fast_1p1v_0c_cmin_func \
								 fast_1p1v_0c_cmin_scan_capture \
								 fast_1p1v_0c_cmin_scan_shift \
                                                            ]
@file 57: # set_db flow_vars_hold_sta_active_views                      [get_db flow_vars_hold_pnr_active_views]
@@file 58: set_db flow_vars_power_view                                 [lindex [get_db flow_vars_setup_synth_active_views] 0]
@file 59: #set_db flow_vars_power_view                                 "fast_1p1v_0c_cmin_func"
#@ End verbose source scripts/design_setup.tcl
Warning: Overriding project technology setup from local folder
Info: Sourcing scripts/tech_setup.tcl
#@ Begin verbose source scripts/tech_setup.tcl (pre)
@file 1: ################################################################################
@file 2: # Project level Technology setup
@file 3: ################################################################################
@file 4: # Time-stamp: <2025-11-08 15:27:43 qftele>
@file 5:
@file 6: set TECHNOLOGY "gpdk045"
@file 7: set TECH_SETUP_VERSION "v1.0"
@file 8: puts "Info: TECHNOLOGY SETUP: $TECHNOLOGY : $TECH_SETUP_VERSION"
Info: TECHNOLOGY SETUP: gpdk045 : v1.0
@file 9:
@file 10: # Directory structure
@@file 11: set_db flow_vars_lef_tech_file                             "/opt/soc/tech/GPDK045/gsclib045/lef/gsclib045_tech.lef"
@@file 12: set_db flow_vars_qrc_tech_directory                        "/opt/soc/tech/GPDK045/gsclib045/qrc"
@@file 13: set_db flow_vars_gdsout_stream_map_file                    "/opt/soc/tech/GPDK045/gsclib045/oa22/gsclib045/gsclib045.layermap"
@file 14:
@file 15: # Technology files
@file 16:
@file 17: # Physical Info
@file 18: set tech_lef_filelist [list ]
@file 19: lappend tech_lef_filelist                                   [get_db flow_vars_lef_tech_file]
@file 20: # Note, flow_vars_lef_list should be empty at this point, and tech lef MUST be the first .lef file read in!
@@file 21: set_db flow_vars_lef_list $tech_lef_filelist
@file 22:
#@ End verbose source scripts/tech_setup.tcl
Warning: Overriding project mmmc setup from local folder
Info: Sourcing scripts/mmmc_setup.tcl
#@ Begin verbose source scripts/mmmc_setup.tcl (pre)
@file 1: ##############################################################################
@file 2: # Project level Mode & Corner definitions
@file 3: ##############################################################################
@file 4: # Time-stamp: <2025-09-23 16:49:18 qftele>
@file 5:
@file 6: set MMMC_SETUP_VERSION "v1.0"
@file 7: # $TECHNOLOGY is set in tech_setup.tcl
@file 8: puts "Info: MMMC SETUP: $TECHNOLOGY : $MMMC_SETUP_VERSION"
Info: MMMC SETUP: gpdk045 : v1.0
@file 9:
@file 10: # Delay corner list
@file 11: set mmmc_vars(delay_corners) \
    [list \
	 slow_0p9v_125c_cmax \
	 fast_1p1v_0c_cmin \
	 ]
@file 16:
@file 17:
@file 18: # Read .lib -files
@file 19: foreach dc $mmmc_vars(delay_corners) {

    regexp {([^_]+)_([^_]+)_([^_]+)_([\w]+)} $dc -> corn volt temp rc

    # qrc techfile
    set mmmc_vars("${rc}_${temp}",qrc_tech) "[get_db flow_vars_qrc_tech_directory]/gpdk045.tch"
    # temperature
    if {${temp} == "m40c"} {
	set mmmc_vars("${rc}_${temp}",temperature) "-40"
    } elseif {${temp} == "125c"} {
	set mmmc_vars("${rc}_${temp}",temperature) "125"
    } elseif {${temp} == "0c"} {
	set mmmc_vars("${rc}_${temp}",temperature) "0"
    } else {
	set mmmc_vars("${rc}_${temp}",temperature) "25"
    }


    ###########################################
    # OCVs &  Clock uncertainties for FLAT OCV
    ###########################################

    # use following uncertainties
    # FUNC:
    # setup:
    # clock jitter: defined through clock cycle
    # TECH uncertainty: 25ps
    # extra uncertainty (implementation): 20ps
    # extra uncertainty (signoff STA): 0ps
    # hold:
    # TECH uncertainty (SSG): 50ps
    # TECH uncertainty (fast): 40ps
    # extra uncertainty (implementation): 15ps
    # extra uncertainty (signoff STA): 0ps

    # Note, add 1% OCV on top of previous to match LVF
    # so flat values below have 0.01 added (subtracted) because of this

    # setup in slow, 0.81v, -40C/125c, cmax
    if {$corn eq "slow" &&
	$volt eq "0p9v" &&
	($temp eq "m40c" || $temp eq "0c" || $temp eq "125c") &&
	($rc eq "cmax")} {
	
	# -2.0% + -3.7% (10mV V-margin) + -0.6% (10c T-margin) for capturing clock cell
	set mmmc_vars(${dc},flat_clock_cell_early)  "0.927"
	# +2.0% for launching clock cell
	set mmmc_vars(${dc},flat_clock_cell_late)   "1.03"
	# hold not checked in this corner
	set mmmc_vars(${dc},flat_data_cell_early)   "1.0"
	# + 6.9% on data cell
	set mmmc_vars(${dc},flat_data_cell_late)    "1.079"

	# -6.0% for clock net
	set mmmc_vars(${dc},flat_clock_net_early)  "0.93"
	# +6.0% for clock net
	set mmmc_vars(${dc},flat_clock_net_late)   "1.07"
	# hold not checked in this corner
	set mmmc_vars(${dc},flat_data_net_early)   "1.0"
	# +6.0 for data net
	set mmmc_vars(${dc},flat_data_net_late)    "1.07"

    # hold in slow, 0.81v, -40c/125c, cmax
    } elseif {$corn eq "slow" &&
	      $volt eq "0p9v" &&
	      ($temp eq "m40c" || $temp eq "0c" || $temp eq "125c") &&
	      ($rc eq "cmax")} {
	
	# -3.2% + -7.0% (20mV V-margin) + -0.6% (10c T-margin) for launching clock cell
	set mmmc_vars(${dc},flat_clock_cell_early)  "0.882"
	# +3.2% for capturing clock cell
	set mmmc_vars(${dc},flat_clock_cell_late)   "1.042"
	# -9.7% + -7.0% (20mV V-margin) + -0.6% (10c T-margin) for data
	set mmmc_vars(${dc},flat_data_cell_early)   "0.817"
	# setup not checked
	set mmmc_vars(${dc},flat_data_cell_late)    "1.0"

	# -8.5% for launching clock net
	set mmmc_vars(${dc},flat_clock_net_early)  "0.905"
	# no derate on capturing clock net
	set mmmc_vars(${dc},flat_clock_net_late)   "1.0"
	# -8.5% for data net
	set mmmc_vars(${dc},flat_data_net_early)   "0.905"
	# setup not checked
	set mmmc_vars(${dc},flat_data_net_late)    "1.0"

    # hold in fast, 0.99v, -40c/0c/125c, cmax
    } elseif {$corn eq "fast" &&
	      $volt eq "1p1v" &&
	      ($temp eq "m40c" || $temp eq "0c" || $temp eq "125c") &&
	      ($rc eq "cmax")} {
	
	# -3.7% for launching clock cell
	set mmmc_vars(${dc},flat_clock_cell_early)  "0.953"
	# +3.7% + +5.1% (30mV V-margin) + 0.5% (10c T-margin) for capturing clock cell
	set mmmc_vars(${dc},flat_clock_cell_late)   "1.103"
	# -12.1% for data
	set mmmc_vars(${dc},flat_data_cell_early)   "0.869"
	# setup not checked
	set mmmc_vars(${dc},flat_data_cell_late)    "1.0"

	# -8.5% for launching clock net
	set mmmc_vars(${dc},flat_clock_net_early)  "0.905"
	# no derate on capturing clock net
	set mmmc_vars(${dc},flat_clock_net_late)   "1.0"
	# -8.5% for data net
	set mmmc_vars(${dc},flat_data_net_early)   "0.905"
	# setup not checked
	set mmmc_vars(${dc},flat_data_net_late)    "1.0"

    # hold in fast, 0.99v, -40c/0c/125c, cmin
    } elseif {$corn eq "fast" &&
	      $volt eq "1p1v" &&
	      ($temp eq "m40c" || $temp eq "0c" || $temp eq "125c") &&
	      ($rc eq "cmin")} {
	
	# -3.7% for launching clock cell
	set mmmc_vars(${dc},flat_clock_cell_early)  "0.953"
	# +3.7% + +5.1% (30mV V-margin) + 0.5% (10c T-margin) for capturing clock cell
	set mmmc_vars(${dc},flat_clock_cell_late)   "1.083"
	# -12.1% for data
	set mmmc_vars(${dc},flat_data_cell_early)   "0.869"
	# setup not checked
	set mmmc_vars(${dc},flat_data_cell_late)    "1.0"

	# no derate on launching clock net
	set mmmc_vars(${dc},flat_clock_net_early)  "1.0"
	# +8.5% for capturing clock net
	set mmmc_vars(${dc},flat_clock_net_late)   "1.075"
	# no derate for data net
	set mmmc_vars(${dc},flat_data_net_early)   "1.0"
	# setup not checked
	set mmmc_vars(${dc},flat_data_net_late)    "1.0"

    } else {
	puts "Fatal: delay corner ${dc} OCVs not defined (corner: $corn, voltage: $volt, temperature: $temp, rc: ${rc})"
	exit 1
    }

    ###########################################
    # OCVs &  Clock uncertainties for SOCV
    ###########################################

    # Note, only voltage and temperature OCVs needed

    # Early & late variation factors from:
    set mmmc_vars(early_rc_variation_factor) 0.06
    set mmmc_vars(late_rc_variation_factor) 0.06

    set mmmc_vars(timing_socv_analysis_nsigma_multiplier) 3

    # slow, 0.81v, -40c
    if {$corn eq "slow" &&
	$volt eq "0p9v" &&
	$temp eq "m40c"} {
        
        # DATA  @ 20.3mV : 7.4%
        # DATA  @ 10c    : 0.9%
        # CLOCK @ 20.3mV : 5.4%
        # CLOCK @ 10c    : 0.7%

        # For setup only derate clock
	set mmmc_vars(${dc},socv_clock_cell_late)   "0.054"
	set mmmc_vars(${dc},socv_data_cell_late)    "0.0"
        # For hold in slow derate data & launching clock
	set mmmc_vars(${dc},socv_clock_cell_early)  "-0.061"
	set mmmc_vars(${dc},socv_data_cell_early)   "-0.083"

    } elseif {$corn eq "slow" &&
	$volt eq "0p9v" &&
	$temp eq "125c"} {
       
        # DATA  @ 20.3mV : 5.0%
        # DATA  @ 10c    : 0.3%
        # CLOCK @ 20.3mV : 3.5%
        # CLOCK @ 10c    : 0.2%

        # For setup only derate clock
	set mmmc_vars(${dc},socv_clock_cell_late)   "0.037"
	set mmmc_vars(${dc},socv_data_cell_late)    "0.0"
        # For hold in slow derate data & launching clock
	set mmmc_vars(${dc},socv_clock_cell_early)  "-0.037"
	set mmmc_vars(${dc},socv_data_cell_early)   "-0.053"

    } elseif {$corn eq "slow" &&
	$volt eq "0p9v" &&
	$temp eq "0c"} {
       
        # DATA  @ 20.3mV : 6.6%
        # DATA  @ 10c    : 0.8%
        # CLOCK @ 20.3mV : 4.9%
        # CLOCK @ 10c    : 0.6%

        # For setup only derate clock
	set mmmc_vars(${dc},socv_clock_cell_late)   "0.055"
	set mmmc_vars(${dc},socv_data_cell_late)    "0.0"
        # For hold in slow derate data & launching clock
	set mmmc_vars(${dc},socv_clock_cell_early)  "-0.055"
	set mmmc_vars(${dc},socv_data_cell_early)   "-0.074"

    } elseif {$corn eq "fast" &&
	$volt eq "1p1v" &&
	$temp eq "m40c"} {
       
        # DATA  @ 45mV   : 7.4%
        # DATA  @ 10c    : 0.5%
        # CLOCK @ 45mV   : 5.1%
        # CLOCK @ 10c    : 0.6%

        # For setup only derate clock
	set mmmc_vars(${dc},socv_clock_cell_late)   "0.057"
	set mmmc_vars(${dc},socv_data_cell_late)    "0.0"
        # For hold in slow derate data & launching clock
	set mmmc_vars(${dc},socv_clock_cell_early)  "-0.057"
	set mmmc_vars(${dc},socv_data_cell_early)   "-0.079"

     } elseif {$corn eq "fast" &&
	$volt eq "1p1v" &&
	$temp eq "125c"} {

        # DATA  @ 45mV   : 5.8%
        # DATA  @ 10c    : 0.5%
        # CLOCK @ 45mV   : 3.6%
        # CLOCK @ 10c    : 0.6%

        # For setup only derate clock
	set mmmc_vars(${dc},socv_clock_cell_late)   "0.042"
	set mmmc_vars(${dc},socv_data_cell_late)    "0.0"
        # For hold in slow derate data & launching clock
	set mmmc_vars(${dc},socv_clock_cell_early)  "-0.042"
	set mmmc_vars(${dc},socv_data_cell_early)   "-0.063"

    } elseif {$corn eq "fast" &&
	$volt eq "1p1v" &&
	$temp eq "0c"} {

        # DATA  @ 45mV   : 7.0%
        # DATA  @ 10c    : 0.4%
        # CLOCK @ 45mV   : 4.7%
        # CLOCK @ 10c    : 0.4%

        # For setup only derate clock
	set mmmc_vars(${dc},socv_clock_cell_late)   "0.051"
	set mmmc_vars(${dc},socv_data_cell_late)    "0.0"
        # For hold in slow derate data & launching clock
	set mmmc_vars(${dc},socv_clock_cell_early)  "-0.051"
	set mmmc_vars(${dc},socv_data_cell_early)   "-0.074"

     } else {
        puts "Fatal: corner / voltage / temperature combination not allowed (corner: $corn, voltage: $volt, temperature: $temp)"
        exit 1
    }
}
@file 272:
@file 273: # Constraint mode list
@file 274: set mmmc_vars(constraint_modes) [get_db flow_vars_constraint_modes]
@file 275:
@file 276: foreach cm $mmmc_vars(constraint_modes) {
    if {[get_db program_short_name] == "genus"} {
#	if {${cm} == "func"} {
	    set mmmc_vars(${cm},sdc_files) [list [get_db flow_vars_data_directory]/constraints/[get_db flow_vars_design_name].constraints.${cm}.tcl \
						[get_db flow_vars_data_directory]/constraints/[get_db flow_vars_design_name].boundary_conditions.tcl \
						]
#	} else {
#	    set mmmc_vars(${cm},sdc_files) [get_db flow_vars_data_directory]/constraints/[get_db flow_vars_design_name].constraints.dummy.tcl
#	}
    } else {
	if {${cm} == "func"} {
	    set mmmc_vars(${cm},sdc_files) [list [get_db flow_vars_data_directory]/constraints/[get_db flow_vars_design_name].constraints.${cm}.tcl \
						[get_db flow_vars_data_directory]/constraints/[get_db flow_vars_design_name].boundary_conditions.tcl \
						[get_db flow_vars_data_directory]/constraints/[get_db flow_vars_design_name].constraints.hier_dft.tcl \
						]
	} else {
	    set mmmc_vars(${cm},sdc_files) [list [get_db flow_vars_data_directory]/constraints/[get_db flow_vars_design_name].constraints.${cm}.tcl \
						[get_db flow_vars_data_directory]/constraints/[get_db flow_vars_design_name].boundary_conditions.tcl \
						]
	}
    }
}
#@ End verbose source scripts/mmmc_setup.tcl
Warning: Overriding project library setup from local folder
Info: Sourcing scripts/library_setup.tcl
#@ Begin verbose source scripts/library_setup.tcl (pre)
@file 1: ################################################################################
@file 2: # Project level Library setup
@file 3: ################################################################################
@file 4: # Time-stamp: <2025-11-08 15:36:55 qftele>
@file 5:
@file 6: set PROJECT "Ballast"
@file 7: set LIBRARY_SETUP_VERSION "v1.0"
@file 8: puts "Info: LIBRARY SETUP: $PROJECT : $LIBRARY_SETUP_VERSION"
Info: LIBRARY SETUP: Ballast : v1.0
@file 9:
@file 10: # Directory structure
@@file 11: set_db flow_vars_stdcell_path                               "/opt/soc/tech/GPDK045/gsclib045"
@@file 12: set_db flow_vars_dft_data_directory                         [exec pwd]/dft_lib
@@file 13: set_db flow_vars_dft_library                                "[get_db flow_vars_dft_data_directory]/dft_lib_specify.v"
@@file 14: set_db flow_vars_dft_ncsim_library                          "[get_db flow_vars_dft_data_directory]/dft_lib_specify.v"
@file 15:
@file 16: # STD CELL dont use list
@@file 17: set_db flow_vars_dont_use_list                              [list "{.name==*FOOFOO*}" "{.name==*FIIFAA*}" ]
@file 18:
@file 19:
@file 20: ################################################################################
@file 21: # Physical information of macros & std cells
@file 22: ################################################################################
@file 23: set io_lef_filelist [list ]
@file 24: set io_gds_filelist [list ]
@file 25: set io_spi_filelist [list ]
@file 26:
@file 27: # PADs
@file 28: lappend io_lef_filelist ""
@file 29: lappend io_gds_filelist ""
@file 30: lappend io_spi_filelist ""
@file 31:
@@file 32: set_db flow_vars_lef_list [concat [get_db flow_vars_lef_list] $io_lef_filelist]
@@file 33: set_db flow_vars_io_gds_list $io_gds_filelist
@@file 34: set_db flow_vars_io_spi_list $io_spi_filelist
@file 35:
@file 36: set stdcell_lef_filelist [list ]
@file 37: set stdcell_gds_filelist [list ]
@file 38: set stdcell_spi_filelist [list ]
@file 39:
@file 40: # Add LEF
@file 41: lappend stdcell_lef_filelist [get_db flow_vars_stdcell_path]/lef/gsclib045_macro.lef
@file 42:
@file 43: # Add GDS
@file 44: lappend stdcell_gds_filelist /opt/soc/tech/GPDK045/gsclib045/gds/gsclib045.gds
@file 45:
@@file 46: set_db flow_vars_lef_list [concat [get_db flow_vars_lef_list] $stdcell_lef_filelist]
@@file 47: set_db flow_vars_stdcell_gds_list $stdcell_gds_filelist
@@file 48: set_db flow_vars_stdcell_spi_list $stdcell_spi_filelist
@file 49:
@file 50: # Add slow & fast
@file 51: foreach dc $mmmc_vars(delay_corners) {
    set mmmc_vars(${dc},timing_nldm) [list \
                                         ]
    set mmmc_vars(${dc},timing_ecsm) [list \
                                         ]
    if {[regexp {slow} $dc]} {
        lappend mmmc_vars(${dc},timing_nldm) [get_db flow_vars_stdcell_path]/timing/slow_vdd1v0_basicCells.lib
        lappend mmmc_vars(${dc},timing_ecsm) [get_db flow_vars_stdcell_path]/timing/slow_vdd1v0_basicCells.lib
    } else {
        lappend mmmc_vars(${dc},timing_nldm) [get_db flow_vars_stdcell_path]/timing/fast_vdd1v0_basicCells.lib
        lappend mmmc_vars(${dc},timing_ecsm) [get_db flow_vars_stdcell_path]/timing/fast_vdd1v0_basicCells.lib
    }
}
#@ End verbose source scripts/library_setup.tcl
Info: Sourcing /home/student/16/ex8/flow_datapath_top_1/cadence_flow_scripts/scripts/global_macro_setup.tcl
#@ Begin verbose source /home/student/16/ex8/flow_datapath_top_1/cadence_flow_scripts/scripts/global_macro_setup.tcl (pre)
@file 1: ################################################################################
@file 2: # Setup for macros in hierarchical designs
@file 3: ################################################################################
@file 4: # Time-stamp: <2025-09-02 09:47:10 qftele>
@file 5:
@file 6: set MACRO_SETUP_VERSION "v1.0"
@file 7: puts "Info: MACRO SETUP: $MACRO_SETUP_VERSION"
Info: MACRO SETUP: v1.0
@file 8:
@file 9: #########################################################################################################
@file 10: # Macro info
@file 11: # List all DUT versions of all macros in project
@file 12: #########################################################################################################
@file 13: array set global_macro_exportdir {
}
@file 15:
@file 16: #########################################################################################################
@file 17: # Global IPs
@file 18: #########################################################################################################
@file 19:
@file 20: # .lefs
@file 21: set ip_lef_filelist [list ]
@file 22: # PLL
@file 23: lappend ip_lef_filelist ""
@file 24:
@@file 25: set_db flow_vars_lef_list [concat [get_db flow_vars_lef_list] $ip_lef_filelist]
@file 26:
@file 27: # .libs
@file 28: foreach dc $mmmc_vars(delay_corners) {

    regexp {([^_]+)_([^_]+)_([^_]+)_([\w]+)} $dc -> corn volt temp rc

    # PLL .lib
    lappend mmmc_vars(${dc},timing_nldm) ""
    lappend mmmc_vars(${dc},timing_ecsm) ""
    lappend mmmc_vars(${dc},timing_lvf) ""
}
#@ End verbose source /home/student/16/ex8/flow_datapath_top_1/cadence_flow_scripts/scripts/global_macro_setup.tcl
Warning: Overriding project macro setup from local folder
Info: Sourcing scripts/local_macro_setup.tcl
#@ Begin verbose source scripts/local_macro_setup.tcl (pre)
@file 1: ################################################################################
@file 2: # Local setup for macros in hierarchical designs
@file 3: # Setup lef & libs fr tools, regardless of whether DUT contains any macros
@file 4: ################################################################################
@file 5: # Time-stamp: <2025-11-10 22:56:41 qftele>
@file 6: #########################################################################################################
@file 7: # Macro info
@file 8: # List versions of macros used in DUT
@file 9: #########################################################################################################
@file 10: if {1} {
@file 11: array unset global_macro_exportdir
@file 12:
@file 13: set macro_scan_abstract_filelist [list ]
@file 14: set macro_lef_filelist [list ]
@file 15:
@file 16: # set module name and location of all sub-blocks here
@file 17: array set local_macro_exportdir {
    matmul_sync "../flow_matmul_sync_1"
}
@file 20:
@file 21: array set memarray {
    256x32 "IN22FDX_S1DU_BFUG_W00256B032M04C128"
}
@file 24:
@file 25: # Go through global settings for macros and see if there's a local override
@file 26: foreach {blockname blockpath} [array get global_macro_exportdir] {

    # do not read in a model for DUT
    if {![string compare $blockname [get_db flow_vars_design_name]]} {
	puts "Info([info script]): Skipping reading in model for $blockname since it's DUT"
	continue
    }

    if {[info exists local_macro_exportdir($blockname)]} {
	if {[string compare $blockpath $local_macro_exportdir($blockname)]} {
	    puts "Warning([info script]): Overriding global setting for $blockname ->"
	    puts "\#OLD\#: $blockpath"
	    puts "\#NEW\#: $local_macro_exportdir($blockname)"
	    set $blockpath $local_macro_exportdir($blockname)
	}
    }

    # scan abstract for DFT
    if {[file exists $blockpath/dbs/syn_opt/$blockname.scan.abstract]} {
	lappend macro_scan_abstract_filelist $blockpath/dbs/syn_opt/$blockname.scan.abstract
    } else {
	puts "Error([info script]): scan abstract not found for block $blockname from $blockpath/dbs/syn_opt"
    }

    # MACROs
    if {[file exists $blockpath/models/opt_signoff/$blockname.lef]} {
	lappend macro_lef_filelist $blockpath/models/opt_signoff/$blockname.lef
    } elseif {[file exists $blockpath/models/cts/$blockname.lef]} {
	lappend macro_lef_filelist $blockpath/models/cts/$blockname.lef
    } elseif {[file exists $blockpath/models/floorplan/$blockname.lef]} {
	lappend macro_lef_filelist $blockpath/models/floorplan/$blockname.lef
    } else {
	puts "Fatal([info script]): .lef not found for block $blockname from $blockpath/models/{opt_signoff|cts|floorplan}"
	exit 1
    }

    # Read .lib -files
    # mmmc_vars(delay_corners) is set in mmmc_setup.tcl
    foreach dc $mmmc_vars(delay_corners) {

	regexp {([^_]+)_([^_]+)_([^_]+)_([\w]+)} $dc -> corn volt temp rc

	if {[file exists $blockpath/models/opt_signoff.sta/$blockname.${corn}_${volt}_${temp}_${rc}.lib]} {
	    lappend mmmc_vars(${dc},timing_nldm) $blockpath/models/opt_signoff.sta/$blockname.${corn}_${volt}_${temp}_${rc}.lib
	    lappend mmmc_vars(${dc},timing_ecsm) $blockpath/models/opt_signoff.sta/$blockname.${corn}_${volt}_${temp}_${rc}.lib
	} elseif {[file exists $blockpath/models/cts/$blockname.${corn}_${volt}_${temp}_${rc}.lib]} {
	    lappend mmmc_vars(${dc},timing_nldm) $blockpath/models/cts/$blockname.${corn}_${volt}_${temp}_${rc}.lib
	    lappend mmmc_vars(${dc},timing_ecsm) $blockpath/models/cts/$blockname.${corn}_${volt}_${temp}_${rc}.lib
	} elseif {[file exists $blockpath/models/floorplan/$blockname.${corn}_${volt}_${temp}_${rc}.lib]} {
	    lappend mmmc_vars(${dc},timing_nldm) $blockpath/models/floorplan/$blockname.${corn}_${volt}_${temp}_${rc}.lib
	    lappend mmmc_vars(${dc},timing_ecsm) $blockpath/models/floorplan/$blockname.${corn}_${volt}_${temp}_${rc}.lib
	} else {
	    puts "Fatal([info script]): .lib not found for block $blockname from $blockpath/models/{opt_signoff.sta|cts|floorplan}"
	    exit 1
	}
    }
}
@file 83: # sanity check to see if global setting are missing block which are defined in local settings!
@file 84: foreach {blockname blockpath} [array get local_macro_exportdir] {
    # do not read in a model for DUT
    if {![string compare $blockname [get_db flow_vars_design_name]]} {
	puts "Info([info script]): Skipping reading in model for $blockname since it's DUT. Remove the definition from local macro settings!"
	continue
    }

    set found 0
    if {[info exists global_macro_exportdir($blockname)]} {
	set found 1
    }

    if {!$found} {
	puts "Warning([info script]): Global setting for $blockname set in local setting not found from global settings! Report this to project toplevel!"	
    } else {
	# it was found so it's already set
	continue
    }

    # scan abstract for DFT
    if {[file exists $blockpath/dbs/syn_opt/$blockname.scan.abstract]} {
	lappend macro_scan_abstract_filelist $blockpath/dbs/syn_opt/$blockname.scan.abstract
    } else {
	puts "Error([info script]): scan abstract not found for block $blockname from $blockpath/dbs/syn_opt"
    }

    # MACROs
    if {[file exists $blockpath/models/opt_signoff/$blockname.lef]} {
	lappend macro_lef_filelist $blockpath/models/opt_signoff/$blockname.lef
    } elseif {[file exists $blockpath/models/cts/$blockname.lef]} {
	lappend macro_lef_filelist $blockpath/models/cts/$blockname.lef
    } elseif {[file exists $blockpath/models/floorplan/$blockname.lef]} {
	lappend macro_lef_filelist $blockpath/models/floorplan/$blockname.lef
    } else {
	puts "Fatal([info script]): .lef not found for block $blockname from $blockpath/models/{opt_signoff|cts|floorplan}"
	exit 1
    }

    # Read .lib -files
    # mmmc_vars(delay_corners) is set in mmmc_setup.tcl
    foreach dc $mmmc_vars(delay_corners) {

	regexp {([^_]+)_([^_]+)_([^_]+)_([\w]+)} $dc -> corn volt temp rc

        puts "corn volt temp rc: ${corn}_${volt}_${temp}_${rc}"

	if {[file exists $blockpath/models/opt_signoff.sta/$blockname.${corn}_${volt}_${temp}_${rc}.lib]} {
	    lappend mmmc_vars(${dc},timing_nldm) $blockpath/models/opt_signoff.sta/$blockname.${corn}_${volt}_${temp}_${rc}.lib
	    lappend mmmc_vars(${dc},timing_ecsm) $blockpath/models/opt_signoff.sta/$blockname.${corn}_${volt}_${temp}_${rc}.lib
	} elseif {[file exists $blockpath/models/cts/$blockname.${corn}_${volt}_${temp}_${rc}.lib]} {
	    lappend mmmc_vars(${dc},timing_nldm) $blockpath/models/cts/$blockname.${corn}_${volt}_${temp}_${rc}.lib
	    lappend mmmc_vars(${dc},timing_ecsm) $blockpath/models/cts/$blockname.${corn}_${volt}_${temp}_${rc}.lib
	} elseif {[file exists $blockpath/models/floorplan/$blockname.${corn}_${volt}_${temp}_${rc}.lib]} {
	    lappend mmmc_vars(${dc},timing_nldm) $blockpath/models/floorplan/$blockname.${corn}_${volt}_${temp}_${rc}.lib
	    lappend mmmc_vars(${dc},timing_ecsm) $blockpath/models/floorplan/$blockname.${corn}_${volt}_${temp}_${rc}.lib
	} else {
	    puts "Fatal([info script]): .lib not found for block $blockname from $blockpath/models/{opt_signoff.sta|cts|floorplan}"
	    exit 1
	}
    }
}
Warning(scripts/local_macro_setup.tcl): Global setting for matmul_sync set in local setting not found from global settings! Report this to project toplevel!
corn volt temp rc: slow_0p9v_125c_cmax
corn volt temp rc: fast_1p1v_0c_cmin
@file 145:
@file 146: ########################################################################
@file 147: # Memories
@file 148: ########################################################################
@file 149:
@file 150: set memory_gds_filelist [list]
@file 151: set memory_spi_filelist [list]
@file 152: foreach {memdir memlist} [array get memarray] {

    set mem_directory ./models
    puts "Info: setting mem_directory as $mem_directory"
    foreach mem $memlist {

        lappend macro_lef_filelist ${mem_directory}/${mem}.lef

        # lappend macro_scan_abstract_filelist ${mem_directory}/${mem}/${mem}.ctl
        #lappend dft_library ${mem_directory}/model/verilog/${mem}.v
        #lappend dft_ncsim_library ${mem_directory}/model/verilog/${mem}.v

        #lappend memory_gds_filelist ${mem_directory}/gds/${mem}.gds

        #lappend memory_spi_filelist ${mem_directory}/cdl/${mem}.cdl

        foreach dc $mmmc_vars(delay_corners) {

	    regexp {([^_]+)_([^_]+)_([^_]+)_([\w]+)} $dc -> corn volt temp rc

	    puts "Info: Adding NLDM: ${mem_directory}/${mem}.${corn}_${volt}_${temp}_${rc}_func.lib"
            lappend mmmc_vars(${dc},timing_nldm) ${mem_directory}/${mem}.${corn}_${volt}_${temp}_${rc}_func.lib
            lappend mmmc_vars(${dc},timing_ecsm) ${mem_directory}/${mem}.${corn}_${volt}_${temp}_${rc}_func.lib
            #lappend mmmc_vars(${dc},timing_lvf) ${mem_directory}/${mem}/${mem}_${corn}g_${rc}_${volt}_${volt}_${temp}.lib_ecsm_tv
        }
    }
}
Info: setting mem_directory as ./models
Info: Adding NLDM: ./models/IN22FDX_S1DU_BFUG_W00256B032M04C128.slow_0p9v_125c_cmax_func.lib
Info: Adding NLDM: ./models/IN22FDX_S1DU_BFUG_W00256B032M04C128.fast_1p1v_0c_cmin_func.lib
@file 179:
@file 180: ########################################################################
@file 181: # Manual hacks for dirty models
@file 182: ########################################################################
@file 183: # .lefs
@file 184: # .libs
@file 185:
@file 186: # lef_filelist originally set in libray_setup.tcl
@file 187: puts "Info: Adding macro info to flow_vars_lef_list in [info script]"
Info: Adding macro info to flow_vars_lef_list in scripts/local_macro_setup.tcl
@@file 188: set_db flow_vars_lef_list [concat [get_db flow_vars_lef_list] $macro_lef_filelist]
@file 189: set pll_idx [lsearch -regexp [get_db flow_vars_lef_list] {CLKPLL}]
@@file 190: set_db flow_vars_lef_list [lreplace [get_db flow_vars_lef_list] $pll_idx $pll_idx]
@file 191:
@file 192: puts "Info: re-writing flow_vars_scan_abstracts in [info script]"
Info: re-writing flow_vars_scan_abstracts in scripts/local_macro_setup.tcl
@@file 193: set_db flow_vars_scan_abstracts $macro_scan_abstract_filelist
@file 194: }
#@ End verbose source scripts/local_macro_setup.tcl
## FLOWKIT: checking include file scripts/genus_config.tcl for PLACEHOLDER content
## FLOWKIT: sourcing include file scripts/genus_config.tcl
## FLOWKIT: checking include file scripts/innovus_config.tcl for PLACEHOLDER content
## FLOWKIT: sourcing include file scripts/innovus_config.tcl
## FLOWKIT: checking include file scripts/tempus_config.tcl for PLACEHOLDER content
## FLOWKIT: sourcing include file scripts/tempus_config.tcl
## FLOWKIT: checking include file /home/student/16/ex8/flow_datapath_top_1/cadence_flow_scripts/scripts/modus_config.tcl for PLACEHOLDER content
## FLOWKIT: sourcing include file /home/student/16/ex8/flow_datapath_top_1/cadence_flow_scripts/scripts/modus_config.tcl
## FLOWKIT: checking include file scripts/dft_config.tcl for PLACEHOLDER content
## FLOWKIT: sourcing include file scripts/dft_config.tcl
## FLOWKIT: checking include file /home/student/16/ex8/flow_datapath_top_1/cadence_flow_scripts/scripts/em_config.tcl for PLACEHOLDER content
## FLOWKIT: sourcing include file /home/student/16/ex8/flow_datapath_top_1/cadence_flow_scripts/scripts/em_config.tcl
## FLOWKIT: checking include file scripts/flow_existing_step_overwrite.tcl for PLACEHOLDER content
## FLOWKIT: sourcing include file scripts/flow_existing_step_overwrite.tcl
Sourcing flow scripts done.
##FLOW_KIT: enabling features from command line: {report_lec synth_spatial pnr_db_handoff add_scan opt_signoff}
Begin steps for plugin point Cadence.plugin.flowkit.read_db.pre
##FLOW_KIT: enabling features from command line: {report_lec synth_spatial pnr_db_handoff add_scan opt_signoff}
#@ Begin verbose flow_step activate_views
@flow 2: set db [get_db flow_starting_db]
@flow 3: set flow [lindex [get_db flow_hier_path] end]
@flow 4: set setup_views [get_feature $flow -feature setup_views]
@flow 5: set hold_views [get_feature $flow -feature hold_views]
@flow 6: set leakage_view [get_feature $flow -feature leakage_view]
@flow 7: set dynamic_view [get_feature $flow -feature dynamic_view]
@flow 9: if {($setup_views ne "") || ($hold_views ne "") || ($leakage_view ne "") || ($dynamic_view ne "")} {...}
#@ End verbose flow_step activate_views
##FLOW_KIT: enabling features from command line: {report_lec synth_spatial pnr_db_handoff add_scan opt_signoff}
#@ Begin verbose flow_step init_mcpu
@flow 2: # Multi host/cpu attributes
@flow 3: #-----------------------------------------------------------------------------
@flow 4: # The FLOWTOOL_NUM_CPUS is an environment variable which should be exported by
@flow 5: # the specified dist script.  This connects the number of CPUs being reserved
@flow 6: # for batch jobs with the current flow scripts.  The LSB_MAX_NUM_PROCESSORS is
@flow 7: # a typical environment variable exported by distribution platforms and is
@flow 8: # useful for ensuring all interactive jobs are using the reserved amount of CPUs.
@flow 9: if {[info exists ::env(FLOWTOOL_NUM_CPUS)]} {
@flow 10: set max_cpus $::env(FLOWTOOL_NUM_CPUS)
@flow 11: }
@flow 17: switch -glob {innovus} {
@@flow 0: set_multi_cpu_usage -verbose -local_cpu   $max_cpus
**WARN: (PRL-39):	Number of local CPUs specified (16) > Actual number of CPUs in the host (8). The lower value will be used.
set_multi_cpu_usage -local_cpu 8
@flow 1: if {[get_feature -feature opt_signoff]} {
@flow 2: if {[is_flow -inside flow:opt_signoff]} {...}
@flow 6: }
@flow 7: if {[get_feature -feature sta_eco]} {...}
@flow 13: }
#@ End verbose flow_step init_mcpu
End steps for plugin point Cadence.plugin.flowkit.read_db.pre
#% Begin load design ... (date=11/14 16:09:15, mem=1935.0M)
**WARN: (IMPDBTCL-321):	The attribute 'timing_aocv_enable_gba_combine_launch_capture' still works but will be obsolete in a future major release. You should remove it from your script before the next major release to avoid errors.
**WARN: (IMPDBTCL-321):	The attribute 'timing_aocv_enable_gba_combine_launch_capture' still works but will be obsolete in a future major release. You should remove it from your script before the next major release to avoid errors.
**WARN: (IMPDBTCL-321):	The attribute 'timing_aocv_enable_gba_combine_launch_capture' still works but will be obsolete in a future major release. You should remove it from your script before the next major release to avoid errors.
**WARN: (IMPDBTCL-321):	The attribute 'timing_enable_backward_compatible_latch_thru_mt_mode' still works but will be obsolete in a future major release. You should remove it from your script before the next major release to avoid errors.
**WARN: (IMPDBTCL-321):	The attribute 'timing_enable_backward_compatible_latch_thru_mt_mode' still works but will be obsolete in a future major release. You should remove it from your script before the next major release to avoid errors.
**WARN: (IMPDBTCL-321):	The attribute 'timing_enable_backward_compatible_latch_thru_mt_mode' still works but will be obsolete in a future major release. You should remove it from your script before the next major release to avoid errors.
##  Process: 45            (User Set)               
##     Node: (not set)                           

##  Check design process and node:  
##  Design tech node is not set.

Applying the recommended capacitance filtering threshold values for 45nm process node: total_c_th=0, relative_c_th=1 and coupling_c_th=0.1.
	These values will be used by all post-route extraction engines, including TQuantus, IQuantus and Quantus QRC extraction.
	Capacitance filtering mode(extract_rc_cap_filter_mode option of the set_db) is 'relative_and_coupling' for all engines.
	The accuracy mode for post_route extract_rc_effort_level low extraction will be set to 'high'.
	Default value for EffortLevel(extract_rc_effort_level option of the set_db) in post_route extraction mode will be 'medium' if Quantus QRC technology file is specified else 'low'.
**WARN: (IMPDBTCL-321):	The attribute 'timing_aocv_enable_gba_combine_launch_capture' still works but will be obsolete in a future major release. You should remove it from your script before the next major release to avoid errors.
**WARN: (IMPDBTCL-321):	The attribute 'timing_enable_backward_compatible_latch_thru_mt_mode' still works but will be obsolete in a future major release. You should remove it from your script before the next major release to avoid errors.
**WARN: (IMPDBTCL-321):	The attribute 'timing_enable_separate_device_slew_effect_sensitivities' still works but will be obsolete in a future major release. You should remove it from your script before the next major release to avoid errors.
**WARN: (IMPDBTCL-321):	The attribute 'timing_aocv_enable_gba_combine_launch_capture' still works but will be obsolete in a future major release. You should remove it from your script before the next major release to avoid errors.
**WARN: (IMPDBTCL-321):	The attribute 'timing_aocv_enable_gba_combine_launch_capture' still works but will be obsolete in a future major release. You should remove it from your script before the next major release to avoid errors.
**WARN: (IMPDBTCL-321):	The attribute 'timing_aocv_enable_gba_combine_launch_capture' still works but will be obsolete in a future major release. You should remove it from your script before the next major release to avoid errors.
**WARN: (IMPDBTCL-321):	The attribute 'timing_enable_backward_compatible_latch_thru_mt_mode' still works but will be obsolete in a future major release. You should remove it from your script before the next major release to avoid errors.
**WARN: (IMPDBTCL-321):	The attribute 'timing_enable_backward_compatible_latch_thru_mt_mode' still works but will be obsolete in a future major release. You should remove it from your script before the next major release to avoid errors.
**WARN: (IMPDBTCL-321):	The attribute 'timing_enable_backward_compatible_latch_thru_mt_mode' still works but will be obsolete in a future major release. You should remove it from your script before the next major release to avoid errors.
Loading design 'datapath_top' saved by 'Innovus' '23.15-s106_1' on 'Fri Nov 14 16:06:52 2025'.
Starting library reading in 'Multi-threaded flow' (with '8' threads)
Reading slow_0p9v_125c_ls timing library /opt/soc/tech/cadence/gsclib045_all_v4.8/gsclib045/timing/slow_vdd1v0_basicCells.lib.
**WARN: (TECHLIB-302):	No function defined for cell 'DECAP9'. The cell will only be used for analysis. (File /opt/soc/tech/cadence/gsclib045_all_v4.8/gsclib045/timing/slow_vdd1v0_basicCells.lib)
**WARN: (TECHLIB-302):	No function defined for cell 'DECAP8'. The cell will only be used for analysis. (File /opt/soc/tech/cadence/gsclib045_all_v4.8/gsclib045/timing/slow_vdd1v0_basicCells.lib)
**WARN: (TECHLIB-302):	No function defined for cell 'DECAP7'. The cell will only be used for analysis. (File /opt/soc/tech/cadence/gsclib045_all_v4.8/gsclib045/timing/slow_vdd1v0_basicCells.lib)
**WARN: (TECHLIB-302):	No function defined for cell 'DECAP6'. The cell will only be used for analysis. (File /opt/soc/tech/cadence/gsclib045_all_v4.8/gsclib045/timing/slow_vdd1v0_basicCells.lib)
**WARN: (TECHLIB-302):	No function defined for cell 'DECAP5'. The cell will only be used for analysis. (File /opt/soc/tech/cadence/gsclib045_all_v4.8/gsclib045/timing/slow_vdd1v0_basicCells.lib)
**WARN: (TECHLIB-302):	No function defined for cell 'DECAP4'. The cell will only be used for analysis. (File /opt/soc/tech/cadence/gsclib045_all_v4.8/gsclib045/timing/slow_vdd1v0_basicCells.lib)
**WARN: (TECHLIB-302):	No function defined for cell 'DECAP3'. The cell will only be used for analysis. (File /opt/soc/tech/cadence/gsclib045_all_v4.8/gsclib045/timing/slow_vdd1v0_basicCells.lib)
**WARN: (TECHLIB-302):	No function defined for cell 'DECAP2'. The cell will only be used for analysis. (File /opt/soc/tech/cadence/gsclib045_all_v4.8/gsclib045/timing/slow_vdd1v0_basicCells.lib)
**WARN: (TECHLIB-302):	No function defined for cell 'DECAP10'. The cell will only be used for analysis. (File /opt/soc/tech/cadence/gsclib045_all_v4.8/gsclib045/timing/slow_vdd1v0_basicCells.lib)
**WARN: (TECHLIB-302):	No function defined for cell 'ANTENNA'. The cell will only be used for analysis. (File /opt/soc/tech/cadence/gsclib045_all_v4.8/gsclib045/timing/slow_vdd1v0_basicCells.lib)
Read 489 cells in library slow_vdd1v0.
Reading slow_0p9v_125c_ls timing library /home/student/16/ex8/flow_matmul_sync_1/models/floorplan/matmul_sync.slow_0p9v_125c_cmax.lib.
Read 1 cells in library matmul_sync.
Reading slow_0p9v_125c_ls timing library /home/student/16/ex8/flow_datapath_top_1/models/IN22FDX_S1DU_BFUG_W00256B032M04C128.slow_0p9v_125c_cmax_func.lib.
**WARN: (TECHLIB-1329):	The attribute 'related_power_pin' on the pin 'OBSV_CTL' in cell 'IN22FDX_S1DU_BFUG_W00256B032M04C128' is missing, even though the cell has multiple supply voltages. (File /home/student/16/ex8/flow_datapath_top_1/models/IN22FDX_S1DU_BFUG_W00256B032M04C128.slow_0p9v_125c_cmax_func.lib, Line 217)
**WARN: (TECHLIB-1329):	The attribute 'related_power_pin' on the pin 'QRB' in cell 'IN22FDX_S1DU_BFUG_W00256B032M04C128' is missing, even though the cell has multiple supply voltages. (File /home/student/16/ex8/flow_datapath_top_1/models/IN22FDX_S1DU_BFUG_W00256B032M04C128.slow_0p9v_125c_cmax_func.lib, Line 4175)
**WARN: (TECHLIB-1329):	The attribute 'related_power_pin' on the pin 'RBE' in cell 'IN22FDX_S1DU_BFUG_W00256B032M04C128' is missing, even though the cell has multiple supply voltages. (File /home/student/16/ex8/flow_datapath_top_1/models/IN22FDX_S1DU_BFUG_W00256B032M04C128.slow_0p9v_125c_cmax_func.lib, Line 4253)
**WARN: (TECHLIB-1329):	The attribute 'related_power_pin' on the pin 'MA_WRASD' in cell 'IN22FDX_S1DU_BFUG_W00256B032M04C128' is missing, even though the cell has multiple supply voltages. (File /home/student/16/ex8/flow_datapath_top_1/models/IN22FDX_S1DU_BFUG_W00256B032M04C128.slow_0p9v_125c_cmax_func.lib, Line 4261)
**WARN: (TECHLIB-1329):	The attribute 'related_power_pin' on the pin 'T_STAB' in cell 'IN22FDX_S1DU_BFUG_W00256B032M04C128' is missing, even though the cell has multiple supply voltages. (File /home/student/16/ex8/flow_datapath_top_1/models/IN22FDX_S1DU_BFUG_W00256B032M04C128.slow_0p9v_125c_cmax_func.lib, Line 4353)
**WARN: (TECHLIB-1329):	The attribute 'related_power_pin' on the pin 'T_WBT' in cell 'IN22FDX_S1DU_BFUG_W00256B032M04C128' is missing, even though the cell has multiple supply voltages. (File /home/student/16/ex8/flow_datapath_top_1/models/IN22FDX_S1DU_BFUG_W00256B032M04C128.slow_0p9v_125c_cmax_func.lib, Line 4361)
**WARN: (TECHLIB-1329):	The attribute 'related_power_pin' on the pin 'T_AS' in cell 'IN22FDX_S1DU_BFUG_W00256B032M04C128' is missing, even though the cell has multiple supply voltages. (File /home/student/16/ex8/flow_datapath_top_1/models/IN22FDX_S1DU_BFUG_W00256B032M04C128.slow_0p9v_125c_cmax_func.lib, Line 4985)
**WARN: (TECHLIB-1329):	The attribute 'related_power_pin' on the pin 'T_POWERGATE' in cell 'IN22FDX_S1DU_BFUG_W00256B032M04C128' is missing, even though the cell has multiple supply voltages. (File /home/student/16/ex8/flow_datapath_top_1/models/IN22FDX_S1DU_BFUG_W00256B032M04C128.slow_0p9v_125c_cmax_func.lib, Line 4993)
**WARN: (TECHLIB-1329):	The attribute 'related_power_pin' on the pin 'T_DEEPSLEEP' in cell 'IN22FDX_S1DU_BFUG_W00256B032M04C128' is missing, even though the cell has multiple supply voltages. (File /home/student/16/ex8/flow_datapath_top_1/models/IN22FDX_S1DU_BFUG_W00256B032M04C128.slow_0p9v_125c_cmax_func.lib, Line 5001)
**WARN: (TECHLIB-1329):	The attribute 'related_power_pin' on the pin 'T_RDWEN' in cell 'IN22FDX_S1DU_BFUG_W00256B032M04C128' is missing, even though the cell has multiple supply voltages. (File /home/student/16/ex8/flow_datapath_top_1/models/IN22FDX_S1DU_BFUG_W00256B032M04C128.slow_0p9v_125c_cmax_func.lib, Line 5009)
**WARN: (TECHLIB-1329):	The attribute 'related_power_pin' on the pin 'T_CEN' in cell 'IN22FDX_S1DU_BFUG_W00256B032M04C128' is missing, even though the cell has multiple supply voltages. (File /home/student/16/ex8/flow_datapath_top_1/models/IN22FDX_S1DU_BFUG_W00256B032M04C128.slow_0p9v_125c_cmax_func.lib, Line 5017)
**WARN: (TECHLIB-1329):	The attribute 'related_power_pin' on the pin 'T_LOGIC' in cell 'IN22FDX_S1DU_BFUG_W00256B032M04C128' is missing, even though the cell has multiple supply voltages. (File /home/student/16/ex8/flow_datapath_top_1/models/IN22FDX_S1DU_BFUG_W00256B032M04C128.slow_0p9v_125c_cmax_func.lib, Line 5025)
**WARN: (TECHLIB-1329):	The attribute 'related_power_pin' on the pin 'T_BIST' in cell 'IN22FDX_S1DU_BFUG_W00256B032M04C128' is missing, even though the cell has multiple supply voltages. (File /home/student/16/ex8/flow_datapath_top_1/models/IN22FDX_S1DU_BFUG_W00256B032M04C128.slow_0p9v_125c_cmax_func.lib, Line 5033)
**WARN: (TECHLIB-1329):	The attribute 'related_power_pin' on the pin 'POWERGATE' in cell 'IN22FDX_S1DU_BFUG_W00256B032M04C128' is missing, even though the cell has multiple supply voltages. (File /home/student/16/ex8/flow_datapath_top_1/models/IN22FDX_S1DU_BFUG_W00256B032M04C128.slow_0p9v_125c_cmax_func.lib, Line 10201)
**WARN: (TECHLIB-1329):	The attribute 'related_power_pin' on the pin 'DEEPSLEEP' in cell 'IN22FDX_S1DU_BFUG_W00256B032M04C128' is missing, even though the cell has multiple supply voltages. (File /home/student/16/ex8/flow_datapath_top_1/models/IN22FDX_S1DU_BFUG_W00256B032M04C128.slow_0p9v_125c_cmax_func.lib, Line 10209)
**WARN: (TECHLIB-1329):	The attribute 'related_power_pin' on the pin 'RBF0A[6]' in cell 'IN22FDX_S1DU_BFUG_W00256B032M04C128' is missing, even though the cell has multiple supply voltages. (File /home/student/16/ex8/flow_datapath_top_1/models/IN22FDX_S1DU_BFUG_W00256B032M04C128.slow_0p9v_125c_cmax_func.lib, Line 4195)
**WARN: (TECHLIB-1329):	The attribute 'related_power_pin' on the pin 'RBF0A[5]' in cell 'IN22FDX_S1DU_BFUG_W00256B032M04C128' is missing, even though the cell has multiple supply voltages. (File /home/student/16/ex8/flow_datapath_top_1/models/IN22FDX_S1DU_BFUG_W00256B032M04C128.slow_0p9v_125c_cmax_func.lib, Line 4203)
**WARN: (TECHLIB-1329):	The attribute 'related_power_pin' on the pin 'RBF0A[4]' in cell 'IN22FDX_S1DU_BFUG_W00256B032M04C128' is missing, even though the cell has multiple supply voltages. (File /home/student/16/ex8/flow_datapath_top_1/models/IN22FDX_S1DU_BFUG_W00256B032M04C128.slow_0p9v_125c_cmax_func.lib, Line 4211)
**WARN: (TECHLIB-1329):	The attribute 'related_power_pin' on the pin 'RBF0A[3]' in cell 'IN22FDX_S1DU_BFUG_W00256B032M04C128' is missing, even though the cell has multiple supply voltages. (File /home/student/16/ex8/flow_datapath_top_1/models/IN22FDX_S1DU_BFUG_W00256B032M04C128.slow_0p9v_125c_cmax_func.lib, Line 4219)
**WARN: (TECHLIB-1329):	The attribute 'related_power_pin' on the pin 'RBF0A[2]' in cell 'IN22FDX_S1DU_BFUG_W00256B032M04C128' is missing, even though the cell has multiple supply voltages. (File /home/student/16/ex8/flow_datapath_top_1/models/IN22FDX_S1DU_BFUG_W00256B032M04C128.slow_0p9v_125c_cmax_func.lib, Line 4227)
Message <TECHLIB-1329> has exceeded the message display limit of '20'. Use 'set_message -no_limit -id list_of_msgIDs' to reset the message limit.
Read 1 cells in library IN22FDX_S1DU_BFUG_W00256B032M04C128.
Library reading multithread flow ended.
fast_1p1v_0c slow_0p9v_125c
cmax_125c cmin_0c

Loading LEF file /home/student/16/ex8/flow_datapath_top_1/dbs/postcts.enc/libs/lef/gsclib045_tech.lef ...
Set DBUPerIGU to M2 pitch 400.

Loading LEF file /home/student/16/ex8/flow_datapath_top_1/dbs/postcts.enc/libs/lef/gsclib045_macro.lef ...

Loading LEF file /home/student/16/ex8/flow_datapath_top_1/dbs/postcts.enc/libs/lef/matmul_sync.lef ...

Loading LEF file /home/student/16/ex8/flow_datapath_top_1/dbs/postcts.enc/libs/lef/IN22FDX_S1DU_BFUG_W00256B032M04C128.lef ...
**WARN: (IMPLF-200):	Pin 'CLK' in macro 'IN22FDX_S1DU_BFUG_W00256B032M04C128' has no ANTENNAGATEAREA value defined. The library data is incomplete and some process antenna rules will not be checked correctly.
Type 'man IMPLF-200' for more detail.
**WARN: (IMPLF-200):	Pin 'CEN' in macro 'IN22FDX_S1DU_BFUG_W00256B032M04C128' has no ANTENNAGATEAREA value defined. The library data is incomplete and some process antenna rules will not be checked correctly.
Type 'man IMPLF-200' for more detail.
**WARN: (IMPLF-200):	Pin 'RDWEN' in macro 'IN22FDX_S1DU_BFUG_W00256B032M04C128' has no ANTENNAGATEAREA value defined. The library data is incomplete and some process antenna rules will not be checked correctly.
Type 'man IMPLF-200' for more detail.
**WARN: (IMPLF-200):	Pin 'DEEPSLEEP' in macro 'IN22FDX_S1DU_BFUG_W00256B032M04C128' has no ANTENNAGATEAREA value defined. The library data is incomplete and some process antenna rules will not be checked correctly.
Type 'man IMPLF-200' for more detail.
**WARN: (IMPLF-200):	Pin 'POWERGATE' in macro 'IN22FDX_S1DU_BFUG_W00256B032M04C128' has no ANTENNAGATEAREA value defined. The library data is incomplete and some process antenna rules will not be checked correctly.
Type 'man IMPLF-200' for more detail.
**WARN: (IMPLF-200):	Pin 'AS' in macro 'IN22FDX_S1DU_BFUG_W00256B032M04C128' has no ANTENNAGATEAREA value defined. The library data is incomplete and some process antenna rules will not be checked correctly.
Type 'man IMPLF-200' for more detail.
**WARN: (IMPLF-200):	Pin 'AW[4]' in macro 'IN22FDX_S1DU_BFUG_W00256B032M04C128' has no ANTENNAGATEAREA value defined. The library data is incomplete and some process antenna rules will not be checked correctly.
Type 'man IMPLF-200' for more detail.
**WARN: (IMPLF-200):	Pin 'AW[3]' in macro 'IN22FDX_S1DU_BFUG_W00256B032M04C128' has no ANTENNAGATEAREA value defined. The library data is incomplete and some process antenna rules will not be checked correctly.
Type 'man IMPLF-200' for more detail.
**WARN: (IMPLF-200):	Pin 'AW[2]' in macro 'IN22FDX_S1DU_BFUG_W00256B032M04C128' has no ANTENNAGATEAREA value defined. The library data is incomplete and some process antenna rules will not be checked correctly.
Type 'man IMPLF-200' for more detail.
**WARN: (IMPLF-200):	Pin 'AW[1]' in macro 'IN22FDX_S1DU_BFUG_W00256B032M04C128' has no ANTENNAGATEAREA value defined. The library data is incomplete and some process antenna rules will not be checked correctly.
Type 'man IMPLF-200' for more detail.
**WARN: (IMPLF-200):	Pin 'AW[0]' in macro 'IN22FDX_S1DU_BFUG_W00256B032M04C128' has no ANTENNAGATEAREA value defined. The library data is incomplete and some process antenna rules will not be checked correctly.
Type 'man IMPLF-200' for more detail.
**WARN: (IMPLF-200):	Pin 'AC[1]' in macro 'IN22FDX_S1DU_BFUG_W00256B032M04C128' has no ANTENNAGATEAREA value defined. The library data is incomplete and some process antenna rules will not be checked correctly.
Type 'man IMPLF-200' for more detail.
**WARN: (IMPLF-200):	Pin 'AC[0]' in macro 'IN22FDX_S1DU_BFUG_W00256B032M04C128' has no ANTENNAGATEAREA value defined. The library data is incomplete and some process antenna rules will not be checked correctly.
Type 'man IMPLF-200' for more detail.
**WARN: (IMPLF-200):	Pin 'D[31]' in macro 'IN22FDX_S1DU_BFUG_W00256B032M04C128' has no ANTENNAGATEAREA value defined. The library data is incomplete and some process antenna rules will not be checked correctly.
Type 'man IMPLF-200' for more detail.
**WARN: (IMPLF-200):	Pin 'D[30]' in macro 'IN22FDX_S1DU_BFUG_W00256B032M04C128' has no ANTENNAGATEAREA value defined. The library data is incomplete and some process antenna rules will not be checked correctly.
Type 'man IMPLF-200' for more detail.
**WARN: (IMPLF-200):	Pin 'D[29]' in macro 'IN22FDX_S1DU_BFUG_W00256B032M04C128' has no ANTENNAGATEAREA value defined. The library data is incomplete and some process antenna rules will not be checked correctly.
Type 'man IMPLF-200' for more detail.
**WARN: (IMPLF-200):	Pin 'D[28]' in macro 'IN22FDX_S1DU_BFUG_W00256B032M04C128' has no ANTENNAGATEAREA value defined. The library data is incomplete and some process antenna rules will not be checked correctly.
Type 'man IMPLF-200' for more detail.
**WARN: (IMPLF-200):	Pin 'D[27]' in macro 'IN22FDX_S1DU_BFUG_W00256B032M04C128' has no ANTENNAGATEAREA value defined. The library data is incomplete and some process antenna rules will not be checked correctly.
Type 'man IMPLF-200' for more detail.
**WARN: (IMPLF-200):	Pin 'D[26]' in macro 'IN22FDX_S1DU_BFUG_W00256B032M04C128' has no ANTENNAGATEAREA value defined. The library data is incomplete and some process antenna rules will not be checked correctly.
Type 'man IMPLF-200' for more detail.
**WARN: (IMPLF-200):	Pin 'D[25]' in macro 'IN22FDX_S1DU_BFUG_W00256B032M04C128' has no ANTENNAGATEAREA value defined. The library data is incomplete and some process antenna rules will not be checked correctly.
Type 'man IMPLF-200' for more detail.
**WARN: (EMS-27):	Message (IMPLF-200) has exceeded the current message display limit of 20.
To increase the message display limit, refer to the product command reference manual.
**WARN: (IMPLF-201):	Pin 'QRB' in macro 'IN22FDX_S1DU_BFUG_W00256B032M04C128' has no ANTENNADIFFAREA value defined. The library data is incomplete and some process antenna rules will not be checked correctly.
Type 'man IMPLF-201' for more detail.
**WARN: (IMPLF-201):	Pin 'OBSV_CTL' in macro 'IN22FDX_S1DU_BFUG_W00256B032M04C128' has no ANTENNADIFFAREA value defined. The library data is incomplete and some process antenna rules will not be checked correctly.
Type 'man IMPLF-201' for more detail.

##  Check design process and node:  
##  Design tech node is not set.

Loading view definition file from /home/student/16/ex8/flow_datapath_top_1/dbs/postcts.enc/viewDefinition.tcl
% Begin Load netlist data ... (date=11/14 16:09:17, mem=1959.0M)
*** Begin netlist parsing (mem=2241.5M) ***
Created 491 new cells from 3 timing libraries.
Reading netlist ...
Backslashed names will retain backslash and a trailing blank character.
Reading verilogBinary netlist '/home/student/16/ex8/flow_datapath_top_1/dbs/postcts.enc/vbin/datapath_top.v.bin'
Reading binary database version 2 in multi-threaded mode

*** Memory Usage v#1 (Current mem = 2241.531M, initial mem = 864.402M) ***
*** End netlist parsing (cpu=0:00:00.1, real=0:00:00.0, mem=2241.5M) ***
% End Load netlist data ... (date=11/14 16:09:17, total cpu=0:00:00.1, real=0:00:00.0, peak res=1977.2M, current mem=1977.2M)
Top level cell is datapath_top.
Hooked 491 DB cells to tlib cells.
Starting recursive module instantiation check.
No recursion found.
Building hierarchical netlist for Cell datapath_top ...
***** UseNewTieNetMode *****.
*** Netlist is unique.
** info: there are 673 modules.
** info: there are 37200 stdCell insts.
** info: there are 37200 stdCell insts with at least one signal pin.
** info: there are 80 macros.

*** Memory Usage v#1 (Current mem = 2241.531M, initial mem = 864.402M) ***
*info: set bottom ioPad orient R0
**WARN: (IMPFP-3961):	The techSite 'CornerSite' has no related standard cells in the LEF/OA library. The calculations for this site type cannot be made unless standard cell models of this type exist in the LEF/OA library. Ignore this warning if the SITE is not used by the library. Alternatively, remove the SITE definition for the LEF/OA library to avoid this message.
Type 'man IMPFP-3961' for more detail.
**WARN: (IMPFP-3961):	The techSite 'IOSite' has no related standard cells in the LEF/OA library. The calculations for this site type cannot be made unless standard cell models of this type exist in the LEF/OA library. Ignore this warning if the SITE is not used by the library. Alternatively, remove the SITE definition for the LEF/OA library to avoid this message.
Type 'man IMPFP-3961' for more detail.
Start create_tracks
Loading preference file /home/student/16/ex8/flow_datapath_top_1/dbs/postcts.enc/gui.pref.tcl ...
##  Process: 45            (User Set)               
##     Node: (not set)                           

##  Check design process and node:  
##  Design tech node is not set.

Applying the recommended capacitance filtering threshold values for 45nm process node: total_c_th=0, relative_c_th=1 and coupling_c_th=0.1.
	These values will be used by all post-route extraction engines, including TQuantus, IQuantus and Quantus QRC extraction.
	Capacitance filtering mode(extract_rc_cap_filter_mode option of the set_db) is 'relative_and_coupling' for all engines.
	The accuracy mode for post_route extract_rc_effort_level low extraction will be set to 'high'.
	Default value for EffortLevel(extract_rc_effort_level option of the set_db) in post_route extraction mode will be 'medium' if Quantus QRC technology file is specified else 'low'.
**WARN: (IMPOPT-7140):	The "set_db opt_hold_cells" list is empty
set_db opt_useful_skew already set.
**WARN: (IMPOPT-7155):	Option opt_skew_post_cts in 'set_db' will be obsolete. 'set_db opt_skew_post_cts true'will mapped to 'set_db opt_skew_ccopt standard' internally when design_flow_effort is not set to extreme and 'opt_skew_ccopt' has not been explict set by user.
Slack adjustment of -0 applied on reg2reg path_group
Slack adjustment of -0 applied on reg2out path_group
Slack adjustment of -0 applied on in2reg path_group
Slack adjustment of -0 applied on in2out path_group
#WARNING (NRIF-83) When route_detail_post_route_swap_via is set to 'none', the post route via swapping step will be skipped in all scenarios.
#WARNING (NRIF-90) Option set_db route_bottom_routing_layer is obsolete. It will continue to work for the current release. To ensure compatibility with future releases, use option set_db design_bottom_routing_layer instead.
#WARNING (NRIF-91) Option set_db route_top_routing_layer is obsolete. It will continue to work for the current release. To ensure compatibility with future releases, use option set_db design_top_routing_layer instead.
**WARN: (IMPSP-2904):	option place_detail_filler_gap_effort and place_detail_filler_gap_min_gap will be obsolete from next release and is replaced by place_detail_legalization_inst_gap <site>.
**WARN: (IMPSP-2904):	option place_detail_filler_gap_effort and place_detail_filler_gap_min_gap will be obsolete from next release and is replaced by place_detail_legalization_inst_gap <site>.
**WARN: (IMPTCM-77):	Option "-effort" for command setPlanDesignMode is obsolete and will be removed in a future release. The obsolete option still works in this release but to avoid this warning and to ensure compatibility with future releases, remove the obsolete option from your script.
**WARN: (IMPDBTCL-321):	The attribute 'plan_design_effort' still works but will be obsolete in a future major release. You should remove it from your script before the next major release to avoid errors.
**WARN: (IMPAFP-9024):	This command is hidden and will be obsolete in the next major release. For module placement, use proto_design instead. For macro placement, use place_design -concurrent_macros to place both standard cells and macros together.
**WARN: (IMPTCM-77):	Option "-fixPlacedMacros" for command setPlanDesignMode is obsolete and will be removed in a future release. The obsolete option still works in this release but to avoid this warning and to ensure compatibility with future releases, remove the obsolete option from your script.
**WARN: (IMPDBTCL-321):	The attribute 'plan_design_fix_placed_macros' still works but will be obsolete in a future major release. You should remove it from your script before the next major release to avoid errors.
**WARN: (IMPAFP-9024):	This command is hidden and will be obsolete in the next major release. For module placement, use proto_design instead. For macro placement, use place_design -concurrent_macros to place both standard cells and macros together.
**WARN: (IMPTCM-77):	Option "-flowMode" for command setPlanDesignMode is obsolete and will be removed in a future release. The obsolete option still works in this release but to avoid this warning and to ensure compatibility with future releases, remove the obsolete option from your script.
**WARN: (IMPAFP-9024):	This command is hidden and will be obsolete in the next major release. For module placement, use proto_design instead. For macro placement, use place_design -concurrent_macros to place both standard cells and macros together.
**WARN: (IMPPSP-1003):	Found use of 'route_early_global_top_routing_layer'. This will continue to work in this release; however, it is recommended to use 'design_top_routing_layer' instead.
**WARN: (IMPPSP-1003):	Found use of 'route_early_global_bottom_routing_layer'. This will continue to work in this release; however, it is recommended to use 'design_bottom_routing_layer' instead.
Change floorplan default-technical-site to 'CoreSite'.
*Info: initialize multi-corner CTS.
Starting library reading in 'Multi-threaded flow' (with '8' threads)
Reading fast_1p1v_0c_ls timing library /opt/soc/tech/cadence/gsclib045_all_v4.8/gsclib045/timing/fast_vdd1v0_basicCells.lib.
**WARN: (TECHLIB-302):	No function defined for cell 'DECAP9'. The cell will only be used for analysis. (File /opt/soc/tech/cadence/gsclib045_all_v4.8/gsclib045/timing/fast_vdd1v0_basicCells.lib)
**WARN: (TECHLIB-302):	No function defined for cell 'DECAP8'. The cell will only be used for analysis. (File /opt/soc/tech/cadence/gsclib045_all_v4.8/gsclib045/timing/fast_vdd1v0_basicCells.lib)
**WARN: (TECHLIB-302):	No function defined for cell 'DECAP7'. The cell will only be used for analysis. (File /opt/soc/tech/cadence/gsclib045_all_v4.8/gsclib045/timing/fast_vdd1v0_basicCells.lib)
**WARN: (TECHLIB-302):	No function defined for cell 'DECAP6'. The cell will only be used for analysis. (File /opt/soc/tech/cadence/gsclib045_all_v4.8/gsclib045/timing/fast_vdd1v0_basicCells.lib)
**WARN: (TECHLIB-302):	No function defined for cell 'DECAP5'. The cell will only be used for analysis. (File /opt/soc/tech/cadence/gsclib045_all_v4.8/gsclib045/timing/fast_vdd1v0_basicCells.lib)
**WARN: (TECHLIB-302):	No function defined for cell 'DECAP4'. The cell will only be used for analysis. (File /opt/soc/tech/cadence/gsclib045_all_v4.8/gsclib045/timing/fast_vdd1v0_basicCells.lib)
**WARN: (TECHLIB-302):	No function defined for cell 'DECAP3'. The cell will only be used for analysis. (File /opt/soc/tech/cadence/gsclib045_all_v4.8/gsclib045/timing/fast_vdd1v0_basicCells.lib)
**WARN: (TECHLIB-302):	No function defined for cell 'DECAP2'. The cell will only be used for analysis. (File /opt/soc/tech/cadence/gsclib045_all_v4.8/gsclib045/timing/fast_vdd1v0_basicCells.lib)
**WARN: (TECHLIB-302):	No function defined for cell 'DECAP10'. The cell will only be used for analysis. (File /opt/soc/tech/cadence/gsclib045_all_v4.8/gsclib045/timing/fast_vdd1v0_basicCells.lib)
**WARN: (TECHLIB-302):	No function defined for cell 'ANTENNA'. The cell will only be used for analysis. (File /opt/soc/tech/cadence/gsclib045_all_v4.8/gsclib045/timing/fast_vdd1v0_basicCells.lib)
Read 489 cells in library fast_vdd1v0.
Reading fast_1p1v_0c_ls timing library /home/student/16/ex8/flow_matmul_sync_1/models/floorplan/matmul_sync.fast_1p1v_0c_cmin.lib.
Read 1 cells in library matmul_sync.
Reading fast_1p1v_0c_ls timing library /home/student/16/ex8/flow_datapath_top_1/models/IN22FDX_S1DU_BFUG_W00256B032M04C128.fast_1p1v_0c_cmin_func.lib.
Read 1 cells in library IN22FDX_S1DU_BFUG_W00256B032M04C128.
Library reading multithread flow ended.
Total number of combinational cells: 318
Total number of sequential cells: 152
Total number of tristate cells: 10
Total number of level shifter cells: 0
Total number of power gating cells: 0
Total number of isolation cells: 0
Total number of power switch cells: 0
Total number of pulse generator cells: 0
Total number of always on buffers: 0
Total number of retention cells: 0
Total number of physical cells: 9
List of usable buffers: CLKBUFX2 BUFX2 CLKBUFX3 BUFX3 CLKBUFX4 BUFX4 CLKBUFX6 BUFX6 CLKBUFX8 BUFX8 CLKBUFX12 BUFX12 CLKBUFX16 BUFX16 CLKBUFX20 BUFX20
Total number of usable buffers: 16
List of unusable buffers:
Total number of unusable buffers: 0
List of usable inverters: INVXL INVX1 INVX2 CLKINVX1 INVX3 CLKINVX2 INVX4 CLKINVX4 CLKINVX3 INVX6 CLKINVX6 INVX8 CLKINVX8 INVX12 CLKINVX12 INVX16 CLKINVX16 INVX20 CLKINVX20
Total number of usable inverters: 19
List of unusable inverters:
Total number of unusable inverters: 0
List of identified usable delay cells: DLY1X1 DLY1X4 DLY2X1 DLY2X4 DLY3X1 DLY3X4 DLY4X1 DLY4X4
Total number of identified usable delay cells: 8
List of identified unusable delay cells:
Total number of identified unusable delay cells: 0
Reading floorplan file - /home/student/16/ex8/flow_datapath_top_1/dbs/postcts.enc/datapath_top.fp.gz (mem = 2454.6M).
% Begin Load floorplan data ... (date=11/14 16:09:18, mem=2368.7M)
*info: reset 45636 existing net BottomPreferredLayer and AvoidDetour
Deleting old partition specification.
There are 13153 members in group pd_aon.
 ... processed partition successfully.
Reading binary special route file /home/student/16/ex8/flow_datapath_top_1/dbs/postcts.enc/datapath_top.fp.spr.gz (Created by Innovus v23.15-s106_1 on Fri Nov 14 16:06:47 2025, version: 1)
Ending "Read special route file" (total cpu=0:00:00.0, real=0:00:00.0, peak res=2374.8M, current mem=2374.8M)
Set (genblk1_0_i_mem_a) in guide {(32.2000000000 , 2529.0900000000) (446.2115000000 , 2942.8180000000)}
Set (genblk1_0_i_mem_b) in guide {(504.2000000000 , 2529.0900000000) (918.2115000000 , 2942.8180000000)}
Set (genblk1_1_i_mem_a) in guide {(1008.2000000000 , 2529.0900000000) (1422.2115000000 , 2942.8180000000)}
Set (genblk1_1_i_mem_b) in guide {(1528.2000000000 , 2529.0900000000) (1942.2115000000 , 2942.8180000000)}
Set (genblk1_2_i_mem_a) in guide {(2040.2000000000 , 2529.0900000000) (2454.2115000000 , 2942.8180000000)}
Set (genblk1_2_i_mem_b) in guide {(2520.2000000000 , 2529.0900000000) (2934.2115000000 , 2942.8180000000)}
Set (genblk1_3_i_mem_a) in guide {(2536.2000000000 , 2053.7100000000) (2950.2115000000 , 2467.4380000000)}
Set (genblk1_3_i_mem_b) in guide {(508.2000000000 , 1533.8700000000) (922.2115000000 , 1947.5980000000)}
Set (genblk1_4_i_mem_a) in guide {(36.2000000000 , 1533.8700000000) (450.2115000000 , 1947.5980000000)}
Set (genblk1_4_i_mem_b) in guide {(36.2000000000 , 2050.2900000000) (450.2115000000 , 2464.0180000000)}
Set (genblk1_5_i_mem_a) in guide {(508.2000000000 , 2050.2900000000) (922.2115000000 , 2464.0180000000)}
Set (genblk1_5_i_mem_b) in guide {(1012.2000000000 , 2050.2900000000) (1426.2115000000 , 2464.0180000000)}
Set (genblk1_6_i_mem_a) in guide {(1532.2000000000 , 2050.2900000000) (1946.2115000000 , 2464.0180000000)}
Set (genblk1_6_i_mem_b) in guide {(2044.2000000000 , 2050.2900000000) (2458.2115000000 , 2464.0180000000)}
Set (genblk1_7_i_mem_a) in guide {(1012.2000000000 , 1533.8700000000) (1426.2115000000 , 1947.5980000000)}
Set (genblk1_7_i_mem_b) in guide {(1532.2000000000 , 1533.8700000000) (1946.2115000000 , 1947.5980000000)}
Set (genblk1_8_i_mem_a) in guide {(2044.2000000000 , 1533.8700000000) (2458.2115000000 , 1947.5980000000)}
Set (genblk1_8_i_mem_b) in guide {(2524.2000000000 , 1533.8700000000) (2938.2115000000 , 1947.5980000000)}
Set (genblk1_9_i_mem_a) in guide {(2524.2000000000 , 1020.8700000000) (2938.2115000000 , 1434.5980000000)}
Set (genblk1_9_i_mem_b) in guide {(2044.2000000000 , 1020.8700000000) (2458.2115000000 , 1434.5980000000)}
Set (genblk1_10_i_mem_a) in guide {(1532.2000000000 , 1020.8700000000) (1946.2115000000 , 1434.5980000000)}
Set (genblk1_10_i_mem_b) in guide {(1532.2000000000 , 552.3300000000) (1946.2115000000 , 966.0580000000)}
Set (genblk1_11_i_mem_a) in guide {(1012.2000000000 , 552.3300000000) (1426.2115000000 , 966.0580000000)}
Set (genblk1_11_i_mem_b) in guide {(508.2000000000 , 552.3300000000) (922.2115000000 , 966.0580000000)}
Set (genblk1_12_i_mem_a) in guide {(36.2000000000 , 552.3300000000) (450.2115000000 , 966.0580000000)}
Set (genblk1_12_i_mem_b) in guide {(36.2000000000 , 1020.8700000000) (450.2115000000 , 1434.5980000000)}
Set (genblk1_13_i_mem_a) in guide {(508.2000000000 , 1020.8700000000) (922.2115000000 , 1434.5980000000)}
Set (genblk1_13_i_mem_b) in guide {(1012.2000000000 , 1020.8700000000) (1426.2115000000 , 1434.5980000000)}
Set (genblk1_14_i_mem_a) in guide {(2044.2000000000 , 552.3300000000) (2458.2115000000 , 966.0580000000)}
Set (genblk1_14_i_mem_b) in guide {(2524.2000000000 , 552.3300000000) (2938.2115000000 , 966.0580000000)}
Set (genblk1_15_i_mem_a) in guide {(2532.2000000000 , 87.2100000000) (2946.2115000000 , 500.9380000000)}
Set (genblk1_15_i_mem_b) in guide {(2048.2000000000 , 87.2100000000) (2462.2115000000 , 500.9380000000)}
Set (genblk3_0_i_mul_wrapper_a) in guide {(404.2000000000 , 2799.2700000000) (532.4545000000 , 2927.4370000000)}
Set (genblk3_0_i_mul_wrapper_b) in guide {(284.2000000000 , 2570.1300000000) (412.4545000000 , 2698.2970000000)}
Set (genblk3_0_i_mul_wrapper_c) in guide {(1268.2000000000 , 2799.2700000000) (1396.4835000000 , 2927.4660000000)}
Set (genblk3_1_i_mul_wrapper_a) in guide {(1408.2000000000 , 2570.1300000000) (1536.4450000000 , 2698.2875000000)}
Set (genblk3_1_i_mul_wrapper_b) in guide {(2772.2000000000 , 2570.1300000000) (2900.4640000000 , 2698.3065000000)}
Set (genblk3_1_i_mul_wrapper_c) in guide {(2060.2000000000 , 2570.1300000000) (2188.4910000000 , 2698.3335000000)}
Set (genblk3_2_i_mul_wrapper_a) in guide {(2416.2000000000 , 2570.1300000000) (2544.4510000000 , 2698.2935000000)}
Set (genblk3_2_i_mul_wrapper_b) in guide {(404.2000000000 , 1571.4900000000) (532.4680000000 , 1699.6705000000)}
Set (genblk3_2_i_mul_wrapper_c) in guide {(1268.2000000000 , 2077.6500000000) (1396.4490000000 , 2205.8115000000)}
Set (genblk3_3_i_mul_wrapper_a) in guide {(2784.2000000000 , 2077.6500000000) (2912.4815000000 , 2205.8440000000)}
Set (genblk3_3_i_mul_wrapper_b) in guide {(404.2000000000 , 2286.2700000000) (532.4700000000 , 2414.4525000000)}
Set (genblk3_3_i_mul_wrapper_c) in guide {(2308.2000000000 , 2286.2700000000) (2436.4545000000 , 2414.4370000000)}
Set (genblk3_4_i_mul_wrapper_a) in guide {(304.2000000000 , 1934.0100000000) (432.4335000000 , 2062.1560000000)}
Set (genblk3_4_i_mul_wrapper_b) in guide {(1408.2000000000 , 2286.2700000000) (1536.4510000000 , 2414.4335000000)}
Set (genblk3_4_i_mul_wrapper_c) in guide {(768.2000000000 , 2286.2700000000) (896.4545000000 , 2414.4370000000)}
Set (genblk3_5_i_mul_wrapper_a) in guide {(892.2000000000 , 2077.6500000000) (1020.4355000000 , 2205.7980000000)}
Set (genblk3_5_i_mul_wrapper_b) in guide {(1932.2000000000 , 2286.2700000000) (2060.4510000000 , 2414.4335000000)}
Set (genblk3_5_i_mul_wrapper_c) in guide {(1804.2000000000 , 2077.6500000000) (1932.4545000000 , 2205.8170000000)}
Set (genblk3_6_i_mul_wrapper_a) in guide {(2308.2000000000 , 2077.6500000000) (2436.4355000000 , 2205.7980000000)}
Set (genblk3_6_i_mul_wrapper_b) in guide {(1408.2000000000 , 1769.8500000000) (1536.4545000000 , 1898.0170000000)}
Set (genblk3_6_i_mul_wrapper_c) in guide {(1284.2000000000 , 1571.4900000000) (1412.4545000000 , 1699.6570000000)}
Set (genblk3_7_i_mul_wrapper_a) in guide {(1800.2000000000 , 1571.4900000000) (1928.4355000000 , 1699.6380000000)}
Set (genblk3_7_i_mul_wrapper_b) in guide {(2788.2000000000 , 1424.4300000000) (2916.4545000000 , 1552.5970000000)}
Set (genblk3_7_i_mul_wrapper_c) in guide {(2308.2000000000 , 1571.4900000000) (2436.4545000000 , 1699.6570000000)}
Set (genblk3_8_i_mul_wrapper_a) in guide {(2416.2000000000 , 1769.8500000000) (2544.4205000000 , 1897.9830000000)}
Set (genblk3_8_i_mul_wrapper_b) in guide {(1932.2000000000 , 1263.6900000000) (2060.4545000000 , 1391.8570000000)}
Set (genblk3_8_i_mul_wrapper_c) in guide {(2556.2000000000 , 1079.0100000000) (2684.4545000000 , 1207.1770000000)}
Set (genblk3_9_i_mul_wrapper_a) in guide {(2416.2000000000 , 1273.9500000000) (2544.4205000000 , 1402.0830000000)}
Set (genblk3_9_i_mul_wrapper_b) in guide {(1408.2000000000 , 566.0100000000) (1536.4545000000 , 694.1770000000)}
Set (genblk3_9_i_mul_wrapper_c) in guide {(304.2000000000 , 1277.3700000000) (432.4545000000 , 1405.5370000000)}
Set (genblk3_10_i_mul_wrapper_a) in guide {(1788.2000000000 , 942.2100000000) (1916.4205000000 , 1070.3430000000)}
Set (genblk3_10_i_mul_wrapper_b) in guide {(404.2000000000 , 566.0100000000) (532.4510000000 , 694.1735000000)}
Set (genblk3_10_i_mul_wrapper_c) in guide {(1264.2000000000 , 942.2100000000) (1392.4545000000 , 1070.3770000000)}
Set (genblk3_11_i_mul_wrapper_a) in guide {(892.2000000000 , 566.0100000000) (1020.4205000000 , 694.1430000000)}
Set (genblk3_11_i_mul_wrapper_b) in guide {(404.2000000000 , 1048.2300000000) (532.4490000000 , 1176.3915000000)}
Set (genblk3_11_i_mul_wrapper_c) in guide {(292.2000000000 , 805.4100000000) (420.4545000000 , 933.5770000000)}
Set (genblk3_12_i_mul_wrapper_a) in guide {(52.2000000000 , 942.2100000000) (180.4355000000 , 1070.3580000000)}
Set (genblk3_12_i_mul_wrapper_b) in guide {(1268.2000000000 , 1253.4300000000) (1396.4510000000 , 1381.5935000000)}
Set (genblk3_12_i_mul_wrapper_c) in guide {(752.2000000000 , 1250.0100000000) (880.4565000000 , 1378.1790000000)}
Set (genblk3_13_i_mul_wrapper_a) in guide {(892.2000000000 , 1075.5900000000) (1020.5005000000 , 1203.8030000000)}
Set (genblk3_13_i_mul_wrapper_b) in guide {(2764.2000000000 , 459.9900000000) (2892.4510000000 , 588.1535000000)}
Set (genblk3_13_i_mul_wrapper_c) in guide {(644.2000000000 , 2570.1300000000) (772.4545000000 , 2698.2970000000)}
Set (genblk3_14_i_mul_wrapper_a) in guide {(2416.2000000000 , 767.7900000000) (2544.4355000000 , 895.9380000000)}
Set (genblk3_14_i_mul_wrapper_b) in guide {(2308.2000000000 , 336.8700000000) (2436.4490000000 , 465.0315000000)}
Set (genblk3_14_i_mul_wrapper_c) in guide {(1792.2000000000 , 2570.1300000000) (1920.4450000000 , 2698.2875000000)}
Set (genblk3_15_i_mul_wrapper_a) in guide {(2416.2000000000 , 138.5100000000) (2544.4355000000 , 266.6580000000)}
Set (genblk3_15_i_mul_wrapper_b) in guide {(892.2000000000 , 2799.2700000000) (1020.4855000000 , 2927.4680000000)}
Set (genblk3_15_i_mul_wrapper_c) in guide {(2768.2000000000 , 2799.2700000000) (2896.4185000000 , 2927.4010000000)}
There are 226 nets with weight being set
There are 229 nets with bottomPreferredRoutingLayer being set
There are 226 nets with avoidDetour being set
Extracting standard cell pins and blockage ...... 
Pin and blockage extraction finished
Delete all existing relative floorplan constraints.
% End Load floorplan data ... (date=11/14 16:09:20, total cpu=0:00:00.1, real=0:00:02.0, peak res=2385.0M, current mem=2374.9M)
Reading congestion map file /home/student/16/ex8/flow_datapath_top_1/dbs/postcts.enc/datapath_top.route.congmap.gz ...
% Begin Load SymbolTable ... (date=11/14 16:09:20, mem=2374.9M)
% End Load SymbolTable ... (date=11/14 16:09:21, total cpu=0:00:00.1, real=0:00:01.0, peak res=2460.4M, current mem=2453.4M)
Loading place ...
% Begin Load placement data ... (date=11/14 16:09:21, mem=2453.4M)
Reading placement file - /home/student/16/ex8/flow_datapath_top_1/dbs/postcts.enc/datapath_top.place.gz.
** Reading stdCellPlacement_binary (Created by Innovus v23.15-s106_1 on Fri Nov 14 16:06:47 2025, version# 2) ...
Read Views for adaptive view pruning ...
Read 1 views from Binary DB for adaptive view pruning
slow_0p9v_125c_cmax_func
*** Completed restorePlace (cpu=0:00:00.1 real=0:00:00.0 mem=2469.6M) ***
Total net length = 6.082e+06 (3.959e+06 2.123e+06) (ext = 3.010e+03)
% End Load placement data ... (date=11/14 16:09:21, total cpu=0:00:00.1, real=0:00:00.0, peak res=2470.0M, current mem=2458.3M)
Suppress "**WARN ..." messages.
Un-suppress "**WARN ..." messages.
Reading PG file /home/student/16/ex8/flow_datapath_top_1/dbs/postcts.enc/datapath_top.pg.gz, version#2, (Created by Innovus v23.15-s106_1 on       Fri Nov 14 16:06:47 2025)
*** Completed restorePGFile (cpu=0:00:00.1 real=0:00:01.0 mem=2516.4M) ***
Restoring power intent database ...
number of pgNets = 2
% Begin Load routing data ... (date=11/14 16:09:22, mem=2520.8M)
Reading routing file - /home/student/16/ex8/flow_datapath_top_1/dbs/postcts.enc/datapath_top.route.gz.
Reading Innovus routing data (Created by Innovus v23.15-s106_1 on Fri Nov 14 16:06:47 2025 Format: 23.1) ...
*** Total 45367 nets are successfully restored.
*** Completed restoreRoute (cpu=0:00:00.2 real=0:00:02.0 mem=2595.4M) ***
% End Load routing data ... (date=11/14 16:09:24, total cpu=0:00:00.2, real=0:00:02.0, peak res=2561.4M, current mem=2561.4M)
% Begin Load DEF data ... (date=11/14 16:09:24, mem=2561.4M)
Reading DEF file '/home/student/16/ex8/flow_datapath_top_1/dbs/postcts.enc/datapath_top.scandef.gz', current time is Fri Nov 14 16:09:24 2025 ...
--- DIVIDERCHAR '/'
--- UnitsPerDBU = 1.0000
DEF file '/home/student/16/ex8/flow_datapath_top_1/dbs/postcts.enc/datapath_top.scandef.gz' is parsed, current time is Fri Nov 14 16:09:25 2025.
% End Load DEF data ... (date=11/14 16:09:25, total cpu=0:00:00.1, real=0:00:01.0, peak res=2563.4M, current mem=2563.4M)
TAT_INFO: ::restoreCongMap REAL = 1 : CPU = 0 : MEM = 0.
Reading property file /home/student/16/ex8/flow_datapath_top_1/dbs/postcts.enc/datapath_top.prop
*** Completed restoreProperty (cpu=0:00:00.0 real=0:00:00.0 mem=2587.4M) ***
Reading dirtyarea snapshot file /home/student/16/ex8/flow_datapath_top_1/dbs/postcts.enc/datapath_top.db.da.gz (Create by Innovus v23.15-s106_1 on Fri Nov 14 16:06:49 2025, version: 8).
fast_1p1v_0c_cmin slow_0p9v_125c_cmax
Change floorplan default-technical-site to 'CoreSite'.
**WARN: (IMPOPT-7140):	The "set_db opt_hold_cells" list is empty
set_db opt_useful_skew already set.
**WARN: (IMPOPT-7155):	Option opt_skew_post_cts in 'set_db' will be obsolete. 'set_db opt_skew_post_cts true'will mapped to 'set_db opt_skew_ccopt standard' internally when design_flow_effort is not set to extreme and 'opt_skew_ccopt' has not been explict set by user.
**WARN: (IMPSP-2904):	option place_detail_filler_gap_effort and place_detail_filler_gap_min_gap will be obsolete from next release and is replaced by place_detail_legalization_inst_gap <site>.
**WARN: (IMPSP-2904):	option place_detail_filler_gap_effort and place_detail_filler_gap_min_gap will be obsolete from next release and is replaced by place_detail_legalization_inst_gap <site>.
**WARN: (IMPSE-538):	The 'plan_design_effort' attribute is obsolete and will be removed in a future release. The obsolete option still works in this release but to avoid this warning and to ensure compatibility with future releases, remove the obsolete option from your script.
**WARN: (IMPAFP-9024):	This command is hidden and will be obsolete in the next major release. For module placement, use proto_design instead. For macro placement, use place_design -concurrent_macros to place both standard cells and macros together.
**WARN: (IMPDBTCL-321):	The attribute 'plan_design_effort' still works but will be obsolete in a future major release. You should remove it from your script before the next major release to avoid errors.
**WARN: (IMPSE-538):	The 'plan_design_fix_placed_macros' attribute is obsolete and will be removed in a future release. The obsolete option still works in this release but to avoid this warning and to ensure compatibility with future releases, remove the obsolete option from your script.
**WARN: (IMPAFP-9024):	This command is hidden and will be obsolete in the next major release. For module placement, use proto_design instead. For macro placement, use place_design -concurrent_macros to place both standard cells and macros together.
**WARN: (IMPDBTCL-321):	The attribute 'plan_design_fix_placed_macros' still works but will be obsolete in a future major release. You should remove it from your script before the next major release to avoid errors.
#WARNING (NRIF-90) Option set_db route_bottom_routing_layer is obsolete. It will continue to work for the current release. To ensure compatibility with future releases, use option set_db design_bottom_routing_layer instead.
#WARNING (NRIF-83) When route_detail_post_route_swap_via is set to 'none', the post route via swapping step will be skipped in all scenarios.
**WARN: (IMPPSP-1003):	Found use of 'route_early_global_bottom_routing_layer'. This will continue to work in this release; however, it is recommended to use 'design_bottom_routing_layer' instead.
**WARN: (IMPPSP-1003):	Found use of 'route_early_global_top_routing_layer'. This will continue to work in this release; however, it is recommended to use 'design_top_routing_layer' instead.
#WARNING (NRIF-91) Option set_db route_top_routing_layer is obsolete. It will continue to work for the current release. To ensure compatibility with future releases, use option set_db design_top_routing_layer instead.
Loading preRoute extraction data from directory '/home/student/16/ex8/flow_datapath_top_1/dbs/postcts.enc/extraction/' ...
Extraction setup Started for TopCell datapath_top 
Initializing multi-corner RC extraction with 2 active RC Corners ...
Captable file(s) not specified in multi-corner setup. PreRoute extraction will use technology file. For post_route extraction, default value for effort level would be 'medium' and effort level 'low' would not be allowed.
Generating auto layer map file.
Loading preRoute extracted patterns from file '/home/student/16/ex8/flow_datapath_top_1/dbs/postcts.enc/datapath_top.techData.gz' ...
Completed (cpu: 0:00:00.3 real: 0:00:00.0)
Set Shrink Factor to 1.00000
Summary of Active RC-Corners : 
 
 Analysis View: slow_0p9v_125c_cmax_func
    RC-Corner Name        : cmax_125c
    RC-Corner Index       : 0
    RC-Corner Temperature : 125 Celsius
    RC-Corner Cap Table   : ''
    RC-Corner PreRoute Res Factor         : 1
    RC-Corner PreRoute Cap Factor         : 1
    RC-Corner PostRoute Res Factor        : 1 {1 1 1}
    RC-Corner PostRoute Cap Factor        : 1 {1 1 1}
    RC-Corner PostRoute XCap Factor       : 1 {1 1 1}
    RC-Corner PreRoute Clock Res Factor   : 1	[Derived from postRoute_res (effortLevel low)]
    RC-Corner PreRoute Clock Cap Factor   : 1	[Derived from postRoute_cap (effortLevel low)]
    RC-Corner PostRoute Clock Cap Factor  : 1 {1 1 1} 
    RC-Corner PostRoute Clock Res Factor  : 1 {1 1 1} 
    RC-Corner PostRoute Clock coupling capacitance Factor : 1 {1 1 1} 
    RC-Corner Technology file: '/home/student/16/ex8/flow_datapath_top_1/dbs/postcts.enc/libs/mmmc/cmax_125c/gpdk045.tch'
 
 Analysis View: slow_0p9v_125c_cmax_scan_capture
    RC-Corner Name        : cmax_125c
    RC-Corner Index       : 0
    RC-Corner Temperature : 125 Celsius
    RC-Corner Cap Table   : ''
    RC-Corner PreRoute Res Factor         : 1
    RC-Corner PreRoute Cap Factor         : 1
    RC-Corner PostRoute Res Factor        : 1 {1 1 1}
    RC-Corner PostRoute Cap Factor        : 1 {1 1 1}
    RC-Corner PostRoute XCap Factor       : 1 {1 1 1}
    RC-Corner PreRoute Clock Res Factor   : 1	[Derived from postRoute_res (effortLevel low)]
    RC-Corner PreRoute Clock Cap Factor   : 1	[Derived from postRoute_cap (effortLevel low)]
    RC-Corner PostRoute Clock Cap Factor  : 1 {1 1 1} 
    RC-Corner PostRoute Clock Res Factor  : 1 {1 1 1} 
    RC-Corner PostRoute Clock coupling capacitance Factor : 1 {1 1 1} 
    RC-Corner Technology file: '/home/student/16/ex8/flow_datapath_top_1/dbs/postcts.enc/libs/mmmc/cmax_125c/gpdk045.tch'
 
 Analysis View: slow_0p9v_125c_cmax_scan_shift
    RC-Corner Name        : cmax_125c
    RC-Corner Index       : 0
    RC-Corner Temperature : 125 Celsius
    RC-Corner Cap Table   : ''
    RC-Corner PreRoute Res Factor         : 1
    RC-Corner PreRoute Cap Factor         : 1
    RC-Corner PostRoute Res Factor        : 1 {1 1 1}
    RC-Corner PostRoute Cap Factor        : 1 {1 1 1}
    RC-Corner PostRoute XCap Factor       : 1 {1 1 1}
    RC-Corner PreRoute Clock Res Factor   : 1	[Derived from postRoute_res (effortLevel low)]
    RC-Corner PreRoute Clock Cap Factor   : 1	[Derived from postRoute_cap (effortLevel low)]
    RC-Corner PostRoute Clock Cap Factor  : 1 {1 1 1} 
    RC-Corner PostRoute Clock Res Factor  : 1 {1 1 1} 
    RC-Corner PostRoute Clock coupling capacitance Factor : 1 {1 1 1} 
    RC-Corner Technology file: '/home/student/16/ex8/flow_datapath_top_1/dbs/postcts.enc/libs/mmmc/cmax_125c/gpdk045.tch'
 
 Analysis View: fast_1p1v_0c_cmin_func
    RC-Corner Name        : cmin_0c
    RC-Corner Index       : 1
    RC-Corner Temperature : 0 Celsius
    RC-Corner Cap Table   : ''
    RC-Corner PreRoute Res Factor         : 1
    RC-Corner PreRoute Cap Factor         : 1
    RC-Corner PostRoute Res Factor        : 1 {1 1 1}
    RC-Corner PostRoute Cap Factor        : 1 {1 1 1}
    RC-Corner PostRoute XCap Factor       : 1 {1 1 1}
    RC-Corner PreRoute Clock Res Factor   : 1	[Derived from postRoute_res (effortLevel low)]
    RC-Corner PreRoute Clock Cap Factor   : 1	[Derived from postRoute_cap (effortLevel low)]
    RC-Corner PostRoute Clock Cap Factor  : 1 {1 1 1} 
    RC-Corner PostRoute Clock Res Factor  : 1 {1 1 1} 
    RC-Corner PostRoute Clock coupling capacitance Factor : 1 {1 1 1} 
    RC-Corner Technology file: '/home/student/16/ex8/flow_datapath_top_1/dbs/postcts.enc/libs/mmmc/cmax_125c/gpdk045.tch'
 
 Analysis View: fast_1p1v_0c_cmin_scan_capture
    RC-Corner Name        : cmin_0c
    RC-Corner Index       : 1
    RC-Corner Temperature : 0 Celsius
    RC-Corner Cap Table   : ''
    RC-Corner PreRoute Res Factor         : 1
    RC-Corner PreRoute Cap Factor         : 1
    RC-Corner PostRoute Res Factor        : 1 {1 1 1}
    RC-Corner PostRoute Cap Factor        : 1 {1 1 1}
    RC-Corner PostRoute XCap Factor       : 1 {1 1 1}
    RC-Corner PreRoute Clock Res Factor   : 1	[Derived from postRoute_res (effortLevel low)]
    RC-Corner PreRoute Clock Cap Factor   : 1	[Derived from postRoute_cap (effortLevel low)]
    RC-Corner PostRoute Clock Cap Factor  : 1 {1 1 1} 
    RC-Corner PostRoute Clock Res Factor  : 1 {1 1 1} 
    RC-Corner PostRoute Clock coupling capacitance Factor : 1 {1 1 1} 
    RC-Corner Technology file: '/home/student/16/ex8/flow_datapath_top_1/dbs/postcts.enc/libs/mmmc/cmax_125c/gpdk045.tch'
 
 Analysis View: fast_1p1v_0c_cmin_scan_shift
    RC-Corner Name        : cmin_0c
    RC-Corner Index       : 1
    RC-Corner Temperature : 0 Celsius
    RC-Corner Cap Table   : ''
    RC-Corner PreRoute Res Factor         : 1
    RC-Corner PreRoute Cap Factor         : 1
    RC-Corner PostRoute Res Factor        : 1 {1 1 1}
    RC-Corner PostRoute Cap Factor        : 1 {1 1 1}
    RC-Corner PostRoute XCap Factor       : 1 {1 1 1}
    RC-Corner PreRoute Clock Res Factor   : 1	[Derived from postRoute_res (effortLevel low)]
    RC-Corner PreRoute Clock Cap Factor   : 1	[Derived from postRoute_cap (effortLevel low)]
    RC-Corner PostRoute Clock Cap Factor  : 1 {1 1 1} 
    RC-Corner PostRoute Clock Res Factor  : 1 {1 1 1} 
    RC-Corner PostRoute Clock coupling capacitance Factor : 1 {1 1 1} 
    RC-Corner Technology file: '/home/student/16/ex8/flow_datapath_top_1/dbs/postcts.enc/libs/mmmc/cmax_125c/gpdk045.tch'
Restored Grid density data
Initializing multi-corner resistance tables ...
Default value for post_route extraction mode's extract_rc_effort_level (extract_rc_effort_level option of set_db) changed to 'medium'.
Start generating vias ..
#Skip building auto via since it is not turned on.
Extracting standard cell pins and blockage ...... 
Pin and blockage extraction finished
Via generation completed.
% Begin Load power constraints ... (date=11/14 16:09:28, mem=2626.4M)
source /home/student/16/ex8/flow_datapath_top_1/dbs/postcts.enc/datapath_top_power_constraints.tcl
'set_default_switching_activity' finished successfully.
% End Load power constraints ... (date=11/14 16:09:28, total cpu=0:00:00.0, real=0:00:00.0, peak res=2651.1M, current mem=2651.1M)
**WARN: (IMPCTE-290):	Could not locate cell CLKINVX4 in any library for view fast_1p1v_0c_cmin_scan_capture.
Type 'man IMPCTE-290' for more detail.
**WARN: (IMPCTE-290):	Could not locate cell CLKINVX4 in any library for view fast_1p1v_0c_cmin_scan_capture.
Type 'man IMPCTE-290' for more detail.
**WARN: (IMPCTE-290):	Could not locate cell CLKINVX4 in any library for view fast_1p1v_0c_cmin_scan_capture.
Type 'man IMPCTE-290' for more detail.
**WARN: (IMPCTE-290):	Could not locate cell CLKINVX4 in any library for view fast_1p1v_0c_cmin_scan_capture.
Type 'man IMPCTE-290' for more detail.
**WARN: (IMPCTE-290):	Could not locate cell CLKINVX4 in any library for view fast_1p1v_0c_cmin_scan_capture.
Type 'man IMPCTE-290' for more detail.
**WARN: (IMPCTE-290):	Could not locate cell CLKINVX4 in any library for view fast_1p1v_0c_cmin_scan_capture.
Type 'man IMPCTE-290' for more detail.
**WARN: (IMPCTE-290):	Could not locate cell CLKINVX4 in any library for view fast_1p1v_0c_cmin_scan_capture.
Type 'man IMPCTE-290' for more detail.
**WARN: (IMPCTE-290):	Could not locate cell CLKINVX4 in any library for view fast_1p1v_0c_cmin_scan_capture.
Type 'man IMPCTE-290' for more detail.
**WARN: (IMPCTE-290):	Could not locate cell CLKINVX4 in any library for view fast_1p1v_0c_cmin_func.
Type 'man IMPCTE-290' for more detail.
**WARN: (IMPCTE-290):	Could not locate cell CLKINVX4 in any library for view fast_1p1v_0c_cmin_func.
Type 'man IMPCTE-290' for more detail.
**WARN: (IMPCTE-290):	Could not locate cell CLKINVX4 in any library for view fast_1p1v_0c_cmin_func.
Type 'man IMPCTE-290' for more detail.
**WARN: (IMPCTE-290):	Could not locate cell CLKINVX4 in any library for view fast_1p1v_0c_cmin_func.
Type 'man IMPCTE-290' for more detail.
**WARN: (IMPCTE-290):	Could not locate cell CLKINVX4 in any library for view fast_1p1v_0c_cmin_func.
Type 'man IMPCTE-290' for more detail.
**WARN: (IMPCTE-290):	Could not locate cell CLKINVX4 in any library for view fast_1p1v_0c_cmin_func.
Type 'man IMPCTE-290' for more detail.
**WARN: (IMPCTE-290):	Could not locate cell CLKINVX4 in any library for view fast_1p1v_0c_cmin_func.
Type 'man IMPCTE-290' for more detail.
**WARN: (IMPCTE-290):	Could not locate cell CLKINVX4 in any library for view fast_1p1v_0c_cmin_func.
Type 'man IMPCTE-290' for more detail.
**WARN: (IMPCTE-290):	Could not locate cell CLKINVX4 in any library for view fast_1p1v_0c_cmin_scan_shift.
Type 'man IMPCTE-290' for more detail.
**WARN: (IMPCTE-290):	Could not locate cell CLKINVX4 in any library for view fast_1p1v_0c_cmin_scan_shift.
Type 'man IMPCTE-290' for more detail.
**WARN: (IMPCTE-290):	Could not locate cell CLKINVX4 in any library for view fast_1p1v_0c_cmin_scan_shift.
Type 'man IMPCTE-290' for more detail.
**WARN: (IMPCTE-290):	Could not locate cell CLKINVX4 in any library for view fast_1p1v_0c_cmin_scan_shift.
Type 'man IMPCTE-290' for more detail.
**WARN: (EMS-27):	Message (IMPCTE-290) has exceeded the current message display limit of 20.
To increase the message display limit, refer to the product command reference manual.
fast_1p1v_0c_cmin slow_0p9v_125c_cmax
% Begin load AAE data ... (date=11/14 16:09:28, mem=2707.5M)
**WARN: (IMPESI-3478):	Simulation based Equivalent Waveform Model without waveform propagation setting is not properly supported, using moment based EWM instead.
**WARN: (IMPESI-3505):	set_db delaycal_eng_enablePrePlacedFlow false (default=false) will be obsoleted along with its sgs2set equivalent.  This parameter will continue to be supported in the current release, but will be removed in the next major release of the software.
AAE DB initialization (MEM=2735.687500 CPU=0:00:00.0 REAL=0:00:00.0) 
% End load AAE data ... (date=11/14 16:09:28, total cpu=0:00:00.4, real=0:00:00.0, peak res=2737.7M, current mem=2737.7M)
Restoring CCOpt config...
  Extracting original clock gating for clk_i...
    clock_tree clk_i contains 405 sinks and 0 clock gates.
  Extracting original clock gating for clk_i done.
  Extracting original clock gating for clk_div...
    clock_tree clk_div contains 402 sinks and 0 clock gates.
  Extracting original clock gating for clk_div done.
  Found 1 generator input for clock tree clk_div.
  The skew group clk_div/func was created. It contains 402 sinks and 1 sources.
  The skew group clk_i/func was created. It contains 404 sinks and 1 sources.
  Added 1 ignore pin (of 1 specified) to skew group clk_i/func. Skew group now contains 1 ignore pin.
  The skew group clk_i/scan_capture was created. It contains 404 sinks and 1 sources.
  Added 1 ignore pin (of 1 specified) to skew group clk_i/scan_capture. Skew group now contains 1 ignore pin.
  The skew group clk_i/scan_shift was created. It contains 404 sinks and 1 sources.
  Added 1 ignore pin (of 1 specified) to skew group clk_i/scan_shift. Skew group now contains 1 ignore pin.
  The skew group clk_i/func was created. It contains 404 sinks and 1 sources.
  Added 1 ignore pin (of 1 specified) to skew group clk_i/func. Skew group now contains 1 ignore pin.
  The skew group clk_i/scan_capture was created. It contains 404 sinks and 1 sources.
  Added 1 ignore pin (of 1 specified) to skew group clk_i/scan_capture. Skew group now contains 1 ignore pin.
Restoring CCOpt config done.
Total number of combinational cells: 318
Total number of sequential cells: 152
Total number of tristate cells: 10
Total number of level shifter cells: 0
Total number of power gating cells: 0
Total number of isolation cells: 0
Total number of power switch cells: 0
Total number of pulse generator cells: 0
Total number of always on buffers: 0
Total number of retention cells: 0
Total number of physical cells: 9
List of usable buffers: CLKBUFX2 BUFX2 CLKBUFX3 BUFX3 CLKBUFX4 BUFX4 CLKBUFX6 BUFX6 CLKBUFX8 BUFX8 CLKBUFX12 BUFX12 CLKBUFX16 BUFX16 CLKBUFX20 BUFX20
Total number of usable buffers: 16
List of unusable buffers:
Total number of unusable buffers: 0
List of usable inverters: INVXL INVX1 INVX2 CLKINVX1 INVX3 CLKINVX2 INVX4 CLKINVX4 CLKINVX3 INVX6 CLKINVX6 INVX8 CLKINVX8 INVX12 CLKINVX12 INVX16 CLKINVX16 INVX20 CLKINVX20
Total number of usable inverters: 19
List of unusable inverters:
Total number of unusable inverters: 0
List of identified usable delay cells: DLY1X1 DLY1X4 DLY2X1 DLY2X4 DLY3X1 DLY3X4 DLY4X1 DLY4X4
Total number of identified usable delay cells: 8
List of identified unusable delay cells:
Total number of identified unusable delay cells: 0
**WARN: (IMPCTE-107):	The following globals have been obsoleted since version (null). They will be removed in the next release. 
timing_aocv_enable_gba_combine_launch_capture
timing_enable_backward_compatible_latch_thru_mt_mode
timing_enable_separate_device_slew_effect_sensitivities
#% End load design ... (date=11/14 16:09:28, total cpu=0:00:09.0, real=0:00:13.0, peak res=2753.4M, current mem=2744.9M)

*** Summary of all messages that are not suppressed in this session:
Severity  ID               Count  Summary                                  
WARNING   IMPLF-200          144  Pin '%s' in macro '%s' has no ANTENNAGAT...
WARNING   IMPLF-201            2  Pin '%s' in macro '%s' has no ANTENNADIF...
WARNING   IMPSE-538            2  The '%s' attribute is obsolete and will ...
WARNING   IMPFP-3961           2  The techSite '%s' has no related standar...
WARNING   IMPDBTCL-321        19  The attribute '%s' still works but will ...
WARNING   IMPESI-3478          1  Simulation based Equivalent Waveform Mod...
WARNING   IMPESI-3505          1  set_db delaycal_eng_%s (default=%s) will...
WARNING   IMPSP-2904           4  option place_detail_filler_gap_effort an...
WARNING   IMPOPT-7140          2  The "set_db opt_hold_cells" list is empt...
WARNING   IMPOPT-7155          2  Option %s in 'set_db' will be obsolete. ...
WARNING   IMPAFP-9024          5  This command is hidden and will be obsol...
WARNING   NRIF-83              2  When route_detail_post_route_swap_via is...
WARNING   NRIF-90              2  Option set_db route_bottom_routing_layer...
WARNING   NRIF-91              2  Option set_db route_top_routing_layer is...
WARNING   IMPCTE-290        5808  Could not locate cell %s in any library ...
WARNING   IMPCTE-107           1  The following globals have been obsolete...
WARNING   IMPTCM-77            3  Option "%s" for command %s is obsolete a...
WARNING   IMPPSP-1003          4  Found use of '%s'. This will continue to...
WARNING   TECHLIB-302         20  No function defined for cell '%s'. The c...
WARNING   TECHLIB-1329       198  The attribute '%s' on the %s in cell '%s...
*** Message Summary: 6224 warning(s), 0 error(s)

UM:   flow.cputime  flow.realtime  timing.setup.tns  timing.setup.wns  snapshot
UM:*                                                                   read_db
Sourcing flow scripts...
**WARN: (IMPDBTCL-299):	The attribute 'flow_metrics_qor_html' still works but will be obsolete in a future major release. You should remove it from your script before the next major release to avoid errors. It should be changed to the new name of 'flowtool_metrics_qor_html'.
**WARN: (IMPDBTCL-299):	The attribute 'flow_current' still works but will be obsolete in a future major release. You should remove it from your script before the next major release to avoid errors. It should be changed to the new name of 'flow_top'.
## FLOWKIT: sourcing /home/student/16/ex8/flow_datapath_top_1/cadence_flow_scripts/scripts/flow_config.tcl
Info: Sourcing scripts/design_setup.tcl
Warning: Overriding project technology setup from local folder
Info: Sourcing scripts/tech_setup.tcl
Info: TECHNOLOGY SETUP: gpdk045 : v1.0
Warning: Overriding project mmmc setup from local folder
Info: Sourcing scripts/mmmc_setup.tcl
Info: MMMC SETUP: gpdk045 : v1.0
Warning: Overriding project library setup from local folder
Info: Sourcing scripts/library_setup.tcl
Info: LIBRARY SETUP: Ballast : v1.0
Info: Sourcing /home/student/16/ex8/flow_datapath_top_1/cadence_flow_scripts/scripts/global_macro_setup.tcl
Info: MACRO SETUP: v1.0
Warning: Overriding project macro setup from local folder
Info: Sourcing scripts/local_macro_setup.tcl
Warning(scripts/local_macro_setup.tcl): Global setting for matmul_sync set in local setting not found from global settings! Report this to project toplevel!
corn volt temp rc: slow_0p9v_125c_cmax
corn volt temp rc: fast_1p1v_0c_cmin
Info: setting mem_directory as ./models
Info: Adding NLDM: ./models/IN22FDX_S1DU_BFUG_W00256B032M04C128.slow_0p9v_125c_cmax_func.lib
Info: Adding NLDM: ./models/IN22FDX_S1DU_BFUG_W00256B032M04C128.fast_1p1v_0c_cmin_func.lib
Info: Adding macro info to flow_vars_lef_list in scripts/local_macro_setup.tcl
Info: re-writing flow_vars_scan_abstracts in scripts/local_macro_setup.tcl
## FLOWKIT: checking include file scripts/genus_config.tcl for PLACEHOLDER content
## FLOWKIT: sourcing include file scripts/genus_config.tcl
## FLOWKIT: checking include file scripts/innovus_config.tcl for PLACEHOLDER content
## FLOWKIT: sourcing include file scripts/innovus_config.tcl
## FLOWKIT: checking include file scripts/tempus_config.tcl for PLACEHOLDER content
## FLOWKIT: sourcing include file scripts/tempus_config.tcl
## FLOWKIT: checking include file /home/student/16/ex8/flow_datapath_top_1/cadence_flow_scripts/scripts/modus_config.tcl for PLACEHOLDER content
## FLOWKIT: sourcing include file /home/student/16/ex8/flow_datapath_top_1/cadence_flow_scripts/scripts/modus_config.tcl
## FLOWKIT: checking include file scripts/dft_config.tcl for PLACEHOLDER content
## FLOWKIT: sourcing include file scripts/dft_config.tcl
## FLOWKIT: checking include file /home/student/16/ex8/flow_datapath_top_1/cadence_flow_scripts/scripts/em_config.tcl for PLACEHOLDER content
## FLOWKIT: sourcing include file /home/student/16/ex8/flow_datapath_top_1/cadence_flow_scripts/scripts/em_config.tcl
## FLOWKIT: checking include file scripts/flow_existing_step_overwrite.tcl for PLACEHOLDER content
## FLOWKIT: sourcing include file scripts/flow_existing_step_overwrite.tcl
Sourcing flow scripts done.
##FLOW_KIT: enabling features from command line: {report_lec synth_spatial pnr_db_handoff add_scan opt_signoff}
reading previous metrics...
Begin steps for plugin point Cadence.plugin.flowkit.read_db.post
##FLOW_KIT: enabling features from command line: {report_lec synth_spatial pnr_db_handoff add_scan opt_signoff}
#@ Begin verbose flow_step activate_views
@flow 2: set db [get_db flow_starting_db]
@flow 3: set flow [lindex [get_db flow_hier_path] end]
@flow 4: set setup_views [get_feature $flow -feature setup_views]
@flow 5: set hold_views [get_feature $flow -feature hold_views]
@flow 6: set leakage_view [get_feature $flow -feature leakage_view]
@flow 7: set dynamic_view [get_feature $flow -feature dynamic_view]
@flow 9: if {($setup_views ne "") || ($hold_views ne "") || ($leakage_view ne "") || ($dynamic_view ne "")} {...}
#@ End verbose flow_step activate_views
##FLOW_KIT: enabling features from command line: {report_lec synth_spatial pnr_db_handoff add_scan opt_signoff}
#@ Begin verbose flow_step init_mcpu
@flow 2: # Multi host/cpu attributes
@flow 3: #-----------------------------------------------------------------------------
@flow 4: # The FLOWTOOL_NUM_CPUS is an environment variable which should be exported by
@flow 5: # the specified dist script.  This connects the number of CPUs being reserved
@flow 6: # for batch jobs with the current flow scripts.  The LSB_MAX_NUM_PROCESSORS is
@flow 7: # a typical environment variable exported by distribution platforms and is
@flow 8: # useful for ensuring all interactive jobs are using the reserved amount of CPUs.
@flow 9: if {[info exists ::env(FLOWTOOL_NUM_CPUS)]} {
@flow 10: set max_cpus $::env(FLOWTOOL_NUM_CPUS)
@flow 11: }
@flow 17: switch -glob {innovus} {
@@flow 0: set_multi_cpu_usage -verbose -local_cpu   $max_cpus
**WARN: (PRL-39):	Number of local CPUs specified (16) > Actual number of CPUs in the host (8). The lower value will be used.
set_multi_cpu_usage -local_cpu 8
@flow 1: if {[get_feature -feature opt_signoff]} {
@flow 2: if {[is_flow -inside flow:opt_signoff]} {...}
@flow 6: }
@flow 7: if {[get_feature -feature sta_eco]} {...}
@flow 13: }
#@ End verbose flow_step init_mcpu
End steps for plugin point Cadence.plugin.flowkit.read_db.post
      flow.cputime  flow.realtime  timing.setup.tns  timing.setup.wns  snapshot
UM:*                                                                   init_flow
      flow.cputime  flow.realtime  timing.setup.tns  timing.setup.wns  snapshot
UM:*                                                                   route
##FLOW_KIT: enabling features from command line: {report_lec synth_spatial pnr_db_handoff add_scan opt_signoff}
#@ Begin verbose flow_step route.block_start
#@ End verbose flow_step route.block_start
      flow.cputime  flow.realtime  timing.setup.tns  timing.setup.wns  snapshot
UM:          24.08             44                                      block_start
##FLOW_KIT: enabling features from command line: {report_lec synth_spatial pnr_db_handoff add_scan opt_signoff}
#@ Begin verbose flow_step route.init_innovus
@flow 3: # Tool settings: NOTE: already set by flow_config.tcl
@flow 4: #set_multi_cpu_usage -local_cpu 8 -remote_host 1 -cpu_per_remote_host 8
@flow 6: if {[get_feature -feature report_lec]} {
@flow 7: # Init attributes  [get_db -category init]
@flow 8: 	#-------------------------------------------------------------------------------
@@flow 9: set_db write_lec_directory_naming_style "fv/%s/[get_db flow_report_name]"
@flow 10:
@flow 11: }
@@flow 12: set_db init_design_uniquify 1
@flow 14: # Design attributes  [get_db -category design]
@flow 15: #-------------------------------------------------------------------------------
@@flow 16: set_db design_process_node            45
##  Process: 45            (User Set)               
##     Node: (not set)                           

##  Check design process and node:  
##  Design tech node is not set.

Applying the recommended capacitance filtering threshold values for 45nm process node: total_c_th=0, relative_c_th=1 and coupling_c_th=0.1.
	These values will be used by all post-route extraction engines, including TQuantus, IQuantus and Quantus QRC extraction.
	Capacitance filtering mode(extract_rc_cap_filter_mode option of the set_db) is 'relative_and_coupling' for all engines.
	The accuracy mode for post_route extract_rc_effort_level low extraction will be set to 'high'.
	Default value for EffortLevel(extract_rc_effort_level option of the set_db) in post_route extraction mode is 'medium'.
@flow 17: if {[get_feature -feature flow_express]} {...}
@@flow 20: set_db design_early_clock_flow              true
@flow 22: # Via naming
@flow 23: #-------------------------------------------------------------------------------
@flow 24: # Use design name as prefix for VIAs, as otherwise they will cause collision when merging designs on toplevel
@@flow 25: set_db write_stream_via_names true
@flow 27: # Timing attributes  [get_db -category timing && delaycalc]
@flow 28: #-------------------------------------------------------------------------------
@@flow 29: set_db timing_analysis_cppr           both
@@flow 30: set_db timing_analysis_type           ocv
@@flow 31: set_db timing_report_fields           {timing_point net cell fanout load transition delay incr_delay arrival edge user_derate power_domain}
@flow 33: #set_db timing_analysis_socv                               true                        ;# Enable socv analysis
@flow 34: #set_db timing_socv_rc_variation_mode                      true                        ;# Enable interconnect variation mode in SOCV mode
@flow 35: #set_db  timing_report_enable_verbose_ssta_mode true
@flow 37: # Add, TL: flow sets this to "no_async", async is default and should be used
@@flow 38: set_db timing_analysis_async_checks async
@flow 39: # Add, TL: maybe a bit hazardous... disable default io delay for ports which are unconstrained!
@flow 40: # if true, will cause hold problems (since launching clock is the receiving clock (with same latency!))
@@flow 41: set_db timing_apply_default_primary_input_assertion false
@@flow 43: set_db delaycal_advanced_node_pin_cap_settings true
@@flow 44: set_db delaycal_advanced_pin_cap_mode true
@flow 47: # Extraction attributes  [get_db -category extract_rc]
@flow 48: #-------------------------------------------------------------------------------
@flow 49: if {[get_feature -feature add_pvs_fill] || [get_feature -feature add_pegasus_beol_fill]} {...}
@flow 52: if {[is_flow -after flow:opt_signoff] || [is_flow -inside flow:opt_signoff]} {...}
@flow 58: if {[is_flow -after flow:route]} {...}
@flow 64: if {0} {...
@flow 66: } else {
@@flow 67: set_db delaycal_equivalent_waveform_model               no_propagation
@flow 68: }
@@flow 69: set_db si_aggressor_alignment                             timing_aware_edge       
@flow 71: # Mod, TL: Too few licenses to extract all corners in parallel . Use the following to reduce number of used licenses :
@flow 72: #set_db extract_rc_qrc_run_mode sequential
@flow 74: # Floorplan attributes  [get_db -category floorplan]
@flow 75: #-------------------------------------------------------------------------------
@@flow 76: set_db finish_floorplan_active_objs   [list macro soft_blockage core]
@flow 77: # Constraints for even or odd site width/ row height
@@flow 78: set_db floorplan_row_site_height                          even
@@flow 79: set_db floorplan_row_site_width                           even
@flow 81: # Placement attributes  [get_db -category place]
@flow 82: #-------------------------------------------------------------------------------
@@flow 83: set_db place_detail_legalization_inst_gap                 1 
@@flow 84: set_db place_detail_use_no_diffusion_one_site_filler      false                        ;
@flow 84: # False to not leave 1-site gaps
@@flow 85: set_db place_detail_filler_gap_min_gap                    0.2
**WARN: (IMPSP-2904):	option place_detail_filler_gap_effort and place_detail_filler_gap_min_gap will be obsolete from next release and is replaced by place_detail_legalization_inst_gap <site>.
@@flow 86: set_db place_detail_filler_gap_effort                     high
**WARN: (IMPSP-2904):	option place_detail_filler_gap_effort and place_detail_filler_gap_min_gap will be obsolete from next release and is replaced by place_detail_legalization_inst_gap <site>.
@@flow 88: set_db place_global_uniform_density                       true                        ;
@flow 88: # Enable even cell distribution for designs with less than 70% utilization
@@flow 90: set_db place_global_place_io_pins               true
@@flow 91: set_db place_detail_use_check_drc               true
@flow 92: #set_db place_detail_color_aware_legal           true
@flow 94: # Tieoff attributes  [get_db -category add_tieoffs]
@flow 95: #-------------------------------------------------------------------------------
@@flow 96: set_db add_tieoffs_cells                        [list TIEHI TIELO]
@flow 97: # tieoff max fanout not honored without this?
@@flow 98: set_db add_tieoffs_max_fanout 32
@flow 100: # Optimization attributes  [get_db -category opt]
@flow 101: #-------------------------------------------------------------------------------
@@flow 102: set_db opt_fix_hold_allow_setup_tns_degradation           true                        ;
@flow 102: # When set to true, allows setup total negative slack to degrade during hold optimization.
@@flow 103: set_db opt_fix_hold_verbose                               true                        ;
@flow 103: # When set to true, display extra info in the log about remaining hold violations.
@@flow 104: set_db opt_new_inst_prefix            "[get_db flow_report_name]_"
@flow 105: # Note, do not use DEL* -cells for hold fixing because of HUGE variation
@@flow 106: set_db opt_fix_hold_lib_cells                   [list  ]
**WARN: (IMPOPT-7140):	The "set_db opt_hold_cells" list is empty
@flow 107: # enable data checks during gigaplace (false by default)
@flow 108: #set_db opt_enable_data_to_data_checks     true
@flow 110: # fix max_fanout / max_load violations, false by default
@@flow 111: set_db opt_fix_fanout_load true
@flow 113: # Clock attributes  [get_db -category cts]
@flow 114: #-------------------------------------------------------------------------------
@@flow 115: set_db cts_top_fanout_threshold                           2000                        ;
@flow 115: # Minimum number of transitive fanout in the clock tree for a net to be routed as a top net
@@flow 116: set_db cts_target_skew                          0.15
@@flow 117: set_db cts_target_max_transition_time           0.10
@@flow 119: set_db cts_buffer_cells                         [list CLKBUFX12 CLKBUFX16 CLKBUFX2 CLKBUFX20 CLKBUFX3 CLKBUFX4 CLKBUFX6 CLKBUFX8]
@@flow 120: set_db cts_inverter_cells                       [list CLKINVX1 CLKINVX12 CLKINVX16 CLKINVX2 CLKINVX20 CLKINVX3 CLKINVX4 CLKINVX6 CLKINVX8]
@@flow 121: set_db cts_clock_gating_cells                   [list TLATNCAX12 TLATNCAX16 TLATNCAX2 TLATNCAX20 TLATNCAX3 TLATNCAX4 TLATNCAX6 TLATNCAX8]
@@flow 122: set_db cts_logic_cells                          [get_db [get_db base_cells CLK*] .name]
@flow 124: #- Route types definitions occur during the "init_floorplan" flow_step
@flow 125: if {[get_db route_types] ne ""} {
@@flow 126: set_db cts_route_type_leaf                     cts_route_type_leaf
@@flow 127: set_db cts_route_type_trunk                    cts_route_type_trunk
@@flow 128: set_db cts_route_type_top                      cts_route_type_top
@flow 129: }
@flow 131: # Only use inverters in clock tree, no buffers
@@flow 132: set_db cts_use_inverters true
@flow 134: # Use max 32 fanout also in CTS
@@flow 135: set_db cts_max_fanout 32
@flow 137: # power balance leakage / dynamic
@flow 138: #-------------------------------------------------------------------------------
@flow 139: # Optimize both leakage & dynamic with same weight
@@flow 140: set_db opt_leakage_to_dynamic_ratio                 0.5
@flow 142: # Filler attributes  [get_db -category add_fillers]
@flow 143: #-------------------------------------------------------------------------------
@flow 144: #set_db add_fillers_avoid_abutment_patterns                "1:1 2:1"                   ;# Avoid 1:1 filler abutment
@@flow 145: set_db add_fillers_cells                        [list  DECAP10 DECAP2 DECAP3 DECAP4 DECAP5 DECAP6 DECAP7 DECAP8 DECAP9  FILL1 FILL16 FILL2 FILL32 FILL4 FILL64 FILL8  ]
@@flow 146: set_db add_fillers_no_single_site_gap true
@flow 147: # Insert fillers to toplevel hierarchy
@@flow 148: set_db add_fillers_cell_name_style                      flat
@flow 150: # Routing attributes  [get_db -category route]
@flow 151: #-------------------------------------------------------------------------------
@@flow 152: set_db route_early_global_bottom_routing_layer            [get_db [get_db layers Metal2] .route_index]
**WARN: (IMPPSP-1003):	Found use of 'route_early_global_bottom_routing_layer'. This will continue to work in this release; however, it is recommended to use 'design_bottom_routing_layer' instead.
@@flow 153: set_db route_early_global_top_routing_layer               [get_db [get_db layers Metal11] .route_index]
**WARN: (IMPPSP-1003):	Found use of 'route_early_global_top_routing_layer'. This will continue to work in this release; however, it is recommended to use 'design_top_routing_layer' instead.
@flow 154: #set_db route_early_global_num_tracks_per_clock_wire     1
@@flow 155: set_db route_early_global_num_tracks_per_clock_wire     5
@flow 157: # Note TL: use only up to M8 in routing
@@flow 158: set_db route_design_bottom_routing_layer                  [get_db [get_db layers Metal2] .route_index]
#WARNING (NRIF-90) Option set_db route_bottom_routing_layer is obsolete. It will continue to work for the current release. To ensure compatibility with future releases, use option set_db design_bottom_routing_layer instead.
@@flow 159: set_db route_design_top_routing_layer                     [get_db [get_db layers Metal11] .route_index]
#WARNING (NRIF-91) Option set_db route_top_routing_layer is obsolete. It will continue to work for the current release. To ensure compatibility with future releases, use option set_db design_top_routing_layer instead.
@@flow 161: set_db route_design_detail_post_route_swap_via          none
#WARNING (NRIF-83) When route_detail_post_route_swap_via is set to 'none', the post route via swapping step will be skipped in all scenarios.
@@flow 162: set_db route_design_with_litho_driven                   true
@@flow 163: set_db route_design_with_timing_driven                  true
@flow 165: # Antenna options
@@flow 166: set_db route_design_antenna_pin_limit                   1000
@@flow 167: set_db route_design_antenna_cell_name                   ANTENNA
@@flow 168: set_db route_design_add_antenna_inst_prefix             "ANTENNA"
@@flow 169: set_db route_design_antenna_diode_insertion             true
@@flow 170: set_db route_design_detail_fix_antenna                  true
@flow 172: #set_db route_design_process_node                        45
@@flow 173: set_db route_design_with_via_in_pin                     1:1 ;
@flow 173: # enclose via inside stdcell pin shape on M1 accesses
@flow 175: # H240 trim grid definition
@flow 176: #set_db route_design_with_trim_metal "-layer 2  #-mask2 {-pitch 0.24 -core_offset 0.225 -width 0.03 }  #-mask2 {-pitch 0.24 -core_offset 0.095 -width 0.03 }  #-mask1 {-pitch 0.24 -core_offset 0.015 -width 0.03 }  #-mask1 {-pitch 0.24 -core_offset 0.145 -width 0.03 }"
@@flow 178: set_db route_design_concurrent_minimize_via_count_effort  high                        ;
@flow 178: # Reduce the via count while routing
@@flow 179: set_db route_design_detail_use_multi_cut_via_effort       high                        ;
@flow 179: # Turn on concurrent double/bar cut routing before CTS
@flow 180: #set_db route_design_with_via_only_for_block_cell_pin      2:2                         ;# Access M2 MACRO pin with VIA only
@flow 182: if {0} {...}
@@flow 189: eval_legacy {setNanoRouteMode  -routeExpShieldAddTappingVia true}                     ;
@flow 189: # Add Tapping via for the specified distance for shielding
@flow 191: # Timing ECO attributes [get_db -category opt_signoff] 
@flow 192: #-------------------------------------------------------------------------------
@@flow 193: set_db distributed_child_license_checkout_list          tpsxl
@flow 195: # techniques                                                                    
@flow 196: #set_db opt_signoff_resize_inst  true                                           
@flow 197: #set_db opt_signoff_add_inst true                                               
@flow 198: #set_db opt_signoff_swap_inst true                                              
@flow 199: #set_db opt_signoff_delete_inst true                                            
@flow 200: #set_db opt_signoff_allow_skewing false                                         
@flow 201: #set_db opt_signoff_optimize_sequential_cells false                             
@@flow 202: set_db opt_signoff_optimize_core_only                   true                                    
@flow 203: #set_db opt_signoff_optimize_replicated_modules false                           
@flow 205: # target
@flow 206: #set_db opt_signoff_setup_target_slack 0.0
@flow 207: #set_db opt_signoff_hold_target_slack 0.0 
@flow 209: # Note TL: both false by default
@@flow 210: set_db opt_signoff_fix_si_slew true
@@flow 211: set_db opt_signoff_fix_xtalk   true
@@flow 212: set_db opt_signoff_fix_glitch  true
@flow 214: # Hold fixing
@@flow 215: set_db opt_signoff_fix_hold_allow_setup_optimization      true                        ;
@flow 215: # When set to true, incremental Setup fixing is performed during Hold fixing in order to create more Setup margins on Hold violated nodes that could not be fixed earlier due to Setup timing conflict
@@flow 216: set_db opt_signoff_fix_hold_allow_setup_tns_degrade       true                        ;
@flow 216: # When  specified,  the  Setup Total Negative Slack can be degraded during Hold time violations fixing while still maintaining the Setup Worst Negative Slack in every Setup active views.
@flow 218: # PBA
@@flow 219: set_db opt_signoff_retime                               path_slew_propagation
@flow 220: #set_db opt_signoff_check_type both                 
@flow 221: #set_db opt_signoff_max_paths -1                    
@flow 222: #set_db opt_signoff_nworst -1                       
@flow 223: #set_db opt_signoff_max_slack 0.0                   
@flow 225: # I/OS
@flow 226: #set_db opt_signoff_eco_file_prefix {}
@flow 227: #set_db opt_signoff_partition_list_file {}
@flow 228: #set_db opt_signoff_prefix ESO            
@flow 229: #set_db opt_signoff_read_eco_opt_db {}    
@flow 230: #set_db opt_signoff_write_eco_opt_db ecoTimingDB
@flow 231: #set_db opt_signoff_verbose false               
@flow 232: #set_db opt_signoff_pre_sta_tcl                
#@ End verbose flow_step route.init_innovus
      flow.cputime  flow.realtime  timing.setup.tns  timing.setup.wns  snapshot
UM:           3.52              3                                      init_innovus
##FLOW_KIT: enabling features from command line: {report_lec synth_spatial pnr_db_handoff add_scan opt_signoff}
#@ Begin verbose flow_step route.add_fillers
@flow 2: #- insert filler cells before final routing
@flow 3: if {[get_db add_fillers_cells] ne "" } {
@@flow 4: add_fillers
**Info: (IMPSP-2055): Transparent Filler Flow is OFF !

Multithreaded Timing Analysis is initialized with 8 threads

Estimated cell power/ground rail width = 0.160 um
*INFO: Adding fillers to top-module.
*INFO:   Added 192852 filler insts (cell FILL64 / prefix FILLER_pd_aon).
*INFO:   Added 11160 filler insts (cell FILL32 / prefix FILLER_pd_aon).
*INFO:   Added 13052 filler insts (cell FILL16 / prefix FILLER_pd_aon).
*INFO:   Added 11199 filler insts (cell DECAP10 / prefix FILLER_pd_aon).
*INFO:   Added 2214 filler insts (cell DECAP9 / prefix FILLER_pd_aon).
*INFO:   Added 2340 filler insts (cell DECAP8 / prefix FILLER_pd_aon).
*INFO:   Added 29 filler insts (cell FILL8 / prefix FILLER_pd_aon).
*INFO:   Added 2358 filler insts (cell DECAP7 / prefix FILLER_pd_aon).
*INFO:   Added 2459 filler insts (cell DECAP6 / prefix FILLER_pd_aon).
*INFO:   Added 6117 filler insts (cell DECAP5 / prefix FILLER_pd_aon).
*INFO:   Added 7031 filler insts (cell DECAP4 / prefix FILLER_pd_aon).
*INFO:   Added 30 filler insts (cell FILL4 / prefix FILLER_pd_aon).
*INFO:   Added 7664 filler insts (cell DECAP3 / prefix FILLER_pd_aon).
*INFO:   Added 5996 filler insts (cell DECAP2 / prefix FILLER_pd_aon).
*INFO:   Added 4914 filler insts (cell FILL1 / prefix FILLER_pd_aon).
*INFO: Total 269415 filler insts added - prefix FILLER_pd_aon (CPU: 0:00:11.5).
For 269415 new insts, *INFO: Filler mode add_fillers_with_drc is default true to avoid gaps, which may add fillers with violations. Please check the violations for FILLER_incr* fillers and fix them before routeDesign. Set it to false can avoid the violation but may leave gaps.
*INFO: Second pass addFiller without DRC checking.
*INFO: Adding fillers to top-module.
*INFO:   Added 1 filler inst  (cell FILL1 / prefix FILLER_incr_pd_aon).
*INFO: Total 1 filler inst  added - prefix FILLER_incr_pd_aon (CPU: 0:00:00.1).
For 1 new insts, Finished add_fillers (CPU: 0:00:12.0 REAL: 0:00:04.0 MEM: 3577.9MB)
@flow 5: }
#@ End verbose flow_step route.add_fillers
      flow.cputime  flow.realtime  timing.setup.tns  timing.setup.wns  snapshot
UM:          14.78              7                                      add_fillers
##FLOW_KIT: enabling features from command line: {report_lec synth_spatial pnr_db_handoff add_scan opt_signoff}
#@ Begin verbose flow_step route.run_route
@flow 2: #- perform detail routing and DRC cleanup
@@flow 3: route_design
#% Begin route_design (date=11/14 16:09:43, mem=3223.7M)
#route_design: cpu time = 00:00:00, elapsed time = 00:00:00, memory = 3218.42 (MB), peak = 3385.22 (MB)
AAE_INFO: Pre Route call back at the beginning of routeDesign
#**INFO: setDesignMode -flowEffort standard
#**INFO: setDesignMode -powerEffort none
**INFO: User settings:
delaycal_advanced_node_pin_cap_settings                     true
delaycal_advanced_pin_cap_mode                              true
delaycal_enable_high_fanout                                 true
delaycal_enable_ideal_seq_async_pins                        false
delaycal_eng_enablepreplacedflow                            false
delaycal_equivalent_waveform_model                          no_propagation
delaycal_ignore_net_load                                    false
delaycal_socv_accuracy_mode                                 low
delaycal_socv_use_lvf_tables                                all
setAnalysisMode -virtualIPO                                 false
setDelayCalMode -enable_hier_save_restore_flow              false
setDelayCalMode -engine                                     aae
design_bottom_routing_layer                                 Metal2
design_early_clock_flow                                     true
design_process_node                                         45
design_propagate_activity                                   true
design_top_routing_layer                                    Metal7
extract_rc_assume_metal_fill                                0.0
extract_rc_coupling_cap_threshold                           0.1
extract_rc_engine                                           pre_route
extract_rc_pre_place_cap_scale_factor                       2.30462
extract_rc_pre_place_res_scale_factor                       0.999392
extract_rc_pre_place_site_size                              1.91
extract_rc_pre_place_wire_length_slope                      0.6097
extract_rc_pre_place_wire_length_y0                         3.1299
extract_rc_relative_cap_threshold                           1.0
extract_rc_shrink_factor                                    1.0
extract_rc_total_cap_threshold                              0.0
route_add_antenna_inst_prefix                               ANTENNA
route_antenna_cell_name                                     ANTENNA
route_antenna_diode_insertion                               true
route_antenna_pin_limit                                     1000
route_bottom_routing_layer                                  2
route_concurrent_minimize_via_count_effort                  high
route_detail_fix_antenna                                    true
route_detail_post_route_swap_via                            none
route_detail_use_multi_cut_via_effort                       high
route_exp_design_mode_bottom_routing_layer                  2
route_exp_design_mode_top_routing_layer                     7
route_exp_shield_add_tapping_via                            true
route_extract_third_party_compatible                        false
route_global_exp_timing_driven_std_delay                    45.1
route_re_insert_filler_cell_list                            {DECAP10 DECAP2 DECAP3 DECAP4 DECAP5 DECAP6 DECAP7 DECAP8 DECAP9 FILL1 FILL16 FILL2 FILL32 FILL4 FILL64 FILL8}
route_re_insert_filler_cell_list_from_file                  false
route_route_side                                            front
route_top_routing_layer                                     11
route_with_litho_driven                                     true
route_with_timing_driven                                    true
route_with_via_in_pin                                       1:1
setActiveLogicViewMode -keepHighFanoutCriticalInsts         false
getAnalysisMode -virtualIPO                                 false
getDelayCalMode -enable_hier_save_restore_flow              false
getDelayCalMode -engine                                     aae
getIlmMode -keepHighFanoutCriticalInsts                     false
getImportMode -config                                       true
getPlaceMode -MXPBoundaryLevel                              7
getPlaceMode -MXPConstraintFile                             {}
getPlaceMode -MXPControlSetting                             0
getPlaceMode -MXPLogicHierAware                             0
getPlaceMode -MXPPreplaceSetting                            5
getPlaceMode -MXPRefineSetting                              17
getPlaceMode -macroPlaceMode                                0
get_power_analysis_mode -honor_net_activity_for_tcf         false
get_power_analysis_mode -honor_sublevel_activity            true
getAnalysisMode -virtualIPO                                 false
#**INFO: multi-cut via swapping will not be performed after routing.
#**INFO: All auto set options tuned by route_design will be restored to their original settings on command completion.

Begin checking placement ... (start mem=3584.9M, init mem=3710.6M)
*info: Placed = 306696         (Fixed = 305)
*info: Unplaced = 0           
Placement Density:100.00%(4587756/4587756)
Placement Density (including fixed std cells):100.00%(4587756/4587756)
PowerDomain Density <pd_aon>:100.00%(4587757/4587757)
Finished check_place (total: cpu=0:00:03.0, real=0:00:02.0; vio checks: cpu=0:00:02.4, real=0:00:00.0; mem=3689.3M)

changeUseClockNetStatus Option :  -ignoreSkipRoutingNets -noFixedNetWires 
*** Changed status on (225) nets in Clock.
*** End changeUseClockNetStatus (cpu=0:00:00.0, real=0:00:00.0, mem=3689.3M) ***
#Start route 226 clock and analog nets...

route_global_detail

#Start route_global_detail on Fri Nov 14 16:09:45 2025
#
#import 0 vias (num_signal=0 num_non_signal=0 num_extra_signal=0)
Grid density data update skipped
Initializing multi-corner resistance tables ...
#WARNING (NRIG-1303) The congestion map does not match the GCELL grid. Clearing the congestion map.
#NanoRoute Version 23.15-s106_1 NR250707-2219/23_15-UB
#Skip comparing routing design signature in db-snapshot flow
#Total number of trivial nets (e.g. < 2 pins) = 1463 (skipped).
#Total number of nets with skipped attribute = 43949 (skipped).
#Total number of routable nets = 226.
#Total number of nets in the design = 45638.
#30 routable nets do not have any wires.
#196 routable nets have routed wires.
#43949 skipped nets have only detail routed wires.
#30 nets will be global routed.
#30 global routed or unrouted (routable) nets have been constrained (e.g. have preferred extra spacing, require shielding etc.)
#196 detail routed (routable) nets have been constrained (e.g. have preferred extra spacing, require shielding etc.)
#Using multithreading with 8 threads.
#Start routing data preparation on Fri Nov 14 16:09:46 2025
#
#Rebuild pin access data for design.
#WARNING (NRDB-1028) Some option affecting pin access calculation is set by the user. Pin access is to be recalculated. This incurs runtime.
#Initial pin access analysis.
#Detail pin access analysis.
#Done pin access analysis.
# Metal1       H   Track-Pitch = 0.19000    Line-2-Via Pitch = 0.13000
# Metal2       V   Track-Pitch = 0.20000    Line-2-Via Pitch = 0.15000
# Metal3       H   Track-Pitch = 0.19000    Line-2-Via Pitch = 0.15000
# Metal4       V   Track-Pitch = 0.20000    Line-2-Via Pitch = 0.15000
# Metal5       H   Track-Pitch = 0.19000    Line-2-Via Pitch = 0.15000
# Metal6       V   Track-Pitch = 0.20000    Line-2-Via Pitch = 0.15000
# Metal7       H   Track-Pitch = 0.19000    Line-2-Via Pitch = 0.15000
# Metal8       V   Track-Pitch = 0.20000    Line-2-Via Pitch = 0.15000
# Metal9       H   Track-Pitch = 0.19000    Line-2-Via Pitch = 0.15000
# Metal10      V   Track-Pitch = 0.50000    Line-2-Via Pitch = 0.42000
# Metal11      H   Track-Pitch = 0.47500    Line-2-Via Pitch = 0.43000
#Bottom routing layer index=2(Metal2), bottom routing layer for shielding=2(Metal2), bottom shield layer=2(Metal2) top shield layer=11(Metal11)
#shield_bottom_stripe_layer=1(Metal1), shield_top_stripe_layer=11(Metal11)
#pin_access_rlayer=2(Metal2) num_routing_layer=11 top_routing_layer=11 top_ripin_layer=11
#shield_top_dpt_rlayer=-1 top_rlayer=11 top_trim_metal_rlayer=-1 rlayer_lowest=1 bottom_rlayer=2
#enable_trim_layer_shield=F enable_dpt_layer_shield=F has_line_end_grid=F
#cpu time = 00:00:00, elapsed time = 00:00:00, memory = 3478.00 (MB), peak = 3724.52 (MB)
#Regenerating Ggrids automatically.
#Auto generating G-grids with size=15 tracks, using layer Metal3's pitch = 0.19000.
#Using automatically generated G-grids.
#Done routing data preparation.
#cpu time = 00:00:07, elapsed time = 00:00:03, memory = 3623.59 (MB), peak = 3724.52 (MB)
#
#Finished routing data preparation on Fri Nov 14 16:09:50 2025
#
#Cpu time = 00:00:07
#Elapsed time = 00:00:04
#Increased memory = 190.21 (MB)
#Total memory = 3623.59 (MB)
#Peak memory = 3724.52 (MB)
#
#
#Start global routing on Fri Nov 14 16:09:50 2025
#
#
#Start global routing initialization on Fri Nov 14 16:09:50 2025
#
#Number of eco nets is 29
#
#Start global routing data preparation on Fri Nov 14 16:09:50 2025
#
#Start routing resource analysis on Fri Nov 14 16:09:50 2025
#
#Routing resource analysis is done on Fri Nov 14 16:09:50 2025
#
#  Resource Analysis:
#
#               Routing  #Avail      #Track     #Total     %Gcell
#  Layer      Direction   Track     Blocked      Gcell    Blocked
#  --------------------------------------------------------------
#  Metal2         V        7623        7377     1119355    47.97%
#  Metal3         H        8053        7697     1119355    47.87%
#  Metal4         V        7621        7379     1119355    47.97%
#  Metal5         H        8053        7697     1119355    47.87%
#  Metal6         V        7323        7677     1119355    47.97%
#  Metal7         H       13786        1964     1119355     5.61%
#  Metal8         V       13078        1922     1119355     5.70%
#  Metal9         H       13808        1942     1119355     5.62%
#  Metal10        V         625        5374     1119355    75.94%
#  Metal11        H         703        5596     1119355    71.28%
#  --------------------------------------------------------------
#  Total                  80675      46.33%    11193550    40.38%
#
#  226 nets (0.50%) with 1 preferred extra spacing.
#
#
#
#Global routing data preparation is done on Fri Nov 14 16:09:51 2025
#
#cpu time = 00:00:03, elapsed time = 00:00:01, memory = 3850.80 (MB), peak = 3875.00 (MB)
#
#
#Global routing initialization is done on Fri Nov 14 16:09:51 2025
#
#cpu time = 00:00:04, elapsed time = 00:00:01, memory = 3885.37 (MB), peak = 3890.01 (MB)
#
#start global routing iteration 1...
#cpu time = 00:00:00, elapsed time = 00:00:00, memory = 3888.09 (MB), peak = 3890.57 (MB)
#
#start global routing iteration 2...
#cpu time = 00:00:00, elapsed time = 00:00:00, memory = 3888.09 (MB), peak = 3892.66 (MB)
#
#start global routing iteration 3...
#cpu time = 00:00:00, elapsed time = 00:00:00, memory = 3887.26 (MB), peak = 3907.31 (MB)
#
#
#Total number of trivial nets (e.g. < 2 pins) = 1463 (skipped).
#Total number of nets with skipped attribute = 43949 (skipped).
#Total number of routable nets = 226.
#Total number of nets in the design = 45638.
#
#226 routable nets have routed wires.
#43949 skipped nets have only detail routed wires.
#30 global routed or unrouted (routable) nets have been constrained (e.g. have preferred extra spacing, require shielding etc.)
#196 detail routed (routable) nets have been constrained (e.g. have preferred extra spacing, require shielding etc.)
#
#Routed net constraints summary:
#-------------------------------------------------
#                Rules   Shielding   Unconstrained  
#-------------------------------------------------
#              Default           0               0  
#   ndr_cts_2w25s_leaf          15               0  
#  ndr_cts_2w25s_trunk          15               0  
#-------------------------------------------------
#                Total          30               0  
#-------------------------------------------------
#
#Routing constraints summary of the whole design:
#--------------------------------------------------------------------------------
#                Rules   Shielding   Pref Layer   Expansion Ratio   Unconstrained  
#--------------------------------------------------------------------------------
#              Default           0            3                 3           43946  
#   ndr_cts_2w25s_leaf          60            0                 0               0  
#  ndr_cts_2w25s_trunk         166            0                 0               0  
#--------------------------------------------------------------------------------
#                Total         226            3                 3           43946  
#--------------------------------------------------------------------------------
#
#
#  Congestion Analysis: (blocked Gcells are excluded)
#
#                 OverCon          
#                  #Gcell    %Gcell
#     Layer           (1)   OverCon
#  --------------------------------
#  Metal2        0(0.00%)   (0.00%)
#  Metal3        0(0.00%)   (0.00%)
#  Metal4        0(0.00%)   (0.00%)
#  Metal5        0(0.00%)   (0.00%)
#  Metal6        0(0.00%)   (0.00%)
#  Metal7        0(0.00%)   (0.00%)
#  Metal8        0(0.00%)   (0.00%)
#  Metal9        0(0.00%)   (0.00%)
#  Metal10       0(0.00%)   (0.00%)
#  Metal11       0(0.00%)   (0.00%)
#  --------------------------------
#     Total      0(0.00%)   (0.00%)
#
#  The worst congested Gcell overcon (routing demand over resource in number of tracks) = 1
#  Overflow after GR: 0.00% H + 0.00% V
#
#Complete Global Routing.
#Total number of nets with non-default rule or having extra spacing = 226
#
#  Routing Statistics
#
#----------------+-----------+-----+---------------------+---------------------+
#  Layer         | Length(um)| Vias|           Single-cut|            Multi-cut|
#----------------+-----------+-----+---------------------+---------------------+
#  Poly ( 0H)    |          0|    0|          0  (  0.0%)|          0  (  0.0%)|
#  Metal1 ( 1H)  |          0|  773|        632  ( 81.8%)|        141  ( 18.2%)|
#  Metal2 ( 2V)  |        748|  810|         33  (  4.1%)|        777  ( 95.9%)|
#  Metal3 ( 3H)  |       1519|  514|          8  (  1.6%)|        506  ( 98.4%)|
#  Metal4 ( 4V)  |       3100|  437|          8  (  1.8%)|        429  ( 98.2%)|
#  Metal5 ( 5H)  |       2530|  377|         10  (  2.7%)|        367  ( 97.3%)|
#  Metal6 ( 6V)  |       1469|  386|         26  (  6.7%)|        360  ( 93.3%)|
#  Metal7 ( 7H)  |      14902|  288|          7  (  2.4%)|        281  ( 97.6%)|
#  Metal8 ( 8V)  |      14200|    0|          0  (  0.0%)|          0  (  0.0%)|
#  Metal9 ( 9H)  |          0|    0|          0  (  0.0%)|          0  (  0.0%)|
#  Metal10 (10V) |          0|    0|          0  (  0.0%)|          0  (  0.0%)|
#  Metal11 (11H) |          0|    0|          0  (  0.0%)|          0  (  0.0%)|
#----------------+-----------+-----+---------------------+---------------------+
#  Total         |      38468| 3585|        724  ( 20.2%)|       2861  ( 79.8%)|
#----------------+-----------+-----+---------------------+---------------------+
#
# Total half perimeter of net bounding box: 37725 um.
#Max overcon = 0 track.
#Total overcon = 0.00%.
#Worst layer Gcell overcon rate = 0.00%.
#
#Global routing statistics:
#Cpu time = 00:00:05
#Elapsed time = 00:00:02
#Increased memory = 196.84 (MB)
#Total memory = 3820.43 (MB)
#Peak memory = 3907.31 (MB)
#
#Finished global routing on Fri Nov 14 16:09:52 2025
#
#
#cpu time = 00:00:00, elapsed time = 00:00:00, memory = 3658.38 (MB), peak = 3907.31 (MB)
#Start Track Assignment.
#Done with 7 horizontal wires in 33 hboxes and 4 vertical wires in 34 hboxes.
#Done with 0 horizontal wires in 33 hboxes and 0 vertical wires in 34 hboxes.
#Complete Track Assignment.
#Total number of nets with non-default rule or having extra spacing = 226
#
#  Routing Statistics
#
#----------------+-----------+-----+---------------------+---------------------+
#  Layer         | Length(um)| Vias|           Single-cut|            Multi-cut|
#----------------+-----------+-----+---------------------+---------------------+
#  Poly ( 0H)    |          0|    0|          0  (  0.0%)|          0  (  0.0%)|
#  Metal1 ( 1H)  |          0|  773|        632  ( 81.8%)|        141  ( 18.2%)|
#  Metal2 ( 2V)  |        748|  810|         33  (  4.1%)|        777  ( 95.9%)|
#  Metal3 ( 3H)  |       1519|  514|          8  (  1.6%)|        506  ( 98.4%)|
#  Metal4 ( 4V)  |       3100|  437|          8  (  1.8%)|        429  ( 98.2%)|
#  Metal5 ( 5H)  |       2530|  377|         10  (  2.7%)|        367  ( 97.3%)|
#  Metal6 ( 6V)  |       1469|  386|         26  (  6.7%)|        360  ( 93.3%)|
#  Metal7 ( 7H)  |      14904|  288|          7  (  2.4%)|        281  ( 97.6%)|
#  Metal8 ( 8V)  |      14198|    0|          0  (  0.0%)|          0  (  0.0%)|
#  Metal9 ( 9H)  |          0|    0|          0  (  0.0%)|          0  (  0.0%)|
#  Metal10 (10V) |          0|    0|          0  (  0.0%)|          0  (  0.0%)|
#  Metal11 (11H) |          0|    0|          0  (  0.0%)|          0  (  0.0%)|
#----------------+-----------+-----+---------------------+---------------------+
#  Total         |      38468| 3585|        724  ( 20.2%)|       2861  ( 79.8%)|
#----------------+-----------+-----+---------------------+---------------------+
#
# Total half perimeter of net bounding box: 37725 um.
#cpu time = 00:00:01, elapsed time = 00:00:00, memory = 3616.22 (MB), peak = 3907.31 (MB)
#
#Routing data preparation, pin analysis, global routing and track assignment statistics:
#Cpu time = 00:00:13
#Elapsed time = 00:00:06
#Increased memory = 182.85 (MB)
#Total memory = 3616.22 (MB)
#Peak memory = 3907.31 (MB)
#Using multithreading with 8 threads.
#
#Start Detail Routing..
#
#Start litho driven routing to prevent litho hotspot patterns.
#start initial detail routing ...
#   Improving pin accessing ...
#    elapsed time = 00:00:01, memory = 4070.01 (MB)
#    completing 20% with 2 violations
#    elapsed time = 00:00:01, memory = 4116.56 (MB)
#    completing 30% with 2 violations
#    elapsed time = 00:00:01, memory = 4118.52 (MB)
#    completing 40% with 2 violations
#    elapsed time = 00:00:02, memory = 4147.02 (MB)
#    completing 50% with 2 violations
#    elapsed time = 00:00:02, memory = 4163.75 (MB)
#    completing 60% with 2 violations
#    elapsed time = 00:00:03, memory = 4178.83 (MB)
#   Improving pin accessing ...
#    elapsed time = 00:00:03, memory = 4228.49 (MB)
#   Improving pin accessing ...
#    elapsed time = 00:00:03, memory = 4231.07 (MB)
#   Improving pin accessing ...
#    elapsed time = 00:00:04, memory = 4227.42 (MB)
#   Improving pin accessing ...
#    elapsed time = 00:00:04, memory = 4288.51 (MB)
# ECO: 7.50% of the total area was rechecked for DRC, and 0.11% required routing.
#   number of violations = 0
#22418 out of 306696 instances (7.3%) need to be verified(marked ipoed), dirty area = 0.6%.
#13.21% of the total area is being checked for drcs
#13.2% of the total area was checked
#   number of violations = 0
#cpu time = 00:00:39, elapsed time = 00:00:05, memory = 3743.98 (MB), peak = 4298.31 (MB)
#Complete Detail Routing.
#Total number of nets with non-default rule or having extra spacing = 226
#
#  Routing Statistics
#
#----------------+-----------+-----+---------------------+---------------------+
#  Layer         | Length(um)| Vias|           Single-cut|            Multi-cut|
#----------------+-----------+-----+---------------------+---------------------+
#  Poly ( 0H)    |          0|    0|          0  (  0.0%)|          0  (  0.0%)|
#  Metal1 ( 1H)  |          0|  775|        626  ( 80.8%)|        149  ( 19.2%)|
#  Metal2 ( 2V)  |        755|  816|         16  (  2.0%)|        800  ( 98.0%)|
#  Metal3 ( 3H)  |       1522|  513|          0  (  0.0%)|        513  (100.0%)|
#  Metal4 ( 4V)  |       3101|  436|          0  (  0.0%)|        436  (100.0%)|
#  Metal5 ( 5H)  |       2530|  375|          2  (  0.5%)|        373  ( 99.5%)|
#  Metal6 ( 6V)  |       1470|  384|         18  (  4.7%)|        366  ( 95.3%)|
#  Metal7 ( 7H)  |      14899|  287|          6  (  2.1%)|        281  ( 97.9%)|
#  Metal8 ( 8V)  |      14195|    0|          0  (  0.0%)|          0  (  0.0%)|
#  Metal9 ( 9H)  |          0|    0|          0  (  0.0%)|          0  (  0.0%)|
#  Metal10 (10V) |          0|    0|          0  (  0.0%)|          0  (  0.0%)|
#  Metal11 (11H) |          0|    0|          0  (  0.0%)|          0  (  0.0%)|
#----------------+-----------+-----+---------------------+---------------------+
#  Total         |      38472| 3586|        668  ( 18.6%)|       2918  ( 81.4%)|
#----------------+-----------+-----+---------------------+---------------------+
#
# Total half perimeter of net bounding box: 37725 um.
#Total number of DRC violations = 0
#Cpu time = 00:00:40
#Elapsed time = 00:00:06
#Increased memory = 73.54 (MB)
#Total memory = 3689.76 (MB)
#Peak memory = 4298.31 (MB)
#
#start routing for process antenna violation fix ...
#cpu time = 00:00:00, elapsed time = 00:00:00, memory = 3675.61 (MB), peak = 4298.31 (MB)
#
#Total number of nets with non-default rule or having extra spacing = 226
#
#  Routing Statistics
#
#----------------+-----------+-----+---------------------+---------------------+
#  Layer         | Length(um)| Vias|           Single-cut|            Multi-cut|
#----------------+-----------+-----+---------------------+---------------------+
#  Poly ( 0H)    |          0|    0|          0  (  0.0%)|          0  (  0.0%)|
#  Metal1 ( 1H)  |          0|  775|        626  ( 80.8%)|        149  ( 19.2%)|
#  Metal2 ( 2V)  |        755|  816|         16  (  2.0%)|        800  ( 98.0%)|
#  Metal3 ( 3H)  |       1522|  513|          0  (  0.0%)|        513  (100.0%)|
#  Metal4 ( 4V)  |       3101|  436|          0  (  0.0%)|        436  (100.0%)|
#  Metal5 ( 5H)  |       2530|  375|          2  (  0.5%)|        373  ( 99.5%)|
#  Metal6 ( 6V)  |       1470|  384|         18  (  4.7%)|        366  ( 95.3%)|
#  Metal7 ( 7H)  |      14899|  287|          6  (  2.1%)|        281  ( 97.9%)|
#  Metal8 ( 8V)  |      14195|    0|          0  (  0.0%)|          0  (  0.0%)|
#  Metal9 ( 9H)  |          0|    0|          0  (  0.0%)|          0  (  0.0%)|
#  Metal10 (10V) |          0|    0|          0  (  0.0%)|          0  (  0.0%)|
#  Metal11 (11H) |          0|    0|          0  (  0.0%)|          0  (  0.0%)|
#----------------+-----------+-----+---------------------+---------------------+
#  Total         |      38472| 3586|        668  ( 18.6%)|       2918  ( 81.4%)|
#----------------+-----------+-----+---------------------+---------------------+
#
# Total half perimeter of net bounding box: 37725 um.
#Total number of DRC violations = 0
#Total number of process antenna violations = 0
#Total number of net violated process antenna rule = 0
#
#
#Total number of nets with non-default rule or having extra spacing = 226
#
#  Routing Statistics
#
#----------------+-----------+-----+---------------------+---------------------+
#  Layer         | Length(um)| Vias|           Single-cut|            Multi-cut|
#----------------+-----------+-----+---------------------+---------------------+
#  Poly ( 0H)    |          0|    0|          0  (  0.0%)|          0  (  0.0%)|
#  Metal1 ( 1H)  |          0|  775|        626  ( 80.8%)|        149  ( 19.2%)|
#  Metal2 ( 2V)  |        755|  816|         16  (  2.0%)|        800  ( 98.0%)|
#  Metal3 ( 3H)  |       1522|  513|          0  (  0.0%)|        513  (100.0%)|
#  Metal4 ( 4V)  |       3101|  436|          0  (  0.0%)|        436  (100.0%)|
#  Metal5 ( 5H)  |       2530|  375|          2  (  0.5%)|        373  ( 99.5%)|
#  Metal6 ( 6V)  |       1470|  384|         18  (  4.7%)|        366  ( 95.3%)|
#  Metal7 ( 7H)  |      14899|  287|          6  (  2.1%)|        281  ( 97.9%)|
#  Metal8 ( 8V)  |      14195|    0|          0  (  0.0%)|          0  (  0.0%)|
#  Metal9 ( 9H)  |          0|    0|          0  (  0.0%)|          0  (  0.0%)|
#  Metal10 (10V) |          0|    0|          0  (  0.0%)|          0  (  0.0%)|
#  Metal11 (11H) |          0|    0|          0  (  0.0%)|          0  (  0.0%)|
#----------------+-----------+-----+---------------------+---------------------+
#  Total         |      38472| 3586|        668  ( 18.6%)|       2918  ( 81.4%)|
#----------------+-----------+-----+---------------------+---------------------+
#
# Total half perimeter of net bounding box: 37725 um.
#Total number of DRC violations = 0
#Total number of process antenna violations = 0
#Total number of net violated process antenna rule = 0
#
#Bottom routing layer index=2(Metal2), bottom routing layer for shielding=2(Metal2), bottom shield layer=2(Metal2) top shield layer=11(Metal11)
#shield_bottom_stripe_layer=1(Metal1), shield_top_stripe_layer=11(Metal11)
#pin_access_rlayer=2(Metal2) num_routing_layer=11 top_routing_layer=11 top_ripin_layer=11
#shield_top_dpt_rlayer=-1 top_rlayer=11 top_trim_metal_rlayer=-1 rlayer_lowest=1 bottom_rlayer=2
#enable_trim_layer_shield=F enable_dpt_layer_shield=F has_line_end_grid=F
#Analyzing shielding information. 
#ECO shield region = 3.77% (per shield region), 0.23% (per design) 
#Total shield nets = 226, shielding-eco nets = 73, non-dirty nets = 149 no-shield-wire nets = 4 skip-routing nets = 0.
#  Total shield net = 226 (one-side = 0, hf = 0 ), 73 nets need to be shielded.
#  Bottom shield layer is layer 2.
#  Bottom routing layer for shield is layer 2.
#  Start shielding step 1
#  Finished shielding step 1: cpu time = 00:00:00, elapsed time = 00:00:00, memory = 3675.61 (MB), peak = 4298.31 (MB)
#  Start shielding step 2 
#    Inner loop #1
#    Inner loop #2
#  Finished shielding step 2:   cpu time = 00:00:02, elapsed time = 00:00:01, memory = 3702.48 (MB), peak = 4298.31 (MB)
#  Start shielding step 3
#    Start loop 1
#    Finished loop 1 cpu time = 00:00:01, elapsed time = 00:00:01, memory = 3753.91 (MB), peak = 4298.31 (MB)
#  Finished shielding step 3: cpu time = 00:00:01, elapsed time = 00:00:01, memory = 3753.91 (MB), peak = 4298.31 (MB)
#  Start shielding step 4
#    Inner loop #1
#  Finished shielding step 4:   cpu time = 00:00:01, elapsed time = 00:00:00, memory = 3755.10 (MB), peak = 4298.31 (MB)
#    cpu time = 00:00:01, elapsed time = 00:00:01, memory = 3721.80 (MB), peak = 4298.31 (MB)
#-------------------------------------------------------------------------------
#
#	Shielding Summary
#-------------------------------------------------------------------------------
#Primary shielding net(s): VSS 
#Opportunistic shielding net(s): VDD 
#
#Number of nets with shield attribute: 226
#Number of nets reported: 222
#Number of nets without shielding: 0
#Average ratio                   : 0.981
#
#Name   Average Length     Shield    Ratio
#Metal2:           3.4        6.3     0.922
#Metal3:           6.8       13.2     0.962
#Metal4:          14.0       26.1     0.933
#Metal5:          11.4       22.5     0.985
#Metal6:           6.6       11.4     0.866
#Metal7:          66.9      133.1     0.995
#Metal8:          63.8      126.7     0.992
#-------------------------------------------------------------------------------
#Bottom shield layer (Metal2) and above: 
#Average (BotShieldLayer) ratio  : 0.981
#
#Name    Actual Length     Shield    Ratio
#Metal2:         754.1     1391.0     0.922
#Metal3:        1518.7     2921.0     0.962
#Metal4:        3101.0     5788.8     0.933
#Metal5:        2530.1     4984.8     0.985
#Metal6:        1464.5     2535.3     0.866
#Metal7:       14841.5    29539.5     0.995
#Metal8:       14169.8    28120.4     0.992
#-------------------------------------------------------------------------------
#Preferred routing layer range: Metal2 - Metal8
#Average (PrefLayerOnly) ratio   : 0.982
#
#Name    Actual Length     Shield    Ratio
#Metal2:         653.5     1222.3     0.935
#Metal3:        1099.6     2155.4     0.980
#Metal4:        2986.7     5578.0     0.934
#Metal5:        2502.0     4938.3     0.987
#Metal6:        1343.9     2324.2     0.865
#Metal7:       14841.5    29539.5     0.995
#Metal8:       13456.6    26693.9     0.992
#-------------------------------------------------------------------------------
#Done Shielding:    cpu time = 00:00:04, elapsed time = 00:00:02, memory = 3718.45 (MB), peak = 4298.31 (MB)
#route_detail Statistics:
#Cpu time = 00:00:44
#Elapsed time = 00:00:08
#Increased memory = 102.22 (MB)
#Total memory = 3718.45 (MB)
#Peak memory = 4298.31 (MB)
#
#route_global_detail statistics:
#Cpu time = 00:01:00
#Elapsed time = 00:00:15
#Increased memory = 154.43 (MB)
#Total memory = 3534.74 (MB)
#Peak memory = 4298.31 (MB)
#Number of warnings = 2
#Total number of warnings = 11
#Number of fails = 0
#Total number of fails = 0
#Complete route_global_detail on Fri Nov 14 16:10:00 2025
#

route_global_detail

#Start route_global_detail on Fri Nov 14 16:10:00 2025
#
#Generating timing data, please wait...
#45301 total nets, 226 already routed, 226 will ignore in trialRoute
#View pruning: cpu time = 00:00:00, elapsed time = 00:00:00, memory = 3631.11 (MB), peak = 4900.57 (MB)
#Reporting timing...
###############################################################
#  Generated by:      Cadence Innovus 23.15-s106_1
#  OS:                Linux x86_64(Host ID ASIC-vm)
#  Generated on:      Fri Nov 14 16:10:09 2025
#  Design:            datapath_top
#  Command:           route_design
###############################################################
#Normalized TNS: -0.146 -> -0.036, r2r -0.146 -> -0.036, unit 1000.000, clk period 4.000 (ns)
#OPT Pruned View (First enabled view): slow_0p9v_125c_cmax_func
#Default setup view is reset to slow_0p9v_125c_cmax_func.
#Stage 1: cpu time = 00:00:07, elapsed time = 00:00:02, memory = 3942.76 (MB), peak = 4900.57 (MB)
#Library Standard Delay: 45.10ps
#Slack threshold: 90.20ps
#*** Analyzed 714 timing critical paths, and collected 391.
#Stage 2: cpu time = 00:00:01, elapsed time = 00:00:00, memory = 3944.14 (MB), peak = 4900.57 (MB)
#Stage 3: cpu time = 00:00:01, elapsed time = 00:00:01, memory = 3962.56 (MB), peak = 4900.57 (MB)
#Stage 4: cpu time = 00:00:00, elapsed time = 00:00:00, memory = 3962.56 (MB), peak = 4900.57 (MB)
#Current view: slow_0p9v_125c_cmax_func slow_0p9v_125c_cmax_scan_capture slow_0p9v_125c_cmax_scan_shift 
#Current enabled view: slow_0p9v_125c_cmax_func 
#Generating timing data took: cpu time = 00:00:10, elapsed time = 00:00:04, memory = 3962.56 (MB), peak = 4900.57 (MB)
#Done generating timing data.
#WARNING (NRIG-1303) The congestion map does not match the GCELL grid. Clearing the congestion map.
#NanoRoute Version 23.15-s106_1 NR250707-2219/23_15-UB
#Start routing data preparation on Fri Nov 14 16:10:11 2025
#
#Initial pin access analysis.
#Detail pin access analysis.
#Done pin access analysis.
# Metal1       H   Track-Pitch = 0.19000    Line-2-Via Pitch = 0.13000
# Metal2       V   Track-Pitch = 0.20000    Line-2-Via Pitch = 0.15000
# Metal3       H   Track-Pitch = 0.19000    Line-2-Via Pitch = 0.15000
# Metal4       V   Track-Pitch = 0.20000    Line-2-Via Pitch = 0.15000
# Metal5       H   Track-Pitch = 0.19000    Line-2-Via Pitch = 0.15000
# Metal6       V   Track-Pitch = 0.20000    Line-2-Via Pitch = 0.15000
# Metal7       H   Track-Pitch = 0.19000    Line-2-Via Pitch = 0.15000
# Metal8       V   Track-Pitch = 0.20000    Line-2-Via Pitch = 0.15000
# Metal9       H   Track-Pitch = 0.19000    Line-2-Via Pitch = 0.15000
# Metal10      V   Track-Pitch = 0.50000    Line-2-Via Pitch = 0.42000
# Metal11      H   Track-Pitch = 0.47500    Line-2-Via Pitch = 0.43000
#Bottom routing layer index=2(Metal2), bottom routing layer for shielding=2(Metal2), bottom shield layer=2(Metal2) top shield layer=11(Metal11)
#shield_bottom_stripe_layer=1(Metal1), shield_top_stripe_layer=11(Metal11)
#pin_access_rlayer=2(Metal2) num_routing_layer=11 top_routing_layer=11 top_ripin_layer=11
#shield_top_dpt_rlayer=-1 top_rlayer=11 top_trim_metal_rlayer=-1 rlayer_lowest=1 bottom_rlayer=2
#enable_trim_layer_shield=F enable_dpt_layer_shield=F has_line_end_grid=F
#cpu time = 00:00:00, elapsed time = 00:00:00, memory = 4018.05 (MB), peak = 4900.57 (MB)
#Regenerating Ggrids automatically.
#Auto generating G-grids with size=15 tracks, using layer Metal3's pitch = 0.19000.
#Using automatically generated G-grids.
#Done routing data preparation.
#cpu time = 00:00:04, elapsed time = 00:00:03, memory = 4152.16 (MB), peak = 4900.57 (MB)
#
#Summary of active signal nets routing constraints set by OPT:
#	preferred routing layers      : 3
#	(Metal8)3 
#	preferred routing layer effort: 0
#	preferred extra space         : 0
#	preferred multi-cut via       : 0
#	avoid detour                  : 0
#	expansion ratio               : 3
#	net priority                  : 3
#	s2s control                   : 0
#	avoid chaining                : 0
#	inst-based stacking via       : 0
#
#Summary of active signal nets routing constraints set by USER:
#	preferred routing layers      : 0
#	preferred routing layer effort     : 0
#	preferred extra space              : 0
#	preferred multi-cut via            : 0
#	avoid detour                       : 0
#	net weight                         : 0
#	avoid chaining                     : 0
#	cell-based stacking via (required) : 0
#	cell-based stacking via (optional) : 0
#
#Start timing driven prevention iteration...
#Setup timing driven global route constraints on 0 nets
#
#----------------------------------------------------
# Summary of active signal nets routing constraints
#+--------------------------+-----------+
#| Max Expansion Ratio      |         3 |
#| Preferred Layer Effort   |         3 |
#+--------------------------+-----------+
#  Bottom Preferred Layer
#+----------------+----------+
#|      Layer     | OPT_LA   |
#+----------------+----------+
#| Metal8 (8)     |        3 |
#+----------------+----------+
#
#----------------------------------------------------
#Skipped timing-driven prevention.
#cpu time = 00:00:00, elapsed time = 00:00:00, memory = 4161.17 (MB), peak = 4900.57 (MB)
#Total number of trivial nets (e.g. < 2 pins) = 1463 (skipped).
#Total number of routable nets = 44175.
#Total number of nets in the design = 45638.
#43949 routable nets do not have any wires.
#226 routable nets have routed wires.
#43949 nets will be global routed.
#3 global routed or unrouted (routable) nets have been constrained (e.g. have preferred extra spacing, require shielding etc.)
#226 detail routed (routable) nets have been constrained (e.g. have preferred extra spacing, require shielding etc.)
#Using multithreading with 8 threads.
#
#Finished routing data preparation on Fri Nov 14 16:10:13 2025
#
#Cpu time = 00:00:00
#Elapsed time = 00:00:00
#Increased memory = 0.00 (MB)
#Total memory = 4161.67 (MB)
#Peak memory = 4900.57 (MB)
#
#
#Start global routing on Fri Nov 14 16:10:13 2025
#
#
#Start global routing initialization on Fri Nov 14 16:10:13 2025
#
#Number of eco nets is 0
#
#Start global routing data preparation on Fri Nov 14 16:10:13 2025
#
#Start routing resource analysis on Fri Nov 14 16:10:14 2025
#
#Routing resource analysis is done on Fri Nov 14 16:10:14 2025
#
#  Resource Analysis:
#
#               Routing  #Avail      #Track     #Total     %Gcell
#  Layer      Direction   Track     Blocked      Gcell    Blocked
#  --------------------------------------------------------------
#  Metal2         V        7622        7378     1119355    47.97%
#  Metal3         H        8053        7697     1119355    47.87%
#  Metal4         V        7621        7379     1119355    47.97%
#  Metal5         H        8053        7697     1119355    47.87%
#  Metal6         V        7323        7677     1119355    47.97%
#  Metal7         H       13785        1965     1119355     5.61%
#  Metal8         V       13077        1923     1119355     5.70%
#  Metal9         H       13808        1942     1119355     5.62%
#  Metal10        V         625        5374     1119355    75.94%
#  Metal11        H         703        5596     1119355    71.28%
#  --------------------------------------------------------------
#  Total                  80673      46.33%    11193550    40.38%
#
#  226 nets (0.50%) with 1 preferred extra spacing.
#
#
#
#Global routing data preparation is done on Fri Nov 14 16:10:14 2025
#
#cpu time = 00:00:03, elapsed time = 00:00:01, memory = 4379.47 (MB), peak = 4900.57 (MB)
#
#
#Global routing initialization is done on Fri Nov 14 16:10:14 2025
#
#cpu time = 00:00:04, elapsed time = 00:00:01, memory = 4413.06 (MB), peak = 4900.57 (MB)
#
#Skip 1/3 round for no nets in the round...
#Route nets in 2/3 round...
#start global routing iteration 1...
#cpu time = 00:00:00, elapsed time = 00:00:00, memory = 4412.95 (MB), peak = 4900.57 (MB)
#
#start global routing iteration 2...
#cpu time = 00:00:00, elapsed time = 00:00:00, memory = 4412.97 (MB), peak = 4900.57 (MB)
#
#start global routing iteration 3...
#cpu time = 00:00:00, elapsed time = 00:00:00, memory = 4407.99 (MB), peak = 4900.57 (MB)
#
#Route nets in 3/3 round...
#start global routing iteration 4...
#cpu time = 00:00:01, elapsed time = 00:00:01, memory = 4405.40 (MB), peak = 4900.57 (MB)
#
#start global routing iteration 5...
#cpu time = 00:00:04, elapsed time = 00:00:04, memory = 4405.47 (MB), peak = 4900.57 (MB)
#
#start global routing iteration 6...
#cpu time = 00:00:05, elapsed time = 00:00:03, memory = 4465.49 (MB), peak = 4900.57 (MB)
#
#
#Total number of trivial nets (e.g. < 2 pins) = 1463 (skipped).
#Total number of routable nets = 44175.
#Total number of nets in the design = 45638.
#
#44175 routable nets have routed wires.
#3 global routed or unrouted (routable) nets have been constrained (e.g. have preferred extra spacing, require shielding etc.)
#226 detail routed (routable) nets have been constrained (e.g. have preferred extra spacing, require shielding etc.)
#
#Routed nets constraints summary:
#--------------------------------------------------------------------
#                Rules   Pref Layer   Expansion Ratio   Unconstrained  
#--------------------------------------------------------------------
#              Default            3                 3           43946  
#   ndr_cts_2w25s_leaf            0                 0               0  
#  ndr_cts_2w25s_trunk            0                 0               0  
#--------------------------------------------------------------------
#                Total            3                 3           43946  
#--------------------------------------------------------------------
#
#Routing constraints summary of the whole design:
#--------------------------------------------------------------------------------
#                Rules   Shielding   Pref Layer   Expansion Ratio   Unconstrained  
#--------------------------------------------------------------------------------
#              Default           0            3                 3           43946  
#   ndr_cts_2w25s_leaf          60            0                 0               0  
#  ndr_cts_2w25s_trunk         166            0                 0               0  
#--------------------------------------------------------------------------------
#                Total         226            3                 3           43946  
#--------------------------------------------------------------------------------
#
#
#  Congestion Analysis: (blocked Gcells are excluded)
#
#                 OverCon       OverCon       OverCon          
#                  #Gcell        #Gcell        #Gcell    %Gcell
#     Layer         (1-2)         (3-4)         (5-6)   OverCon
#  ------------------------------------------------------------
#  Metal2       10(0.00%)      1(0.00%)      0(0.00%)   (0.00%)
#  Metal3        4(0.00%)      1(0.00%)      0(0.00%)   (0.00%)
#  Metal4        4(0.00%)      1(0.00%)      0(0.00%)   (0.00%)
#  Metal5        2(0.00%)      0(0.00%)      0(0.00%)   (0.00%)
#  Metal6        4(0.00%)      0(0.00%)      0(0.00%)   (0.00%)
#  Metal7        2(0.00%)      0(0.00%)      0(0.00%)   (0.00%)
#  Metal8        0(0.00%)      1(0.00%)      1(0.00%)   (0.00%)
#  Metal9        0(0.00%)      0(0.00%)      0(0.00%)   (0.00%)
#  Metal10       4(0.00%)      0(0.00%)      0(0.00%)   (0.00%)
#  Metal11      95(0.03%)      4(0.00%)      0(0.00%)   (0.03%)
#  ------------------------------------------------------------
#     Total    125(0.00%)      8(0.00%)      1(0.00%)   (0.00%)
#
#  The worst congested Gcell overcon (routing demand over resource in number of tracks) = 6
#  Overflow after GR: 0.00% H + 0.00% V
#
#Hotspot report including placement blocked areas
[hotspot] +----------------+-------------------+-------------------+-------------------------------------+
[hotspot] |      layer     |    max hotspot    |   total hotspot   |            hotspot bbox             |
[hotspot] +----------------+-------------------+-------------------+-------------------------------------+
[hotspot] |   Metal2(V)    |              0.00 |              0.00 |   (none)                            |
[hotspot] |   Metal3(H)    |              0.17 |              0.17 |  1969.91  1368.00  2024.63  1422.71 |
[hotspot] |   Metal4(V)    |              0.00 |              0.00 |   (none)                            |
[hotspot] |   Metal5(H)    |              0.00 |              0.00 |   (none)                            |
[hotspot] |   Metal6(V)    |              0.00 |              0.00 |   (none)                            |
[hotspot] |   Metal7(H)    |              0.00 |              0.00 |   (none)                            |
[hotspot] |   Metal8(V)    |              0.17 |              0.17 |   465.12   601.91   519.84   656.63 |
[hotspot] |   Metal9(H)    |              0.00 |              0.00 |   (none)                            |
[hotspot] |  Metal10(V)    |              0.00 |              0.00 |   (none)                            |
[hotspot] |  Metal11(H)    |              2.43 |              2.60 |  1915.19  2079.36  1969.91  2134.07 |
[hotspot] +----------------+-------------------+-------------------+-------------------------------------+
[hotspot] |      worst     |(Metal11)     2.43 |(Metal11)     2.60 |                                     |
[hotspot] +----------------+-------------------+-------------------+-------------------------------------+
[hotspot] |   all layers   |              2.43 |              3.12 |                                     |
[hotspot] +----------------+-------------------+-------------------+-------------------------------------+
Local HotSpot Analysis (blockage included) (3d): normalized congestion max/total hotspot area = 2.43/3.12 (area is in unit of 4 std-cell row bins)
[hotspot] top 5 congestion hotspot bounding boxes and scores of all layers hotspot
[hotspot] +-----+-------------------------------------+---------------+-------------------------------+
[hotspot] | top |            hotspot bbox             | hotspot score |           module              |
[hotspot] +-----+-------------------------------------+---------------+-------------------------------+
[hotspot] |  1  |  1915.19  2079.36  1969.91  2134.07 |        1.39   | genblk3_5_i_mul_wrapper_c     |
[hotspot] +-----+-------------------------------------+---------------+-------------------------------+
[hotspot] |  2  |  1969.91  2079.36  2024.63  2134.07 |        0.69   | genblk3_5_i_mul_wrapper_c     |
[hotspot] +-----+-------------------------------------+---------------+-------------------------------+
[hotspot] |  3  |  1969.91  1368.00  2024.63  1422.71 |        0.52   | genblk3_8_i_mul_wrapper_b     |
[hotspot] +-----+-------------------------------------+---------------+-------------------------------+
[hotspot] |  4  |  1860.48  2079.36  1915.19  2134.07 |        0.35   | genblk3_5_i_mul_wrapper_c     |
[hotspot] +-----+-------------------------------------+---------------+-------------------------------+
[hotspot] |  5  |  1860.48  2243.51  1915.19  2298.24 |        0.17   | genblk3_5_i_mul_wrapper_b     |
[hotspot] +-----+-------------------------------------+---------------+-------------------------------+
#Complete Global Routing.
#Total number of nets with non-default rule or having extra spacing = 226
#
#  Routing Statistics
#
#----------------+-----------+-------+---------------------+---------------------+
#  Layer         | Length(um)|   Vias|           Single-cut|            Multi-cut|
#----------------+-----------+-------+---------------------+---------------------+
#  Poly ( 0H)    |          0|      0|          0  (  0.0%)|          0  (  0.0%)|
#  Metal1 ( 1H)  |          0|  93626|      93477  ( 99.8%)|        149  (  0.2%)|
#  Metal2 ( 2V)  |     939195|  69222|      68422  ( 98.8%)|        800  (  1.2%)|
#  Metal3 ( 3H)  |    1558643|  24379|      23866  ( 97.9%)|        513  (  2.1%)|
#  Metal4 ( 4V)  |     482850|  23853|      23417  ( 98.2%)|        436  (  1.8%)|
#  Metal5 ( 5H)  |     691436|  18124|      17751  ( 97.9%)|        373  (  2.1%)|
#  Metal6 ( 6V)  |     270181|  12973|      12607  ( 97.2%)|        366  (  2.8%)|
#  Metal7 ( 7H)  |    1589090|   7623|       7342  ( 96.3%)|        281  (  3.7%)|
#  Metal8 ( 8V)  |     567620|   1862|       1862  (100.0%)|          0  (  0.0%)|
#  Metal9 ( 9H)  |     182216|    190|        190  (100.0%)|          0  (  0.0%)|
#  Metal10 (10V) |       1313|    150|        150  (100.0%)|          0  (  0.0%)|
#  Metal11 (11H) |       7466|      0|          0  (  0.0%)|          0  (  0.0%)|
#----------------+-----------+-------+---------------------+---------------------+
#  Total         |    6290010| 252002|     249084  ( 98.8%)|       2918  (  1.2%)|
#----------------+-----------+-------+---------------------+---------------------+
#
# Total half perimeter of net bounding box: 6123438 um.
#Total number of involved regular nets 3447
#Maximum src to sink distance  1517.2
#Average of max src_to_sink distance  420.2
#Average of ave src_to_sink distance  344.3
#Total number of involved priority nets 3
#Maximum src to sink distance for priority net 1750.1
#Average of max src_to_sink distance for priority net 1496.6
#Average of ave src_to_sink distance for priority net 1442.3
#Max overcon = 6 tracks.
#Total overcon = 0.00%.
#Worst layer Gcell overcon rate = 0.03%.
#
#Global routing statistics:
#Cpu time = 00:00:17
#Elapsed time = 00:00:10
#Increased memory = 193.04 (MB)
#Total memory = 4354.71 (MB)
#Peak memory = 4900.57 (MB)
#
#Finished global routing on Fri Nov 14 16:10:23 2025
#
#
#cpu time = 00:00:00, elapsed time = 00:00:00, memory = 4196.14 (MB), peak = 4900.57 (MB)
#Start Track Assignment.
#Done with 54534 horizontal wires in 33 hboxes and 57087 vertical wires in 34 hboxes.
#Done with 7832 horizontal wires in 33 hboxes and 7307 vertical wires in 34 hboxes.
#Done with 33 horizontal wires in 33 hboxes and 34 vertical wires in 34 hboxes.
#
#Track assignment summary:
# layer   (wire length)   (overlap)     (long ovlp)	(with obs/pg/clk)  
#------------------------------------------------------------------------
# Metal2    936597.39 	  0.01%  	  0.00% 	  0.00%
# Metal3   1554014.26 	  0.02%  	  0.00% 	  0.00%
# Metal4    478254.47 	  1.12%  	  0.00% 	  1.11%
# Metal5    688692.45 	  0.58%  	  0.00% 	  0.56%
# Metal6    266982.62 	  5.69%  	  0.00% 	  5.56%
# Metal7   1573823.41 	  0.01%  	  0.00% 	  0.01%
# Metal8    553232.93 	  0.01%  	  0.00% 	  0.01%
# Metal9    182216.69 	  0.00%  	  0.00% 	  0.00%
# Metal10     1293.11 	  0.08%  	  0.00% 	  0.00%
# Metal11     7457.77 	  8.27%  	  8.27% 	  0.00%
#------------------------------------------------------------------------
# All     6242565.11  	  0.41% 	  0.01% 	  0.00%
#Complete Track Assignment.
#Total number of nets with non-default rule or having extra spacing = 226
#
#  Routing Statistics
#
#----------------+-----------+-------+---------------------+---------------------+
#  Layer         | Length(um)|   Vias|           Single-cut|            Multi-cut|
#----------------+-----------+-------+---------------------+---------------------+
#  Poly ( 0H)    |          0|      0|          0  (  0.0%)|          0  (  0.0%)|
#  Metal1 ( 1H)  |          0|  93626|      93477  ( 99.8%)|        149  (  0.2%)|
#  Metal2 ( 2V)  |     935254|  69222|      68422  ( 98.8%)|        800  (  1.2%)|
#  Metal3 ( 3H)  |    1553502|  24379|      23866  ( 97.9%)|        513  (  2.1%)|
#  Metal4 ( 4V)  |     480599|  23853|      23417  ( 98.2%)|        436  (  1.8%)|
#  Metal5 ( 5H)  |     690341|  18124|      17751  ( 97.9%)|        373  (  2.1%)|
#  Metal6 ( 6V)  |     267704|  12973|      12607  ( 97.2%)|        366  (  2.8%)|
#  Metal7 ( 7H)  |    1588189|   7623|       7342  ( 96.3%)|        281  (  3.7%)|
#  Metal8 ( 8V)  |     567134|   1862|       1862  (100.0%)|          0  (  0.0%)|
#  Metal9 ( 9H)  |     182153|    190|        190  (100.0%)|          0  (  0.0%)|
#  Metal10 (10V) |       1274|    150|        150  (100.0%)|          0  (  0.0%)|
#  Metal11 (11H) |       7441|      0|          0  (  0.0%)|          0  (  0.0%)|
#----------------+-----------+-------+---------------------+---------------------+
#  Total         |    6273591| 252002|     249084  ( 98.8%)|       2918  (  1.2%)|
#----------------+-----------+-------+---------------------+---------------------+
#
# Total half perimeter of net bounding box: 6123438 um.
#cpu time = 00:00:10, elapsed time = 00:00:02, memory = 4201.31 (MB), peak = 4900.57 (MB)
#
#number of short segments in preferred routing layers
#	Metal8    Metal9    Total 
#	2         4         6         
#
#Start post global route fixing for timing critical nets ...
#
#* Updating design timing data...
#Extracting RC...
Un-suppress "**WARN ..." messages.
#
#Start tQuantus RC extraction...
#Finish check_net_pin_list step Enter extract_rc_after_routing
#Extract in track assign mode
#Start extraction data preparation
#Start building rc corner(s)...
#Number of RC Corner = 2
#Corner cmax_125c /opt/soc/tech/cadence/gsclib045_all_v4.8/gsclib045/qrc/qx/gpdk045.tch 125.000000 (real) 
#Corner cmin_0c /opt/soc/tech/cadence/gsclib045_all_v4.8/gsclib045/qrc/qx/gpdk045.tch 0.000000 (real) 
#(i=11, n=11 2000)
#METAL_1 -> Metal1 (1)
#METAL_2 -> Metal2 (2)
#METAL_3 -> Metal3 (3)
#METAL_4 -> Metal4 (4)
#METAL_5 -> Metal5 (5)
#METAL_6 -> Metal6 (6)
#METAL_7 -> Metal7 (7)
#METAL_8 -> Metal8 (8)
#METAL_9 -> Metal9 (9)
#METAL_10 -> Metal10 (10)
#METAL_11 -> Metal11 (11)
#SADV_On
# Corner(s) : 
#cmax_125c [125.00] 
#cmin_0c [ 0.00]
# Corner id: 0
# Layout Scale: 1.000000
# Has Metal Fill model: yes
# Temperature was set
# Temperature : 125.000000
# Ref. Temp   : 25.000000
# Corner id: 1
# Layout Scale: 1.000000
# Has Metal Fill model: yes
# Temperature was set
# Temperature : 0.000000
# Ref. Temp   : 25.000000
#SADV_Off
#total pattern=286 [22, 792]
#Generating the tQuantus model file automatically.
#num_tile=24090 avg_aspect_ratio=2.082489 
#Vertical num_row 55 per_row= 432 halo= 12000 
#hor_num_col = 63 final aspect_ratio= 1.726033
#Build RC corners: cpu time = 00:00:08, elapsed time = 00:00:08, memory = 4214.52 (MB), peak = 4900.57 (MB)
#Finish check_net_pin_list step Enter extract
#Start init net ripin tree building
#Finish init net ripin tree building
#Cpu time = 00:00:00
#Elapsed time = 00:00:00
#Increased memory = 0.00 (MB)
#Total memory = 4225.67 (MB)
#Peak memory = 4900.57 (MB)
#Using multithreading with 8 threads.
#begin processing metal fill model file
#end processing metal fill model file
#
#Start Post Track Assignment Wire Spread.
#Done with 25022 horizontal wires in 33 hboxes and 16583 vertical wires in 34 hboxes.
#Complete Post Track Assignment Wire Spread.
#
#Length limit = 200 pitches
#opt mode = 2
#Finish check_net_pin_list step Fix net pin list
#Start generate extraction boxes.
#
#Extract using 30 x 30 Hboxes
#37x37 initial hboxes
#Use area based hbox pruning.
#0/0 hboxes pruned.
#88/1000 hboxes pruned.
#Number of hboxes from 1157 to 907
#Complete generating extraction boxes.
#Start step Extraction
#Extract 907 hboxes with 8 threads on machine with  Core_i7 2.11GHz 25600KB Cache 8CPU...
#Process 0 special clock nets for rc extraction
#WARNING (NREX-80) Net UNCONNECTED1771 does not have a driver pin. It may have incomplete route.
#WARNING (NREX-80) Net UNCONNECTED2824 does not have a driver pin. It may have incomplete route.
#WARNING (NREX-80) Net UNCONNECTED2337 does not have a driver pin. It may have incomplete route.
#WARNING (NREX-80) Net UNCONNECTED1408 does not have a driver pin. It may have incomplete route.
#WARNING (NREX-80) Net UNCONNECTED417 does not have a driver pin. It may have incomplete route.
#WARNING (NREX-80) Net UNCONNECTED968 does not have a driver pin. It may have incomplete route.
#WARNING (NREX-80) Net UNCONNECTED996 does not have a driver pin. It may have incomplete route.
#WARNING (NREX-80) Net UNCONNECTED1220 does not have a driver pin. It may have incomplete route.
#WARNING (NREX-80) Net UNCONNECTED288 does not have a driver pin. It may have incomplete route.
#WARNING (NREX-80) Net UNCONNECTED1028 does not have a driver pin. It may have incomplete route.
#WARNING (NREX-80) Net UNCONNECTED1028 does not have a driver pin. It may have incomplete route.
#WARNING (NREX-80) Net UNCONNECTED1028 does not have a driver pin. It may have incomplete route.
#WARNING (NREX-80) Net UNCONNECTED673 does not have a driver pin. It may have incomplete route.
#WARNING (NREX-80) Net UNCONNECTED673 does not have a driver pin. It may have incomplete route.
#WARNING (NREX-80) Net UNCONNECTED97 does not have a driver pin. It may have incomplete route.
#WARNING (NREX-80) Net UNCONNECTED612 does not have a driver pin. It may have incomplete route.
#WARNING (NREX-80) Net UNCONNECTED612 does not have a driver pin. It may have incomplete route.
#WARNING (NREX-80) Net UNCONNECTED1768 does not have a driver pin. It may have incomplete route.
#WARNING (NREX-80) Net UNCONNECTED1768 does not have a driver pin. It may have incomplete route.
#WARNING (NREX-80) Net UNCONNECTED1768 does not have a driver pin. It may have incomplete route.
#WARNING (EMS-27) Message (NREX-80) has exceeded the current message display limit of 20.
#To increase the message display limit, refer to the product command reference manual.
#Total 44175 nets were built. 131468 nodes added to break long wires. 0 net(s) have incomplete routes.
#Run Statistics for Extraction:
#   Cpu time = 00:02:30, elapsed time = 00:00:19 .
#   Increased memory =   274.58 (MB), total memory =  4618.27 (MB), peak memory =  6201.82 (MB)
#
#Scale RC for track assignment: res 1.000000; cap 1.000000; clk res 1.000000; clk cap 1.000000, xcap 1.000000
#Simplify RC tree: cpu time = 00:00:00, elapsed time = 00:00:00, memory = 4444.47 (MB), peak = 6201.82 (MB)
#RC Statistics: 297989 Res, 256266 Ground Cap, 97785 XCap (Edge to Edge)
#WARNING (NREX-102) Net UNCONNECTED2429 is not extracted due to Has no routing. The result of timing analysis involving such net is inaccurate.
#WARNING (NREX-102) Net UNCONNECTED2428 is not extracted due to Has no routing. The result of timing analysis involving such net is inaccurate.
#WARNING (NREX-102) Net UNCONNECTED2365 is not extracted due to Has no routing. The result of timing analysis involving such net is inaccurate.
#WARNING (NREX-102) Net UNCONNECTED2364 is not extracted due to Has no routing. The result of timing analysis involving such net is inaccurate.
#WARNING (NREX-102) Net UNCONNECTED2366 is not extracted due to Has no routing. The result of timing analysis involving such net is inaccurate.
#WARNING (NREX-102) Net UNCONNECTED2362 is not extracted due to Has no routing. The result of timing analysis involving such net is inaccurate.
#WARNING (NREX-102) Net UNCONNECTED2427 is not extracted due to Has no routing. The result of timing analysis involving such net is inaccurate.
#WARNING (NREX-102) Net UNCONNECTED2363 is not extracted due to Has no routing. The result of timing analysis involving such net is inaccurate.
#WARNING (NREX-102) Net UNCONNECTED157 is not extracted due to Has no routing. The result of timing analysis involving such net is inaccurate.
#WARNING (NREX-102) Net UNCONNECTED158 is not extracted due to Has no routing. The result of timing analysis involving such net is inaccurate.
#WARNING (NREX-102) Net UNCONNECTED2333 is not extracted due to Has no routing. The result of timing analysis involving such net is inaccurate.
#WARNING (NREX-102) Net UNCONNECTED155 is not extracted due to Has no routing. The result of timing analysis involving such net is inaccurate.
#WARNING (NREX-102) Net UNCONNECTED2398 is not extracted due to Has no routing. The result of timing analysis involving such net is inaccurate.
#WARNING (NREX-102) Net UNCONNECTED154 is not extracted due to Has no routing. The result of timing analysis involving such net is inaccurate.
#WARNING (NREX-102) Net UNCONNECTED187 is not extracted due to Has no routing. The result of timing analysis involving such net is inaccurate.
#WARNING (NREX-102) Net UNCONNECTED156 is not extracted due to Has no routing. The result of timing analysis involving such net is inaccurate.
#WARNING (NREX-102) Net UNCONNECTED186 is not extracted due to Has no routing. The result of timing analysis involving such net is inaccurate.
#WARNING (NREX-102) Net UNCONNECTED189 is not extracted due to Has no routing. The result of timing analysis involving such net is inaccurate.
#WARNING (NREX-102) Net UNCONNECTED860 is not extracted due to Has no routing. The result of timing analysis involving such net is inaccurate.
#WARNING (NREX-102) Net UNCONNECTED188 is not extracted due to Has no routing. The result of timing analysis involving such net is inaccurate.
#WARNING (EMS-27) Message (NREX-102) has exceeded the current message display limit of 20.
#To increase the message display limit, refer to the product command reference manual.
#RC V/H edge ratio: 0.83, Avg V/H Edge Length: 29703.93 (235963), Avg L-Edge Length: 43787.97 (33909)
#Register nets and terms for rcdb /home/student/16/ex8/flow_datapath_top_1/innovus_temp_122651_c986178c-abfd-4f49-9140-906b0eebdbc1_ASIC-vm_student_7ICbMP/nr122651_D0Eutr.rcdb.d
#Finish registering nets and terms for rcdb.
#Start writing RC data.
#Finish writing RC data
#Finish writing rcdb with 366647 nodes, 322472 edges, and 212578 xcaps
#131468 inserted nodes are removed
#Restored 0 tie nets, 0 tie snets, 0 partial nets
#Remove Post Track Assignment Wire Spread
Restoring parasitic data from file '/home/student/16/ex8/flow_datapath_top_1/innovus_temp_122651_c986178c-abfd-4f49-9140-906b0eebdbc1_ASIC-vm_student_7ICbMP/nr122651_D0Eutr.rcdb.d' ...
Reading RCDB with compressed RC data.
Reading RCDB with compressed RC data.
Begin read_parasitics... (cpu: 0:00:00.0 real: 0:00:00.0 mem: 7872.387M)
Following multi-corner parasitics specified:
	/home/student/16/ex8/flow_datapath_top_1/innovus_temp_122651_c986178c-abfd-4f49-9140-906b0eebdbc1_ASIC-vm_student_7ICbMP/nr122651_D0Eutr.rcdb.d (rcdb)
Reading RCDB with compressed RC data.
		Cell datapath_top has rcdb /home/student/16/ex8/flow_datapath_top_1/innovus_temp_122651_c986178c-abfd-4f49-9140-906b0eebdbc1_ASIC-vm_student_7ICbMP/nr122651_D0Eutr.rcdb.d specified
Cell datapath_top, hinst 
Reading RCDB with compressed RC data.
Done read_parasitics... (cpu: 0:00:00.4 real: 0:00:00.0 mem: 7872.387M)
#
#Restore RCDB.
#Remove Post Track Assignment Wire Spread
#
#Complete tQuantus RC extraction.
#Cpu time = 00:02:47
#Elapsed time = 00:00:32
#Increased memory = 212.91 (MB)
#Total memory = 4415.25 (MB)
#Peak memory = 6201.82 (MB)
#
Un-suppress "**WARN ..." messages.
#RC Extraction Completed...
AAE_INFO: switching set_db delaycal_enable_si from false to true ...
AAE_INFO: The setting is changed from false to true in set_db delaycal_enable_si
#Reporting timing...
###############################################################
#  Generated by:      Cadence Innovus 23.15-s106_1
#  OS:                Linux x86_64(Host ID ASIC-vm)
#  Generated on:      Fri Nov 14 16:11:01 2025
#  Design:            datapath_top
#  Command:           route_design
###############################################################
#Normalized TNS: -121.066 -> -30.267, r2r -120.750 -> -30.188, unit 1000.000, clk period 4.000 (ns)
#Stage 1: cpu time = 00:00:15, elapsed time = 00:00:03, memory = 4574.14 (MB), peak = 6201.82 (MB)
#Library Standard Delay: 45.10ps
#Slack threshold: 0.00ps
#*** Analyzed 1511 timing critical paths, and collected 852.
#Stage 2: cpu time = 00:00:01, elapsed time = 00:00:00, memory = 4575.97 (MB), peak = 6201.82 (MB)
#Stage 3: cpu time = 00:00:00, elapsed time = 00:00:00, memory = 4575.94 (MB), peak = 6201.82 (MB)
Worst slack reported in the design = 1.568098 (late)

*** writeDesignTiming (0:00:01.0) ***
#Stage 4: cpu time = 00:00:01, elapsed time = 00:00:01, memory = 4576.60 (MB), peak = 6201.82 (MB)
Un-suppress "**WARN ..." messages.
#Number of victim nets: 0
#Number of aggressor nets: 0
#Number of weak nets: 3632
#Number of critical nets: 0
#	level 1 [   0.0, -1000.0]: 0 nets
#	level 2 [   0.0, -1000.0]: 0 nets
#	level 3 [   0.0, -1000.0]: 0 nets
#Total number of nets: 44175
#Total number of significant detoured timing critical nets is 0
#Total number of selected detoured timing critical nets is 0
#Setup timing driven post global route constraints on 3632 nets
#46 critical nets are selected for extra spacing.
#Postfix stack gain threshold: Min=0.2 ps, 1-stack=45.1 ps, 2-stack=90.2 ps
#0 nets (0 um) assigned to layer Metal10 and 18 nets (10984.6 um) assigned to layer Metal8
#0 inserted nodes are removed
#Restored 0 tie nets, 0 tie snets, 0 partial nets
#
#  Congestion Analysis: (blocked Gcells are excluded)
#
#                 OverCon       OverCon       OverCon          
#                  #Gcell        #Gcell        #Gcell    %Gcell
#     Layer         (1-2)         (3-4)         (5-6)   OverCon
#  ------------------------------------------------------------
#  Metal2       11(0.00%)      1(0.00%)      0(0.00%)   (0.00%)
#  Metal3        4(0.00%)      1(0.00%)      0(0.00%)   (0.00%)
#  Metal4        4(0.00%)      1(0.00%)      0(0.00%)   (0.00%)
#  Metal5        2(0.00%)      0(0.00%)      0(0.00%)   (0.00%)
#  Metal6        4(0.00%)      0(0.00%)      0(0.00%)   (0.00%)
#  Metal7        2(0.00%)      0(0.00%)      0(0.00%)   (0.00%)
#  Metal8        0(0.00%)      1(0.00%)      1(0.00%)   (0.00%)
#  Metal9        0(0.00%)      0(0.00%)      0(0.00%)   (0.00%)
#  Metal10       1(0.00%)      0(0.00%)      0(0.00%)   (0.00%)
#  Metal11      95(0.03%)      4(0.00%)      0(0.00%)   (0.03%)
#  ------------------------------------------------------------
#     Total    123(0.00%)      8(0.00%)      1(0.00%)   (0.00%)
#
#  The worst congested Gcell overcon (routing demand over resource in number of tracks) = 6
#  Overflow after GR: 0.00% H + 0.00% V
#
#Hotspot report including placement blocked areas
[hotspot] +----------------+-------------------+-------------------+-------------------------------------+
[hotspot] |      layer     |    max hotspot    |   total hotspot   |            hotspot bbox             |
[hotspot] +----------------+-------------------+-------------------+-------------------------------------+
[hotspot] |   Metal2(V)    |              0.00 |              0.00 |   (none)                            |
[hotspot] |   Metal3(H)    |              0.17 |              0.17 |  1969.91  1368.00  2024.63  1422.71 |
[hotspot] |   Metal4(V)    |              0.00 |              0.00 |   (none)                            |
[hotspot] |   Metal5(H)    |              0.00 |              0.00 |   (none)                            |
[hotspot] |   Metal6(V)    |              0.00 |              0.00 |   (none)                            |
[hotspot] |   Metal7(H)    |              0.00 |              0.00 |   (none)                            |
[hotspot] |   Metal8(V)    |              0.17 |              0.17 |   465.12   601.91   519.84   656.63 |
[hotspot] |   Metal9(H)    |              0.00 |              0.00 |   (none)                            |
[hotspot] |  Metal10(V)    |              0.00 |              0.00 |   (none)                            |
[hotspot] |  Metal11(H)    |              2.43 |              2.60 |  1915.19  2079.36  1969.91  2134.07 |
[hotspot] +----------------+-------------------+-------------------+-------------------------------------+
[hotspot] |      worst     |(Metal11)     2.43 |(Metal11)     2.60 |                                     |
[hotspot] +----------------+-------------------+-------------------+-------------------------------------+
[hotspot] |   all layers   |              2.43 |              3.12 |                                     |
[hotspot] +----------------+-------------------+-------------------+-------------------------------------+
Local HotSpot Analysis (blockage included) (3d): normalized congestion max/total hotspot area = 2.43/3.12 (area is in unit of 4 std-cell row bins)
[hotspot] top 5 congestion hotspot bounding boxes and scores of all layers hotspot
[hotspot] +-----+-------------------------------------+---------------+-------------------------------+
[hotspot] | top |            hotspot bbox             | hotspot score |           module              |
[hotspot] +-----+-------------------------------------+---------------+-------------------------------+
[hotspot] |  1  |  1915.19  2079.36  1969.91  2134.07 |        1.39   | genblk3_5_i_mul_wrapper_c     |
[hotspot] +-----+-------------------------------------+---------------+-------------------------------+
[hotspot] |  2  |  1969.91  2079.36  2024.63  2134.07 |        0.69   | genblk3_5_i_mul_wrapper_c     |
[hotspot] +-----+-------------------------------------+---------------+-------------------------------+
[hotspot] |  3  |  1969.91  1368.00  2024.63  1422.71 |        0.52   | genblk3_8_i_mul_wrapper_b     |
[hotspot] +-----+-------------------------------------+---------------+-------------------------------+
[hotspot] |  4  |  1860.48  2079.36  1915.19  2134.07 |        0.35   | genblk3_5_i_mul_wrapper_c     |
[hotspot] +-----+-------------------------------------+---------------+-------------------------------+
[hotspot] |  5  |  1860.48  2243.51  1915.19  2298.24 |        0.17   | genblk3_5_i_mul_wrapper_b     |
[hotspot] +-----+-------------------------------------+---------------+-------------------------------+
#Max overcon = 6 tracks.
#Total overcon = 0.00%.
#Worst layer Gcell overcon rate = 0.03%.
#
#----------------------------------------------------
# Summary of active signal nets routing constraints
#+--------------------------+-----------+
#| Max Expansion Ratio      |         3 |
#| Prefer Extra Space       |        46 |
#| Preferred Layer Effort   |        40 |
#+--------------------------+-----------+
#  Bottom Preferred Layer
#+----------------+----------+-----------+
#|      Layer     | OPT_LA   | TDGR_POST |
#+----------------+----------+-----------+
#| Metal8 (8)     |        3 |        37 |
#+----------------+----------+-----------+
#
#----------------------------------------------------
#Complete Global Routing.
#Total number of nets with non-default rule or having extra spacing = 272
#
#  Routing Statistics
#
#----------------+-----------+-------+---------------------+---------------------+
#  Layer         | Length(um)|   Vias|           Single-cut|            Multi-cut|
#----------------+-----------+-------+---------------------+---------------------+
#  Poly ( 0H)    |          0|      0|          0  (  0.0%)|          0  (  0.0%)|
#  Metal1 ( 1H)  |          0|  93626|      93477  ( 99.8%)|        149  (  0.2%)|
#  Metal2 ( 2V)  |     935675|  69225|      68425  ( 98.8%)|        800  (  1.2%)|
#  Metal3 ( 3H)  |    1552422|  24392|      23879  ( 97.9%)|        513  (  2.1%)|
#  Metal4 ( 4V)  |     480028|  23871|      23435  ( 98.2%)|        436  (  1.8%)|
#  Metal5 ( 5H)  |     690016|  18143|      17770  ( 97.9%)|        373  (  2.1%)|
#  Metal6 ( 6V)  |     267686|  12990|      12624  ( 97.2%)|        366  (  2.8%)|
#  Metal7 ( 7H)  |    1585942|   7642|       7361  ( 96.3%)|        281  (  3.7%)|
#  Metal8 ( 8V)  |     567942|   1901|       1901  (100.0%)|          0  (  0.0%)|
#  Metal9 ( 9H)  |     185316|    196|        196  (100.0%)|          0  (  0.0%)|
#  Metal10 (10V) |       1261|    154|        154  (100.0%)|          0  (  0.0%)|
#  Metal11 (11H) |       7549|      0|          0  (  0.0%)|          0  (  0.0%)|
#----------------+-----------+-------+---------------------+---------------------+
#  Total         |    6273840| 252140|     249222  ( 98.8%)|       2918  (  1.2%)|
#----------------+-----------+-------+---------------------+---------------------+
#
# Total half perimeter of net bounding box: 6123438 um.
#Total number of involved regular nets 3451
#Maximum src to sink distance  1521.0
#Average of max src_to_sink distance  420.2
#Average of ave src_to_sink distance  344.4
#Total number of involved priority nets 229
#Maximum src to sink distance for priority net 1744.9
#Average of max src_to_sink distance for priority net 178.6
#Average of ave src_to_sink distance for priority net 153.2
#cpu time = 00:00:18, elapsed time = 00:00:10, memory = 4817.34 (MB), peak = 6201.82 (MB)
Current (total cpu=0:06:05, real=0:02:28, peak res=6201.8M, current mem=4337.1M)
datapath_top
**WARN: (IMPCTE-290):	Could not locate cell CLKINVX4 in any library for view fast_1p1v_0c_cmin_scan_capture.
Type 'man IMPCTE-290' for more detail.
**WARN: (IMPCTE-290):	Could not locate cell CLKINVX4 in any library for view fast_1p1v_0c_cmin_scan_capture.
Type 'man IMPCTE-290' for more detail.
**WARN: (IMPCTE-290):	Could not locate cell CLKINVX4 in any library for view fast_1p1v_0c_cmin_scan_capture.
Type 'man IMPCTE-290' for more detail.
**WARN: (IMPCTE-290):	Could not locate cell CLKINVX4 in any library for view fast_1p1v_0c_cmin_scan_capture.
Type 'man IMPCTE-290' for more detail.
**WARN: (IMPCTE-290):	Could not locate cell CLKINVX4 in any library for view fast_1p1v_0c_cmin_scan_capture.
Type 'man IMPCTE-290' for more detail.
**WARN: (IMPCTE-290):	Could not locate cell CLKINVX4 in any library for view fast_1p1v_0c_cmin_scan_capture.
Type 'man IMPCTE-290' for more detail.
**WARN: (IMPCTE-290):	Could not locate cell CLKINVX4 in any library for view fast_1p1v_0c_cmin_scan_capture.
Type 'man IMPCTE-290' for more detail.
**WARN: (IMPCTE-290):	Could not locate cell CLKINVX4 in any library for view fast_1p1v_0c_cmin_scan_capture.
Type 'man IMPCTE-290' for more detail.
**WARN: (IMPCTE-290):	Could not locate cell CLKINVX4 in any library for view fast_1p1v_0c_cmin_scan_capture.
Type 'man IMPCTE-290' for more detail.
**WARN: (IMPCTE-290):	Could not locate cell CLKINVX4 in any library for view fast_1p1v_0c_cmin_scan_capture.
Type 'man IMPCTE-290' for more detail.
**WARN: (IMPCTE-290):	Could not locate cell CLKINVX4 in any library for view fast_1p1v_0c_cmin_scan_capture.
Type 'man IMPCTE-290' for more detail.
**WARN: (IMPCTE-290):	Could not locate cell CLKINVX4 in any library for view fast_1p1v_0c_cmin_scan_capture.
Type 'man IMPCTE-290' for more detail.
**WARN: (IMPCTE-290):	Could not locate cell CLKINVX4 in any library for view fast_1p1v_0c_cmin_scan_capture.
Type 'man IMPCTE-290' for more detail.
**WARN: (IMPCTE-290):	Could not locate cell CLKINVX4 in any library for view fast_1p1v_0c_cmin_scan_capture.
Type 'man IMPCTE-290' for more detail.
**WARN: (IMPCTE-290):	Could not locate cell CLKINVX4 in any library for view fast_1p1v_0c_cmin_scan_capture.
Type 'man IMPCTE-290' for more detail.
**WARN: (IMPCTE-290):	Could not locate cell CLKINVX4 in any library for view fast_1p1v_0c_cmin_scan_capture.
Type 'man IMPCTE-290' for more detail.
**WARN: (IMPCTE-290):	Could not locate cell CLKINVX4 in any library for view fast_1p1v_0c_cmin_scan_capture.
Type 'man IMPCTE-290' for more detail.
**WARN: (IMPCTE-290):	Could not locate cell CLKINVX4 in any library for view fast_1p1v_0c_cmin_scan_capture.
Type 'man IMPCTE-290' for more detail.
**WARN: (IMPCTE-290):	Could not locate cell CLKINVX4 in any library for view fast_1p1v_0c_cmin_scan_capture.
Type 'man IMPCTE-290' for more detail.
**WARN: (IMPCTE-290):	Could not locate cell CLKINVX4 in any library for view fast_1p1v_0c_cmin_scan_capture.
Type 'man IMPCTE-290' for more detail.
**WARN: (EMS-27):	Message (IMPCTE-290) has exceeded the current message display limit of 20.
To increase the message display limit, refer to the product command reference manual.
Ending "Constraint file reading stats" (total cpu=0:00:00.1, real=0:00:00.0, peak res=4348.3M, current mem=4348.3M)
------------------------------------------------------------------------------------
CONSTRAINT READING SUMMARY                                                          
------------------------------------------------------------------------------------
Constraint                                        | Success        | Fail           
------------------------------------------------------------------------------------
set_clock_uncertainty                             | 6              | 0              
get_clocks                                        | 227            | 0              
current_design                                    | 1              | 0              
set_output_delay                                  | 66             | 0              
set_clock_gating_check                            | 2              | 0              
get_ports                                         | 1248           | 0              
set_units                                         | 1              | 0              
set_input_delay                                   | 153            | 0              
set_load                                          | 130            | 0              
create_clock                                      | 2              | 0              
set_driving_cell                                  | 612            | 0              
set_propagated_clock                              | 1              | 0              
set_max_capacitance                               | 218            | 0              
set_max_transition                                | 66             | 0              
set_case_analysis                                 | 2              | 0              
get_designs                                       | 2              | 0              
set_max_fanout                                    | 1              | 0              
------------------------------------------------------------------------------------
Current (total cpu=0:06:05, real=0:02:28, peak res=6201.8M, current mem=4348.3M)
Current (total cpu=0:06:05, real=0:02:28, peak res=6201.8M, current mem=4348.4M)
datapath_top
Ending "Constraint file reading stats" (total cpu=0:00:00.1, real=0:00:00.0, peak res=4354.5M, current mem=4354.5M)
------------------------------------------------------------------------------------
CONSTRAINT READING SUMMARY                                                          
------------------------------------------------------------------------------------
Constraint                                        | Success        | Fail           
------------------------------------------------------------------------------------
set_multicycle_path                               | 2              | 0              
set_clock_uncertainty                             | 6              | 0              
set_max_fanout                                    | 1              | 0              
get_designs                                       | 2              | 0              
set_false_path                                    | 2              | 0              
set_case_analysis                                 | 2              | 0              
set_max_transition                                | 66             | 0              
set_input_delay                                   | 303            | 0              
set_load                                          | 130            | 0              
set_max_capacitance                               | 218            | 0              
set_clock_groups                                  | 1              | 0              
set_driving_cell                                  | 612            | 0              
create_generated_clock                            | 1              | 0              
get_clocks                                        | 378            | 0              
set_propagated_clock                              | 2              | 0              
get_pins                                          | 4              | 0              
get_ports                                         | 1400           | 0              
create_clock                                      | 2              | 0              
set_units                                         | 1              | 0              
set_output_delay                                  | 64             | 0              
set_clock_gating_check                            | 2              | 0              
current_design                                    | 1              | 0              
------------------------------------------------------------------------------------
Current (total cpu=0:06:05, real=0:02:28, peak res=6201.8M, current mem=4354.5M)
Current (total cpu=0:06:05, real=0:02:28, peak res=6201.8M, current mem=4354.5M)
datapath_top
Ending "Constraint file reading stats" (total cpu=0:00:00.1, real=0:00:00.0, peak res=4354.7M, current mem=4354.7M)
------------------------------------------------------------------------------------
CONSTRAINT READING SUMMARY                                                          
------------------------------------------------------------------------------------
Constraint                                        | Success        | Fail           
------------------------------------------------------------------------------------
set_clock_uncertainty                             | 6              | 0              
get_clocks                                        | 227            | 0              
set_max_fanout                                    | 1              | 0              
get_designs                                       | 2              | 0              
set_case_analysis                                 | 2              | 0              
set_max_transition                                | 66             | 0              
set_input_delay                                   | 153            | 0              
set_load                                          | 130            | 0              
set_max_capacitance                               | 218            | 0              
set_driving_cell                                  | 612            | 0              
set_propagated_clock                              | 1              | 0              
get_ports                                         | 1248           | 0              
create_clock                                      | 2              | 0              
set_units                                         | 1              | 0              
set_output_delay                                  | 66             | 0              
set_clock_gating_check                            | 2              | 0              
current_design                                    | 1              | 0              
------------------------------------------------------------------------------------
Current (total cpu=0:06:05, real=0:02:28, peak res=6201.8M, current mem=4354.7M)
Current (total cpu=0:06:05, real=0:02:28, peak res=6201.8M, current mem=4355.0M)
Ending "Constraint file reading stats" (total cpu=0:00:00.1, real=0:00:00.0, peak res=4356.7M, current mem=4356.7M)
------------------------------------------------------------------------------------
CONSTRAINT READING SUMMARY                                                          
------------------------------------------------------------------------------------
Constraint                                        | Success        | Fail           
------------------------------------------------------------------------------------
get_pins                                          | 98             | 0              
group_path                                        | 4              | 0              
get_ports                                         | 4              | 0              
------------------------------------------------------------------------------------
Current (total cpu=0:06:05, real=0:02:28, peak res=6201.8M, current mem=4356.7M)
Current (total cpu=0:06:05, real=0:02:28, peak res=6201.8M, current mem=4356.7M)
Ending "Constraint file reading stats" (total cpu=0:00:00.0, real=0:00:00.0, peak res=4358.6M, current mem=4358.6M)
------------------------------------------------------------------------------------
CONSTRAINT READING SUMMARY                                                          
------------------------------------------------------------------------------------
Constraint                                        | Success        | Fail           
------------------------------------------------------------------------------------
set_timing_derate                                 | 9              | 0              
------------------------------------------------------------------------------------
Current (total cpu=0:06:05, real=0:02:28, peak res=6201.8M, current mem=4358.6M)
#cpu time = 00:00:00, elapsed time = 00:00:00, memory = 4358.62 (MB), peak = 6201.82 (MB)
#* Importing design timing data...
#Number of victim nets: 0
#Number of aggressor nets: 0
#Number of weak nets: 3632
#Number of critical nets: 0
#	level 1 [   0.0, -1000.0]: 0 nets
#	level 2 [   0.0, -1000.0]: 0 nets
#	level 3 [   0.0, -1000.0]: 0 nets
#Total number of nets: 44175
#
#timing driven effort level: 3
#Start Track Assignment With Timing Driven.
#Done with 1031 horizontal wires in 33 hboxes and 1145 vertical wires in 34 hboxes.
#Done with 140 horizontal wires in 33 hboxes and 261 vertical wires in 34 hboxes.
#Done with 33 horizontal wires in 33 hboxes and 34 vertical wires in 34 hboxes.
#
#Track assignment summary:
# layer   (wire length)   (overlap)     (long ovlp)	(with obs/pg/clk)  
#------------------------------------------------------------------------
# Metal2    936605.20 	  0.01%  	  0.00% 	  0.00%
# Metal3   1552945.46 	  0.02%  	  0.00% 	  0.00%
# Metal4    477677.12 	  1.12%  	  0.00% 	  1.11%
# Metal5    688395.83 	  0.57%  	  0.00% 	  0.56%
# Metal6    266964.36 	  5.69%  	  0.00% 	  5.56%
# Metal7   1571577.84 	  0.01%  	  0.00% 	  0.01%
# Metal8    554037.94 	  0.01%  	  0.00% 	  0.01%
# Metal9    185379.39 	  0.00%  	  0.00% 	  0.00%
# Metal10     1281.80 	  0.00%  	  0.00% 	  0.00%
# Metal11     7569.65 	  8.19%  	  8.19% 	  0.00%
#------------------------------------------------------------------------
# All     6242434.60  	  0.41% 	  0.01% 	  0.00%
#Complete Track Assignment With Timing Driven.
#Total number of nets with non-default rule or having extra spacing = 272
#
#  Routing Statistics
#
#----------------+-----------+-------+---------------------+---------------------+
#  Layer         | Length(um)|   Vias|           Single-cut|            Multi-cut|
#----------------+-----------+-------+---------------------+---------------------+
#  Poly ( 0H)    |          0|      0|          0  (  0.0%)|          0  (  0.0%)|
#  Metal1 ( 1H)  |          0|  93626|      93477  ( 99.8%)|        149  (  0.2%)|
#  Metal2 ( 2V)  |     935283|  69225|      68425  ( 98.8%)|        800  (  1.2%)|
#  Metal3 ( 3H)  |    1552450|  24392|      23879  ( 97.9%)|        513  (  2.1%)|
#  Metal4 ( 4V)  |     480026|  23871|      23435  ( 98.2%)|        436  (  1.8%)|
#  Metal5 ( 5H)  |     690051|  18143|      17770  ( 97.9%)|        373  (  2.1%)|
#  Metal6 ( 6V)  |     267686|  12990|      12624  ( 97.2%)|        366  (  2.8%)|
#  Metal7 ( 7H)  |    1585945|   7642|       7361  ( 96.3%)|        281  (  3.7%)|
#  Metal8 ( 8V)  |     567938|   1901|       1901  (100.0%)|          0  (  0.0%)|
#  Metal9 ( 9H)  |     185312|    196|        196  (100.0%)|          0  (  0.0%)|
#  Metal10 (10V) |       1262|    154|        154  (100.0%)|          0  (  0.0%)|
#  Metal11 (11H) |       7553|      0|          0  (  0.0%)|          0  (  0.0%)|
#----------------+-----------+-------+---------------------+---------------------+
#  Total         |    6273505| 252140|     249222  ( 98.8%)|       2918  (  1.2%)|
#----------------+-----------+-------+---------------------+---------------------+
#
# Total half perimeter of net bounding box: 6123438 um.
#cpu time = 00:00:08, elapsed time = 00:00:02, memory = 4365.41 (MB), peak = 6201.82 (MB)
#
#Routing data preparation, pin analysis, global routing and track assignment statistics:
#Cpu time = 00:04:04
#Elapsed time = 00:01:05
#Increased memory = 272.88 (MB)
#Total memory = 4270.89 (MB)
#Peak memory = 6201.82 (MB)
#Using multithreading with 8 threads.
#Turning off incremental shielding eco because too many nets will be routed
#Start reading timing information from file .timing_file_122651.tif.gz ...
#Read in timing information for 218 ports, 37280 instances from timing file .timing_file_122651.tif.gz.
#
#Start Detail Routing..
#
#Start litho driven routing to prevent litho hotspot patterns.
#start initial detail routing ...
#    completing 10% with 1292 violations
#    elapsed time = 00:00:06, memory = 5071.75 (MB)
#    completing 20% with 2390 violations
#    elapsed time = 00:00:11, memory = 5070.99 (MB)
#    completing 30% with 2899 violations
#    elapsed time = 00:00:17, memory = 5069.96 (MB)
#    completing 40% with 3635 violations
#    elapsed time = 00:00:23, memory = 5075.79 (MB)
#    completing 50% with 4755 violations
#    elapsed time = 00:00:28, memory = 5080.77 (MB)
#    completing 60% with 5216 violations
#    elapsed time = 00:00:34, memory = 5075.57 (MB)
#    completing 70% with 5789 violations
#    elapsed time = 00:00:39, memory = 5083.39 (MB)
#    completing 80% with 6795 violations
#    elapsed time = 00:00:45, memory = 5078.86 (MB)
#    completing 90% with 7631 violations
#    elapsed time = 00:00:50, memory = 5084.01 (MB)
#    completing 100% with 7840 violations
#    elapsed time = 00:00:56, memory = 5076.92 (MB)
#   number of violations = 7840
#
#  By Layer and Type:
#
#----------+-------+-------+------+-----+-------+------+-------+-------+
#  -       | MetSpc| EOLSpc| Short| Loop| CutSpc| ViaIP| Others| Totals|
#----------+-------+-------+------+-----+-------+------+-------+-------+
#  Metal1  |   2208|    435|     0|    0|      0|  4588|      0|   7231|
#  Metal2  |     71|      0|    56|   10|      0|     0|      1|    138|
#  Metal3  |      0|      0|    13|    0|      0|     0|      0|     13|
#  Metal4  |      2|      0|    10|    0|      0|     0|      0|     12|
#  Metal5  |     50|      0|    18|    0|      0|     0|      0|     68|
#  Metal6  |     12|     17|   170|    0|     12|     0|      4|    215|
#  Metal7  |     33|      0|    22|    0|      0|     0|      0|     55|
#  Metal8  |      0|      0|     0|    0|      0|     0|      0|      0|
#  Metal9  |      0|      0|     0|    0|      0|     0|      0|      0|
#  Metal10 |      0|      0|     2|    0|      0|     0|      3|      5|
#  Metal11 |      1|      0|   102|    0|      0|     0|      0|    103|
#  Totals  |   2377|    452|   393|   10|     12|  4588|      8|   7840|
#----------+-------+-------+------+-----+-------+------+-------+-------+
#
#cpu time = 00:07:19, elapsed time = 00:00:56, memory = 4404.86 (MB), peak = 6201.82 (MB)
#start 1st optimization iteration ...
#    completing 10% with 7571 violations
#    elapsed time = 00:00:03, memory = 5094.48 (MB)
#    completing 20% with 7604 violations
#    elapsed time = 00:00:04, memory = 5095.36 (MB)
#    completing 30% with 7573 violations
#    elapsed time = 00:00:04, memory = 5097.08 (MB)
#    completing 40% with 7565 violations
#    elapsed time = 00:00:05, memory = 5099.58 (MB)
#    completing 50% with 7528 violations
#    elapsed time = 00:00:05, memory = 5094.15 (MB)
#    completing 60% with 7487 violations
#    elapsed time = 00:00:05, memory = 5092.79 (MB)
#    completing 70% with 7459 violations
#    elapsed time = 00:00:07, memory = 5093.89 (MB)
#    completing 80% with 7456 violations
#    elapsed time = 00:00:08, memory = 5097.36 (MB)
#    completing 90% with 7408 violations
#    elapsed time = 00:00:09, memory = 5095.61 (MB)
#    completing 100% with 7476 violations
#    elapsed time = 00:00:10, memory = 5095.04 (MB)
#   number of violations = 7476
#
#  By Layer and Type:
#
#----------+-------+------+-------+------+-----+------+-------+-------+
#  -       | MetSpc| NSMet| EOLSpc| Short| Loop| ViaIP| Others| Totals|
#----------+-------+------+-------+------+-----+------+-------+-------+
#  Metal1  |   2017|     0|    346|     1|    0|  4575|      0|   6939|
#  Metal2  |     29|     2|      0|    22|    5|     0|      0|     58|
#  Metal3  |      0|     0|      0|     0|    2|     0|      0|      2|
#  Metal4  |      2|     0|      0|    10|    0|     0|      0|     12|
#  Metal5  |      1|     1|      0|   136|    2|     0|      0|    140|
#  Metal6  |     20|     0|     13|   155|    0|     0|      1|    189|
#  Metal7  |      0|     0|      0|    25|    0|     0|      2|     27|
#  Metal8  |      0|     0|      0|     0|    0|     0|      0|      0|
#  Metal9  |      0|     0|      0|     0|    0|     0|      0|      0|
#  Metal10 |      1|     0|      0|     3|    0|     0|      2|      6|
#  Metal11 |      0|     0|      0|   103|    0|     0|      0|    103|
#  Totals  |   2070|     3|    359|   455|    9|  4575|      5|   7476|
#----------+-------+------+-------+------+-----+------+-------+-------+
#
#    number of process antenna violations = 2995
#cpu time = 00:01:15, elapsed time = 00:00:10, memory = 4417.62 (MB), peak = 6201.82 (MB)
#start 2nd optimization iteration ...
#    completing 10% with 7539 violations
#    elapsed time = 00:00:03, memory = 5104.50 (MB)
#    completing 20% with 7592 violations
#    elapsed time = 00:00:05, memory = 5105.50 (MB)
#    completing 30% with 7575 violations
#    elapsed time = 00:00:05, memory = 5110.35 (MB)
#    completing 40% with 7549 violations
#    elapsed time = 00:00:06, memory = 5113.19 (MB)
#    completing 50% with 7521 violations
#    elapsed time = 00:00:06, memory = 5105.49 (MB)
#    completing 60% with 7288 violations
#    elapsed time = 00:00:07, memory = 5133.69 (MB)
#    completing 70% with 7478 violations
#    elapsed time = 00:00:09, memory = 5146.83 (MB)
#    completing 80% with 7470 violations
#    elapsed time = 00:00:10, memory = 5149.05 (MB)
#    completing 90% with 7493 violations
#    elapsed time = 00:00:11, memory = 5146.72 (MB)
#    completing 100% with 7488 violations
#    elapsed time = 00:00:12, memory = 5148.26 (MB)
#   number of violations = 7488
#
#  By Layer and Type:
#
#----------+-------+-------+------+-----+-------+------+-------+-------+
#  -       | MetSpc| EOLSpc| Short| Loop| CShort| ViaIP| Others| Totals|
#----------+-------+-------+------+-----+-------+------+-------+-------+
#  Metal1  |   2147|    383|     0|    0|      0|  4581|      0|   7111|
#  Metal2  |     30|      0|    20|    7|      0|     0|      0|     57|
#  Metal3  |      0|      0|     0|    0|      0|     0|      0|      0|
#  Metal4  |      2|      0|    10|    0|      0|     0|      0|     12|
#  Metal5  |      0|      0|   121|    0|      0|     0|      0|    121|
#  Metal6  |      4|      0|    29|    0|      0|     0|      2|     35|
#  Metal7  |      0|      0|    43|    0|      0|     0|      0|     43|
#  Metal8  |      0|      0|     0|    0|      0|     0|      0|      0|
#  Metal9  |      0|      0|     0|    0|      0|     0|      0|      0|
#  Metal10 |      2|      0|     3|    0|      2|     0|      1|      8|
#  Metal11 |      1|      0|   100|    0|      0|     0|      0|    101|
#  Totals  |   2186|    383|   326|    7|      2|  4581|      3|   7488|
#----------+-------+-------+------+-----+-------+------+-------+-------+
#
#    number of process antenna violations = 2995
#cpu time = 00:01:37, elapsed time = 00:00:13, memory = 4416.67 (MB), peak = 6201.82 (MB)
#start 3rd optimization iteration ...
#    completing 10% with 7132 violations
#    elapsed time = 00:00:03, memory = 5132.43 (MB)
#    completing 20% with 7097 violations
#    elapsed time = 00:00:04, memory = 5138.18 (MB)
#    completing 30% with 7115 violations
#    elapsed time = 00:00:05, memory = 5142.98 (MB)
#    completing 40% with 7132 violations
#    elapsed time = 00:00:06, memory = 5141.43 (MB)
#    completing 50% with 7135 violations
#    elapsed time = 00:00:06, memory = 5145.36 (MB)
#    completing 60% with 7015 violations
#    elapsed time = 00:00:08, memory = 5139.42 (MB)
#    completing 70% with 7016 violations
#    elapsed time = 00:00:09, memory = 5143.14 (MB)
#    completing 80% with 7056 violations
#    elapsed time = 00:00:10, memory = 5145.33 (MB)
#    completing 90% with 7055 violations
#    elapsed time = 00:00:12, memory = 5142.46 (MB)
#    completing 100% with 7086 violations
#    elapsed time = 00:00:13, memory = 5142.96 (MB)
#   number of violations = 7086
#
#  By Layer and Type:
#
#----------+-------+-------+------+-----+-------+------+-------+-------+
#  -       | MetSpc| EOLSpc| Short| Loop| CutSpc| ViaIP| Others| Totals|
#----------+-------+-------+------+-----+-------+------+-------+-------+
#  Metal1  |   1874|    292|     0|    0|      0|  4574|      0|   6740|
#  Metal2  |     13|      0|     0|    3|      0|     0|      0|     16|
#  Metal3  |      0|      0|     0|    0|      0|     0|      0|      0|
#  Metal4  |      2|      0|    12|    0|      0|     0|      0|     14|
#  Metal5  |      0|      0|   120|    0|      0|     0|      0|    120|
#  Metal6  |      4|      0|    26|    0|      4|     0|      2|     36|
#  Metal7  |      0|      0|    51|    0|      0|     0|      0|     51|
#  Metal8  |      0|      0|     0|    0|      0|     0|      0|      0|
#  Metal9  |      0|      0|     0|    0|      0|     0|      0|      0|
#  Metal10 |      0|      0|     2|    0|      0|     0|      3|      5|
#  Metal11 |      1|      0|   103|    0|      0|     0|      0|    104|
#  Totals  |   1894|    292|   314|    3|      4|  4574|      5|   7086|
#----------+-------+-------+------+-----+-------+------+-------+-------+
#
#    number of process antenna violations = 2993
#cpu time = 00:01:42, elapsed time = 00:00:13, memory = 4414.65 (MB), peak = 6201.82 (MB)
#start 4th optimization iteration ...
#    completing 10% with 7257 violations
#    elapsed time = 00:00:04, memory = 4953.93 (MB)
#    completing 20% with 7282 violations
#    elapsed time = 00:00:06, memory = 4959.54 (MB)
#    completing 30% with 7267 violations
#    elapsed time = 00:00:07, memory = 4951.97 (MB)
#    completing 40% with 7269 violations
#    elapsed time = 00:00:09, memory = 4972.51 (MB)
#    completing 50% with 7357 violations
#    elapsed time = 00:00:11, memory = 4970.33 (MB)
#    completing 60% with 7264 violations
#    elapsed time = 00:00:13, memory = 4974.70 (MB)
#    completing 70% with 7309 violations
#    elapsed time = 00:00:16, memory = 4969.90 (MB)
#    completing 80% with 7325 violations
#    elapsed time = 00:00:18, memory = 4969.62 (MB)
#    completing 90% with 7280 violations
#    elapsed time = 00:00:20, memory = 4965.18 (MB)
#    completing 100% with 7382 violations
#    elapsed time = 00:00:24, memory = 4969.80 (MB)
#   number of violations = 7382
#
#  By Layer and Type:
#
#----------+-------+-------+------+-----+-------+------+-------+-------+
#  -       | MetSpc| EOLSpc| Short| Loop| CutSpc| ViaIP| Others| Totals|
#----------+-------+-------+------+-----+-------+------+-------+-------+
#  Metal1  |   2175|    280|     0|    0|      0|  4602|      0|   7057|
#  Metal2  |     14|      0|     0|    6|      0|     0|      0|     20|
#  Metal3  |      0|      0|     0|    0|      0|     0|      0|      0|
#  Metal4  |      2|      0|    10|    0|      0|     0|      0|     12|
#  Metal5  |      0|      0|   121|    0|      0|     0|      0|    121|
#  Metal6  |      4|      0|    26|    0|      3|     0|      3|     36|
#  Metal7  |      0|      0|    43|    0|      0|     0|      0|     43|
#  Metal8  |      0|      0|     0|    0|      0|     0|      0|      0|
#  Metal9  |      0|      0|     0|    0|      0|     0|      0|      0|
#  Metal10 |      4|      0|     1|    0|      0|     0|      1|      6|
#  Metal11 |      4|      0|    83|    0|      0|     0|      0|     87|
#  Totals  |   2203|    280|   284|    6|      3|  4602|      4|   7382|
#----------+-------+-------+------+-----+-------+------+-------+-------+
#
#    number of process antenna violations = 2993
#cpu time = 00:03:02, elapsed time = 00:00:24, memory = 4417.28 (MB), peak = 6201.82 (MB)
#start 5th optimization iteration ...
#    completing 10% with 6926 violations
#    elapsed time = 00:00:04, memory = 5126.67 (MB)
#    completing 20% with 6984 violations
#    elapsed time = 00:00:06, memory = 5133.18 (MB)
#    completing 30% with 6999 violations
#    elapsed time = 00:00:07, memory = 5129.49 (MB)
#    completing 40% with 6900 violations
#    elapsed time = 00:00:10, memory = 5135.30 (MB)
#    completing 50% with 6929 violations
#    elapsed time = 00:00:12, memory = 5130.38 (MB)
#    completing 60% with 6917 violations
#    elapsed time = 00:00:15, memory = 5139.82 (MB)
#    completing 70% with 6918 violations
#    elapsed time = 00:00:17, memory = 5145.23 (MB)
#    completing 80% with 6851 violations
#    elapsed time = 00:00:19, memory = 5144.84 (MB)
#    completing 90% with 6888 violations
#    elapsed time = 00:00:22, memory = 5141.76 (MB)
#    completing 100% with 7009 violations
#    elapsed time = 00:00:26, memory = 5138.14 (MB)
#   number of violations = 7009
#
#  By Layer and Type:
#
#----------+-------+-------+------+-------+-------+------+-------+-------+
#  -       | MetSpc| EOLSpc| Short| CutSpc| MaxStk| ViaIP| Others| Totals|
#----------+-------+-------+------+-------+-------+------+-------+-------+
#  Metal1  |   1869|    230|     0|      0|      0|  4594|      0|   6693|
#  Metal2  |     13|      0|     0|      0|      0|     0|      0|     13|
#  Metal3  |      0|      0|     0|      0|      0|     0|      0|      0|
#  Metal4  |      2|      0|    11|      0|      0|     0|      0|     13|
#  Metal5  |      0|      0|   117|      0|      0|     0|      0|    117|
#  Metal6  |      4|      0|    23|      4|      3|     0|      0|     34|
#  Metal7  |      0|      0|    53|      0|      0|     0|      0|     53|
#  Metal8  |      0|      0|     0|      0|      0|     0|      0|      0|
#  Metal9  |      0|      0|     0|      0|      0|     0|      0|      0|
#  Metal10 |      1|      0|     2|      0|      0|     0|      2|      5|
#  Metal11 |      2|      0|    79|      0|      0|     0|      0|     81|
#  Totals  |   1891|    230|   285|      4|      3|  4594|      2|   7009|
#----------+-------+-------+------+-------+-------+------+-------+-------+
#
#    number of process antenna violations = 2993
#cpu time = 00:03:21, elapsed time = 00:00:26, memory = 4425.03 (MB), peak = 6201.82 (MB)
#start 6th optimization iteration ...
#    completing 10% with 6479 violations
#    elapsed time = 00:00:05, memory = 5801.89 (MB)
#    completing 20% with 6372 violations
#    elapsed time = 00:00:08, memory = 5819.60 (MB)
#    completing 30% with 6325 violations
#    elapsed time = 00:00:09, memory = 5815.45 (MB)
#    completing 40% with 6312 violations
#    elapsed time = 00:00:11, memory = 5843.94 (MB)
#    completing 50% with 6146 violations
#    elapsed time = 00:00:14, memory = 5824.44 (MB)
#    completing 60% with 6066 violations
#    elapsed time = 00:00:17, memory = 5827.27 (MB)
#    completing 70% with 5943 violations
#    elapsed time = 00:00:18, memory = 5842.52 (MB)
#    completing 80% with 5998 violations
#    elapsed time = 00:00:22, memory = 5830.98 (MB)
#    completing 90% with 5936 violations
#    elapsed time = 00:00:24, memory = 5834.87 (MB)
#    completing 100% with 5952 violations
#    elapsed time = 00:00:27, memory = 5834.07 (MB)
#   number of violations = 5952
#
#  By Layer and Type:
#
#----------+-------+-------+------+-----+-------+------+-------+-------+
#  -       | MetSpc| EOLSpc| Short| Loop| CShort| ViaIP| Others| Totals|
#----------+-------+-------+------+-----+-------+------+-------+-------+
#  Metal1  |    915|    133|     0|    0|      0|  4589|      0|   5637|
#  Metal2  |     11|      0|     0|    2|      0|     0|      0|     13|
#  Metal3  |      0|      0|     0|    0|      0|     0|      0|      0|
#  Metal4  |      2|      0|    10|    0|      0|     0|      0|     12|
#  Metal5  |      0|      0|   117|    0|      0|     0|      0|    117|
#  Metal6  |      4|      0|    27|    0|      0|     0|      1|     32|
#  Metal7  |      0|      0|    48|    0|      0|     0|      0|     48|
#  Metal8  |      0|      0|     0|    0|      0|     0|      0|      0|
#  Metal9  |      0|      0|     0|    0|      0|     0|      0|      0|
#  Metal10 |      1|      0|     2|    0|      2|     0|      2|      7|
#  Metal11 |      2|      0|    84|    0|      0|     0|      0|     86|
#  Totals  |    935|    133|   288|    2|      2|  4589|      3|   5952|
#----------+-------+-------+------+-----+-------+------+-------+-------+
#
#    number of process antenna violations = 2995
#cpu time = 00:03:32, elapsed time = 00:00:28, memory = 4440.77 (MB), peak = 6201.82 (MB)
#start 7th optimization iteration ...
#    completing 10% with 5899 violations
#    elapsed time = 00:00:03, memory = 5288.86 (MB)
#    completing 20% with 5931 violations
#    elapsed time = 00:00:04, memory = 5296.90 (MB)
#    completing 30% with 5954 violations
#    elapsed time = 00:00:04, memory = 5301.99 (MB)
#    completing 40% with 5949 violations
#    elapsed time = 00:00:05, memory = 5302.21 (MB)
#    completing 50% with 5948 violations
#    elapsed time = 00:00:05, memory = 5299.31 (MB)
#    completing 60% with 5950 violations
#    elapsed time = 00:00:05, memory = 5299.24 (MB)
#    completing 70% with 5917 violations
#    elapsed time = 00:00:07, memory = 5299.48 (MB)
#    completing 80% with 5936 violations
#    elapsed time = 00:00:08, memory = 5301.63 (MB)
#    completing 90% with 5891 violations
#    elapsed time = 00:00:09, memory = 5299.47 (MB)
#    completing 100% with 5932 violations
#    elapsed time = 00:00:10, memory = 5298.48 (MB)
#   number of violations = 5932
#
#  By Layer and Type:
#
#----------+-------+-------+------+-------+-------+------+-------+-------+
#  -       | MetSpc| EOLSpc| Short| CShort| MaxStk| ViaIP| Others| Totals|
#----------+-------+-------+------+-------+-------+------+-------+-------+
#  Metal1  |    895|    134|     0|      0|      0|  4579|      0|   5608|
#  Metal2  |     17|      0|     0|      0|      0|     0|      1|     18|
#  Metal3  |      0|      0|     0|      0|      0|     0|      0|      0|
#  Metal4  |      2|      0|    12|      0|      0|     0|      0|     14|
#  Metal5  |      0|      0|   122|      1|      0|     0|      0|    123|
#  Metal6  |      4|      0|    26|      0|      2|     0|      1|     33|
#  Metal7  |      1|      0|    45|      0|      0|     0|      0|     46|
#  Metal8  |      0|      0|     0|      0|      0|     0|      0|      0|
#  Metal9  |      0|      0|     0|      0|      0|     0|      0|      0|
#  Metal10 |      2|      0|     2|      2|      0|     0|      0|      6|
#  Metal11 |      2|      0|    82|      0|      0|     0|      0|     84|
#  Totals  |    923|    134|   289|      3|      2|  4579|      2|   5932|
#----------+-------+-------+------+-------+-------+------+-------+-------+
#
#    number of process antenna violations = 2995
#cpu time = 00:01:19, elapsed time = 00:00:10, memory = 4425.95 (MB), peak = 6201.82 (MB)
#start 8th optimization iteration ...
#    completing 10% with 5883 violations
#    elapsed time = 00:00:03, memory = 5181.86 (MB)
#    completing 20% with 5911 violations
#    elapsed time = 00:00:04, memory = 5188.89 (MB)
#    completing 30% with 5916 violations
#    elapsed time = 00:00:05, memory = 5196.19 (MB)
#    completing 40% with 5919 violations
#    elapsed time = 00:00:05, memory = 5197.17 (MB)
#    completing 50% with 5921 violations
#    elapsed time = 00:00:06, memory = 5190.74 (MB)
#    completing 60% with 5810 violations
#    elapsed time = 00:00:06, memory = 5195.08 (MB)
#    completing 70% with 5889 violations
#    elapsed time = 00:00:08, memory = 5189.62 (MB)
#    completing 80% with 5920 violations
#    elapsed time = 00:00:09, memory = 5195.19 (MB)
#    completing 90% with 5872 violations
#    elapsed time = 00:00:10, memory = 5191.00 (MB)
#    completing 100% with 5894 violations
#    elapsed time = 00:00:11, memory = 5192.38 (MB)
#   number of violations = 5894
#
#  By Layer and Type:
#
#----------+-------+-------+------+-------+----+------+-------+-------+
#  -       | MetSpc| EOLSpc| Short| CShort| Mar| ViaIP| Others| Totals|
#----------+-------+-------+------+-------+----+------+-------+-------+
#  Metal1  |    875|    134|     0|      0|   0|  4576|      0|   5585|
#  Metal2  |     11|      0|     0|      0|   0|     0|      1|     12|
#  Metal3  |      0|      0|     0|      0|   0|     0|      0|      0|
#  Metal4  |      2|      0|    10|      0|   0|     0|      0|     12|
#  Metal5  |      3|      0|   126|      0|   0|     0|      0|    129|
#  Metal6  |      5|      0|    24|      0|   0|     0|      1|     30|
#  Metal7  |      0|      0|    38|      0|   0|     0|      0|     38|
#  Metal8  |      0|      0|     0|      0|   0|     0|      0|      0|
#  Metal9  |      0|      0|     0|      0|   0|     0|      0|      0|
#  Metal10 |      1|      0|     2|      2|   2|     0|      0|      7|
#  Metal11 |      1|      0|    80|      0|   0|     0|      0|     81|
#  Totals  |    898|    134|   280|      2|   2|  4576|      2|   5894|
#----------+-------+-------+------+-------+----+------+-------+-------+
#
#    number of process antenna violations = 2995
#cpu time = 00:01:26, elapsed time = 00:00:11, memory = 4426.09 (MB), peak = 6201.82 (MB)
#start 9th optimization iteration ...
#    completing 10% with 5892 violations
#    elapsed time = 00:00:03, memory = 5199.84 (MB)
#    completing 20% with 5922 violations
#    elapsed time = 00:00:04, memory = 5204.50 (MB)
#    completing 30% with 5936 violations
#    elapsed time = 00:00:05, memory = 5210.71 (MB)
#    completing 40% with 5938 violations
#    elapsed time = 00:00:06, memory = 5212.48 (MB)
#    completing 50% with 5937 violations
#    elapsed time = 00:00:06, memory = 5208.44 (MB)
#    completing 60% with 5896 violations
#    elapsed time = 00:00:08, memory = 5210.57 (MB)
#    completing 70% with 5923 violations
#    elapsed time = 00:00:09, memory = 5209.94 (MB)
#    completing 80% with 5846 violations
#    elapsed time = 00:00:10, memory = 5214.20 (MB)
#    completing 90% with 5925 violations
#    elapsed time = 00:00:11, memory = 5208.84 (MB)
#    completing 100% with 5939 violations
#    elapsed time = 00:00:13, memory = 5209.04 (MB)
#   number of violations = 5939
#
#  By Layer and Type:
#
#----------+-------+-------+------+-------+-------+------+-------+-------+
#  -       | MetSpc| EOLSpc| Short| CShort| MaxStk| ViaIP| Others| Totals|
#----------+-------+-------+------+-------+-------+------+-------+-------+
#  Metal1  |    918|    134|     0|      0|      0|  4578|      0|   5630|
#  Metal2  |     15|      0|     0|      0|      0|     0|      1|     16|
#  Metal3  |      0|      0|     0|      0|      0|     0|      0|      0|
#  Metal4  |      2|      0|    11|      0|      0|     0|      0|     13|
#  Metal5  |      0|      0|   125|      1|      0|     0|      0|    126|
#  Metal6  |      4|      0|    21|      0|      2|     0|      1|     28|
#  Metal7  |      0|      0|    48|      0|      0|     0|      0|     48|
#  Metal8  |      0|      0|     0|      0|      0|     0|      0|      0|
#  Metal9  |      0|      0|     0|      0|      0|     0|      0|      0|
#  Metal10 |      2|      0|     1|      1|      0|     0|      0|      4|
#  Metal11 |      1|      0|    73|      0|      0|     0|      0|     74|
#  Totals  |    942|    134|   279|      2|      2|  4578|      2|   5939|
#----------+-------+-------+------+-------+-------+------+-------+-------+
#
#    number of process antenna violations = 2995
#cpu time = 00:01:39, elapsed time = 00:00:13, memory = 4428.25 (MB), peak = 6201.82 (MB)
#start 10th optimization iteration ...
#    completing 10% with 5932 violations
#    elapsed time = 00:00:04, memory = 5350.06 (MB)
#    completing 20% with 5983 violations
#    elapsed time = 00:00:05, memory = 5357.27 (MB)
#    completing 30% with 6000 violations
#    elapsed time = 00:00:06, memory = 5361.67 (MB)
#    completing 40% with 6000 violations
#    elapsed time = 00:00:07, memory = 5358.53 (MB)
#    completing 50% with 5999 violations
#    elapsed time = 00:00:07, memory = 5364.18 (MB)
#    completing 60% with 5996 violations
#    elapsed time = 00:00:10, memory = 5356.27 (MB)
#    completing 70% with 6019 violations
#    elapsed time = 00:00:12, memory = 5364.05 (MB)
#    completing 80% with 5965 violations
#    elapsed time = 00:00:13, memory = 5357.82 (MB)
#    completing 90% with 6017 violations
#    elapsed time = 00:00:15, memory = 5364.77 (MB)
#    completing 100% with 6035 violations
#    elapsed time = 00:00:17, memory = 5362.96 (MB)
#   number of violations = 6035
#
#  By Layer and Type:
#
#----------+-------+-------+------+-------+-------+------+-------+-------+
#  -       | MetSpc| EOLSpc| Short| CutSpc| CShort| ViaIP| Others| Totals|
#----------+-------+-------+------+-------+-------+------+-------+-------+
#  Metal1  |    931|    133|     0|      0|      0|  4579|      0|   5643|
#  Metal2  |     11|      0|     0|      0|      0|     0|      1|     12|
#  Metal3  |      0|      0|     0|      0|      0|     0|      0|      0|
#  Metal4  |      2|      0|    10|      0|      0|     0|      0|     12|
#  Metal5  |     73|      0|    15|      0|      0|     0|      0|     88|
#  Metal6  |     11|      0|   163|      3|      1|     0|      2|    180|
#  Metal7  |      7|      0|    14|      0|      0|     0|      0|     21|
#  Metal8  |      0|      0|     0|      0|      0|     0|      0|      0|
#  Metal9  |      0|      0|     0|      0|      0|     0|      0|      0|
#  Metal10 |      1|      0|     2|      0|      2|     0|      1|      6|
#  Metal11 |      1|      0|    72|      0|      0|     0|      0|     73|
#  Totals  |   1037|    133|   276|      3|      3|  4579|      4|   6035|
#----------+-------+-------+------+-------+-------+------+-------+-------+
#
#    number of process antenna violations = 2999
#cpu time = 00:02:09, elapsed time = 00:00:17, memory = 4432.62 (MB), peak = 6201.82 (MB)
#start 11th optimization iteration ...
#    completing 10% with 5992 violations
#    elapsed time = 00:00:05, memory = 5579.16 (MB)
#    completing 20% with 6016 violations
#    elapsed time = 00:00:07, memory = 5596.28 (MB)
#    completing 30% with 6027 violations
#    elapsed time = 00:00:08, memory = 5590.34 (MB)
#    completing 40% with 6027 violations
#    elapsed time = 00:00:08, memory = 5583.80 (MB)
#    completing 50% with 5960 violations
#    elapsed time = 00:00:10, memory = 5593.56 (MB)
#    completing 60% with 6015 violations
#    elapsed time = 00:00:13, memory = 5589.93 (MB)
#    completing 70% with 6037 violations
#    elapsed time = 00:00:14, memory = 5596.94 (MB)
#    completing 80% with 6007 violations
#    elapsed time = 00:00:16, memory = 5596.45 (MB)
#    completing 90% with 6009 violations
#    elapsed time = 00:00:18, memory = 5601.36 (MB)
#    completing 100% with 6037 violations
#    elapsed time = 00:00:20, memory = 5600.17 (MB)
#   number of violations = 6037
#
#  By Layer and Type:
#
#----------+-------+-------+------+-----+-------+------+-------+-------+
#  -       | MetSpc| EOLSpc| Short| Loop| CShort| ViaIP| Others| Totals|
#----------+-------+-------+------+-----+-------+------+-------+-------+
#  Metal1  |    911|    133|     0|    0|      0|  4580|      0|   5624|
#  Metal2  |     14|      0|     0|    4|      0|     0|      0|     18|
#  Metal3  |      0|      0|     0|    0|      0|     0|      0|      0|
#  Metal4  |      2|      0|    12|    0|      0|     0|      0|     14|
#  Metal5  |     78|      0|    13|    0|      0|     0|      0|     91|
#  Metal6  |     11|      0|   165|    0|      4|     0|      5|    185|
#  Metal7  |      6|      0|    16|    0|      0|     0|      0|     22|
#  Metal8  |      0|      0|     0|    0|      0|     0|      0|      0|
#  Metal9  |      0|      0|     0|    0|      0|     0|      0|      0|
#  Metal10 |      1|      0|     1|    0|      1|     0|      1|      4|
#  Metal11 |      1|      0|    78|    0|      0|     0|      0|     79|
#  Totals  |   1024|    133|   285|    4|      5|  4580|      6|   6037|
#----------+-------+-------+------+-----+-------+------+-------+-------+
#
#    number of process antenna violations = 3001
#cpu time = 00:02:40, elapsed time = 00:00:21, memory = 4431.23 (MB), peak = 6201.82 (MB)
#start 12th optimization iteration ...
#    completing 10% with 5994 violations
#    elapsed time = 00:00:05, memory = 5760.99 (MB)
#    completing 20% with 6035 violations
#    elapsed time = 00:00:08, memory = 5777.80 (MB)
#    completing 30% with 6048 violations
#    elapsed time = 00:00:09, memory = 5772.75 (MB)
#    completing 40% with 6040 violations
#    elapsed time = 00:00:10, memory = 5792.52 (MB)
#    completing 50% with 5993 violations
#    elapsed time = 00:00:13, memory = 5783.19 (MB)
#    completing 60% with 6032 violations
#    elapsed time = 00:00:16, memory = 5783.86 (MB)
#    completing 70% with 5877 violations
#    elapsed time = 00:00:17, memory = 5795.72 (MB)
#    completing 80% with 6044 violations
#    elapsed time = 00:00:21, memory = 5788.68 (MB)
#    completing 90% with 6024 violations
#    elapsed time = 00:00:24, memory = 5788.79 (MB)
#    completing 100% with 6045 violations
#    elapsed time = 00:00:26, memory = 5784.52 (MB)
#   number of violations = 6045
#
#  By Layer and Type:
#
#----------+-------+-------+------+-----+-------+-------+------+-------+
#  -       | MetSpc| EOLSpc| Short| Loop| CShort| MaxStk| ViaIP| Totals|
#----------+-------+-------+------+-----+-------+-------+------+-------+
#  Metal1  |    931|    131|     0|    0|      0|      0|  4582|   5644|
#  Metal2  |     12|      0|     0|    2|      0|      0|     0|     14|
#  Metal3  |      0|      0|     0|    0|      0|      0|     0|      0|
#  Metal4  |      2|      0|    10|    0|      0|      0|     0|     12|
#  Metal5  |     79|      0|    13|    0|      0|      0|     0|     92|
#  Metal6  |     11|      0|   168|    0|      2|      1|     0|    182|
#  Metal7  |      4|      0|    11|    0|      0|      0|     0|     15|
#  Metal8  |      0|      0|     0|    0|      0|      0|     0|      0|
#  Metal9  |      0|      0|     0|    0|      0|      0|     0|      0|
#  Metal10 |      3|      0|     2|    0|      2|      0|     0|      7|
#  Metal11 |      0|      0|    79|    0|      0|      0|     0|     79|
#  Totals  |   1042|    131|   283|    2|      4|      1|  4582|   6045|
#----------+-------+-------+------+-----+-------+-------+------+-------+
#
#    number of process antenna violations = 3000
#cpu time = 00:03:27, elapsed time = 00:00:26, memory = 4440.53 (MB), peak = 6201.82 (MB)
#start 13th optimization iteration ...
#    completing 10% with 6003 violations
#    elapsed time = 00:00:03, memory = 5178.24 (MB)
#    completing 20% with 6025 violations
#    elapsed time = 00:00:04, memory = 5185.94 (MB)
#    completing 30% with 6032 violations
#    elapsed time = 00:00:04, memory = 5189.17 (MB)
#    completing 40% with 6037 violations
#    elapsed time = 00:00:05, memory = 5189.23 (MB)
#    completing 50% with 6034 violations
#    elapsed time = 00:00:05, memory = 5187.03 (MB)
#    completing 60% with 5963 violations
#    elapsed time = 00:00:05, memory = 5186.12 (MB)
#    completing 70% with 5992 violations
#    elapsed time = 00:00:07, memory = 5187.98 (MB)
#    completing 80% with 6009 violations
#    elapsed time = 00:00:07, memory = 5189.62 (MB)
#    completing 90% with 5985 violations
#    elapsed time = 00:00:08, memory = 5187.23 (MB)
#    completing 100% with 6008 violations
#    elapsed time = 00:00:09, memory = 5187.41 (MB)
#   number of violations = 6008
#
#  By Layer and Type:
#
#----------+-------+-------+------+-------+-------+------+-------+
#  -       | MetSpc| EOLSpc| Short| CShort| MaxStk| ViaIP| Totals|
#----------+-------+-------+------+-------+-------+------+-------+
#  Metal1  |    901|    134|     0|      0|      0|  4582|   5617|
#  Metal2  |     12|      0|     0|      0|      0|     0|     12|
#  Metal3  |      0|      0|     0|      0|      0|     0|      0|
#  Metal4  |      2|      0|    11|      0|      0|     0|     13|
#  Metal5  |     78|      0|    13|      0|      0|     0|     91|
#  Metal6  |     11|      0|   167|      3|      1|     0|    182|
#  Metal7  |      4|      0|    12|      0|      0|     0|     16|
#  Metal8  |      0|      0|     0|      0|      0|     0|      0|
#  Metal9  |      0|      0|     0|      0|      0|     0|      0|
#  Metal10 |      1|      0|     1|      1|      0|     0|      3|
#  Metal11 |      1|      0|    73|      0|      0|     0|     74|
#  Totals  |   1010|    134|   277|      4|      1|  4582|   6008|
#----------+-------+-------+------+-------+-------+------+-------+
#
#    number of process antenna violations = 2998
#cpu time = 00:01:12, elapsed time = 00:00:09, memory = 4428.08 (MB), peak = 6201.82 (MB)
#start 14th optimization iteration ...
#    completing 10% with 5954 violations
#    elapsed time = 00:00:03, memory = 5201.57 (MB)
#    completing 20% with 6008 violations
#    elapsed time = 00:00:04, memory = 5205.31 (MB)
#    completing 30% with 6008 violations
#    elapsed time = 00:00:05, memory = 5211.22 (MB)
#    completing 40% with 6018 violations
#    elapsed time = 00:00:05, memory = 5211.42 (MB)
#    completing 50% with 6018 violations
#    elapsed time = 00:00:06, memory = 5208.14 (MB)
#    completing 60% with 5962 violations
#    elapsed time = 00:00:06, memory = 5208.16 (MB)
#    completing 70% with 6014 violations
#    elapsed time = 00:00:08, memory = 5204.36 (MB)
#    completing 80% with 6024 violations
#    elapsed time = 00:00:09, memory = 5210.11 (MB)
#    completing 90% with 6007 violations
#    elapsed time = 00:00:10, memory = 5211.07 (MB)
#    completing 100% with 6029 violations
#    elapsed time = 00:00:11, memory = 5210.59 (MB)
#   number of violations = 6029
#
#  By Layer and Type:
#
#----------+-------+-------+------+-----+-------+------+-------+-------+
#  -       | MetSpc| EOLSpc| Short| Loop| CShort| ViaIP| Others| Totals|
#----------+-------+-------+------+-----+-------+------+-------+-------+
#  Metal1  |    915|    129|     0|    0|      0|  4576|      0|   5620|
#  Metal2  |     14|      0|     0|    5|      0|     0|      0|     19|
#  Metal3  |      0|      0|     0|    0|      0|     0|      0|      0|
#  Metal4  |      2|      0|    10|    0|      0|     0|      0|     12|
#  Metal5  |     83|      0|    13|    0|      0|     0|      0|     96|
#  Metal6  |     11|      0|   167|    0|      2|     0|      2|    182|
#  Metal7  |      0|      0|    12|    0|      0|     0|      0|     12|
#  Metal8  |      0|      0|     0|    0|      0|     0|      0|      0|
#  Metal9  |      0|      0|     0|    0|      0|     0|      0|      0|
#  Metal10 |      2|      0|     1|    0|      1|     0|      1|      5|
#  Metal11 |      4|      0|    79|    0|      0|     0|      0|     83|
#  Totals  |   1031|    129|   282|    5|      3|  4576|      3|   6029|
#----------+-------+-------+------+-----+-------+------+-------+-------+
#
#    number of process antenna violations = 3002
#cpu time = 00:01:24, elapsed time = 00:00:11, memory = 4431.61 (MB), peak = 6201.82 (MB)
#start 15th optimization iteration ...
#    completing 10% with 6039 violations
#    elapsed time = 00:00:03, memory = 5460.36 (MB)
#    completing 20% with 6075 violations
#    elapsed time = 00:00:05, memory = 5462.57 (MB)
#    completing 30% with 6128 violations
#    elapsed time = 00:00:06, memory = 5466.14 (MB)
#    completing 40% with 6145 violations
#    elapsed time = 00:00:06, memory = 5467.69 (MB)
#    completing 50% with 6162 violations
#    elapsed time = 00:00:07, memory = 5471.13 (MB)
#    completing 60% with 6130 violations
#    elapsed time = 00:00:09, memory = 5462.09 (MB)
#    completing 70% with 6153 violations
#    elapsed time = 00:00:10, memory = 5465.96 (MB)
#    completing 80% with 6104 violations
#    elapsed time = 00:00:11, memory = 5468.44 (MB)
#    completing 90% with 6175 violations
#    elapsed time = 00:00:13, memory = 5469.27 (MB)
#    completing 100% with 6200 violations
#    elapsed time = 00:00:14, memory = 5466.96 (MB)
#   number of violations = 6200
#
#  By Layer and Type:
#
#----------+-------+-------+------+-----+-------+----+------+-------+
#  -       | MetSpc| EOLSpc| Short| Loop| CShort| Mar| ViaIP| Totals|
#----------+-------+-------+------+-----+-------+----+------+-------+
#  Metal1  |   1153|     64|     0|    0|      0|   0|  4583|   5800|
#  Metal2  |     16|      0|     0|    1|      0|   0|     0|     17|
#  Metal3  |      0|      0|     0|    0|      0|   0|     0|      0|
#  Metal4  |      2|      0|    12|    0|      0|   0|     0|     14|
#  Metal5  |     68|      0|    13|    0|      0|   0|     0|     81|
#  Metal6  |     11|      0|   167|    0|      4|   0|     0|    182|
#  Metal7  |     14|      0|    12|    0|      0|   0|     0|     26|
#  Metal8  |      0|      0|     0|    0|      0|   0|     0|      0|
#  Metal9  |      0|      0|     0|    0|      0|   0|     0|      0|
#  Metal10 |      0|      0|     2|    0|      1|   1|     0|      4|
#  Metal11 |      1|      0|    75|    0|      0|   0|     0|     76|
#  Totals  |   1265|     64|   281|    1|      5|   1|  4583|   6200|
#----------+-------+-------+------+-----+-------+----+------+-------+
#
#    number of process antenna violations = 3000
#cpu time = 00:01:52, elapsed time = 00:00:14, memory = 4431.67 (MB), peak = 6201.82 (MB)
#start 16th optimization iteration ...
#   number of violations = 6034
#
#  By Layer and Type:
#
#----------+-------+-------+------+-----+-------+----+------+-------+
#  -       | MetSpc| EOLSpc| Short| Loop| CShort| Mar| ViaIP| Totals|
#----------+-------+-------+------+-----+-------+----+------+-------+
#  Metal1  |    991|     60|     2|    0|      0|   0|  4577|   5630|
#  Metal2  |     14|      0|     0|    3|      0|   1|     0|     18|
#  Metal3  |      0|      0|     0|    0|      0|   0|     0|      0|
#  Metal4  |      2|      0|    10|    0|      0|   0|     0|     12|
#  Metal5  |     90|      0|    10|    0|      0|   0|     0|    100|
#  Metal6  |     11|      0|   169|    0|      2|   0|     0|    182|
#  Metal7  |      4|      0|    10|    0|      0|   0|     0|     14|
#  Metal8  |      0|      0|     0|    0|      0|   0|     0|      0|
#  Metal9  |      0|      0|     0|    0|      0|   0|     0|      0|
#  Metal10 |      0|      0|     2|    0|      2|   2|     0|      6|
#  Metal11 |      0|      0|    72|    0|      0|   0|     0|     72|
#  Totals  |   1112|     60|   275|    3|      4|   3|  4577|   6034|
#----------+-------+-------+------+-----+-------+----+------+-------+
#
#    number of process antenna violations = 2994
#cpu time = 00:03:08, elapsed time = 00:00:25, memory = 4429.70 (MB), peak = 6465.62 (MB)
#start 17th optimization iteration ...
#   number of violations = 6202
#
#  By Layer and Type:
#
#----------+-------+-------+------+-------+-------+------+-------+
#  -       | MetSpc| EOLSpc| Short| CShort| MaxStk| ViaIP| Totals|
#----------+-------+-------+------+-------+-------+------+-------+
#  Metal1  |   1174|     67|     3|      0|      0|  4575|   5819|
#  Metal2  |     11|      0|     0|      0|      0|     0|     11|
#  Metal3  |      0|      0|     0|      0|      0|     0|      0|
#  Metal4  |      2|      0|    11|      0|      0|     0|     13|
#  Metal5  |     61|      0|    12|      0|      0|     0|     73|
#  Metal6  |     11|      0|   166|      4|      2|     0|    183|
#  Metal7  |      7|      0|    14|      0|      0|     0|     21|
#  Metal8  |      0|      0|     0|      0|      0|     0|      0|
#  Metal9  |      0|      0|     0|      0|      0|     0|      0|
#  Metal10 |      1|      0|     1|      1|      0|     0|      3|
#  Metal11 |      1|      0|    78|      0|      0|     0|     79|
#  Totals  |   1268|     67|   285|      5|      2|  4575|   6202|
#----------+-------+-------+------+-------+-------+------+-------+
#
#    number of process antenna violations = 2994
#cpu time = 00:03:01, elapsed time = 00:00:23, memory = 4440.84 (MB), peak = 6869.51 (MB)
#start 18th optimization iteration ...
#    completing 10% with 6102 violations
#    elapsed time = 00:00:06, memory = 6427.30 (MB)
#    completing 20% with 6142 violations
#    elapsed time = 00:00:10, memory = 6432.23 (MB)
#    completing 30% with 6144 violations
#    elapsed time = 00:00:11, memory = 6415.50 (MB)
#    completing 40% with 6130 violations
#    elapsed time = 00:00:12, memory = 6436.53 (MB)
#    completing 50% with 6068 violations
#    elapsed time = 00:00:15, memory = 6432.95 (MB)
#    completing 60% with 6128 violations
#    elapsed time = 00:00:19, memory = 6432.63 (MB)
#    completing 70% with 6019 violations
#    elapsed time = 00:00:20, memory = 6448.20 (MB)
#    completing 80% with 6106 violations
#    elapsed time = 00:00:25, memory = 6438.88 (MB)
#    completing 90% with 6085 violations
#    elapsed time = 00:00:28, memory = 6436.12 (MB)
#    completing 100% with 6123 violations
#    elapsed time = 00:00:32, memory = 6432.84 (MB)
#   number of violations = 6123
#
#  By Layer and Type:
#
#----------+-------+-------+------+-------+-------+------+-------+-------+
#  -       | MetSpc| EOLSpc| Short| CShort| MaxStk| ViaIP| Others| Totals|
#----------+-------+-------+------+-------+-------+------+-------+-------+
#  Metal1  |   1075|     58|     0|      0|      0|  4584|      0|   5717|
#  Metal2  |     12|      0|     0|      0|      0|     0|      1|     13|
#  Metal3  |      0|      0|     0|      0|      0|     0|      0|      0|
#  Metal4  |      2|      0|    10|      0|      0|     0|      0|     12|
#  Metal5  |     77|      0|    16|      0|      0|     0|      0|     93|
#  Metal6  |     11|      0|   167|      2|      2|     0|      2|    184|
#  Metal7  |      8|      0|    14|      0|      0|     0|      0|     22|
#  Metal8  |      0|      0|     0|      0|      0|     0|      0|      0|
#  Metal9  |      0|      0|     0|      0|      0|     0|      0|      0|
#  Metal10 |      1|      0|     2|      1|      0|     0|      0|      4|
#  Metal11 |      1|      0|    77|      0|      0|     0|      0|     78|
#  Totals  |   1187|     58|   286|      3|      2|  4584|      3|   6123|
#----------+-------+-------+------+-------+-------+------+-------+-------+
#
#    number of process antenna violations = 2998
#cpu time = 00:04:07, elapsed time = 00:00:32, memory = 4451.07 (MB), peak = 6869.51 (MB)
#start 19th optimization iteration ...
#    completing 10% with 6084 violations
#    elapsed time = 00:00:03, memory = 5536.89 (MB)
#    completing 20% with 6075 violations
#    elapsed time = 00:00:04, memory = 5541.50 (MB)
#    completing 30% with 6106 violations
#    elapsed time = 00:00:05, memory = 5546.95 (MB)
#    completing 40% with 6117 violations
#    elapsed time = 00:00:05, memory = 5545.79 (MB)
#    completing 50% with 6129 violations
#    elapsed time = 00:00:06, memory = 5542.88 (MB)
#    completing 60% with 6061 violations
#    elapsed time = 00:00:06, memory = 5541.99 (MB)
#    completing 70% with 6130 violations
#    elapsed time = 00:00:08, memory = 5540.78 (MB)
#    completing 80% with 6161 violations
#    elapsed time = 00:00:09, memory = 5544.96 (MB)
#    completing 90% with 6146 violations
#    elapsed time = 00:00:10, memory = 5543.30 (MB)
#    completing 100% with 6193 violations
#    elapsed time = 00:00:11, memory = 5544.77 (MB)
#   number of violations = 6193
#
#  By Layer and Type:
#
#----------+-------+-------+------+-----+-------+------+-------+-------+
#  -       | MetSpc| EOLSpc| Short| Loop| CShort| ViaIP| Others| Totals|
#----------+-------+-------+------+-----+-------+------+-------+-------+
#  Metal1  |   1151|     55|     1|    0|      0|  4581|      0|   5788|
#  Metal2  |     15|      0|     0|    7|      0|     0|      0|     22|
#  Metal3  |      0|      0|     0|    0|      0|     0|      0|      0|
#  Metal4  |      2|      0|    12|    0|      0|     0|      0|     14|
#  Metal5  |     67|      0|    14|    0|      0|     0|      0|     81|
#  Metal6  |     11|      0|   167|    0|      3|     0|      1|    182|
#  Metal7  |     10|      0|    12|    0|      0|     0|      0|     22|
#  Metal8  |      0|      0|     0|    0|      0|     0|      0|      0|
#  Metal9  |      0|      0|     0|    0|      0|     0|      0|      0|
#  Metal10 |      1|      0|     2|    0|      2|     0|      1|      6|
#  Metal11 |      0|      0|    78|    0|      0|     0|      0|     78|
#  Totals  |   1257|     55|   286|    7|      5|  4581|      2|   6193|
#----------+-------+-------+------+-----+-------+------+-------+-------+
#
#    number of process antenna violations = 2996
#cpu time = 00:01:25, elapsed time = 00:00:11, memory = 4438.99 (MB), peak = 6869.51 (MB)
#start 20th optimization iteration ...
#    completing 10% with 6104 violations
#    elapsed time = 00:00:03, memory = 5514.63 (MB)
#    completing 20% with 6146 violations
#    elapsed time = 00:00:05, memory = 5515.24 (MB)
#    completing 30% with 6167 violations
#    elapsed time = 00:00:06, memory = 5518.10 (MB)
#    completing 40% with 6163 violations
#    elapsed time = 00:00:06, memory = 5519.28 (MB)
#    completing 50% with 6159 violations
#    elapsed time = 00:00:07, memory = 5516.29 (MB)
#    completing 60% with 6124 violations
#    elapsed time = 00:00:08, memory = 5514.41 (MB)
#    completing 70% with 6123 violations
#    elapsed time = 00:00:10, memory = 5513.48 (MB)
#    completing 80% with 6133 violations
#    elapsed time = 00:00:11, memory = 5517.97 (MB)
#    completing 90% with 6115 violations
#    elapsed time = 00:00:12, memory = 5515.76 (MB)
#    completing 100% with 6141 violations
#    elapsed time = 00:00:13, memory = 5515.03 (MB)
#   number of violations = 6141
#
#  By Layer and Type:
#
#----------+-------+-------+------+-----+-------+-------+------+-------+
#  -       | MetSpc| EOLSpc| Short| Loop| CShort| MaxStk| ViaIP| Totals|
#----------+-------+-------+------+-----+-------+-------+------+-------+
#  Metal1  |   1114|     54|     2|    0|      0|      0|  4582|   5752|
#  Metal2  |     13|      0|     0|    3|      0|      0|     0|     16|
#  Metal3  |      0|      0|     0|    0|      0|      0|     0|      0|
#  Metal4  |      2|      0|    10|    0|      0|      0|     0|     12|
#  Metal5  |     65|      0|    13|    0|      0|      0|     0|     78|
#  Metal6  |     11|      0|   167|    0|      2|      2|     0|    182|
#  Metal7  |      8|      0|    12|    0|      0|      0|     0|     20|
#  Metal8  |      0|      0|     0|    0|      0|      0|     0|      0|
#  Metal9  |      0|      0|     0|    0|      0|      0|     0|      0|
#  Metal10 |      1|      0|     1|    0|      1|      0|     0|      3|
#  Metal11 |      2|      0|    76|    0|      0|      0|     0|     78|
#  Totals  |   1216|     54|   281|    3|      3|      2|  4582|   6141|
#----------+-------+-------+------+-----+-------+-------+------+-------+
#
#    number of process antenna violations = 2996
#cpu time = 00:01:43, elapsed time = 00:00:13, memory = 4435.56 (MB), peak = 6869.51 (MB)
#start 21th optimization iteration ...
#   number of violations = 6167
#
#  By Layer and Type:
#
#----------+-------+-------+------+-------+-------+------+-------+-------+
#  -       | MetSpc| EOLSpc| Short| CutSpc| CShort| ViaIP| Others| Totals|
#----------+-------+-------+------+-------+-------+------+-------+-------+
#  Metal1  |   1146|     58|     4|      0|      0|  4576|      0|   5784|
#  Metal2  |     13|      0|     0|      0|      0|     0|      1|     14|
#  Metal3  |      0|      0|     0|      0|      0|     0|      0|      0|
#  Metal4  |      2|      0|    10|      0|      0|     0|      0|     12|
#  Metal5  |     63|      0|    11|      0|      0|     0|      0|     74|
#  Metal6  |     11|      0|   167|      3|      1|     0|      2|    184|
#  Metal7  |      7|      0|    14|      0|      0|     0|      0|     21|
#  Metal8  |      0|      0|     0|      0|      0|     0|      0|      0|
#  Metal9  |      0|      0|     0|      0|      0|     0|      0|      0|
#  Metal10 |      1|      0|     1|      0|      1|     0|      0|      3|
#  Metal11 |      1|      0|    74|      0|      0|     0|      0|     75|
#  Totals  |   1244|     58|   281|      3|      2|  4576|      3|   6167|
#----------+-------+-------+------+-------+-------+------+-------+-------+
#
#    number of process antenna violations = 2994
#cpu time = 00:02:16, elapsed time = 00:00:17, memory = 4444.19 (MB), peak = 6869.51 (MB)
#start 22th optimization iteration ...
#    completing 10% with 6134 violations
#    elapsed time = 00:00:04, memory = 5859.45 (MB)
#    completing 20% with 6187 violations
#    elapsed time = 00:00:07, memory = 5856.52 (MB)
#    completing 30% with 6190 violations
#    elapsed time = 00:00:08, memory = 5842.03 (MB)
#    completing 40% with 6179 violations
#    elapsed time = 00:00:09, memory = 5834.56 (MB)
#    completing 50% with 6104 violations
#    elapsed time = 00:00:12, memory = 5854.19 (MB)
#    completing 60% with 6170 violations
#    elapsed time = 00:00:14, memory = 5853.96 (MB)
#    completing 70% with 6181 violations
#    elapsed time = 00:00:16, memory = 5849.73 (MB)
#    completing 80% with 6183 violations
#    elapsed time = 00:00:19, memory = 5860.32 (MB)
#    completing 90% with 6168 violations
#    elapsed time = 00:00:22, memory = 5853.99 (MB)
#    completing 100% with 6225 violations
#    elapsed time = 00:00:25, memory = 5845.04 (MB)
#   number of violations = 6225
#
#  By Layer and Type:
#
#----------+-------+-------+------+-----+-------+------+-------+-------+
#  -       | MetSpc| EOLSpc| Short| Loop| CShort| ViaIP| Others| Totals|
#----------+-------+-------+------+-----+-------+------+-------+-------+
#  Metal1  |   1210|     51|     2|    0|      0|  4581|      0|   5844|
#  Metal2  |     12|      0|     0|    4|      0|     0|      0|     16|
#  Metal3  |      0|      0|     0|    0|      0|     0|      0|      0|
#  Metal4  |      2|      0|    11|    0|      0|     0|      0|     13|
#  Metal5  |     61|      0|    11|    0|      0|     0|      0|     72|
#  Metal6  |     11|      0|   161|    0|      4|     0|      5|    181|
#  Metal7  |      8|      0|    12|    0|      0|     0|      0|     20|
#  Metal8  |      0|      0|     0|    0|      0|     0|      0|      0|
#  Metal9  |      0|      0|     0|    0|      0|     0|      0|      0|
#  Metal10 |      0|      0|     1|    0|      1|     0|      0|      2|
#  Metal11 |      1|      0|    76|    0|      0|     0|      0|     77|
#  Totals  |   1305|     51|   274|    4|      5|  4581|      5|   6225|
#----------+-------+-------+------+-----+-------+------+-------+-------+
#
#    number of process antenna violations = 2996
#cpu time = 00:03:17, elapsed time = 00:00:25, memory = 4440.77 (MB), peak = 6869.51 (MB)
#Complete Detail Routing.
#Total number of nets with non-default rule or having extra spacing = 272
#
#  Routing Statistics
#
#----------------+-----------+-------+---------------------+---------------------+
#  Layer         | Length(um)|   Vias|           Single-cut|            Multi-cut|
#----------------+-----------+-------+---------------------+---------------------+
#  Poly ( 0H)    |          0|      0|          0  (  0.0%)|          0  (  0.0%)|
#  Metal1 ( 1H)  |          0|  97529|      82549  ( 84.6%)|      14980  ( 15.4%)|
#  Metal2 ( 2V)  |     950638|  84782|      25704  ( 30.3%)|      59078  ( 69.7%)|
#  Metal3 ( 3H)  |    1558515|  29734|       6295  ( 21.2%)|      23439  ( 78.8%)|
#  Metal4 ( 4V)  |     495012|  24694|       3199  ( 13.0%)|      21495  ( 87.0%)|
#  Metal5 ( 5H)  |     688311|  19044|       2562  ( 13.5%)|      16482  ( 86.5%)|
#  Metal6 ( 6V)  |     263533|  13252|       1343  ( 10.1%)|      11909  ( 89.9%)|
#  Metal7 ( 7H)  |    1583429|   8391|        544  (  6.5%)|       7847  ( 93.5%)|
#  Metal8 ( 8V)  |     569802|   2022|        201  (  9.9%)|       1821  ( 90.1%)|
#  Metal9 ( 9H)  |     186452|    196|         73  ( 37.2%)|        123  ( 62.8%)|
#  Metal10 (10V) |       1303|    160|         71  ( 44.4%)|         89  ( 55.6%)|
#  Metal11 (11H) |       7510|      0|          0  (  0.0%)|          0  (  0.0%)|
#----------------+-----------+-------+---------------------+---------------------+
#  Total         |    6304504| 279804|     122541  ( 43.8%)|     157263  ( 56.2%)|
#----------------+-----------+-------+---------------------+---------------------+
#
# Total half perimeter of net bounding box: 6123438 um.
#Total number of DRC violations = 6225
#Cpu time = 00:57:54
#Elapsed time = 00:07:28
#Increased memory = 132.45 (MB)
#Total memory = 4403.34 (MB)
#Peak memory = 6869.51 (MB)
#
#start routing for process antenna violation fix ...
#- start antenna fix number of process antenna vio = 1368.
#- start antenna fix number of net violated process antenna rule = 985.
#
#  By Layer and Type:
#
#----------+-------+-------+------+-----+-------+------+-------+-------+
#  -       | MetSpc| EOLSpc| Short| Loop| CShort| ViaIP| Others| Totals|
#----------+-------+-------+------+-----+-------+------+-------+-------+
#  Metal1  |   1210|     51|     2|    0|      0|  4582|      0|   5845|
#  Metal2  |     12|      0|     0|    4|      0|     0|      0|     16|
#  Metal3  |      0|      0|     0|    0|      0|     0|      0|      0|
#  Metal4  |      2|      0|    11|    0|      0|     0|      0|     13|
#  Metal5  |     61|      0|    11|    0|      0|     0|      0|     72|
#  Metal6  |     11|      0|   161|    0|      4|     0|      5|    181|
#  Metal7  |      8|      0|    12|    0|      0|     0|      0|     20|
#  Metal8  |      0|      0|     0|    0|      0|     0|      0|      0|
#  Metal9  |      0|      0|     0|    0|      0|     0|      0|      0|
#  Metal10 |      0|      0|     1|    0|      1|     0|      0|      2|
#  Metal11 |      1|      0|    76|    0|      0|     0|      0|     77|
#  Totals  |   1305|     51|   274|    4|      5|  4582|      5|   6226|
#----------+-------+-------+------+-----+-------+------+-------+-------+
#
#cpu time = 00:00:15, elapsed time = 00:00:03, memory = 4421.61 (MB), peak = 6869.51 (MB)
#
#Total number of nets with non-default rule or having extra spacing = 272
#
#  Routing Statistics
#
#----------------+-----------+-------+---------------------+---------------------+
#  Layer         | Length(um)|   Vias|           Single-cut|            Multi-cut|
#----------------+-----------+-------+---------------------+---------------------+
#  Poly ( 0H)    |          0|      0|          0  (  0.0%)|          0  (  0.0%)|
#  Metal1 ( 1H)  |          0|  97529|      82549  ( 84.6%)|      14980  ( 15.4%)|
#  Metal2 ( 2V)  |     949336|  85300|      26222  ( 30.7%)|      59078  ( 69.3%)|
#  Metal3 ( 3H)  |    1557272|  30774|       7335  ( 23.8%)|      23439  ( 76.2%)|
#  Metal4 ( 4V)  |     495786|  25390|       3895  ( 15.3%)|      21495  ( 84.7%)|
#  Metal5 ( 5H)  |     688953|  19524|       3042  ( 15.6%)|      16482  ( 84.4%)|
#  Metal6 ( 6V)  |     263725|  13646|       1737  ( 12.7%)|      11909  ( 87.3%)|
#  Metal7 ( 7H)  |    1582434|   9151|       1304  ( 14.2%)|       7847  ( 85.8%)|
#  Metal8 ( 8V)  |     570154|   2738|        917  ( 33.5%)|       1821  ( 66.5%)|
#  Metal9 ( 9H)  |     188085|    200|         77  ( 38.5%)|        123  ( 61.5%)|
#  Metal10 (10V) |       1313|    160|         71  ( 44.4%)|         89  ( 55.6%)|
#  Metal11 (11H) |       7510|      0|          0  (  0.0%)|          0  (  0.0%)|
#----------------+-----------+-------+---------------------+---------------------+
#  Total         |    6304568| 284412|     127149  ( 44.7%)|     157263  ( 55.3%)|
#----------------+-----------+-------+---------------------+---------------------+
#
# Total half perimeter of net bounding box: 6123438 um.
#Total number of DRC violations = 6226
#Total number of process antenna violations = 0
#Total number of net violated process antenna rule = 0
#
#
#Total number of nets with non-default rule or having extra spacing = 272
#
#  Routing Statistics
#
#----------------+-----------+-------+---------------------+---------------------+
#  Layer         | Length(um)|   Vias|           Single-cut|            Multi-cut|
#----------------+-----------+-------+---------------------+---------------------+
#  Poly ( 0H)    |          0|      0|          0  (  0.0%)|          0  (  0.0%)|
#  Metal1 ( 1H)  |          0|  97529|      82549  ( 84.6%)|      14980  ( 15.4%)|
#  Metal2 ( 2V)  |     949336|  85300|      26222  ( 30.7%)|      59078  ( 69.3%)|
#  Metal3 ( 3H)  |    1557272|  30774|       7335  ( 23.8%)|      23439  ( 76.2%)|
#  Metal4 ( 4V)  |     495786|  25390|       3895  ( 15.3%)|      21495  ( 84.7%)|
#  Metal5 ( 5H)  |     688953|  19524|       3042  ( 15.6%)|      16482  ( 84.4%)|
#  Metal6 ( 6V)  |     263725|  13646|       1737  ( 12.7%)|      11909  ( 87.3%)|
#  Metal7 ( 7H)  |    1582434|   9151|       1304  ( 14.2%)|       7847  ( 85.8%)|
#  Metal8 ( 8V)  |     570154|   2738|        917  ( 33.5%)|       1821  ( 66.5%)|
#  Metal9 ( 9H)  |     188085|    200|         77  ( 38.5%)|        123  ( 61.5%)|
#  Metal10 (10V) |       1313|    160|         71  ( 44.4%)|         89  ( 55.6%)|
#  Metal11 (11H) |       7510|      0|          0  (  0.0%)|          0  (  0.0%)|
#----------------+-----------+-------+---------------------+---------------------+
#  Total         |    6304568| 284412|     127149  ( 44.7%)|     157263  ( 55.3%)|
#----------------+-----------+-------+---------------------+---------------------+
#
# Total half perimeter of net bounding box: 6123438 um.
#Total number of DRC violations = 6226
#Total number of process antenna violations = 0
#Total number of net violated process antenna rule = 0
#
#Bottom routing layer index=2(Metal2), bottom routing layer for shielding=2(Metal2), bottom shield layer=2(Metal2) top shield layer=11(Metal11)
#shield_bottom_stripe_layer=1(Metal1), shield_top_stripe_layer=11(Metal11)
#pin_access_rlayer=2(Metal2) num_routing_layer=11 top_routing_layer=11 top_ripin_layer=11
#shield_top_dpt_rlayer=-1 top_rlayer=11 top_trim_metal_rlayer=-1 rlayer_lowest=1 bottom_rlayer=2
#enable_trim_layer_shield=F enable_dpt_layer_shield=F has_line_end_grid=F
#Analyzing shielding information. 
#  Total shield net = 226 (one-side = 0, hf = 0 ), 226 nets need to be shielded.
#  Bottom shield layer is layer 2.
#  Bottom routing layer for shield is layer 2.
#  Start shielding step 1
#  Finished shielding step 1: cpu time = 00:00:00, elapsed time = 00:00:00, memory = 4385.43 (MB), peak = 6869.51 (MB)
#  Start shielding step 2 
#    Inner loop #1
#    Inner loop #2
#    Inner loop #3
#  Finished shielding step 2:   cpu time = 00:00:12, elapsed time = 00:00:02, memory = 4391.27 (MB), peak = 6869.51 (MB)
#  Start shielding step 3
#    Start loop 1
#    Finished loop 1 cpu time = 00:00:04, elapsed time = 00:00:02, memory = 4455.72 (MB), peak = 6869.51 (MB)
#  Finished shielding step 3: cpu time = 00:00:04, elapsed time = 00:00:02, memory = 4455.72 (MB), peak = 6869.51 (MB)
#  Start shielding step 4
#    Inner loop #1
#  Finished shielding step 4:   cpu time = 00:00:04, elapsed time = 00:00:01, memory = 4453.33 (MB), peak = 6869.51 (MB)
#    cpu time = 00:00:08, elapsed time = 00:00:03, memory = 4424.78 (MB), peak = 6869.51 (MB)
#-------------------------------------------------------------------------------
#
#	Shielding Summary
#-------------------------------------------------------------------------------
#Primary shielding net(s): VSS 
#Opportunistic shielding net(s): VDD 
#
#Number of nets with shield attribute: 226
#Number of nets reported: 226
#Number of nets without shielding: 0
#Average ratio                   : 0.974
#
#Name   Average Length     Shield    Ratio
#Metal2:           3.3        5.0     0.769
#Metal3:           6.7       12.1     0.901
#Metal4:          13.8       25.7     0.929
#Metal5:          11.2       21.9     0.980
#Metal6:           6.5       11.2     0.864
#Metal7:          65.9      130.9     0.993
#Metal8:          62.8      124.6     0.992
#-------------------------------------------------------------------------------
#Bottom shield layer (Metal2) and above: 
#Average (BotShieldLayer) ratio  : 0.974
#
#Name    Actual Length     Shield    Ratio
#Metal2:         736.5     1132.6     0.769
#Metal3:        1519.8     2737.8     0.901
#Metal4:        3129.8     5812.4     0.929
#Metal5:        2529.9     4959.1     0.980
#Metal6:        1469.6     2539.3     0.864
#Metal7:       14900.0    29577.2     0.993
#Metal8:       14195.5    28168.9     0.992
#-------------------------------------------------------------------------------
#Preferred routing layer range: Metal2 - Metal8
#Average (PrefLayerOnly) ratio   : 0.975
#
#Name    Actual Length     Shield    Ratio
#Metal2:         643.9      985.0     0.765
#Metal3:        1097.7     2000.2     0.911
#Metal4:        3008.8     5591.5     0.929
#Metal5:        2502.0     4912.7     0.982
#Metal6:        1343.9     2321.9     0.864
#Metal7:       14900.0    29577.2     0.993
#Metal8:       13482.2    26742.4     0.992
#-------------------------------------------------------------------------------
#Done Shielding:    cpu time = 00:00:21, elapsed time = 00:00:06, memory = 4424.37 (MB), peak = 6869.51 (MB)
#Set shielded net as skip routing for Post Route optimization.
#
#Start Post Route wire spreading..
#
#Start DRC checking..
#   number of violations = 6274
#
#  By Layer and Type:
#
#----------+-------+-------+------+-----+-------+------+-------+-------+
#  -       | MetSpc| EOLSpc| Short| Loop| CShort| ViaIP| Others| Totals|
#----------+-------+-------+------+-----+-------+------+-------+-------+
#  Metal1  |   1214|     51|     2|    0|      0|  4622|      0|   5889|
#  Metal2  |     12|      0|     0|    4|      0|     0|      0|     16|
#  Metal3  |      0|      0|     0|    0|      0|     0|      0|      0|
#  Metal4  |      2|      0|    11|    0|      0|     0|      0|     13|
#  Metal5  |     61|      0|    11|    0|      0|     0|      0|     72|
#  Metal6  |     11|      0|   166|    0|      4|     0|      5|    186|
#  Metal7  |      9|      0|    12|    0|      0|     0|      0|     21|
#  Metal8  |      0|      0|     0|    0|      0|     0|      0|      0|
#  Metal9  |      0|      0|     0|    0|      0|     0|      0|      0|
#  Metal10 |      0|      0|     1|    0|      1|     0|      0|      2|
#  Metal11 |      1|      0|    74|    0|      0|     0|      0|     75|
#  Totals  |   1310|     51|   277|    4|      5|  4622|      5|   6274|
#----------+-------+-------+------+-----+-------+------+-------+-------+
#
#cpu time = 00:03:02, elapsed time = 00:00:23, memory = 4458.10 (MB), peak = 6869.51 (MB)
#CELL_VIEW datapath_top,init has 6274 DRC violations
#Total number of DRC violations = 6274
#Total number of process antenna violations = 0
#Total number of net violated process antenna rule = 0
#
#Start data preparation for wire spreading...
#
#Data preparation is done on Fri Nov 14 16:19:17 2025
#
#
#Start Post Route Wire Spread.
#Done with 20308 horizontal wires in 66 hboxes and 15199 vertical wires in 67 hboxes.
#Complete Post Route Wire Spread.
#
#Total number of nets with non-default rule or having extra spacing = 46
#
#  Routing Statistics
#
#----------------+-----------+-------+---------------------+---------------------+
#  Layer         | Length(um)|   Vias|           Single-cut|            Multi-cut|
#----------------+-----------+-------+---------------------+---------------------+
#  Poly ( 0H)    |          0|      0|          0  (  0.0%)|          0  (  0.0%)|
#  Metal1 ( 1H)  |          0|  96754|      81923  ( 84.7%)|      14831  ( 15.3%)|
#  Metal2 ( 2V)  |     951899|  84491|      26171  ( 31.0%)|      58320  ( 69.0%)|
#  Metal3 ( 3H)  |    1562097|  30249|       7320  ( 24.2%)|      22929  ( 75.8%)|
#  Metal4 ( 4V)  |     495155|  24954|       3893  ( 15.6%)|      21061  ( 84.4%)|
#  Metal5 ( 5H)  |     689007|  19149|       3039  ( 15.9%)|      16110  ( 84.1%)|
#  Metal6 ( 6V)  |     263302|  13262|       1719  ( 13.0%)|      11543  ( 87.0%)|
#  Metal7 ( 7H)  |    1569115|   8864|       1298  ( 14.6%)|       7566  ( 85.4%)|
#  Metal8 ( 8V)  |     556478|   2738|        917  ( 33.5%)|       1821  ( 66.5%)|
#  Metal9 ( 9H)  |     188318|    200|         77  ( 38.5%)|        123  ( 61.5%)|
#  Metal10 (10V) |       1325|    160|         71  ( 44.4%)|         89  ( 55.6%)|
#  Metal11 (11H) |       7516|      0|          0  (  0.0%)|          0  (  0.0%)|
#----------------+-----------+-------+---------------------+---------------------+
#  Total         |    6284211| 280821|     126428  ( 45.0%)|     154393  ( 55.0%)|
#----------------+-----------+-------+---------------------+---------------------+
#
# Total half perimeter of net bounding box: 6085714 um.
#
#Start DRC checking..
#   number of violations = 6297
#
#  By Layer and Type:
#
#----------+-------+-------+------+-----+-------+------+-------+-------+
#  -       | MetSpc| EOLSpc| Short| Loop| CShort| ViaIP| Others| Totals|
#----------+-------+-------+------+-----+-------+------+-------+-------+
#  Metal1  |   1214|     51|     2|    0|      0|  4645|      0|   5912|
#  Metal2  |     12|      0|     0|    4|      0|     0|      0|     16|
#  Metal3  |      0|      0|     0|    0|      0|     0|      0|      0|
#  Metal4  |      2|      0|    11|    0|      0|     0|      0|     13|
#  Metal5  |     61|      0|    11|    0|      0|     0|      0|     72|
#  Metal6  |     11|      0|   166|    0|      4|     0|      5|    186|
#  Metal7  |      9|      0|    12|    0|      0|     0|      0|     21|
#  Metal8  |      0|      0|     0|    0|      0|     0|      0|      0|
#  Metal9  |      0|      0|     0|    0|      0|     0|      0|      0|
#  Metal10 |      0|      0|     1|    0|      1|     0|      0|      2|
#  Metal11 |      1|      0|    74|    0|      0|     0|      0|     75|
#  Totals  |   1310|     51|   277|    4|      5|  4645|      5|   6297|
#----------+-------+-------+------+-----+-------+------+-------+-------+
#
#cpu time = 00:03:05, elapsed time = 00:00:24, memory = 4547.73 (MB), peak = 6869.51 (MB)
#CELL_VIEW datapath_top,init has 6297 DRC violations
#Total number of DRC violations = 6297
#Total number of process antenna violations = 0
#Total number of net violated process antenna rule = 0
#   number of violations = 6297
#
#  By Layer and Type:
#
#----------+-------+-------+------+-----+-------+------+-------+-------+
#  -       | MetSpc| EOLSpc| Short| Loop| CShort| ViaIP| Others| Totals|
#----------+-------+-------+------+-----+-------+------+-------+-------+
#  Metal1  |   1214|     51|     2|    0|      0|  4645|      0|   5912|
#  Metal2  |     12|      0|     0|    4|      0|     0|      0|     16|
#  Metal3  |      0|      0|     0|    0|      0|     0|      0|      0|
#  Metal4  |      2|      0|    11|    0|      0|     0|      0|     13|
#  Metal5  |     61|      0|    11|    0|      0|     0|      0|     72|
#  Metal6  |     11|      0|   166|    0|      4|     0|      5|    186|
#  Metal7  |      9|      0|    12|    0|      0|     0|      0|     21|
#  Metal8  |      0|      0|     0|    0|      0|     0|      0|      0|
#  Metal9  |      0|      0|     0|    0|      0|     0|      0|      0|
#  Metal10 |      0|      0|     1|    0|      1|     0|      0|      2|
#  Metal11 |      1|      0|    74|    0|      0|     0|      0|     75|
#  Totals  |   1310|     51|   277|    4|      5|  4645|      5|   6297|
#----------+-------+-------+------+-----+-------+------+-------+-------+
#
#cpu time = 00:03:20, elapsed time = 00:00:27, memory = 4497.86 (MB), peak = 6869.51 (MB)
#CELL_VIEW datapath_top,init has 6297 DRC violations
#Total number of DRC violations = 6297
#Total number of process antenna violations = 1
#Total number of net violated process antenna rule = 1
#Post Route wire spread is done.
#Bottom routing layer index=2(Metal2), bottom routing layer for shielding=2(Metal2), bottom shield layer=2(Metal2) top shield layer=11(Metal11)
#shield_bottom_stripe_layer=1(Metal1), shield_top_stripe_layer=11(Metal11)
#pin_access_rlayer=2(Metal2) num_routing_layer=11 top_routing_layer=11 top_ripin_layer=11
#shield_top_dpt_rlayer=-1 top_rlayer=11 top_trim_metal_rlayer=-1 rlayer_lowest=1 bottom_rlayer=2
#enable_trim_layer_shield=F enable_dpt_layer_shield=F has_line_end_grid=F
#-------------------------------------------------------------------------------
#
#	Shielding Summary
#-------------------------------------------------------------------------------
#Primary shielding net(s): VSS 
#Opportunistic shielding net(s): VDD 
#
#Number of nets with shield attribute: 226
#Number of nets reported: 226
#Number of nets without shielding: 0
#Average ratio                   : 0.974
#
#Name   Average Length     Shield    Ratio
#Metal2:           3.3        5.0     0.769
#Metal3:           6.7       12.1     0.901
#Metal4:          13.8       25.7     0.929
#Metal5:          11.2       21.9     0.980
#Metal6:           6.5       11.2     0.864
#Metal7:          65.9      130.9     0.993
#Metal8:          62.8      124.6     0.992
#-------------------------------------------------------------------------------
#Bottom shield layer (Metal2) and above: 
#Average (BotShieldLayer) ratio  : 0.974
#
#Name    Actual Length     Shield    Ratio
#Metal2:         736.5     1132.6     0.769
#Metal3:        1519.8     2737.8     0.901
#Metal4:        3129.8     5812.4     0.929
#Metal5:        2529.9     4959.1     0.980
#Metal6:        1469.6     2539.3     0.864
#Metal7:       14900.0    29577.2     0.993
#Metal8:       14195.5    28168.9     0.992
#-------------------------------------------------------------------------------
#Preferred routing layer range: Metal2 - Metal8
#Average (PrefLayerOnly) ratio   : 0.975
#
#Name    Actual Length     Shield    Ratio
#Metal2:         643.9      985.0     0.765
#Metal3:        1097.7     2000.2     0.911
#Metal4:        3008.8     5591.5     0.929
#Metal5:        2502.0     4912.7     0.982
#Metal6:        1343.9     2321.9     0.864
#Metal7:       14900.0    29577.2     0.993
#Metal8:       13482.2    26742.4     0.992
#-------------------------------------------------------------------------------
#Total number of nets with non-default rule or having extra spacing = 272
#
#  Routing Statistics
#
#----------------+-----------+-------+---------------------+---------------------+
#  Layer         | Length(um)|   Vias|           Single-cut|            Multi-cut|
#----------------+-----------+-------+---------------------+---------------------+
#  Poly ( 0H)    |          0|      0|          0  (  0.0%)|          0  (  0.0%)|
#  Metal1 ( 1H)  |          0|  97529|      82549  ( 84.6%)|      14980  ( 15.4%)|
#  Metal2 ( 2V)  |     952635|  85300|      26222  ( 30.7%)|      59078  ( 69.3%)|
#  Metal3 ( 3H)  |    1563617|  30774|       7335  ( 23.8%)|      23439  ( 76.2%)|
#  Metal4 ( 4V)  |     498285|  25390|       3895  ( 15.3%)|      21495  ( 84.7%)|
#  Metal5 ( 5H)  |     691537|  19524|       3042  ( 15.6%)|      16482  ( 84.4%)|
#  Metal6 ( 6V)  |     264772|  13646|       1737  ( 12.7%)|      11909  ( 87.3%)|
#  Metal7 ( 7H)  |    1584015|   9151|       1304  ( 14.2%)|       7847  ( 85.8%)|
#  Metal8 ( 8V)  |     570673|   2738|        917  ( 33.5%)|       1821  ( 66.5%)|
#  Metal9 ( 9H)  |     188318|    200|         77  ( 38.5%)|        123  ( 61.5%)|
#  Metal10 (10V) |       1325|    160|         71  ( 44.4%)|         89  ( 55.6%)|
#  Metal11 (11H) |       7516|      0|          0  (  0.0%)|          0  (  0.0%)|
#----------------+-----------+-------+---------------------+---------------------+
#  Total         |    6322693| 284412|     127149  ( 44.7%)|     157263  ( 55.3%)|
#----------------+-----------+-------+---------------------+---------------------+
#
# Total half perimeter of net bounding box: 6123438 um.
#route_detail Statistics:
#Cpu time = 01:05:02
#Elapsed time = 00:08:28
#Increased memory = 224.45 (MB)
#Total memory = 4495.34 (MB)
#Peak memory = 6869.51 (MB)
#
#route_global_detail statistics:
#Cpu time = 01:09:29
#Elapsed time = 00:09:44
#Increased memory = 763.80 (MB)
#Total memory = 4293.96 (MB)
#Peak memory = 6869.51 (MB)
#Number of warnings = 44
#Total number of warnings = 55
#Number of fails = 0
#Total number of fails = 0
#Complete route_global_detail on Fri Nov 14 16:19:45 2025
#
#***Restoring views
#Default setup view is reset to slow_0p9v_125c_cmax_func.
#Default setup view is reset to slow_0p9v_125c_cmax_func.
AAE_INFO: Post Route call back at the end of routeDesign
#route_design: cpu time = 01:10:33, elapsed time = 00:10:01, memory = 4196.59 (MB), peak = 6869.51 (MB)
#
#  Scalability Statistics
#
#----------------------------+---------+-------------+------------+
#  route_design              | cpu time| elapsed time| scalability|
#----------------------------+---------+-------------+------------+
#  Pre Callback              | 00:00:00|     00:00:00|         1.0|
#  Post Callback             | 00:00:00|     00:00:00|         1.0|
#  Timing Data Generation    | 00:03:21|     00:00:47|         4.3|
#  DB Import                 | 00:00:04|     00:00:02|         1.7|
#  DB Export                 | 00:00:02|     00:00:01|         1.7|
#  Cell Pin Access           | 00:00:03|     00:00:01|         1.0|
#  Data Preparation          | 00:00:08|     00:00:06|         1.3|
#  Global Routing            | 00:00:30|     00:00:15|         2.0|
#  Track Assignment          | 00:00:25|     00:00:07|         3.9|
#  Detail Routing            | 00:58:33|     00:07:33|         7.8|
#  Antenna Fixing            | 00:00:24|     00:00:04|         6.1|
#  Post Route Wire Spreading | 00:06:23|     00:00:50|         7.7|
#  Shielding                 | 00:00:25|     00:00:07|         3.4|
#  Entire Command            | 01:10:33|     00:10:02|         7.0|
#----------------------------+---------+-------------+------------+
#
#% End route_design (date=11/14 16:19:45, total cpu=1:10:33, real=0:10:02, peak res=6869.5M, current mem=4196.6M)
#@ End verbose flow_step route.run_route
      flow.cputime  flow.realtime  timing.setup.tns  timing.setup.wns  snapshot
UM:         4235.6            604                                      run_route
##FLOW_KIT: enabling features from command line: {report_lec synth_spatial pnr_db_handoff add_scan opt_signoff}
#@ Begin verbose flow_step route.block_finish
@flow 2: #- Make sure flow_report_name is reset from any reports executed during the flow
@@flow 3: set_db flow_report_name [get_db [lindex [get_db flow_hier_path] end] .name]
@flow 5: if {[get_feature pnr_db_handoff] && [is_flow -quiet -inside flow:syn_opt]} {...
@flow 7: } else {
@@flow 8: set_db flow_write_db_common false
@flow 9: }
@flow 11: #- Store non-default root attributes to metrics
@flow 12: catch {report_obj -tcl} flow_root_config
@flow 13: if {[dict exists $flow_root_config root:/]} {
@flow 14: set flow_root_config [dict get $flow_root_config root:/]
@flow 15: }
@flow 19: foreach key [dict keys $flow_root_config] {
	if {[string length [dict get $flow_root_config $key]] > 200} {
	    dict set flow_root_config $key "\[long value truncated\]"
	}
    }
@@flow 24: set_metric -name flow.root_config -value $flow_root_config
#@ End verbose flow_step route.block_finish
      flow.cputime  flow.realtime  timing.setup.tns  timing.setup.wns  snapshot
UM:           2.74              2                                      block_finish
#% Begin save design ... (date=11/14 16:19:48, mem=4208.1M)
% Begin Save ccopt configuration ... (date=11/14 16:19:49, mem=4208.1M)
% End Save ccopt configuration ... (date=11/14 16:19:49, total cpu=0:00:00.1, real=0:00:00.0, peak res=4209.0M, current mem=4209.0M)
% Begin Save netlist data ... (date=11/14 16:19:49, mem=4209.0M)
Writing Binary DB to /home/student/16/ex8/flow_datapath_top_1/dbs/route.enc/vbin/datapath_top.v.bin in multi-threaded mode...
% End Save netlist data ... (date=11/14 16:19:49, total cpu=0:00:00.1, real=0:00:00.0, peak res=4209.1M, current mem=4209.1M)
Saving symbol-table file in separate thread ...
Saving congestion map file in separate thread ...
Saving congestion map file /home/student/16/ex8/flow_datapath_top_1/dbs/route.enc/datapath_top.route.congmap.gz ...
% Begin Save AAE data ... (date=11/14 16:19:49, mem=4210.8M)
Saving AAE Data ...
AAE DB initialization (MEM=4233.726562 CPU=0:00:00.0 REAL=0:00:00.0) 
% End Save AAE data ... (date=11/14 16:19:49, total cpu=0:00:00.1, real=0:00:00.0, peak res=4227.2M, current mem=4227.2M)
Saving preference file /home/student/16/ex8/flow_datapath_top_1/dbs/route.enc/gui.pref.tcl ...
Saving mode setting ...
Saving root attributes to be loaded post write_db ...
**WARN: (IMPMF-5054):	fill_setting_save command is obsolete and should not be used any more. It still works in this release but will be removed in future release. Recommend to use Pegasus metal fill flow which is the replacement.
Saving global file ...
Saving root attributes to be loaded previous write_db ...
*info - save blackBox cells to lef file /home/student/16/ex8/flow_datapath_top_1/dbs/route.enc/datapath_top.bbox.lef
Saving Drc markers ...
... 6298 markers are saved ...
... 6293 geometry drc markers are saved ...
... 1 antenna drc markers are saved ...
Saving SCANDEF file ...
*** Scan Trace Summary (runtime: cpu: 0:00:00.0 , real: 0:00:00.0): 
Successfully traced 1 scan chain  (total 3395 scan bits).
Start applying DEF ordered sections ...
Successfully applied all DEF ordered sections.
*** Scan Sanity Check Summary:
*** 1 scan chain  passed sanity check.
Convert 0 swires and 0 svias from compressed groups
7557 swires and 1791 svias were compressed
7557 swires and 1791 svias were decompressed from small or sparse groups
Saving special route data file in separate thread ...
Saving PG file in separate thread ...
Saving placement file in separate thread ...
Saving route file in separate thread ...
Saving property file in separate thread ...
Saving property file /home/student/16/ex8/flow_datapath_top_1/dbs/route.enc/datapath_top.prop
Saving PG file /home/student/16/ex8/flow_datapath_top_1/dbs/route.enc/datapath_top.pg.gz, version#2, (Created by Innovus v23.15-s106_1 on Fri Nov 14 16:19:53 2025)
Convert 0 swires and 0 svias from compressed groups
** Saving stdCellPlacement_binary (version# 2) ...
Save Adaptive View Pruning View Names to Binary file
slow_0p9v_125c_cmax_func
*** Completed saveProperty (cpu=0:00:00.5 real=0:00:00.0 mem=7299.4M) ***
TAT_INFO: ::saveSpecialRoute REAL = 0 : CPU = 0 : MEM = 0.
*** Completed savePGFile (cpu=0:00:00.5 real=0:00:01.0 mem=7291.4M) ***
TAT_INFO: ::savePGFile REAL = 1 : CPU = 0 : MEM = 0.
TAT_INFO: ::savePlace REAL = 0 : CPU = 0 : MEM = 0.
*** Completed saveRoute (cpu=0:00:00.8 real=0:00:02.0 mem=7275.4M) ***
TAT_INFO: ::saveRoute REAL = 2 : CPU = 0 : MEM = 0.
TAT_INFO: ::db::saveAnnotationAndProp REAL = 0 : CPU = 0 : MEM = 0.
#Saving pin access data to file /home/student/16/ex8/flow_datapath_top_1/dbs/route.enc/datapath_top.apa ...
#
Saving preRoute extracted patterns in file '/home/student/16/ex8/flow_datapath_top_1/dbs/route.enc/datapath_top.techData.gz' ...
Saving preRoute extraction data in directory '/home/student/16/ex8/flow_datapath_top_1/dbs/route.enc/extraction/' ...
Saving power intent database ...
fast_1p1v_0c_cmin slow_0p9v_125c_cmax
TAT_INFO: ::db::saveSymbolTable REAL = 1 : CPU = 0 : MEM = 0.
TAT_INFO: ::saveCongMap REAL = 1 : CPU = 0 : MEM = 0.
% Begin Save power constraints data ... (date=11/14 16:19:57, mem=4238.4M)
% End Save power constraints data ... (date=11/14 16:19:57, total cpu=0:00:00.0, real=0:00:00.0, peak res=4238.4M, current mem=4238.4M)
cmax_125c cmin_0c
cmax_125c cmin_0c
cmax_125c cmin_0c
cmax_125c cmin_0c
cmax_125c cmin_0c
**WARN: (GLOBAL-100):	Global 'timing_enable_backward_compatible_mmmc_mode' has become obsolete. It will be removed in the next release.
**WARN: (GLOBAL-100):	Global 'timing_enable_backward_compatible_mmmc_mode' has become obsolete. It will be removed in the next release.
Generated self-contained design route.enc
slow_0p9v_125c_ls fast_1p1v_0c_ls
cmax_125c cmin_0c
#% End save design ... (date=11/14 16:19:58, total cpu=0:00:03.5, real=0:00:09.0, peak res=4239.7M, current mem=4239.7M)

*** Summary of all messages that are not suppressed in this session:
Severity  ID               Count  Summary                                  
WARNING   IMPMF-5054           1  fill_setting_save command is obsolete an...
*** Message Summary: 1 warning(s), 0 error(s)

      flow.cputime  flow.realtime  timing.setup.tns  timing.setup.wns  snapshot
UM:*                                                                   write_db
##FLOW_KIT: enabling features from command line: {report_lec synth_spatial pnr_db_handoff add_scan opt_signoff}
#@ Begin verbose flow_step route.report_postroute.report_start
#@ End verbose flow_step route.report_postroute.report_start
      flow.cputime  flow.realtime  timing.setup.tns  timing.setup.wns  snapshot
UM:           2.36              2                                      report_start
      flow.cputime  flow.realtime  timing.setup.tns  timing.setup.wns  snapshot
UM:*                                                                   report_postroute
##FLOW_KIT: enabling features from command line: {report_lec synth_spatial pnr_db_handoff add_scan opt_signoff}
#@ Begin verbose flow_step route.report_postroute.init_innovus
@flow 3: # Tool settings: NOTE: already set by flow_config.tcl
@flow 4: #set_multi_cpu_usage -local_cpu 8 -remote_host 1 -cpu_per_remote_host 8
@flow 6: if {[get_feature -feature report_lec]} {
@flow 7: # Init attributes  [get_db -category init]
@flow 8: 	#-------------------------------------------------------------------------------
@@flow 9: set_db write_lec_directory_naming_style "fv/%s/[get_db flow_report_name]"
@flow 10:
@flow 11: }
@@flow 12: set_db init_design_uniquify 1
@flow 14: # Design attributes  [get_db -category design]
@flow 15: #-------------------------------------------------------------------------------
@@flow 16: set_db design_process_node            45
##  Process: 45            (User Set)               
##     Node: (not set)                           

##  Check design process and node:  
##  Design tech node is not set.

Applying the recommended capacitance filtering threshold values for 45nm process node: total_c_th=0, relative_c_th=1 and coupling_c_th=0.1.
	These values will be used by all post-route extraction engines, including TQuantus, IQuantus and Quantus QRC extraction.
	Capacitance filtering mode(extract_rc_cap_filter_mode option of the set_db) is 'relative_and_coupling' for all engines.
	The accuracy mode for post_route extract_rc_effort_level low extraction will be set to 'high'.
	Default value for EffortLevel(extract_rc_effort_level option of the set_db) in post_route extraction mode is 'medium'.
@flow 17: if {[get_feature -feature flow_express]} {...}
@@flow 20: set_db design_early_clock_flow              true
@flow 22: # Via naming
@flow 23: #-------------------------------------------------------------------------------
@flow 24: # Use design name as prefix for VIAs, as otherwise they will cause collision when merging designs on toplevel
@@flow 25: set_db write_stream_via_names true
@flow 27: # Timing attributes  [get_db -category timing && delaycalc]
@flow 28: #-------------------------------------------------------------------------------
@@flow 29: set_db timing_analysis_cppr           both
@@flow 30: set_db timing_analysis_type           ocv
@@flow 31: set_db timing_report_fields           {timing_point net cell fanout load transition delay incr_delay arrival edge user_derate power_domain}
@flow 33: #set_db timing_analysis_socv                               true                        ;# Enable socv analysis
@flow 34: #set_db timing_socv_rc_variation_mode                      true                        ;# Enable interconnect variation mode in SOCV mode
@flow 35: #set_db  timing_report_enable_verbose_ssta_mode true
@flow 37: # Add, TL: flow sets this to "no_async", async is default and should be used
@@flow 38: set_db timing_analysis_async_checks async
@flow 39: # Add, TL: maybe a bit hazardous... disable default io delay for ports which are unconstrained!
@flow 40: # if true, will cause hold problems (since launching clock is the receiving clock (with same latency!))
@@flow 41: set_db timing_apply_default_primary_input_assertion false
@@flow 43: set_db delaycal_advanced_node_pin_cap_settings true
@@flow 44: set_db delaycal_advanced_pin_cap_mode true
@flow 47: # Extraction attributes  [get_db -category extract_rc]
@flow 48: #-------------------------------------------------------------------------------
@flow 49: if {[get_feature -feature add_pvs_fill] || [get_feature -feature add_pegasus_beol_fill]} {...}
@flow 52: if {[is_flow -after flow:opt_signoff] || [is_flow -inside flow:opt_signoff]} {...}
@flow 58: if {[is_flow -after flow:route]} {...}
@flow 64: if {0} {...
@flow 66: } else {
@@flow 67: set_db delaycal_equivalent_waveform_model               no_propagation
@flow 68: }
@@flow 69: set_db si_aggressor_alignment                             timing_aware_edge       
@flow 71: # Mod, TL: Too few licenses to extract all corners in parallel . Use the following to reduce number of used licenses :
@flow 72: #set_db extract_rc_qrc_run_mode sequential
@flow 74: # Floorplan attributes  [get_db -category floorplan]
@flow 75: #-------------------------------------------------------------------------------
@@flow 76: set_db finish_floorplan_active_objs   [list macro soft_blockage core]
@flow 77: # Constraints for even or odd site width/ row height
@@flow 78: set_db floorplan_row_site_height                          even
@@flow 79: set_db floorplan_row_site_width                           even
@flow 81: # Placement attributes  [get_db -category place]
@flow 82: #-------------------------------------------------------------------------------
@@flow 83: set_db place_detail_legalization_inst_gap                 1 
@@flow 84: set_db place_detail_use_no_diffusion_one_site_filler      false                        ;
@flow 84: # False to not leave 1-site gaps
@@flow 85: set_db place_detail_filler_gap_min_gap                    0.2
**WARN: (IMPSP-2904):	option place_detail_filler_gap_effort and place_detail_filler_gap_min_gap will be obsolete from next release and is replaced by place_detail_legalization_inst_gap <site>.
@@flow 86: set_db place_detail_filler_gap_effort                     high
**WARN: (IMPSP-2904):	option place_detail_filler_gap_effort and place_detail_filler_gap_min_gap will be obsolete from next release and is replaced by place_detail_legalization_inst_gap <site>.
@@flow 88: set_db place_global_uniform_density                       true                        ;
@flow 88: # Enable even cell distribution for designs with less than 70% utilization
@@flow 90: set_db place_global_place_io_pins               true
@@flow 91: set_db place_detail_use_check_drc               true
@flow 92: #set_db place_detail_color_aware_legal           true
@flow 94: # Tieoff attributes  [get_db -category add_tieoffs]
@flow 95: #-------------------------------------------------------------------------------
@@flow 96: set_db add_tieoffs_cells                        [list TIEHI TIELO]
@flow 97: # tieoff max fanout not honored without this?
@@flow 98: set_db add_tieoffs_max_fanout 32
@flow 100: # Optimization attributes  [get_db -category opt]
@flow 101: #-------------------------------------------------------------------------------
@@flow 102: set_db opt_fix_hold_allow_setup_tns_degradation           true                        ;
@flow 102: # When set to true, allows setup total negative slack to degrade during hold optimization.
@@flow 103: set_db opt_fix_hold_verbose                               true                        ;
@flow 103: # When set to true, display extra info in the log about remaining hold violations.
@@flow 104: set_db opt_new_inst_prefix            "[get_db flow_report_name]_"
@flow 105: # Note, do not use DEL* -cells for hold fixing because of HUGE variation
@@flow 106: set_db opt_fix_hold_lib_cells                   [list  ]
**WARN: (IMPOPT-7140):	The "set_db opt_hold_cells" list is empty
@flow 107: # enable data checks during gigaplace (false by default)
@flow 108: #set_db opt_enable_data_to_data_checks     true
@flow 110: # fix max_fanout / max_load violations, false by default
@@flow 111: set_db opt_fix_fanout_load true
@flow 113: # Clock attributes  [get_db -category cts]
@flow 114: #-------------------------------------------------------------------------------
@@flow 115: set_db cts_top_fanout_threshold                           2000                        ;
@flow 115: # Minimum number of transitive fanout in the clock tree for a net to be routed as a top net
@@flow 116: set_db cts_target_skew                          0.15
@@flow 117: set_db cts_target_max_transition_time           0.10
@@flow 119: set_db cts_buffer_cells                         [list CLKBUFX12 CLKBUFX16 CLKBUFX2 CLKBUFX20 CLKBUFX3 CLKBUFX4 CLKBUFX6 CLKBUFX8]
@@flow 120: set_db cts_inverter_cells                       [list CLKINVX1 CLKINVX12 CLKINVX16 CLKINVX2 CLKINVX20 CLKINVX3 CLKINVX4 CLKINVX6 CLKINVX8]
@@flow 121: set_db cts_clock_gating_cells                   [list TLATNCAX12 TLATNCAX16 TLATNCAX2 TLATNCAX20 TLATNCAX3 TLATNCAX4 TLATNCAX6 TLATNCAX8]
@@flow 122: set_db cts_logic_cells                          [get_db [get_db base_cells CLK*] .name]
@flow 124: #- Route types definitions occur during the "init_floorplan" flow_step
@flow 125: if {[get_db route_types] ne ""} {
@@flow 126: set_db cts_route_type_leaf                     cts_route_type_leaf
@@flow 127: set_db cts_route_type_trunk                    cts_route_type_trunk
@@flow 128: set_db cts_route_type_top                      cts_route_type_top
@flow 129: }
@flow 131: # Only use inverters in clock tree, no buffers
@@flow 132: set_db cts_use_inverters true
@flow 134: # Use max 32 fanout also in CTS
@@flow 135: set_db cts_max_fanout 32
@flow 137: # power balance leakage / dynamic
@flow 138: #-------------------------------------------------------------------------------
@flow 139: # Optimize both leakage & dynamic with same weight
@@flow 140: set_db opt_leakage_to_dynamic_ratio                 0.5
@flow 142: # Filler attributes  [get_db -category add_fillers]
@flow 143: #-------------------------------------------------------------------------------
@flow 144: #set_db add_fillers_avoid_abutment_patterns                "1:1 2:1"                   ;# Avoid 1:1 filler abutment
@@flow 145: set_db add_fillers_cells                        [list  DECAP10 DECAP2 DECAP3 DECAP4 DECAP5 DECAP6 DECAP7 DECAP8 DECAP9  FILL1 FILL16 FILL2 FILL32 FILL4 FILL64 FILL8  ]
@@flow 146: set_db add_fillers_no_single_site_gap true
@flow 147: # Insert fillers to toplevel hierarchy
@@flow 148: set_db add_fillers_cell_name_style                      flat
@flow 150: # Routing attributes  [get_db -category route]
@flow 151: #-------------------------------------------------------------------------------
@@flow 152: set_db route_early_global_bottom_routing_layer            [get_db [get_db layers Metal2] .route_index]
**WARN: (IMPPSP-1003):	Found use of 'route_early_global_bottom_routing_layer'. This will continue to work in this release; however, it is recommended to use 'design_bottom_routing_layer' instead.
@@flow 153: set_db route_early_global_top_routing_layer               [get_db [get_db layers Metal11] .route_index]
**WARN: (IMPPSP-1003):	Found use of 'route_early_global_top_routing_layer'. This will continue to work in this release; however, it is recommended to use 'design_top_routing_layer' instead.
@flow 154: #set_db route_early_global_num_tracks_per_clock_wire     1
@@flow 155: set_db route_early_global_num_tracks_per_clock_wire     5
@flow 157: # Note TL: use only up to M8 in routing
@@flow 158: set_db route_design_bottom_routing_layer                  [get_db [get_db layers Metal2] .route_index]
#WARNING (NRIF-90) Option set_db route_bottom_routing_layer is obsolete. It will continue to work for the current release. To ensure compatibility with future releases, use option set_db design_bottom_routing_layer instead.
@@flow 159: set_db route_design_top_routing_layer                     [get_db [get_db layers Metal11] .route_index]
#WARNING (NRIF-91) Option set_db route_top_routing_layer is obsolete. It will continue to work for the current release. To ensure compatibility with future releases, use option set_db design_top_routing_layer instead.
@@flow 161: set_db route_design_detail_post_route_swap_via          none
#WARNING (NRIF-83) When route_detail_post_route_swap_via is set to 'none', the post route via swapping step will be skipped in all scenarios.
@@flow 162: set_db route_design_with_litho_driven                   true
@@flow 163: set_db route_design_with_timing_driven                  true
@flow 165: # Antenna options
@@flow 166: set_db route_design_antenna_pin_limit                   1000
@@flow 167: set_db route_design_antenna_cell_name                   ANTENNA
@@flow 168: set_db route_design_add_antenna_inst_prefix             "ANTENNA"
@@flow 169: set_db route_design_antenna_diode_insertion             true
@@flow 170: set_db route_design_detail_fix_antenna                  true
@flow 172: #set_db route_design_process_node                        45
@@flow 173: set_db route_design_with_via_in_pin                     1:1 ;
@flow 173: # enclose via inside stdcell pin shape on M1 accesses
@flow 175: # H240 trim grid definition
@flow 176: #set_db route_design_with_trim_metal "-layer 2  #-mask2 {-pitch 0.24 -core_offset 0.225 -width 0.03 }  #-mask2 {-pitch 0.24 -core_offset 0.095 -width 0.03 }  #-mask1 {-pitch 0.24 -core_offset 0.015 -width 0.03 }  #-mask1 {-pitch 0.24 -core_offset 0.145 -width 0.03 }"
@@flow 178: set_db route_design_concurrent_minimize_via_count_effort  high                        ;
@flow 178: # Reduce the via count while routing
@@flow 179: set_db route_design_detail_use_multi_cut_via_effort       high                        ;
@flow 179: # Turn on concurrent double/bar cut routing before CTS
@flow 180: #set_db route_design_with_via_only_for_block_cell_pin      2:2                         ;# Access M2 MACRO pin with VIA only
@flow 182: if {0} {...}
@@flow 189: eval_legacy {setNanoRouteMode  -routeExpShieldAddTappingVia true}                     ;
@flow 189: # Add Tapping via for the specified distance for shielding
@flow 191: # Timing ECO attributes [get_db -category opt_signoff] 
@flow 192: #-------------------------------------------------------------------------------
@@flow 193: set_db distributed_child_license_checkout_list          tpsxl
@flow 195: # techniques                                                                    
@flow 196: #set_db opt_signoff_resize_inst  true                                           
@flow 197: #set_db opt_signoff_add_inst true                                               
@flow 198: #set_db opt_signoff_swap_inst true                                              
@flow 199: #set_db opt_signoff_delete_inst true                                            
@flow 200: #set_db opt_signoff_allow_skewing false                                         
@flow 201: #set_db opt_signoff_optimize_sequential_cells false                             
@@flow 202: set_db opt_signoff_optimize_core_only                   true                                    
@flow 203: #set_db opt_signoff_optimize_replicated_modules false                           
@flow 205: # target
@flow 206: #set_db opt_signoff_setup_target_slack 0.0
@flow 207: #set_db opt_signoff_hold_target_slack 0.0 
@flow 209: # Note TL: both false by default
@@flow 210: set_db opt_signoff_fix_si_slew true
@@flow 211: set_db opt_signoff_fix_xtalk   true
@@flow 212: set_db opt_signoff_fix_glitch  true
@flow 214: # Hold fixing
@@flow 215: set_db opt_signoff_fix_hold_allow_setup_optimization      true                        ;
@flow 215: # When set to true, incremental Setup fixing is performed during Hold fixing in order to create more Setup margins on Hold violated nodes that could not be fixed earlier due to Setup timing conflict
@@flow 216: set_db opt_signoff_fix_hold_allow_setup_tns_degrade       true                        ;
@flow 216: # When  specified,  the  Setup Total Negative Slack can be degraded during Hold time violations fixing while still maintaining the Setup Worst Negative Slack in every Setup active views.
@flow 218: # PBA
@@flow 219: set_db opt_signoff_retime                               path_slew_propagation
@flow 220: #set_db opt_signoff_check_type both                 
@flow 221: #set_db opt_signoff_max_paths -1                    
@flow 222: #set_db opt_signoff_nworst -1                       
@flow 223: #set_db opt_signoff_max_slack 0.0                   
@flow 225: # I/OS
@flow 226: #set_db opt_signoff_eco_file_prefix {}
@flow 227: #set_db opt_signoff_partition_list_file {}
@flow 228: #set_db opt_signoff_prefix ESO            
@flow 229: #set_db opt_signoff_read_eco_opt_db {}    
@flow 230: #set_db opt_signoff_write_eco_opt_db ecoTimingDB
@flow 231: #set_db opt_signoff_verbose false               
@flow 232: #set_db opt_signoff_pre_sta_tcl                
#@ End verbose flow_step route.report_postroute.init_innovus
      flow.cputime  flow.realtime  timing.setup.tns  timing.setup.wns  snapshot
UM:           3.38              3                                      init_innovus
##FLOW_KIT: enabling features from command line: {report_lec synth_spatial pnr_db_handoff add_scan opt_signoff}
#@ Begin verbose flow_step route.report_postroute.report_area_innovus
@@flow 2: report_summary -no_html -out_dir [file join [get_db flow_report_directory] [get_db flow_report_name]] -out_file [file join [get_db flow_report_directory] [get_db flow_report_name] [get_db flow_report_prefix]qor.rpt]
Start to collect the design information.
Build netlist information for Cell datapath_top.
Finished collecting the design information.
Generating macro cells used in the design report.
Generating standard cells used in the design report.
Analyze library ... 
Analyze netlist ... 
Generate no-driven nets information report.
Analyze timing ... 
Analyze floorplan/placement ... 
Analyze power intent ... 
Generating power domain pd_aon cell type instance used in the design report.
Analysis Routing ...
Report saved in file reports/route/qor.rpt
@@flow 3: report_area  -min_count 1000 -out_file [file join [get_db flow_report_directory] [get_db flow_report_name] [get_db flow_report_prefix]area.summary.rpt]
#@ End verbose flow_step route.report_postroute.report_area_innovus
UM: Running design category ...

      flow.cputime  flow.realtime  timing.setup.tns  timing.setup.wns  snapshot
UM:           7.71              6                                      report_area_innovus
##FLOW_KIT: enabling features from command line: {report_lec synth_spatial pnr_db_handoff add_scan opt_signoff}
#@ Begin verbose flow_step route.report_postroute.report_timing_early_innovus
@flow 2: #- Update the timer for hold and write reports
@@flow 3: time_design -expanded_views -hold -report_only -report_dir [file join [get_db flow_report_directory] [get_db flow_report_name]] -report_prefix time_design_expanded_views_hold
*** time_design #1 [begin] () : totSession cpu/real = 1:11:41.1/0:11:15.4 (6.4), mem = 7763.4M
** Profile ** Start :  cpu=0:00:00.0, mem=7763.4M
** Profile ** Other data :  cpu=0:00:00.9, mem=7763.4M
Extraction called for design 'datapath_top' of instances=306696 and nets=45638 using extraction engine 'pre_route' .
pre_route RC Extraction called for design datapath_top.
RC Extraction called in multi-corner(2) mode.
RCMode: PreRoute
      RC Corner Indexes            0       1   
Capacitance Scaling Factor   : 1.00000 1.00000 
Resistance Scaling Factor    : 1.00000 1.00000 
Clock Cap. Scaling Factor    : 1.00000 1.00000 
Clock Res. Scaling Factor    : 1.00000 1.00000 
Shrink Factor                : 1.00000
PreRoute extraction is honoring NDR/Shielding/ExtraSpace for clock nets.
Using Quantus QRC technology file ...
Updating RC Grid density data for preRoute extraction ...
Initializing multi-corner resistance tables ...
PreRoute RC Extraction DONE (CPU Time: 0:00:01.9  Real Time: 0:00:01.0  MEM: 7763.367M)
Starting delay calculation for Hold views
AAE_INFO: opIsDesignInPostRouteState() is 1
#################################################################################
# Design Stage: PostRoute
# Design Name: datapath_top
# Design Mode: 45nm
# Analysis Mode: MMMC OCV 
# Parasitics Mode: No SPEF/RCDB 
# Signoff Settings: SI Off (EWM)
#################################################################################
Start delay calculation (fullDC) (8 T). (MEM=4414.47)
Total number of fetched objects 42229
AAE_INFO: Total number of nets for which stage creation was skipped for all views 0
Total number of fetched objects 42229
AAE_INFO: Total number of nets for which stage creation was skipped for all views 0
End delay calculation. (MEM=4529.76 CPU=0:00:11.1 REAL=0:00:01.0)
End delay calculation (fullDC). (MEM=4496.87 CPU=0:00:14.6 REAL=0:00:02.0)
*** Done Building Timing Graph (cpu=0:00:19.5 real=0:00:05.0 totSessionCpu=1:12:02 mem=8421.0M)
** Profile ** Overall slacks :  cpu=0:00:19.7, mem=8421.0M
** Profile ** slow_0p9v_125c_cmax_func slacks :  cpu=0:00:00.1, mem=8421.0M
** Profile ** slow_0p9v_125c_cmax_scan_capture slacks :  cpu=0:00:00.1, mem=8421.0M
** Profile ** slow_0p9v_125c_cmax_scan_shift slacks :  cpu=0:00:00.1, mem=8421.0M
** Profile ** fast_1p1v_0c_cmin_func slacks :  cpu=0:00:00.1, mem=8421.0M
** Profile ** fast_1p1v_0c_cmin_scan_capture slacks :  cpu=0:00:00.1, mem=8421.0M
** Profile ** fast_1p1v_0c_cmin_scan_shift slacks :  cpu=0:00:00.1, mem=8421.0M
** Profile ** Total reports :  cpu=0:00:00.3, mem=8421.0M
** Profile ** slow_0p9v_125c_cmax_func reports :  cpu=0:00:00.2, mem=8421.0M
** Profile ** slow_0p9v_125c_cmax_scan_capture reports :  cpu=0:00:00.2, mem=8421.0M
** Profile ** slow_0p9v_125c_cmax_scan_shift reports :  cpu=0:00:00.2, mem=8421.0M
** Profile ** fast_1p1v_0c_cmin_func reports :  cpu=0:00:00.2, mem=8421.0M
** Profile ** fast_1p1v_0c_cmin_scan_capture reports :  cpu=0:00:00.2, mem=8421.0M
** Profile ** fast_1p1v_0c_cmin_scan_shift reports :  cpu=0:00:00.2, mem=8421.0M

OptSummary:

------------------------------------------------------------------
         time_design Summary
------------------------------------------------------------------

Hold views included:
 fast_1p1v_0c_cmin_scan_capture fast_1p1v_0c_cmin_func 
 slow_0p9v_125c_cmax_scan_capture 
 fast_1p1v_0c_cmin_scan_shift slow_0p9v_125c_cmax_scan_shift

+--------------------+---------+---------+---------+---------+---------+---------+
|     Hold mode      |   all   | reg2reg | in2reg  | reg2out | in2out  | default |
+--------------------+---------+---------+---------+---------+---------+---------+
|           WNS (ns):|  0.001  |  0.001  |  0.204  |  1.502  |   N/A   |  0.395  |
|           TNS (ns):|  0.000  |  0.000  |  0.000  |  0.000  |   N/A   |  0.000  |
|    Violating Paths:|    0    |    0    |    0    |    0    |   N/A   |    0    |
|          All Paths:|  5214   |  5058   |   458   |   64    |   N/A   |    2    |
+--------------------+---------+---------+---------+---------+---------+---------+
|slow_0p9v_125c_cmax_func
|                    |  0.200  |  0.200  |  1.427  |  3.242  |   N/A   |  0.000  |
|                    |  0.000  |  0.000  |  0.000  |  0.000  |   N/A   |  0.000  |
|                    |    0    |    0    |    0    |    0    |   N/A   |    0    |
|                    |  4801   |  4669   |   68    |   64    |   N/A   |    0    |
+--------------------+---------+---------+---------+---------+---------+---------+
|slow_0p9v_125c_cmax_scan_capture
|                    |  0.160  |  0.160  |  0.757  |  2.930  |   N/A   |  1.664  |
|                    |  0.000  |  0.000  |  0.000  |  0.000  |   N/A   |  0.000  |
|                    |    0    |    0    |    0    |    0    |   N/A   |    0    |
|                    |  5192   |  5037   |   457   |   64    |   N/A   |    2    |
+--------------------+---------+---------+---------+---------+---------+---------+
|slow_0p9v_125c_cmax_scan_shift
|                    |  0.160  |  0.160  |  0.748  |  2.930  |   N/A   |  1.664  |
|                    |  0.000  |  0.000  |  0.000  |  0.000  |   N/A   |  0.000  |
|                    |    0    |    0    |    0    |    0    |   N/A   |    0    |
|                    |  5192   |  4690   |   436   |   64    |   N/A   |    2    |
+--------------------+---------+---------+---------+---------+---------+---------+
|fast_1p1v_0c_cmin_func
|                    |  0.017  |  0.017  |  1.321  |  1.750  |   N/A   |  0.000  |
|                    |  0.000  |  0.000  |  0.000  |  0.000  |   N/A   |  0.000  |
|                    |    0    |    0    |    0    |    0    |   N/A   |    0    |
|                    |  4801   |  4669   |   68    |   64    |   N/A   |    0    |
+--------------------+---------+---------+---------+---------+---------+---------+
|fast_1p1v_0c_cmin_scan_capture
|                    |  0.001  |  0.001  |  0.204  |  1.502  |   N/A   |  0.395  |
|                    |  0.000  |  0.000  |  0.000  |  0.000  |   N/A   |  0.000  |
|                    |    0    |    0    |    0    |    0    |   N/A   |    0    |
|                    |  5192   |  5037   |   457   |   64    |   N/A   |    2    |
+--------------------+---------+---------+---------+---------+---------+---------+
|fast_1p1v_0c_cmin_scan_shift
|                    |  0.001  |  0.001  |  0.948  |  1.502  |   N/A   |  0.395  |
|                    |  0.000  |  0.000  |  0.000  |  0.000  |   N/A   |  0.000  |
|                    |    0    |    0    |    0    |    0    |   N/A   |    0    |
|                    |  5192   |  4690   |   436   |   64    |   N/A   |    2    |
+--------------------+---------+---------+---------+---------+---------+---------+

Density: 1.678%
       (100.000% with Fillers)
------------------------------------------------------------------
** Profile ** Report data :  cpu=0:00:00.1, mem=8213.1M
Reported timing to dir reports/route
Total CPU time: 22.92 sec
Total Real time: 6.0 sec
Total Memory Usage: 8213.097656 Mbytes
*** time_design #1 [finish] () : cpu/real = 0:00:22.9/0:00:06.0 (3.8), totSession cpu/real = 1:12:04.0/0:11:21.3 (6.3), mem = 8213.1M
@flow 5: #- Reports that describe timing health
@@flow 6: report_timing_summary -checks {hold drv} > [file join [get_db flow_report_directory] [get_db flow_report_name] [get_db flow_report_prefix]hold.analysis_summary.rpt]
AAE_INFO: opIsDesignInPostRouteState() is 1
#################################################################################
# Design Stage: PostRoute
# Design Name: datapath_top
# Design Mode: 45nm
# Analysis Mode: MMMC OCV 
# Parasitics Mode: No SPEF/RCDB 
# Signoff Settings: SI Off (EWM)
#################################################################################
Start delay calculation (fullDC) (8 T). (MEM=4495.36)
Total number of fetched objects 42229
AAE_INFO: Total number of nets for which stage creation was skipped for all views 0
Total number of fetched objects 42229
AAE_INFO: Total number of nets for which stage creation was skipped for all views 0
End delay calculation. (MEM=4581.18 CPU=0:00:10.9 REAL=0:00:01.0)
End delay calculation (fullDC). (MEM=4581.18 CPU=0:00:13.7 REAL=0:00:02.0)
@@flow 7: report_timing_summary -checks {hold drv} -expand_views > [file join [get_db flow_report_directory] [get_db flow_report_name] [get_db flow_report_prefix]hold.view_summary.rpt]
@@flow 8: report_timing_summary -checks {hold drv} -expand_views -expand_clocks launch_capture  > [file join [get_db flow_report_directory] [get_db flow_report_name] [get_db flow_report_prefix]hold.group_summary.rpt]
@@flow 9: report_constraint -early -all_violators -drv_violation_type {min_capacitance min_transition min_fanout} > [file join [get_db flow_report_directory] [get_db flow_report_name] [get_db flow_report_prefix]hold.all_violators.rpt]
#@ End verbose flow_step route.report_postroute.report_timing_early_innovus
UM: Running hold category ...
**WARN: (TCLCMD-1469):	No timing paths found matching the specified criteria. Empty collection returned.
      flow.cputime  flow.realtime  timing.setup.tns  timing.setup.wns  snapshot
UM:          46.43             12                                      report_timing_early_innovus
##FLOW_KIT: enabling features from command line: {report_lec synth_spatial pnr_db_handoff add_scan opt_signoff}
#@ Begin verbose flow_step route.report_postroute.report_early_paths
@flow 2: #- Reports that show detailed early timing with Graph Based Analysis (GBA)
@@flow 3: report_timing -early -max_paths 5   -nworst 1 -path_type endpoint        > [get_db flow_report_directory]/[get_db flow_report_name]/hold.endpoint.rpt
@@flow 4: report_timing -early -max_paths 1   -nworst 1 -path_type full_clock -net > [get_db flow_report_directory]/[get_db flow_report_name]/hold.worst.rpt
@@flow 5: report_timing -early -max_paths 500 -nworst 1 -path_type full_clock      > [get_db flow_report_directory]/[get_db flow_report_name]/hold.gba.rpt
@flow 7: #- Reports that show detailed timing with Path Based Analysis (PBA)
@flow 8: if {[is_flow -quiet -inside flow:sta]} {...}
#@ End verbose flow_step route.report_postroute.report_early_paths
      flow.cputime  flow.realtime  timing.setup.tns  timing.setup.wns  snapshot
UM:           3.22              2                                      report_early_paths
##FLOW_KIT: enabling features from command line: {report_lec synth_spatial pnr_db_handoff add_scan opt_signoff}
#@ Begin verbose flow_step route.report_postroute.report_timing_late_innovus
@flow 2: #- Update the timer for setup and write reports
@@flow 3: time_design -expanded_views -report_only -report_dir [file join [get_db flow_report_directory] [get_db flow_report_name]] -report_prefix time_design_expanded_views
*** time_design #2 [begin] () : totSession cpu/real = 1:12:30.8/0:11:31.1 (6.3), mem = 8718.2M
** Profile ** Start :  cpu=0:00:00.0, mem=9230.2M
** Profile ** Other data :  cpu=0:00:00.5, mem=9231.2M
**WARN: (TCLCMD-1681):	The software has performed a full/partial timing reset. All existing timing path and timing point collection references have been invalidated and may no longer be referenced.
Starting delay calculation for Setup views
AAE_INFO: opIsDesignInPostRouteState() is 1
#################################################################################
# Design Stage: PostRoute
# Design Name: datapath_top
# Design Mode: 45nm
# Analysis Mode: MMMC OCV 
# Parasitics Mode: No SPEF/RCDB 
# Signoff Settings: SI Off (EWM)
#################################################################################
Start delay calculation (fullDC) (8 T). (MEM=4815.68)
Total number of fetched objects 42229
AAE_INFO: Total number of nets for which stage creation was skipped for all views 0
End delay calculation. (MEM=4860.54 CPU=0:00:05.3 REAL=0:00:01.0)
End delay calculation (fullDC). (MEM=4860.54 CPU=0:00:06.8 REAL=0:00:02.0)
*** Done Building Timing Graph (cpu=0:00:09.1 real=0:00:02.0 totSessionCpu=1:12:41 mem=8725.1M)
** Profile ** Overall slacks :  cpu=0:00:09.4, mem=8725.1M
** Profile ** slow_0p9v_125c_cmax_func slacks :  cpu=0:00:00.1, mem=8725.1M
** Profile ** slow_0p9v_125c_cmax_scan_capture slacks :  cpu=0:00:00.1, mem=8725.1M
** Profile ** slow_0p9v_125c_cmax_scan_shift slacks :  cpu=0:00:00.1, mem=8725.1M
** Profile ** Total reports :  cpu=0:00:00.3, mem=8725.1M
** Profile ** slow_0p9v_125c_cmax_func reports :  cpu=0:00:00.3, mem=8725.1M
** Profile ** slow_0p9v_125c_cmax_scan_capture reports :  cpu=0:00:00.3, mem=8725.1M
** Profile ** slow_0p9v_125c_cmax_scan_shift reports :  cpu=0:00:00.3, mem=8725.1M
** Profile ** DRVs :  cpu=0:00:01.5, mem=8718.1M

OptSummary:

------------------------------------------------------------------
         time_design Summary
------------------------------------------------------------------

Setup views included:
 slow_0p9v_125c_cmax_func slow_0p9v_125c_cmax_scan_capture 
 slow_0p9v_125c_cmax_scan_shift 

+--------------------+---------+---------+---------+---------+---------+---------+
|     Setup mode     |   all   | reg2reg | in2reg  | reg2out | in2out  | default |
+--------------------+---------+---------+---------+---------+---------+---------+
|           WNS (ns):| -1.404  | -1.404  |  0.890  |  0.100  |   N/A   |  0.097  |
|           TNS (ns):| -15.640 | -15.640 |  0.000  |  0.000  |   N/A   |  0.000  |
|    Violating Paths:|   89    |   89    |    0    |    0    |   N/A   |    0    |
|          All Paths:|  5214   |  5058   |   458   |   64    |   N/A   |    2    |
+--------------------+---------+---------+---------+---------+---------+---------+
|slow_0p9v_125c_cmax_func
|                    | -1.404  | -1.404  |  2.448  |  0.100  |   N/A   |  0.000  |
|                    | -15.640 | -15.640 |  0.000  |  0.000  |   N/A   |  0.000  |
|                    |   89    |   89    |    0    |    0    |   N/A   |    0    |
|                    |  4801   |  4669   |   68    |   64    |   N/A   |    0    |
+--------------------+---------+---------+---------+---------+---------+---------+
|slow_0p9v_125c_cmax_scan_capture
|                    |  0.097  |  0.391  |  2.844  |  2.023  |   N/A   |  0.097  |
|                    |  0.000  |  0.000  |  0.000  |  0.000  |   N/A   |  0.000  |
|                    |    0    |    0    |    0    |    0    |   N/A   |    0    |
|                    |  5192   |  5037   |   457   |   64    |   N/A   |    2    |
+--------------------+---------+---------+---------+---------+---------+---------+
|slow_0p9v_125c_cmax_scan_shift
|                    |  0.097  |  0.391  |  0.890  |  2.023  |   N/A   |  0.097  |
|                    |  0.000  |  0.000  |  0.000  |  0.000  |   N/A   |  0.000  |
|                    |    0    |    0    |    0    |    0    |   N/A   |    0    |
|                    |  5192   |  4690   |   436   |   64    |   N/A   |    2    |
+--------------------+---------+---------+---------+---------+---------+---------+

+----------------+-------------------------------+------------------+
|                |              Real             |       Total      |
|    DRVs        +------------------+------------+------------------|
|                |  Nr nets(terms)  | Worst Vio  |  Nr nets(terms)  |
+----------------+------------------+------------+------------------+
|   max_cap      |      2 (2)       |   -0.031   |     66 (66)      |
|   max_tran     |   1910 (2664)    |   -1.121   |   1916 (2672)    |
|   max_fanout   |   1044 (1044)    |    -43     |   1097 (1097)    |
|   max_length   |      0 (0)       |     0      |      0 (0)       |
+----------------+------------------+------------+------------------+

Density: 1.678%
       (100.000% with Fillers)
------------------------------------------------------------------
** Profile ** Report data :  cpu=0:00:00.0, mem=8718.1M
Reported timing to dir reports/route
Total CPU time: 12.85 sec
Total Real time: 12.0 sec
Total Memory Usage: 8718.097656 Mbytes
*** time_design #2 [finish] () : cpu/real = 0:00:12.8/0:00:11.5 (1.1), totSession cpu/real = 1:12:43.6/0:11:42.7 (6.2), mem = 8718.1M
@flow 5: #- Reports that describe timing health
@@flow 6: report_timing_summary -checks {setup drv} > [file join [get_db flow_report_directory] [get_db flow_report_name] [get_db flow_report_prefix]setup.analysis_summary.rpt]
@@flow 7: report_timing_summary -checks {setup drv} -expand_views > [file join [get_db flow_report_directory] [get_db flow_report_name] [get_db flow_report_prefix]setup.view_summary.rpt]
@@flow 8: report_timing_summary -checks {setup drv} -expand_views -expand_clocks launch_capture  > [file join [get_db flow_report_directory] [get_db flow_report_name] [get_db flow_report_prefix]setup.group_summary.rpt]
@@flow 9: report_constraint -late -all_violators -drv_violation_type {max_capacitance max_transition max_fanout} > [file join [get_db flow_report_directory] [get_db flow_report_name] [get_db flow_report_prefix]setup.all_violators.rpt]
@@flow 10: set_metric -name timing.drv.report_file -value [file join [get_db flow_report_name] [get_db flow_report_prefix]setup.all_violators.rpt]
#@ End verbose flow_step route.report_postroute.report_timing_late_innovus
UM: Running setup category ...
      flow.cputime  flow.realtime  timing.setup.tns  timing.setup.wns  snapshot
UM:          18.19             15        -15.640 ns         -1.404 ns  report_timing_late_innovus
##FLOW_KIT: enabling features from command line: {report_lec synth_spatial pnr_db_handoff add_scan opt_signoff}
#@ Begin verbose flow_step route.report_postroute.report_late_paths
@flow 2: #- Reports that show detailed timing with Graph Based Analysis (GBA)
@@flow 3: report_timing -max_paths 5   -nworst 1 -path_type endpoint        > [get_db flow_report_directory]/[get_db flow_report_name]/setup.endpoint.rpt
@@flow 4: report_timing -max_paths 1   -nworst 1 -path_type full_clock -net > [get_db flow_report_directory]/[get_db flow_report_name]/setup.worst.rpt
@@flow 5: report_timing -max_paths 500 -nworst 1 -path_type full_clock      > [get_db flow_report_directory]/[get_db flow_report_name]/setup.gba.rpt
@flow 7: #- Reports that show detailed timing with Path Based Analysis (PBA)
@flow 8: if {[is_flow -quiet -inside flow:sta]} {...}
#@ End verbose flow_step route.report_postroute.report_late_paths
      flow.cputime  flow.realtime  timing.setup.tns  timing.setup.wns  snapshot
UM:           3.37              2                                      report_late_paths
##FLOW_KIT: enabling features from command line: {report_lec synth_spatial pnr_db_handoff add_scan opt_signoff}
#@ Begin verbose flow_step route.report_postroute.report_clock_timing
@flow 2: #- Reports that check clock implementation
@@flow 3: report_clock_timing -type summary > [file join [get_db flow_report_directory] [get_db flow_report_name] [get_db flow_report_prefix]clock.summary.rpt]
@@flow 4: report_clock_timing -type latency > [file join [get_db flow_report_directory] [get_db flow_report_name] [get_db flow_report_prefix]clock.latency.rpt]
@@flow 5: report_clock_timing -type skew    > [file join [get_db flow_report_directory] [get_db flow_report_name] [get_db flow_report_prefix]clock.skew.rpt]
#@ End verbose flow_step route.report_postroute.report_clock_timing
UM: Running clock category ...
Updating ideal nets and annotations...
Clock tree spec update: Ideal nets, transition and delay annotations were updated to match active timing constraints.
Updating ideal nets and annotations done. (took cpu=0:00:00.0 real=0:00:00.0)
No differences between SDC and CTS ideal net status found.
Clock tree timing engine global stage delay update for slow_0p9v_125c_cmax:both.early...
Clock tree timing engine global stage delay update for slow_0p9v_125c_cmax:both.early done. (took cpu=0:00:00.1 real=0:00:00.1)
Clock tree timing engine global stage delay update for slow_0p9v_125c_cmax:both.late...
Clock tree timing engine global stage delay update for slow_0p9v_125c_cmax:both.late done. (took cpu=0:00:00.0 real=0:00:00.0)
Clock tree timing engine global stage delay update for fast_1p1v_0c_cmin:hold.early...
Clock tree timing engine global stage delay update for fast_1p1v_0c_cmin:hold.early done. (took cpu=0:00:00.0 real=0:00:00.0)
Clock tree timing engine global stage delay update for fast_1p1v_0c_cmin:hold.late...
Clock tree timing engine global stage delay update for fast_1p1v_0c_cmin:hold.late done. (took cpu=0:00:00.0 real=0:00:00.0)

Clock DAG stats:
================

---------------------------------------------------------
Cell type                 Count    Area       Capacitance
---------------------------------------------------------
Buffers                      0       0.000       0.000
Inverters                  223     929.214       1.065
Integrated Clock Gates       0       0.000       0.000
Discrete Clock Gates         0       0.000       0.000
Clock Logic                  1       4.104       0.001
All                        224     933.318       1.066
---------------------------------------------------------

Clock DAG miscellaneous counts:
===============================

------------------------------
Type                     Count
------------------------------
Roots                      2
Preserved Ports            0
Multiple Clock Inputs      1
------------------------------


Clock DAG sink counts:
======================

-------------------------
Sink type           Count
-------------------------
Regular              404
Enable Latch           0
Load Capacitance       0
Antenna Diode          0
Node Sink              0
Total                404
-------------------------


Clock DAG wire lengths:
=======================

--------------------
Type     Wire Length
--------------------
Top           0.000
Trunk     27479.195
Leaf      11001.970
Total     38481.165
--------------------


Clock DAG hp wire lengths:
==========================

-----------------------
Type     hp Wire Length
-----------------------
Top            0.000
Trunk      27063.540
Leaf       10254.335
Total      37317.875
-----------------------


Clock DAG capacitances:
=======================

--------------------------------
Type     Gate     Wire     Total
--------------------------------
Top      0.000    0.000    0.000
Trunk    1.066    2.607    3.673
Leaf     0.070    1.466    1.535
Total    1.136    4.073    5.209
--------------------------------


Clock DAG sink capacitances:
============================

-----------------------------------------------
Total    Average    Std. Dev.    Min      Max
-----------------------------------------------
0.070     0.000       0.000      0.000    0.002
-----------------------------------------------


Clock DAG net violations:
=========================

--------------------------------------------------------------------------------------------
Type                    Units    Count    Average    Std. Dev.    Sum      Top 10 violations
--------------------------------------------------------------------------------------------
Remaining Transition    ns         2       0.010       0.004      0.020    [0.012, 0.007]
--------------------------------------------------------------------------------------------


Clock DAG primary half-corner transition distribution:
======================================================

-----------------------------------------------------------------------------------------------------------------------------------------------------------------------------------------------------------------------------
Net Type    Target    Count    Average    Std. Dev.    Min      Max      Distribution                                                                   Over Target
-----------------------------------------------------------------------------------------------------------------------------------------------------------------------------------------------------------------------------
Trunk       0.100      167      0.079       0.015      0.000    0.112    {16 <= 0.060ns, 63 <= 0.080ns, 54 <= 0.090ns, 19 <= 0.095ns, 13 <= 0.100ns}    {0 <= 0.105ns, 1 <= 0.110ns, 1 <= 0.120ns, 0 <= 0.150ns, 0 > 0.150ns}
Leaf        0.100       60      0.086       0.010      0.055    0.100    {2 <= 0.060ns, 13 <= 0.080ns, 22 <= 0.090ns, 14 <= 0.095ns, 9 <= 0.100ns}                                        -
-----------------------------------------------------------------------------------------------------------------------------------------------------------------------------------------------------------------------------


Clock DAG library cell distribution:
====================================

--------------------------------------------
Name         Type        Inst     Inst Area 
                         Count    (um^2)
--------------------------------------------
CLKINVX20    inverter     26       168.948
CLKINVX16    inverter     69       377.568
CLKINVX12    inverter     49       201.096
CLKINVX8     inverter     33       101.574
CLKINVX6     inverter     18        43.092
CLKINVX4     inverter      8        13.680
CLKINVX2     inverter      8        10.944
CLKINVX1     inverter     12        12.312
CLKMX2X3     logic         1         4.104
--------------------------------------------



Please note that the following tables reflect only the defined clock trees, so the flop counts might not include all flops in your design.

Clock Tree Summary:
===================

----------------------------------------------------------------------------------------------------------------------------------
Clock Tree  Clock  Bufs  Invs  Other  Max       Max     Max     Max          Standard   Wire   Gate   Clock Tree Root
Name        Gates              Clock  Non-leaf  Leaf    Length  Source-sink  cell area  cap    cap    
                               Cells  Fanout    Fanout  (um)    Resistance   (um^2)     (pF)   (pF)   
                                                                (Ohms)                                
----------------------------------------------------------------------------------------------------------------------------------
clk_div       0     0    191     1       3        29    428.5     2697.28     825.588   3.625  1.019  i_clk_divider/inst_SDFFRX4/Q
clk_i         0     0    223     1       3        29    428.5     2697.28     933.318   4.073  1.136  clk_i
----------------------------------------------------------------------------------------------------------------------------------

Clock Sink Summary:
===================

-------------------------------------------------------------------------------------------------------------------------------------------
Clock Tree  Explicit      Implicit      Explicit     Implicit     Explicit   Implicit   Posedge  Negedge  Memory  Enable  Non enable  Other
Name        exclude pins  exclude pins  ignore pins  ignore pins  stop pins  stop pins  Flops    Flops    Clock   Latch   Latch       Sinks
                                                                                                          Pins    Sinks   Sinks       
-------------------------------------------------------------------------------------------------------------------------------------------
clk_div          0             0             1            0           0          0        320       0       0       0         1        81
clk_i            0             0             0            0           0          0        322       0       0       0         1        81
-------------------------------------------------------------------------------------------------------------------------------------------

Summary across all clock trees:
===============================

------------------------------------------------------------------------------------------------------------
Clock  Bufs  Invs  Other  Max       Average   Max     Average  Max      Max          Standard   Wire   Gate
Gates              Clock  Non-leaf  Non-leaf  Leaf    Leaf     Length   Source-sink  cell area  cap    cap
                   Cells  Fanout    Fanout    Fanout  Fanout   (um)     Resistance   (um^2)     (pF)   (pF)
                                                                        (Ohms)                         
------------------------------------------------------------------------------------------------------------
  0     0    223     1       3      1.36145     29    6.73333  428.500    269.728     933.318   4.073  1.136
------------------------------------------------------------------------------------------------------------

Clock Sink Summary across all clock trees:
==========================================

-------------------------------------------------------------------------------------------------------------------------------
Explicit      Implicit      Explicit     Implicit     Explicit   Implicit   Posedge  Negedge  Memory  Enable  Non enable  Other
exclude pins  exclude pins  ignore pins  ignore pins  stop pins  stop pins  Flops    Flops    Clock   Latch   Latch       Sinks
                                                                                              Pins    Sinks   Sinks       
-------------------------------------------------------------------------------------------------------------------------------
     0             0             1            0           0          0        322       0       0       0         1        81
-------------------------------------------------------------------------------------------------------------------------------

Physical metrics across all clock trees:
========================================

-----------------------------------------------------------------------
Metric                               Minimum  Average  Maximum  Std.dev
-----------------------------------------------------------------------
Source-sink routed net length (um)    1.455   159.649  428.500  102.880
Source-sink manhattan distance (um)   1.475   157.308  425.990  102.203
Source-sink resistance (Ohm)         14.161    95.272  269.728   43.909
-----------------------------------------------------------------------

Transition distribution for half-corner slow_0p9v_125c_cmax:both.late:
======================================================================

-----------------------------------------------------------------------------------------------------------------------------------------------------------------------------------------------------------------------------
Net Type    Target    Count    Average    Std. Dev.    Min      Max      Distribution                                                                   Over Target
-----------------------------------------------------------------------------------------------------------------------------------------------------------------------------------------------------------------------------
Trunk       0.100      166      0.079       0.013      0.038    0.112    {15 <= 0.060ns, 63 <= 0.080ns, 54 <= 0.090ns, 19 <= 0.095ns, 13 <= 0.100ns}    {0 <= 0.105ns, 1 <= 0.110ns, 1 <= 0.120ns, 0 <= 0.150ns, 0 > 0.150ns}
Leaf        0.100       60      0.086       0.010      0.055    0.100    {2 <= 0.060ns, 13 <= 0.080ns, 22 <= 0.090ns, 14 <= 0.095ns, 9 <= 0.100ns}                                        -
-----------------------------------------------------------------------------------------------------------------------------------------------------------------------------------------------------------------------------

Count of violations across all clock trees:
===========================================

---------------------------------------------------------------------------------------
Clock Tree  # Max capacitance  # Max resistance  # Max length  # Max fanout  # Slew
Name        violations         violations        violations    violations    violations
---------------------------------------------------------------------------------------
clk_div             0                 0               0             0            0
clk_i               0                 0               0             0            2
---------------------------------------------------------------------------------------
Total               0                 0               0             0            2
---------------------------------------------------------------------------------------

Note the above table per clock tree is based on CCOpt clock tree view. The violations are counted across half corners.

Found a total of 0 clock tree pins with max capacitance violations.
Found a total of 0 clock tree nets with max resistance violations.
Found a total of 0 clock tree nets with max length violations.
Found a total of 0 clock tree nets with max fanout violations.
Found a total of 2 clock tree pins with a slew violation.

Slew violation summary across all clock trees - Top 2 violating pins:
=====================================================================

Target and measured clock slews (in ns):

---------------------------------------------------------------------------------------------------------
Half corner                    Violation  Slew    Slew      Dont   Ideal  Target    Pin
                               amount     target  achieved  touch  net?   source    
                                                            net?                    
---------------------------------------------------------------------------------------------------------
slow_0p9v_125c_cmax:both.late    0.012    0.100    0.112    N      N      explicit  CTS_cdb_inv_00571/A
slow_0p9v_125c_cmax:both.late    0.007    0.100    0.107    N      N      explicit  CTS_ccl_a_inv_00291/A
---------------------------------------------------------------------------------------------------------

Target sources:
auto extracted - target was extracted from SDC.
auto computed - target was computed when balancing trees.
explicit - target is explicitly set via cts_target_max_transition_time attribute.
pin explicit - target is explicitly set for this pin via cts_pin_target_max_transition_time attribute.
liberty explicit - target is explicitly set via max_transition from liberty library.

Found 0 pins on nets marked dont_touch that have slew violations.
Found 0 pins on nets marked dont_touch that do not have slew violations.
Found 0 pins on nets marked ideal_network that have slew violations.
Found 0 pins on nets marked ideal_network that do not have slew violations.


Clock Timing Summary:
=====================

Target and measured clock slews (in ns):

-----------------------------------------------------------------------------------------------------------------------------------------------------
Clock tree  Timing Corner                   Worst Rising  Worst Falling  Worst Rising  Worst Falling  Leaf Slew    Leaf Slew  Trunk Slew   Trunk Slew
                                            Leaf Slew     Leaf Slew      Trunk Slew    Trunk Slew     Target Type  Target     Target Type  Target
-----------------------------------------------------------------------------------------------------------------------------------------------------
clk_div     slow_0p9v_125c_cmax:both.early     0.080          0.098         0.076          0.091      ignored          -      ignored          -
clk_div     slow_0p9v_125c_cmax:both.late      0.082          0.100         0.084          0.100      explicit      0.100     explicit      0.100
clk_div     fast_1p1v_0c_cmin:hold.early       0.028          0.030         0.028          0.028      ignored          -      ignored          -
clk_div     fast_1p1v_0c_cmin:hold.late        0.029          0.030         0.030          0.032      ignored          -      ignored          -
clk_i       slow_0p9v_125c_cmax:both.early     0.080          0.098         0.097          0.112      ignored          -      ignored          -
clk_i       slow_0p9v_125c_cmax:both.late      0.082          0.100         0.097          0.112      explicit      0.100     explicit     *0.100
clk_i       fast_1p1v_0c_cmin:hold.early       0.028          0.030         0.031          0.034      ignored          -      ignored          -
clk_i       fast_1p1v_0c_cmin:hold.late        0.029          0.030         0.054          0.058      ignored          -      ignored          -
-----------------------------------------------------------------------------------------------------------------------------------------------------

* - indicates that target was not met.

auto extracted - target was extracted from SDC.
auto computed - target was computed when balancing trees.

Total Transition Slacks Summary:
================================

-------------------------------------------------------------------------------------------------
Total       Total Leaf    Total        Total Leaf    Mean        Median      Std.Dev     Worst
Overslew    Overslew      Underslew    Underslew     Overslew    Overslew    Overslew    Overslew
-------------------------------------------------------------------------------------------------
 0.020        0.000        -4.285        -0.832       0.007       0.007       0.006       0.012
-------------------------------------------------------------------------------------------------

Transition times measured in the half-corner slow_0p9v_125c_cmax:both.late

Top Overslews:

----------------------------------
Driving node         Overslew (ns)
----------------------------------
CTS_cdb_inv_00570        0.012
CTS_cdb_inv_00571        0.007
A84e0                    0.000
----------------------------------

Top Underslews:

-------------------------------------------------
Driving node                       Underslew (ns)
-------------------------------------------------
CTS_cpc_drv_inv_00638                  -0.062
CTS_cpc_drv_inv_00639                  -0.058
i_clk_div_inv/CTS_ccl_inv_00378        -0.057
CTS_ccl_inv_00502                      -0.054
CTS_ccl_inv_00493                      -0.051
CTS_ccl_inv_00388                      -0.051
clk_div                                -0.051
CTS_cdb_inv_00590                      -0.048
clk_i                                  -0.048
CTS_ccl_inv_00482                      -0.047
-------------------------------------------------


      flow.cputime  flow.realtime  timing.setup.tns  timing.setup.wns  snapshot
UM:           3.19              2                                      report_clock_timing
##FLOW_KIT: enabling features from command line: {report_lec synth_spatial pnr_db_handoff add_scan opt_signoff}
#@ Begin verbose flow_step route.report_postroute.report_power_innovus
@@flow 2: report_power -no_wrap -out_file [file join [get_db flow_report_directory] [get_db flow_report_name] [get_db flow_report_prefix]power.all.rpt]
env CDS_WORKAREA is set to /home/student/16/ex8/flow_datapath_top_1

Power Net Detected:
        Voltage	    Name
           0.9V	    VDD
             0V	    VSS
Using Power View slow_0p9v_125c_cmax_func
.

Begin Power Analysis

           0.9V	    VDD
             0V	    VSS

Begin Processing Timing Library for Power Calculation

Ended Processing Timing Library for Power Calculation: (cpu=0:00:00, real=0:00:01, mem(process/total/peak)=4828.43MB/11126.50MB/6857.12MB)



Begin Processing Power Net/Grid for Power Calculation

Ended Processing Power Net/Grid for Power Calculation: (cpu=0:00:00, real=0:00:01, mem(process/total/peak)=4828.43MB/11126.50MB/6857.12MB)

Begin Processing Timing Window Data for Power Calculation

clk_i_virtual(250MHz) clk_i(250MHz) CK: assigning clock clk_i to net clk_i
clk_div(125MHz) CK: assigning clock clk_div to net i_clk_divider/n_1
** INFO:  (VOLTUS_POWR-2054): Setting default frequency to the dominant frequency 125MHz.

	To force set default frequency/period. Use either of the following command options:
		set_power_analysis_mode        -default_frequency <frequency value>
		set_default_switching_activity -period            <period value>.

Ended Processing Timing Window Data for Power Calculation: (cpu=0:00:00, real=0:00:01, mem(process/total/peak)=4829.92MB/11126.50MB/6857.12MB)

Begin Processing User Attributes

Ended Processing User Attributes: (cpu=0:00:00, real=0:00:01, mem(process/total/peak)=4830.18MB/11126.50MB/6857.12MB)

Begin Processing Signal Activity


Starting Levelizing
2025-Nov-14 16:21:00 (2025-Nov-14 14:21:00 GMT)
2025-Nov-14 16:21:00 (2025-Nov-14 14:21:00 GMT): 10%
2025-Nov-14 16:21:00 (2025-Nov-14 14:21:00 GMT): 20%
2025-Nov-14 16:21:00 (2025-Nov-14 14:21:00 GMT): 30%
2025-Nov-14 16:21:00 (2025-Nov-14 14:21:00 GMT): 40%
2025-Nov-14 16:21:01 (2025-Nov-14 14:21:01 GMT): 50%
2025-Nov-14 16:21:01 (2025-Nov-14 14:21:01 GMT): 60%
2025-Nov-14 16:21:01 (2025-Nov-14 14:21:01 GMT): 70%
2025-Nov-14 16:21:01 (2025-Nov-14 14:21:01 GMT): 80%
2025-Nov-14 16:21:01 (2025-Nov-14 14:21:01 GMT): 90%

Finished Levelizing
2025-Nov-14 16:21:01 (2025-Nov-14 14:21:01 GMT)

Starting Activity Propagation
2025-Nov-14 16:21:01 (2025-Nov-14 14:21:01 GMT)
2025-Nov-14 16:21:01 (2025-Nov-14 14:21:01 GMT): 10%
2025-Nov-14 16:21:01 (2025-Nov-14 14:21:01 GMT): 20%
2025-Nov-14 16:21:01 (2025-Nov-14 14:21:01 GMT): 30%
2025-Nov-14 16:21:01 (2025-Nov-14 14:21:01 GMT): 40%
2025-Nov-14 16:21:01 (2025-Nov-14 14:21:01 GMT): 50%
2025-Nov-14 16:21:01 (2025-Nov-14 14:21:01 GMT): 60%

Finished Activity Propagation
2025-Nov-14 16:21:01 (2025-Nov-14 14:21:01 GMT)
Ended Processing Signal Activity: (cpu=0:00:00, real=0:00:01, mem(process/total/peak)=4831.54MB/11126.50MB/6857.12MB)

Begin Power Computation

      ----------------------------------------------------------
      # of cell(s) missing both power/leakage table: 0
      # of cell(s) missing power table: 4
      # of cell(s) missing leakage table: 2
      ----------------------------------------------------------
CellName                                  Missing Table(s)
IN22FDX_S1DU_BFUG_W00256B032M04C128       internal power, leakage power, 
TIEHI                                     internal power, 
TIELO                                     internal power, 
matmul_sync                               internal power, leakage power, 



Starting Calculating power
2025-Nov-14 16:21:03 (2025-Nov-14 14:21:03 GMT)
2025-Nov-14 16:21:04 (2025-Nov-14 14:21:04 GMT): 10%
2025-Nov-14 16:21:04 (2025-Nov-14 14:21:04 GMT): 20%
2025-Nov-14 16:21:04 (2025-Nov-14 14:21:04 GMT): 30%
2025-Nov-14 16:21:04 (2025-Nov-14 14:21:04 GMT): 40%
2025-Nov-14 16:21:04 (2025-Nov-14 14:21:04 GMT): 50%
2025-Nov-14 16:21:04 (2025-Nov-14 14:21:04 GMT): 60%
2025-Nov-14 16:21:04 (2025-Nov-14 14:21:04 GMT): 70%
2025-Nov-14 16:21:04 (2025-Nov-14 14:21:04 GMT): 80%
2025-Nov-14 16:21:04 (2025-Nov-14 14:21:04 GMT): 90%

Finished Calculating power
2025-Nov-14 16:21:04 (2025-Nov-14 14:21:04 GMT)
      # of MSMV cell(s) missing power_level: 0
Ended Power Computation: (cpu=0:00:01, real=0:00:01, mem(process/total/peak)=4838.12MB/11175.53MB/6857.12MB)

Begin Processing User Attributes

Begin Processing set_power
Ended Processing set_power: (cpu=0:00:00, real=0:00:01,
mem(process/total/peak)=4838.12MB/11175.53MB/6857.12MB)
Ended Processing User Attributes: (cpu=0:00:00, real=0:00:03, mem(process/total/peak)=4838.12MB/11175.53MB/6857.12MB)

Ended Power Analysis: (cpu=0:00:02, real=0:00:19, mem(process/total/peak)=4838.12MB/11175.53MB/6857.12MB)

Begin Boundary Leakage Calculation
Ended Boundary Leakage Calculation: (cpu=0:00:00, real=0:00:01,
mem(process/total/peak)=4838.46MB/11175.53MB/6857.12MB)
Begin Static Power Report Generation
*



Total Power
-----------------------------------------------------------------------------------------
Total Internal Power:        1.97769569 	   14.9030%
Total Switching Power:      11.27989182 	   85.0001%
Total Leakage Power:         0.01285038 	    0.0968%
Total Power:                13.27043790
-----------------------------------------------------------------------------------------
** INFO:  (VOLTUS_POWR-3465): There are 0 decaps and 0 fillers in the design

Ended Static Power Report Generation: (cpu=0:00:00, real=0:00:01,
mem(process/total/peak)=4865.93MB/11175.53MB/6857.12MB)


Output file is reports/route/power.all.rpt
#@ End verbose flow_step route.report_postroute.report_power_innovus
UM: Running power category ...
      flow.cputime  flow.realtime  timing.setup.tns  timing.setup.wns  snapshot
UM:           6.13             27                                      report_power_innovus
##FLOW_KIT: enabling features from command line: {report_lec synth_spatial pnr_db_handoff add_scan opt_signoff}
#@ Begin verbose flow_step route.report_postroute.report_route_process
@flow 2: #- Reports that process rules
@flow 3: check_process_antenna -out_file [file join [get_db flow_report_directory] [get_db flow_report_name] [get_db flow_report_prefix]route.antenna.rpt]
**WARN: (IMPVPA-120):	check_process_antenna command is obsolete and should not be used any more. It still works in this release but will be removed in future release. You should change to use check_antenna which is the replacement tool for check_process_antenna.

******* START VERIFY ANTENNA ********
Report File: reports/route/route.antenna.rpt
LEF Macro File: datapath_top.antenna.lef
5000 nets processed: 1 violations
10000 nets processed: 1 violations
15000 nets processed: 1 violations
20000 nets processed: 1 violations
25000 nets processed: 1 violations
30000 nets processed: 1 violations
35000 nets processed: 1 violations
40000 nets processed: 1 violations
45000 nets processed: 1 violations
Verification Complete: 1 Violations
******* DONE VERIFY ANTENNA ********
(CPU Time: 0:00:01.7  MEM: 0.000M)

@@flow 4: check_filler -out_file [file join [get_db flow_report_directory] [get_db flow_report_name] [get_db flow_report_prefix]route.filler.rpt]
*INFO: Total number of padded cell violations: 0
*INFO: Total number of gaps found: 0
@@flow 5: set_metric -name check.drc.antenna.report_file -value [file join [get_db flow_report_name] [get_db flow_report_prefix]route.antenna.rpt]
#@ End verbose flow_step route.report_postroute.report_route_process
      flow.cputime  flow.realtime  timing.setup.tns  timing.setup.wns  snapshot
UM:           5.62              5                                      report_route_process
##FLOW_KIT: enabling features from command line: {report_lec synth_spatial pnr_db_handoff add_scan opt_signoff}
#@ Begin verbose flow_step route.report_postroute.report_route_drc
@flow 2: #- Reports that check signal routing
@flow 3: if {[is_flow -inside flow:report_floorplan]} {...
@flow 5: } else {
@@flow 6: check_drc -check_only special -out_file [file join [get_db flow_report_directory] [get_db flow_report_name] [get_db flow_report_prefix]route.special.drc.rpt]
#-check_only special                     # enums={all regular special selected_net selected cell default}, default=regular+special, user setting
#-check_same_via_cell true               # bool, default=false, user setting
#-report reports/route/route.special.drc.rpt # string, default="", user setting
 *** Starting Verify DRC (MEM: 9205.4) ***

  VERIFY DRC ...... Starting Verification
  VERIFY DRC ...... Initializing
  VERIFY DRC ...... Deleting Existing Violations
  VERIFY DRC ...... Creating Sub-Areas
  VERIFY DRC ...... Using new threading
 VERIFY DRC ...... Thread : 2 finished.
 VERIFY DRC ...... Thread : 1 finished.
 VERIFY DRC ...... Thread : 4 finished.
 VERIFY DRC ...... Thread : 0 finished.
 VERIFY DRC ...... Thread : 3 finished.
 VERIFY DRC ...... Thread : 6 finished.
 VERIFY DRC ...... Thread : 7 finished.
 VERIFY DRC ...... Thread : 5 finished.
**WARN: (IMPVFG-1103):	VERIFY DRC did not complete: Number of violations hits the Error Limit [1000]

  Verification Complete : 1000 Viols.

 Violation Summary By Layer and Type:

	          Short   Totals
	Metal1       40       40
	Metal2      233      233
	Metal3      240      240
	Metal4      232      232
	Metal5      240      240
	Metal6       15       15
	Totals     1000     1000

 *** End Verify DRC (CPU TIME: 0:00:01.4  ELAPSED TIME: 0:00:02.0  MEM: -16.0M) ***

@@flow 7: check_drc -check_only regular -out_file [file join [get_db flow_report_directory] [get_db flow_report_name] [get_db flow_report_prefix]route.regular.drc.rpt]
#-check_only regular                     # enums={all regular special selected_net selected cell default}, default=regular+special, user setting
#-check_same_via_cell true               # bool, default=false, user setting
#-report reports/route/route.regular.drc.rpt # string, default="", user setting
 *** Starting Verify DRC (MEM: 9189.4) ***

  VERIFY DRC ...... Starting Verification
  VERIFY DRC ...... Initializing
  VERIFY DRC ...... Deleting Existing Violations
  VERIFY DRC ...... Creating Sub-Areas
  VERIFY DRC ...... Using new threading
 VERIFY DRC ...... Thread : 6 finished.
 VERIFY DRC ...... Thread : 7 finished.
 VERIFY DRC ...... Thread : 4 finished.
 VERIFY DRC ...... Thread : 3 finished.
 VERIFY DRC ...... Thread : 5 finished.
 VERIFY DRC ...... Thread : 1 finished.
 VERIFY DRC ...... Thread : 0 finished.
 VERIFY DRC ...... Thread : 2 finished.
**WARN: (IMPVFG-1103):	VERIFY DRC did not complete: Number of violations hits the Error Limit [1000]

  Verification Complete : 1000 Viols.

 Violation Summary By Layer and Type:

	           ViaIP   MetSpc    Short   EOLSpc   CShort   Totals
	Metal1       774      187        0       11        0      972
	Metal5         0        0        4        0        0        4
	Metal6         0        0        9        0        0        9
	Via6           0        0        0        0        4        4
	Metal7         0        0        8        0        0        8
	Metal11        0        0        3        0        0        3
	Totals       774      187       24       11        4     1000

 *** End Verify DRC (CPU TIME: 0:00:05.1  ELAPSED TIME: 0:00:02.0  MEM: 0.0M) ***

@@flow 8: check_connectivity -out_file [file join [get_db flow_report_directory] [get_db flow_report_name] [get_db flow_report_prefix]route.open.rpt]
VERIFY_CONNECTIVITY use new engine.

******** Start: VERIFY CONNECTIVITY ********
Start Time: Fri Nov 14 16:21:27 2025

Design Name: datapath_top
Database Units: 2000
Design Boundary: (0.0000, 0.0000) (3000.0000, 2992.5000)
Error Limit = 1000; Warning Limit = 50
Check all nets
Use 8 pthreads
*** 16:21:27 *** Building data for Net VDD
*** 16:21:27 *** Building data for Net VSS
Net VDD: has an unconnected terminal.
Net VSS: has an unconnected terminal.
**WARN: (IMPVFC-3):	Verify Connectivity stopped: Number of errors exceeds the limit 1000
Type 'man IMPVFC-3' for more detail.

Begin Summary 
    1000 Problem(s) (IMPVFC-96): Terminal(s) are not connected.
    1000 total info(s) created.
End Summary

End Time: Fri Nov 14 16:21:30 2025
Time Elapsed: 0:00:03.0

******** End: VERIFY CONNECTIVITY ********
  Verification Complete : 1000 Viols.  0 Wrngs.
  (CPU Time: 0:00:05.0  MEM: 24.000M)

@flow 9: }
@@flow 10: set_metric -name check.drc.report_file -value [file join [get_db flow_report_name] [get_db flow_report_prefix]route.drc.rpt]
#@ End verbose flow_step route.report_postroute.report_route_drc
UM: Running route category ...
      flow.cputime  flow.realtime  timing.setup.tns  timing.setup.wns  snapshot
UM:          14.83             10                                      report_route_drc
##FLOW_KIT: enabling features from command line: {report_lec synth_spatial pnr_db_handoff add_scan opt_signoff}
#@ Begin verbose flow_step route.report_postroute.report_route_density
@@flow 2: check_metal_density -report [file join [get_db flow_report_directory] [get_db flow_report_name] [get_db flow_report_prefix]route.metal_density.rpt]

******** Start: VERIFY DENSITY ********
Multi-CPU acceleration using 8 CPU(s).
Density calculation ...... Slot :   0 of  14 Thread : 0
Density calculation ...... Slot :   1 of  14 Thread : 1
Density calculation ...... Slot :   2 of  14 Thread : 2
Density calculation ...... Slot :   3 of  14 Thread : 3
Density calculation ...... Slot :   4 of  14 Thread : 4
Density calculation ...... Slot :   8 of  14 Thread : 0
Density calculation ...... Slot :   5 of  14 Thread : 5
Density calculation ...... Slot :   6 of  14 Thread : 6
Density calculation ...... Slot :   7 of  14 Thread : 7
Density calculation ...... Slot :  11 of  14 Thread : 3
Density calculation ...... Slot :   9 of  14 Thread : 1
Density calculation ...... Slot :  13 of  14 Thread : 5
Density calculation ...... Slot :  10 of  14 Thread : 2
Density calculation ...... Slot :  12 of  14 Thread : 4

Densities of non-overlapping windows have been saved in FE DB.

A total of 14098 density violation(s).
Windows < Min. Density = 14023
Windows > Max. Density = 75
Windows < Min. Union. Density = 0
Windows > Max. Union. Density = 0

******** End: VERIFY DENSITY ********
VMD: elapsed time: 1.00
     (CPU Time: 0:00:00.4  MEM: 0.000M)

@@flow 3: check_cut_density -out_file [file join [get_db flow_report_directory] [get_db flow_report_name] [get_db flow_report_prefix]route.cut_density.rpt]

******** Start: VERIFY CUT DENSITY ********
**WARN: (IMPVMD-84):	Maximum window density for layer "Cont" is missing. Using default value 30.0.
**WARN: (IMPVMD-83):	Minimum window density for layer "Cont" is missing. Using default value 0.000000.
**WARN: (IMPVMD-85):	Window size (width) for layer "Cont" is missing. Using default value 10.
**WARN: (IMPVMD-86):	Window size (height) for layer "Cont" is missing. Using default value 10.
**WARN: (IMPVMD-87):	Window step (horizontal) for layer "Cont" is missing. Using default value 5.
**WARN: (IMPVMD-88):	Window step (vertical) for layer "Cont" is missing. Using default value 5.
**WARN: (IMPVMD-84):	Maximum window density for layer "Via1" is missing. Using default value 30.0.
**WARN: (IMPVMD-83):	Minimum window density for layer "Via1" is missing. Using default value 0.009800.
**WARN: (IMPVMD-85):	Window size (width) for layer "Via1" is missing. Using default value 10.
**WARN: (IMPVMD-86):	Window size (height) for layer "Via1" is missing. Using default value 10.
**WARN: (IMPVMD-87):	Window step (horizontal) for layer "Via1" is missing. Using default value 5.
**WARN: (IMPVMD-88):	Window step (vertical) for layer "Via1" is missing. Using default value 5.
**WARN: (IMPVMD-84):	Maximum window density for layer "Via2" is missing. Using default value 30.0.
**WARN: (IMPVMD-83):	Minimum window density for layer "Via2" is missing. Using default value 0.009800.
**WARN: (IMPVMD-85):	Window size (width) for layer "Via2" is missing. Using default value 10.
**WARN: (IMPVMD-86):	Window size (height) for layer "Via2" is missing. Using default value 10.
**WARN: (IMPVMD-87):	Window step (horizontal) for layer "Via2" is missing. Using default value 5.
**WARN: (IMPVMD-88):	Window step (vertical) for layer "Via2" is missing. Using default value 5.
**WARN: (IMPVMD-84):	Maximum window density for layer "Via3" is missing. Using default value 30.0.
**WARN: (IMPVMD-83):	Minimum window density for layer "Via3" is missing. Using default value 0.009800.
**WARN: (IMPVMD-85):	Window size (width) for layer "Via3" is missing. Using default value 10.
**WARN: (IMPVMD-86):	Window size (height) for layer "Via3" is missing. Using default value 10.
**WARN: (IMPVMD-87):	Window step (horizontal) for layer "Via3" is missing. Using default value 5.
**WARN: (IMPVMD-88):	Window step (vertical) for layer "Via3" is missing. Using default value 5.
**WARN: (IMPVMD-84):	Maximum window density for layer "Via4" is missing. Using default value 30.0.
**WARN: (IMPVMD-83):	Minimum window density for layer "Via4" is missing. Using default value 0.009800.
**WARN: (IMPVMD-85):	Window size (width) for layer "Via4" is missing. Using default value 10.
**WARN: (IMPVMD-86):	Window size (height) for layer "Via4" is missing. Using default value 10.
**WARN: (IMPVMD-87):	Window step (horizontal) for layer "Via4" is missing. Using default value 5.
**WARN: (IMPVMD-88):	Window step (vertical) for layer "Via4" is missing. Using default value 5.
**WARN: (IMPVMD-84):	Maximum window density for layer "Via5" is missing. Using default value 30.0.
**WARN: (IMPVMD-83):	Minimum window density for layer "Via5" is missing. Using default value 0.009800.
**WARN: (IMPVMD-85):	Window size (width) for layer "Via5" is missing. Using default value 10.
**WARN: (IMPVMD-86):	Window size (height) for layer "Via5" is missing. Using default value 10.
**WARN: (IMPVMD-87):	Window step (horizontal) for layer "Via5" is missing. Using default value 5.
**WARN: (IMPVMD-88):	Window step (vertical) for layer "Via5" is missing. Using default value 5.
**WARN: (IMPVMD-84):	Maximum window density for layer "Via6" is missing. Using default value 30.0.
**WARN: (IMPVMD-83):	Minimum window density for layer "Via6" is missing. Using default value 0.009800.
**WARN: (IMPVMD-85):	Window size (width) for layer "Via6" is missing. Using default value 10.
**WARN: (IMPVMD-86):	Window size (height) for layer "Via6" is missing. Using default value 10.
**WARN: (IMPVMD-87):	Window step (horizontal) for layer "Via6" is missing. Using default value 5.
**WARN: (IMPVMD-88):	Window step (vertical) for layer "Via6" is missing. Using default value 5.
**WARN: (IMPVMD-84):	Maximum window density for layer "Via7" is missing. Using default value 30.0.
**WARN: (IMPVMD-83):	Minimum window density for layer "Via7" is missing. Using default value 0.009800.
**WARN: (IMPVMD-85):	Window size (width) for layer "Via7" is missing. Using default value 10.
**WARN: (IMPVMD-86):	Window size (height) for layer "Via7" is missing. Using default value 10.
**WARN: (IMPVMD-87):	Window step (horizontal) for layer "Via7" is missing. Using default value 5.
**WARN: (IMPVMD-88):	Window step (vertical) for layer "Via7" is missing. Using default value 5.
**WARN: (IMPVMD-84):	Maximum window density for layer "Via8" is missing. Using default value 30.0.
**WARN: (IMPVMD-83):	Minimum window density for layer "Via8" is missing. Using default value 0.009800.
**WARN: (IMPVMD-85):	Window size (width) for layer "Via8" is missing. Using default value 10.
**WARN: (IMPVMD-86):	Window size (height) for layer "Via8" is missing. Using default value 10.
**WARN: (IMPVMD-87):	Window step (horizontal) for layer "Via8" is missing. Using default value 5.
**WARN: (IMPVMD-88):	Window step (vertical) for layer "Via8" is missing. Using default value 5.
**WARN: (IMPVMD-84):	Maximum window density for layer "Via9" is missing. Using default value 30.0.
**WARN: (IMPVMD-83):	Minimum window density for layer "Via9" is missing. Using default value 0.064800.
**WARN: (IMPVMD-85):	Window size (width) for layer "Via9" is missing. Using default value 10.
**WARN: (IMPVMD-86):	Window size (height) for layer "Via9" is missing. Using default value 10.
**WARN: (IMPVMD-87):	Window step (horizontal) for layer "Via9" is missing. Using default value 5.
**WARN: (IMPVMD-88):	Window step (vertical) for layer "Via9" is missing. Using default value 5.
**WARN: (IMPVMD-84):	Maximum window density for layer "Via10" is missing. Using default value 30.0.
**WARN: (IMPVMD-83):	Minimum window density for layer "Via10" is missing. Using default value 0.064800.
**WARN: (IMPVMD-85):	Window size (width) for layer "Via10" is missing. Using default value 10.
**WARN: (IMPVMD-86):	Window size (height) for layer "Via10" is missing. Using default value 10.
**WARN: (IMPVMD-87):	Window step (horizontal) for layer "Via10" is missing. Using default value 5.
**WARN: (IMPVMD-88):	Window step (vertical) for layer "Via10" is missing. Using default value 5.
***

A total of 1219313 density violation(s).
Windows < Min. Density = 1219313
Windows > Max. Density = 0
Windows < Min. Union. Density = 0
Windows > Max. Union. Density = 0

******** End: VERIFY CUT DENSITY ********
VCD: elapsed time: 5.00
     (CPU Time: 0:00:04.6  MEM: 0.000M)

#@ End verbose flow_step route.report_postroute.report_route_density
      flow.cputime  flow.realtime  timing.setup.tns  timing.setup.wns  snapshot
UM:           7.97              8                                      report_route_density
##FLOW_KIT: enabling features from command line: {report_lec synth_spatial pnr_db_handoff add_scan opt_signoff}
#@ Begin verbose flow_step route.report_postroute.report_finish
#@ End verbose flow_step route.report_postroute.report_finish
      flow.cputime  flow.realtime  timing.setup.tns  timing.setup.wns  snapshot
UM:           2.98              2                                      report_finish

Program version = 23.15-s106_1
Working directory = /home/student/16/ex8/flow_datapath_top_1
Databases directory = /home/student/16/ex8/flow_datapath_top_1/dbs
Starting time = Nov 14, 2025 16:09:29
Ending time = Nov 14, 2025 16:21:45

Run Flow Summary
---------------------

Steps run:  route.block_start route.init_innovus route.add_fillers route.run_route route.block_finish route.report_postroute.report_start route.report_postroute.init_innovus route.report_postroute.report_area_innovus route.report_postroute.report_timing_early_innovus route.report_postroute.report_early_paths route.report_postroute.report_timing_late_innovus route.report_postroute.report_late_paths route.report_postroute.report_clock_timing route.report_postroute.report_power_innovus route.report_postroute.report_route_process route.report_postroute.report_route_drc route.report_postroute.report_route_density route.report_postroute.report_finish

Step status:
     route.block_start                                          success
     route.init_innovus                                         success
     route.add_fillers                                          success
     route.run_route                                            success
     route.block_finish                                         success
     route.report_postroute.report_start                        success
     route.report_postroute.init_innovus                        success
     route.report_postroute.report_area_innovus                 success
     route.report_postroute.report_timing_early_innovus         success
     route.report_postroute.report_early_paths                  success
     route.report_postroute.report_timing_late_innovus          success
     route.report_postroute.report_late_paths                   success
     route.report_postroute.report_clock_timing                 success
     route.report_postroute.report_power_innovus                success
     route.report_postroute.report_route_process                success
     route.report_postroute.report_route_drc                    success
     route.report_postroute.report_route_density                success
     route.report_postroute.report_finish                       success

 ---------------------------------------------------------------------------------------------------- 
| Snapshot    | flow.cputime (s) | flow.realtime (s) | timing.setup.tns (ns) | timing.setup.wns (ns) |
|-------------+------------------+-------------------+-----------------------+-----------------------|
| syn_generic | 0:05:43          | 0:08:36           |                     0 |                 0.082 |
| syn_map     | 0:01:28          | 0:02:02           |                     0 |                 0.002 |
| syn_opt     | 0:11:20          | 0:08:25           |                    -0 |                -0.002 |
| floorplan   | 0:00:49          | 0:01:05           |                       |                       |
| prects      | 0:13:28          | 0:05:40           |                     0 |                 0.000 |
| cts         | 0:18:25          | 0:07:43           |                    -0 |                -0.017 |
| postcts     | 0:02:19          | 0:01:45           |                    -0 |                -0.017 |
| route       | 1:11:29          | 0:11:07           |                   -16 |                -1.404 |
 ---------------------------------------------------------------------------------------------------- 
*** Message Summary: 11970 warning(s), 0 error(s)


*** Memory Usage v#1 (Current mem = 9213.359M, initial mem = 864.402M) ***
--- Ending "Innovus" (totcpu=1:13:34, real=0:12:59, mem=9213.4M) ---
