###############################################################
#  Generated by:      Cadence Innovus 23.15-s106_1
#  OS:                Linux x86_64(Host ID ASIC-vm)
#  Generated on:      Fri Nov 14 15:13:08 2025
#  Design:            matmul_sync
#  Command:           report_timing -max_paths 500 -nworst 1 -path_type full_clock      > [get_db flow_report_directory]/[get_db flow_report_name]/setup.gba.rpt
###############################################################
Path 1: VIOLATED (-0.023 ns) Late Output Delay Assertion
               View: slow_0p9v_125c_cmax_func
              Group: reg2out
         Startpoint: (R) operand_b_i_sr_reg_2/CK
              Clock: (R) clk_i
           Endpoint: (R) result_o[47]
              Clock: (R) clk_i_virtual

                       Capture       Launch
         Clock Edge:+    5.000        0.000
         Drv Adjust:+    0.000        0.011
        Src Latency:+    0.000       -0.137
        Net Latency:+    0.000 (I)    0.140 (P)
            Arrival:=    5.000        0.014

       Output Delay:-    1.500
        Uncertainty:-    0.055
        Cppr Adjust:+    0.000
      Required Time:=    3.445
       Launch Clock:=    0.014
          Data Path:+    3.453
              Slack:=   -0.023

#-----------------------------------------------------------------------------------------------------------------------------------
# Timing Point                                  Net  Cell        Fanout   Load  Trans   Delay    Incr  Arrival  Edge  User    Power  
#                                                                         (pf)   (ns)    (ns)   Delay     (ns)        Derate  Domain  
#-----------------------------------------------------------------------------------------------------------------------------------
  clk_i                                         -    (arrival)        1  0.004  0.050   0.000   0.000   -0.125  R     -       pd_aon  
  CTS_ccl_a_inv_00012/Y                         -    CLKINVX6         3  0.011  0.050   0.067   0.000   -0.058  F      1.030  pd_aon  
  CTS_ccl_a_inv_00007/Y                         -    CLKINVX6        24  0.014  0.067   0.072   0.000    0.014  R      1.030  pd_aon  
  operand_b_i_sr_reg_2/Q                        -    SDFFSRHQX4       7  0.008  0.068   0.319   0.000    0.333  R      1.079  pd_aon  
  cts_FE_OFC56_operand_b_i_sr_2/Y               -    INVX1            6  0.004  0.059   0.107   0.007    0.440  F      1.079  pd_aon  
  WALLACE_CSA_DUMMY_OP_groupi58_g3652__2802/Y   -    NOR2X1           4  0.002  0.117   0.155   0.000    0.595  R      1.079  pd_aon  
  WALLACE_CSA_DUMMY_OP_groupi58_g3585__8246/Y   -    NOR2XL           1  0.001  0.125   0.141   0.000    0.735  F      1.079  pd_aon  
  WALLACE_CSA_DUMMY_OP_groupi58_g3544__1705/Y   -    OAI21X1          1  0.002  0.066   0.125   0.013    0.860  R      1.079  pd_aon  
  WALLACE_CSA_DUMMY_OP_groupi58_g3439__7098/S   -    ADDFX1           1  0.001  0.118   0.393   0.000    1.254  F      1.079  pd_aon  
  WALLACE_CSA_DUMMY_OP_groupi58_g3413__7410/S   -    ADDFXL           2  0.001  0.055   0.305   0.000    1.559  R      1.079  pd_aon  
  WALLACE_CSA_DUMMY_OP_groupi58_g3401__5115/Y   -    XNOR2X1          2  0.001  0.068   0.175   0.000    1.733  F      1.079  pd_aon  
  WALLACE_CSA_DUMMY_OP_groupi58_g3381__5107/Y   -    NOR2X2           3  0.002  0.051   0.076   0.000    1.809  R      1.079  pd_aon  
  WALLACE_CSA_DUMMY_OP_groupi58_g3375__1666/Y   -    NOR2X1           1  0.001  0.070   0.087   0.000    1.896  F      1.079  pd_aon  
  prects_FE_RC_35_0/Y                           -    NOR3X2           2  0.002  0.056   0.129   0.000    2.025  R      1.079  pd_aon  
  prects_FE_RC_21_0/Y                           -    OAI21X2          1  0.001  0.108   0.129   0.000    2.154  F      1.079  pd_aon  
  WALLACE_CSA_DUMMY_OP_groupi58_g3334__4733/CO  -    ADDFX1           2  0.001  0.068   0.215   0.000    2.369  F      1.079  pd_aon  
  fopt3907/Y                                    -    INVX2            2  0.002  0.060   0.061   0.000    2.430  R      1.079  pd_aon  
  prects_FE_RC_40_0/Y                           -    OAI31X4          3  0.002  0.040   0.088   0.000    2.517  F      1.079  pd_aon  
  FE_RC_182_0/Y                                 -    NAND2BX2         1  0.001  0.093   0.077   0.000    2.594  R      1.079  pd_aon  
  FE_RC_180_0/Y                                 -    NAND2BX2         3  0.002  0.037   0.073   0.002    2.667  F      1.079  pd_aon  
  FE_RC_293_0/Y                                 -    NAND2X2          1  0.002  0.082   0.076   0.000    2.743  R      1.079  pd_aon  
  FE_RC_292_0/Y                                 -    NAND2X4          3  0.002  0.045   0.072   0.000    2.815  F      1.079  pd_aon  
  FE_RC_3_0/Y                                   -    NAND2X2          1  0.002  0.064   0.064   0.000    2.879  R      1.079  pd_aon  
  FE_RC_2_0/Y                                   -    NAND2X4          5  0.002  0.043   0.077   0.000    2.957  F      1.079  pd_aon  
  FE_RC_221_0/Y                                 -    NAND2X2          1  0.001  0.072   0.065   0.000    3.022  R      1.079  pd_aon  
  FE_RC_282_0/Y                                 -    NAND3X2          2  0.001  0.036   0.097   0.000    3.119  F      1.079  pd_aon  
  FE_RC_34_0/Y                                  -    NOR2X1           1  0.000  0.121   0.114   0.000    3.233  R      1.079  pd_aon  
  prects_FE_RC_24_0/Y                           -    INVX1            1  0.001  0.057   0.067   0.000    3.301  F      1.079  pd_aon  
  prects_FE_RC_23_0/Y                           -    NAND2X2          1  0.002  0.044   0.052   0.000    3.353  R      1.079  pd_aon  
  cts_FE_OFC23_FE_OFN170_result_o_47/Y          -    CLKBUFX16        1  0.012  0.048   0.115   0.000    3.468  R      1.079  pd_aon  
  result_o[47]                                  -    -                1  0.012  0.041   0.000   0.000    3.468  R      1.070  pd_aon  
#-----------------------------------------------------------------------------------------------------------------------------------
Path 2: VIOLATED (-0.014 ns) Late Output Delay Assertion
               View: slow_0p9v_125c_cmax_func
              Group: reg2out
         Startpoint: (R) operand_a_i_sr_reg_25/CK
              Clock: (R) clk_i
           Endpoint: (F) result_o[63]
              Clock: (R) clk_i_virtual

                       Capture       Launch
         Clock Edge:+    5.000        0.000
         Drv Adjust:+    0.000        0.011
        Src Latency:+    0.000       -0.137
        Net Latency:+    0.000 (I)    0.140 (P)
            Arrival:=    5.000        0.015

       Output Delay:-    1.500
        Uncertainty:-    0.055
        Cppr Adjust:+    0.000
      Required Time:=    3.445
       Launch Clock:=    0.015
          Data Path:+    3.444
              Slack:=   -0.014

#-----------------------------------------------------------------------------------------------------------------------------------------
# Timing Point                                        Net  Cell        Fanout   Load  Trans   Delay    Incr  Arrival  Edge  User    Power  
#                                                                               (pf)   (ns)    (ns)   Delay     (ns)        Derate  Domain  
#-----------------------------------------------------------------------------------------------------------------------------------------
  clk_i                                               -    (arrival)        1  0.004  0.050   0.000   0.000   -0.125  R     -       pd_aon  
  CTS_ccl_a_inv_00012/Y                               -    CLKINVX6         3  0.011  0.050   0.067   0.000   -0.058  F      1.030  pd_aon  
  CTS_ccl_a_inv_00008/Y                               -    CLKINVX6        21  0.015  0.067   0.073   0.000    0.015  R      1.030  pd_aon  
  operand_a_i_sr_reg_25/Q                             -    SDFFSRHQX2       1  0.004  0.069   0.295   0.000    0.310  R      1.079  pd_aon  
  FE_OFC170_operand_a_i_sr_25/Y                       -    CLKINVX8        17  0.015  0.056   0.075   0.000    0.384  F      1.079  pd_aon  
  FE_OFC172_operand_a_i_sr_25/Y                       -    INVXL            1  0.000  0.070   0.070   0.000    0.454  R      1.079  pd_aon  
  WALLACE_CSA_DUMMY_OP_groupi59_g3650__8428/Y         -    CLKAND2X2        3  0.001  0.031   0.113   0.000    0.567  R      1.079  pd_aon  
  WALLACE_CSA_DUMMY_OP_groupi59_g3598/Y               -    INVX1            2  0.001  0.030   0.046   0.000    0.613  F      1.079  pd_aon  
  WALLACE_CSA_DUMMY_OP_groupi59_g3576__6260/Y         -    NOR2XL           1  0.001  0.036   0.075   0.000    0.688  R      1.079  pd_aon  
  WALLACE_CSA_DUMMY_OP_groupi59_g3571__6417/Y         -    AOI21X1          2  0.001  0.074   0.085   0.000    0.773  F      1.079  pd_aon  
  WALLACE_CSA_DUMMY_OP_groupi59_g3553/Y               -    INVX1            1  0.000  0.116   0.096   0.000    0.870  R      1.079  pd_aon  
  WALLACE_CSA_DUMMY_OP_groupi59_g3551__7098/Y         -    NOR2X1           1  0.000  0.039   0.049   0.000    0.918  F      1.079  pd_aon  
  WALLACE_CSA_DUMMY_OP_groupi59_g3545__1617/Y         -    NOR2X1           3  0.001  0.045   0.088   0.000    1.006  R      1.079  pd_aon  
  WALLACE_CSA_DUMMY_OP_groupi59_g3487__2346/Y         -    NAND2X1          1  0.001  0.087   0.119   0.000    1.126  F      1.079  pd_aon  
  WALLACE_CSA_DUMMY_OP_groupi59_g3454__1666/Y         -    AOI21X1          3  0.002  0.071   0.126   0.005    1.252  R      1.079  pd_aon  
  prects_FE_RC_37_0/Y                                 -    NOR2BX1          1  0.001  0.113   0.160   0.000    1.412  R      1.079  pd_aon  
  prects_FE_RC_36_0/Y                                 -    AOI21X1          1  0.000  0.063   0.067   0.000    1.478  F      1.079  pd_aon  
  WALLACE_CSA_DUMMY_OP_groupi59_g3401__7098/Y         -    XNOR2X1          2  0.001  0.079   0.249   0.000    1.727  R      1.079  pd_aon  
  WALLACE_CSA_DUMMY_OP_groupi59_g3794__2346/Y         -    AND2X1           2  0.002  0.045   0.169   0.000    1.896  R      1.079  pd_aon  
  WALLACE_CSA_DUMMY_OP_groupi59_g3363__1705/Y         -    NOR3X4           2  0.002  0.066   0.079   0.000    1.975  F      1.079  pd_aon  
  FE_RC_267_0/Y                                       -    OAI21X4          3  0.003  0.053   0.083   0.000    2.058  R      1.079  pd_aon  
  FE_RC_254_0/Y                                       -    NAND2BX4         1  0.002  0.071   0.089   0.000    2.147  F      1.079  pd_aon  
  FE_RC_253_0/Y                                       -    NAND2X4          2  0.002  0.069   0.059   0.000    2.205  R      1.079  pd_aon  
  cts_FE_OFC26_WALLACE_CSA_DUMMY_OP_groupi59_n_490/Y  -    INVX2            2  0.003  0.048   0.062   0.000    2.268  F      1.079  pd_aon  
  FE_RC_20_0/Y                                        -    OAI31X4          2  0.002  0.050   0.105   0.000    2.373  R      1.079  pd_aon  
  FE_RC_116_0/Y                                       -    NAND2BX4         1  0.002  0.102   0.106   0.000    2.478  F      1.079  pd_aon  
  FE_RC_115_0/Y                                       -    NAND2X4          3  0.004  0.072   0.065   0.000    2.543  R      1.079  pd_aon  
  FE_RC_81_0/Y                                        -    NAND2X4          1  0.002  0.054   0.077   0.000    2.620  F      1.079  pd_aon  
  FE_RC_80_0/Y                                        -    NAND2X4          3  0.003  0.064   0.060   0.000    2.679  R      1.079  pd_aon  
  FE_RC_25_0/Y                                        -    NAND2X4          1  0.002  0.053   0.083   0.000    2.762  F      1.079  pd_aon  
  FE_RC_24_0/Y                                        -    NAND2X6          3  0.003  0.074   0.060   0.000    2.821  R      1.079  pd_aon  
  FE_RC_215_0/Y                                       -    NAND2X4          1  0.002  0.055   0.077   0.000    2.899  F      1.079  pd_aon  
  FE_RC_214_0/Y                                       -    NAND2X4          3  0.003  0.063   0.057   0.000    2.956  R      1.079  pd_aon  
  cts_FE_RC_12_0/Y                                    -    NAND2X4          1  0.002  0.062   0.081   0.000    3.037  F      1.079  pd_aon  
  cts_FE_RC_11_0/Y                                    -    NAND2X4          2  0.002  0.064   0.054   0.000    3.091  R      1.079  pd_aon  
  FE_RC_78_0/Y                                        -    NOR2X1           1  0.001  0.042   0.052   0.000    3.143  F      1.079  pd_aon  
  FE_RC_178_0/Y                                       -    AO21X4           1  0.006  0.040   0.194   0.000    3.337  F      1.079  pd_aon  
  FE_OFC281_result_o_63/Y                             -    CLKBUFX16        1  0.011  0.075   0.122   0.000    3.459  F      1.079  pd_aon  
  result_o[63]                                        -    -                1  0.011  0.042   0.000   0.000    3.459  F      1.070  pd_aon  
#-----------------------------------------------------------------------------------------------------------------------------------------
Path 3: VIOLATED (-0.001 ns) Late Output Delay Assertion
               View: slow_0p9v_125c_cmax_func
              Group: reg2out
         Startpoint: (R) operand_b_i_sr_reg_9/CK
              Clock: (R) clk_i
           Endpoint: (F) result_o[31]
              Clock: (R) clk_i_virtual

                       Capture       Launch
         Clock Edge:+    5.000        0.000
         Drv Adjust:+    0.000        0.011
        Src Latency:+    0.000       -0.137
        Net Latency:+    0.000 (I)    0.139 (P)
            Arrival:=    5.000        0.014

       Output Delay:-    1.500
        Uncertainty:-    0.055
        Cppr Adjust:+    0.000
      Required Time:=    3.445
       Launch Clock:=    0.014
          Data Path:+    3.432
              Slack:=   -0.001

#-----------------------------------------------------------------------------------------------------------------------------------
# Timing Point                                  Net  Cell        Fanout   Load  Trans   Delay    Incr  Arrival  Edge  User    Power  
#                                                                         (pf)   (ns)    (ns)   Delay     (ns)        Derate  Domain  
#-----------------------------------------------------------------------------------------------------------------------------------
  clk_i                                         -    (arrival)        1  0.004  0.050   0.000   0.000   -0.125  R     -       pd_aon  
  CTS_ccl_a_inv_00012/Y                         -    CLKINVX6         3  0.011  0.050   0.067   0.000   -0.058  F      1.030  pd_aon  
  CTS_ccl_a_inv_00007/Y                         -    CLKINVX6        24  0.014  0.067   0.072   0.000    0.014  R      1.030  pd_aon  
  operand_b_i_sr_reg_9/Q                        -    SDFFSRHQX4       3  0.004  0.068   0.307   0.000    0.321  R      1.079  pd_aon  
  prects_FE_OFC78_operand_b_i_sr_9/Y            -    INVX3           13  0.012  0.040   0.095   0.000    0.417  F      1.079  pd_aon  
  WALLACE_CSA_DUMMY_OP_groupi57_g3609__3680/Y   -    NOR2XL           1  0.001  0.114   0.159   0.005    0.576  R      1.079  pd_aon  
  WALLACE_CSA_DUMMY_OP_groupi57_g3522__6260/S   -    ADDFXL           1  0.001  0.157   0.333   0.000    0.909  F      1.079  pd_aon  
  WALLACE_CSA_DUMMY_OP_groupi57_g3438__2346/S   -    ADDFX1           1  0.001  0.075   0.342   0.000    1.251  R      1.079  pd_aon  
  WALLACE_CSA_DUMMY_OP_groupi57_g3410__5526/CO  -    ADDFX1           1  0.001  0.053   0.223   0.000    1.474  R      1.079  pd_aon  
  WALLACE_CSA_DUMMY_OP_groupi57_g3367__2398/CO  -    ADDFXL           1  0.002  0.056   0.233   0.000    1.707  R      1.079  pd_aon  
  WALLACE_CSA_DUMMY_OP_groupi57_g3345__1617/S   -    ADDFHXL          2  0.001  0.101   0.327   0.002    2.034  F      1.079  pd_aon  
  WALLACE_CSA_DUMMY_OP_groupi57_g3344__3680/Y   -    NOR2XL           3  0.001  0.065   0.124   0.000    2.158  R      1.079  pd_aon  
  FE_RC_150_0/Y                                 -    INVX1            1  0.000  0.121   0.107   0.000    2.265  F      1.079  pd_aon  
  prects_FE_RC_3_0/Y                            -    NAND2X1          1  0.002  0.043   0.066   0.000    2.331  R      1.079  pd_aon  
  prects_FE_RC_2_0/Y                            -    NOR2X4           2  0.002  0.058   0.066   0.000    2.397  F      1.079  pd_aon  
  FE_RC_148_0/Y                                 -    NOR2X4           1  0.003  0.043   0.063   0.000    2.460  R      1.079  pd_aon  
  FE_RC_147_0/Y                                 -    OAI21X4          3  0.003  0.056   0.106   0.000    2.566  F      1.079  pd_aon  
  FE_RC_244_0/Y                                 -    NAND2X4          1  0.002  0.100   0.076   0.000    2.642  R      1.079  pd_aon  
  FE_RC_243_0/Y                                 -    NAND2X4          3  0.002  0.040   0.074   0.000    2.716  F      1.079  pd_aon  
  FE_RC_271_0/Y                                 -    NAND2X2          1  0.001  0.075   0.066   0.000    2.782  R      1.079  pd_aon  
  FE_RC_270_0/Y                                 -    NAND2X2          3  0.002  0.035   0.080   0.000    2.862  F      1.079  pd_aon  
  FE_RC_285_0/Y                                 -    NAND2X2          1  0.002  0.082   0.076   0.000    2.938  R      1.079  pd_aon  
  FE_RC_284_0/Y                                 -    NAND2X4          4  0.004  0.044   0.089   0.000    3.027  F      1.079  pd_aon  
  cts_FE_RC_9_0/Y                               -    AOI211X4         1  0.003  0.090   0.162   0.000    3.188  R      1.079  pd_aon  
  FE_RC_155_0/Y                                 -    NAND2X8          1  0.006  0.115   0.124   0.000    3.312  F      1.079  pd_aon  
  FE_OFC45_result_o_31/Y                        -    CLKBUFX16        1  0.010  0.096   0.134   0.000    3.446  F      1.079  pd_aon  
  result_o[31]                                  -    -                1  0.010  0.042   0.000   0.000    3.446  F      1.070  pd_aon  
#-----------------------------------------------------------------------------------------------------------------------------------
Path 4: MET (0.006 ns) Late Output Delay Assertion
               View: slow_0p9v_125c_cmax_func
              Group: reg2out
         Startpoint: (R) operand_a_i_sr_reg_29/CK
              Clock: (R) clk_i
           Endpoint: (F) result_o[46]
              Clock: (R) clk_i_virtual

                       Capture       Launch
         Clock Edge:+    5.000        0.000
         Drv Adjust:+    0.000        0.011
        Src Latency:+    0.000       -0.137
        Net Latency:+    0.000 (I)    0.140 (P)
            Arrival:=    5.000        0.015

       Output Delay:-    1.500
        Uncertainty:-    0.055
        Cppr Adjust:+    0.000
      Required Time:=    3.445
       Launch Clock:=    0.015
          Data Path:+    3.424
              Slack:=    0.006

#-----------------------------------------------------------------------------------------------------------------------------------
# Timing Point                                  Net  Cell        Fanout   Load  Trans   Delay    Incr  Arrival  Edge  User    Power  
#                                                                         (pf)   (ns)    (ns)   Delay     (ns)        Derate  Domain  
#-----------------------------------------------------------------------------------------------------------------------------------
  clk_i                                         -    (arrival)        1  0.004  0.050   0.000   0.000   -0.125  R     -       pd_aon  
  CTS_ccl_a_inv_00012/Y                         -    CLKINVX6         3  0.011  0.050   0.067   0.000   -0.058  F      1.030  pd_aon  
  CTS_ccl_a_inv_00008/Y                         -    CLKINVX6        21  0.015  0.067   0.073   0.000    0.015  R      1.030  pd_aon  
  operand_a_i_sr_reg_29/Q                       -    SDFFSRHQX4      14  0.013  0.069   0.374   0.000    0.389  F      1.079  pd_aon  
  cts_FE_OFC47_operand_a_i_sr_29/Y              -    INVX1            4  0.003  0.100   0.104   0.001    0.493  R      1.079  pd_aon  
  WALLACE_CSA_DUMMY_OP_groupi58_g3687__5122/Y   -    NOR2XL           1  0.001  0.077   0.095   0.000    0.587  F      1.079  pd_aon  
  WALLACE_CSA_DUMMY_OP_groupi58_g3559__4733/S   -    ADDHX1           1  0.001  0.064   0.238   0.000    0.825  R      1.079  pd_aon  
  WALLACE_CSA_DUMMY_OP_groupi58_g3467__1617/S   -    ADDFX1           4  0.003  0.043   0.356   0.000    1.181  F      1.079  pd_aon  
  FE_RC_130_0/Y                                 -    NAND2BX1         1  0.001  0.092   0.086   0.000    1.268  R      1.079  pd_aon  
  FE_RC_128_0/Y                                 -    OAI21X1          2  0.001  0.042   0.112   0.000    1.380  F      1.079  pd_aon  
  FE_RC_131_0/Y                                 -    NAND2BXL         1  0.001  0.107   0.106   0.000    1.486  R      1.079  pd_aon  
  FE_RC_138_0/Y                                 -    OAI21X1          1  0.001  0.053   0.115   0.000    1.601  F      1.079  pd_aon  
  WALLACE_CSA_DUMMY_OP_groupi58_g3373__2883/S   -    ADDFXL           2  0.001  0.100   0.335   0.000    1.936  R      1.079  pd_aon  
  WALLACE_CSA_DUMMY_OP_groupi58_g3369__6161/Y   -    NAND2X1          2  0.001  0.062   0.110   0.000    2.046  F      1.079  pd_aon  
  prects_FE_RC_21_0/Y                           -    OAI21X2          1  0.001  0.098   0.066   0.000    2.112  R      1.079  pd_aon  
  WALLACE_CSA_DUMMY_OP_groupi58_g3334__4733/CO  -    ADDFX1           2  0.001  0.054   0.224   0.000    2.336  R      1.079  pd_aon  
  fopt3907/Y                                    -    INVX2            2  0.002  0.057   0.064   0.000    2.400  F      1.079  pd_aon  
  prects_FE_RC_40_0/Y                           -    OAI31X4          3  0.002  0.044   0.097   0.000    2.497  R      1.079  pd_aon  
  FE_RC_182_0/Y                                 -    NAND2BX2         1  0.001  0.094   0.106   0.000    2.603  F      1.079  pd_aon  
  FE_RC_180_0/Y                                 -    NAND2BX2         3  0.002  0.071   0.058   0.000    2.661  R      1.079  pd_aon  
  FE_RC_293_0/Y                                 -    NAND2X2          1  0.002  0.040   0.085   0.000    2.746  F      1.079  pd_aon  
  FE_RC_292_0/Y                                 -    NAND2X4          3  0.002  0.085   0.067   0.000    2.813  R      1.079  pd_aon  
  FE_RC_3_0/Y                                   -    NAND2X2          1  0.002  0.056   0.094   0.000    2.906  F      1.079  pd_aon  
  FE_RC_2_0/Y                                   -    NAND2X4          5  0.003  0.084   0.069   0.000    2.976  R      1.079  pd_aon  
  FE_RC_236_0/Y                                 -    NOR2BX1          1  0.000  0.048   0.054   0.000    3.029  F      1.079  pd_aon  
  FE_RC_235_0/Y                                 -    NOR2XL           1  0.001  0.031   0.070   0.000    3.100  R      1.079  pd_aon  
  FE_RC_281_0/Y                                 -    OAI21X1          1  0.002  0.071   0.163   0.000    3.263  F      1.079  pd_aon  
  prects_FE_OFC7_result_o_46/Y                  -    CLKBUFX20        1  0.012  0.168   0.176   0.000    3.439  F      1.079  pd_aon  
  result_o[46]                                  -    -                1  0.012  0.043   0.000   0.000    3.439  F      1.070  pd_aon  
#-----------------------------------------------------------------------------------------------------------------------------------
Path 5: MET (0.014 ns) Late Output Delay Assertion
               View: slow_0p9v_125c_cmax_func
              Group: reg2out
         Startpoint: (R) operand_b_i_sr_reg_9/CK
              Clock: (R) clk_i
           Endpoint: (F) result_o[30]
              Clock: (R) clk_i_virtual

                       Capture       Launch
         Clock Edge:+    5.000        0.000
         Drv Adjust:+    0.000        0.011
        Src Latency:+    0.000       -0.137
        Net Latency:+    0.000 (I)    0.139 (P)
            Arrival:=    5.000        0.014

       Output Delay:-    1.500
        Uncertainty:-    0.055
        Cppr Adjust:+    0.000
      Required Time:=    3.445
       Launch Clock:=    0.014
          Data Path:+    3.417
              Slack:=    0.014

#-----------------------------------------------------------------------------------------------------------------------------------
# Timing Point                                  Net  Cell        Fanout   Load  Trans   Delay    Incr  Arrival  Edge  User    Power  
#                                                                         (pf)   (ns)    (ns)   Delay     (ns)        Derate  Domain  
#-----------------------------------------------------------------------------------------------------------------------------------
  clk_i                                         -    (arrival)        1  0.004  0.050   0.000   0.000   -0.125  R     -       pd_aon  
  CTS_ccl_a_inv_00012/Y                         -    CLKINVX6         3  0.011  0.050   0.067   0.000   -0.058  F      1.030  pd_aon  
  CTS_ccl_a_inv_00007/Y                         -    CLKINVX6        24  0.014  0.067   0.072   0.000    0.014  R      1.030  pd_aon  
  operand_b_i_sr_reg_9/Q                        -    SDFFSRHQX4       3  0.004  0.068   0.307   0.000    0.321  R      1.079  pd_aon  
  prects_FE_OFC78_operand_b_i_sr_9/Y            -    INVX3           13  0.012  0.040   0.095   0.000    0.417  F      1.079  pd_aon  
  WALLACE_CSA_DUMMY_OP_groupi57_g3609__3680/Y   -    NOR2XL           1  0.001  0.114   0.159   0.005    0.576  R      1.079  pd_aon  
  WALLACE_CSA_DUMMY_OP_groupi57_g3522__6260/S   -    ADDFXL           1  0.001  0.157   0.333   0.000    0.909  F      1.079  pd_aon  
  WALLACE_CSA_DUMMY_OP_groupi57_g3438__2346/S   -    ADDFX1           1  0.001  0.075   0.342   0.000    1.251  R      1.079  pd_aon  
  WALLACE_CSA_DUMMY_OP_groupi57_g3410__5526/CO  -    ADDFX1           1  0.001  0.053   0.223   0.000    1.474  R      1.079  pd_aon  
  WALLACE_CSA_DUMMY_OP_groupi57_g3367__2398/CO  -    ADDFXL           1  0.002  0.056   0.233   0.000    1.707  R      1.079  pd_aon  
  WALLACE_CSA_DUMMY_OP_groupi57_g3345__1617/S   -    ADDFHXL          2  0.001  0.101   0.327   0.002    2.034  F      1.079  pd_aon  
  WALLACE_CSA_DUMMY_OP_groupi57_g3344__3680/Y   -    NOR2XL           3  0.001  0.065   0.124   0.000    2.158  R      1.079  pd_aon  
  FE_RC_150_0/Y                                 -    INVX1            1  0.000  0.121   0.107   0.000    2.265  F      1.079  pd_aon  
  prects_FE_RC_3_0/Y                            -    NAND2X1          1  0.002  0.043   0.066   0.000    2.331  R      1.079  pd_aon  
  prects_FE_RC_2_0/Y                            -    NOR2X4           2  0.002  0.058   0.066   0.000    2.397  F      1.079  pd_aon  
  FE_RC_148_0/Y                                 -    NOR2X4           1  0.003  0.043   0.063   0.000    2.460  R      1.079  pd_aon  
  FE_RC_147_0/Y                                 -    OAI21X4          3  0.003  0.056   0.106   0.000    2.566  F      1.079  pd_aon  
  FE_RC_244_0/Y                                 -    NAND2X4          1  0.002  0.100   0.076   0.000    2.642  R      1.079  pd_aon  
  FE_RC_243_0/Y                                 -    NAND2X4          3  0.002  0.040   0.074   0.000    2.716  F      1.079  pd_aon  
  FE_RC_271_0/Y                                 -    NAND2X2          1  0.001  0.075   0.066   0.000    2.782  R      1.079  pd_aon  
  FE_RC_270_0/Y                                 -    NAND2X2          3  0.002  0.035   0.080   0.000    2.862  F      1.079  pd_aon  
  FE_RC_285_0/Y                                 -    NAND2X2          1  0.002  0.082   0.076   0.000    2.938  R      1.079  pd_aon  
  FE_RC_284_0/Y                                 -    NAND2X4          4  0.004  0.044   0.089   0.000    3.027  F      1.079  pd_aon  
  FE_RC_167_0/Y                                 -    NAND2BX1         1  0.001  0.090   0.087   0.000    3.114  R      1.079  pd_aon  
  prects_FE_RC_17_0/Y                           -    NAND2BX2         1  0.005  0.049   0.139   0.000    3.253  F      1.079  pd_aon  
  cts_FE_OFC1_result_o_30/Y                     -    CLKBUFX20        1  0.012  0.174   0.178   0.000    3.431  F      1.079  pd_aon  
  result_o[30]                                  -    -                1  0.012  0.043   0.000   0.000    3.431  F      1.070  pd_aon  
#-----------------------------------------------------------------------------------------------------------------------------------
Path 6: MET (0.022 ns) Late Output Delay Assertion
               View: slow_0p9v_125c_cmax_func
              Group: reg2out
         Startpoint: (R) operand_b_i_sr_reg_3/CK
              Clock: (R) clk_i
           Endpoint: (R) result_o[15]
              Clock: (R) clk_i_virtual

                       Capture       Launch
         Clock Edge:+    5.000        0.000
         Drv Adjust:+    0.000        0.011
        Src Latency:+    0.000       -0.137
        Net Latency:+    0.000 (I)    0.140 (P)
            Arrival:=    5.000        0.014

       Output Delay:-    1.500
        Uncertainty:-    0.055
        Cppr Adjust:+    0.000
      Required Time:=    3.445
       Launch Clock:=    0.014
          Data Path:+    3.409
              Slack:=    0.022

#---------------------------------------------------------------------------------------------------------------------------------
# Timing Point                                Net  Cell        Fanout   Load  Trans   Delay    Incr  Arrival  Edge  User    Power  
#                                                                       (pf)   (ns)    (ns)   Delay     (ns)        Derate  Domain  
#---------------------------------------------------------------------------------------------------------------------------------
  clk_i                                       -    (arrival)        1  0.004  0.050   0.000   0.000   -0.125  R     -       pd_aon  
  CTS_ccl_a_inv_00012/Y                       -    CLKINVX6         3  0.011  0.050   0.067   0.000   -0.058  F      1.030  pd_aon  
  CTS_ccl_a_inv_00007/Y                       -    CLKINVX6        24  0.014  0.067   0.072   0.000    0.014  R      1.030  pd_aon  
  operand_b_i_sr_reg_3/Q                      -    SDFFSRHQX4       6  0.011  0.068   0.329   0.000    0.343  R      1.079  pd_aon  
  prects_FE_OFC94_operand_b_i_sr_3/Y          -    CLKINVX8        12  0.009  0.075   0.074   0.000    0.417  F      1.079  pd_aon  
  WALLACE_CSA_DUMMY_OP_groupi_g3814__8246/Y   -    NOR2BX1          1  0.001  0.055   0.099   0.000    0.515  R      1.079  pd_aon  
  WALLACE_CSA_DUMMY_OP_groupi_g3513__8428/CO  -    ADDFX1           4  0.002  0.093   0.270   0.000    0.785  R      1.079  pd_aon  
  FE_RC_172_0/Y                               -    NAND2BXL         1  0.001  0.059   0.094   0.000    0.879  R      1.079  pd_aon  
  prects_FE_RC_41_0/Y                         -    OAI21X1          2  0.001  0.050   0.115   0.000    0.994  F      1.079  pd_aon  
  FE_RC_173_0/Y                               -    NAND2BX1         1  0.001  0.102   0.092   0.000    1.086  R      1.079  pd_aon  
  cts_FE_RC_19_0/Y                            -    OAI21X1          1  0.001  0.045   0.128   0.000    1.213  F      1.079  pd_aon  
  WALLACE_CSA_DUMMY_OP_groupi_g3410__5115/CO  -    ADDFHX1          1  0.001  0.130   0.242   0.000    1.455  F      1.079  pd_aon  
  WALLACE_CSA_DUMMY_OP_groupi_g3367__5122/S   -    ADDFHXL          3  0.002  0.060   0.318   0.000    1.773  R      1.079  pd_aon  
  WALLACE_CSA_DUMMY_OP_groupi_g3364__1617/Y   -    OAI21XL          1  0.001  0.081   0.151   0.000    1.923  F      1.079  pd_aon  
  WALLACE_CSA_DUMMY_OP_groupi_g3356__5107/Y   -    OAI2BB1X1        2  0.002  0.118   0.127   0.000    2.050  R      1.079  pd_aon  
  WALLACE_CSA_DUMMY_OP_groupi_g3343__7482/Y   -    AND2X1           3  0.002  0.082   0.179   0.000    2.229  R      1.079  pd_aon  
  WALLACE_CSA_DUMMY_OP_groupi_g3331__1705/Y   -    AOI21X1          1  0.001  0.047   0.125   0.000    2.354  F      1.079  pd_aon  
  FE_RC_79_0/Y                                -    OAI31X2          3  0.002  0.101   0.088   0.000    2.442  R      1.079  pd_aon  
  FE_RC_11_0/Y                                -    NAND2BX2         1  0.002  0.128   0.143   0.000    2.585  F      1.079  pd_aon  
  FE_RC_10_0/Y                                -    NAND2X4          2  0.002  0.100   0.077   0.000    2.662  R      1.079  pd_aon  
  FE_RC_184_0/Y                               -    NAND2X4          1  0.002  0.047   0.083   0.000    2.746  F      1.079  pd_aon  
  FE_RC_183_0/Y                               -    NAND3X4          3  0.002  0.073   0.064   0.000    2.810  R      1.079  pd_aon  
  FE_RC_58_0/Y                                -    NAND2X2          1  0.001  0.051   0.072   0.002    2.882  F      1.079  pd_aon  
  FE_RC_57_0/Y                                -    NAND2X2          1  0.001  0.068   0.049   0.000    2.931  R      1.079  pd_aon  
  WALLACE_CSA_DUMMY_OP_groupi_g3322__5107/CO  -    ADDFX1           2  0.002  0.029   0.214   0.000    3.145  R      1.079  pd_aon  
  FE_RC_280_0/Y                               -    NOR2BX2          1  0.001  0.065   0.065   0.000    3.210  F      1.079  pd_aon  
  cts_FE_RC_31_0/Y                            -    AOI21X2          1  0.002  0.037   0.080   0.000    3.291  R      1.079  pd_aon  
  cts_FE_OFC24_result_o_15/Y                  -    CLKBUFX16        1  0.010  0.079   0.133   0.000    3.423  R      1.079  pd_aon  
  result_o[15]                                -    -                1  0.010  0.040   0.000   0.000    3.423  R      1.070  pd_aon  
#---------------------------------------------------------------------------------------------------------------------------------
Path 7: MET (0.050 ns) Late Output Delay Assertion
               View: slow_0p9v_125c_cmax_func
              Group: reg2out
         Startpoint: (R) operand_b_i_sr_reg_5/CK
              Clock: (R) clk_i
           Endpoint: (R) result_o[14]
              Clock: (R) clk_i_virtual

                       Capture       Launch
         Clock Edge:+    5.000        0.000
         Drv Adjust:+    0.000        0.011
        Src Latency:+    0.000       -0.137
        Net Latency:+    0.000 (I)    0.140 (P)
            Arrival:=    5.000        0.014

       Output Delay:-    1.500
        Uncertainty:-    0.055
        Cppr Adjust:+    0.000
      Required Time:=    3.445
       Launch Clock:=    0.014
          Data Path:+    3.381
              Slack:=    0.050

#---------------------------------------------------------------------------------------------------------------------------------
# Timing Point                                Net  Cell        Fanout   Load  Trans   Delay    Incr  Arrival  Edge  User    Power  
#                                                                       (pf)   (ns)    (ns)   Delay     (ns)        Derate  Domain  
#---------------------------------------------------------------------------------------------------------------------------------
  clk_i                                       -    (arrival)        1  0.004  0.050   0.000   0.000   -0.125  R     -       pd_aon  
  CTS_ccl_a_inv_00012/Y                       -    CLKINVX6         3  0.011  0.050   0.067   0.000   -0.058  F      1.030  pd_aon  
  CTS_ccl_a_inv_00007/Y                       -    CLKINVX6        24  0.014  0.067   0.072   0.000    0.014  R      1.030  pd_aon  
  operand_b_i_sr_reg_5/Q                      -    SDFFSRHQX4      17  0.015  0.068   0.339   0.000    0.353  R      1.079  pd_aon  
  WALLACE_CSA_DUMMY_OP_groupi_g3683__5107/Y   -    AND2X1           1  0.002  0.091   0.185   0.000    0.538  R      1.079  pd_aon  
  WALLACE_CSA_DUMMY_OP_groupi_g3509__2398/CO  -    ADDFX1           4  0.002  0.048   0.249   0.000    0.786  R      1.079  pd_aon  
  FE_RC_172_0/Y                               -    NAND2BXL         1  0.001  0.073   0.122   0.000    0.909  F      1.079  pd_aon  
  prects_FE_RC_41_0/Y                         -    OAI21X1          2  0.001  0.098   0.095   0.000    1.003  R      1.079  pd_aon  
  FE_RC_173_0/Y                               -    NAND2BX1         1  0.001  0.088   0.111   0.000    1.114  F      1.079  pd_aon  
  cts_FE_RC_19_0/Y                            -    OAI21X1          1  0.001  0.075   0.083   0.000    1.197  R      1.079  pd_aon  
  WALLACE_CSA_DUMMY_OP_groupi_g3410__5115/CO  -    ADDFHX1          1  0.002  0.107   0.239   0.000    1.436  R      1.079  pd_aon  
  WALLACE_CSA_DUMMY_OP_groupi_g3367__5122/S   -    ADDFHXL          3  0.002  0.055   0.323   0.000    1.759  F      1.079  pd_aon  
  WALLACE_CSA_DUMMY_OP_groupi_g3364__1617/Y   -    OAI21XL          1  0.001  0.089   0.095   0.000    1.855  R      1.079  pd_aon  
  WALLACE_CSA_DUMMY_OP_groupi_g3356__5107/Y   -    OAI2BB1X1        2  0.002  0.094   0.176   0.000    2.030  F      1.079  pd_aon  
  WALLACE_CSA_DUMMY_OP_groupi_g3343__7482/Y   -    AND2X1           3  0.001  0.153   0.160   0.000    2.190  F      1.079  pd_aon  
  WALLACE_CSA_DUMMY_OP_groupi_g3331__1705/Y   -    AOI21X1          1  0.001  0.049   0.108   0.000    2.299  R      1.079  pd_aon  
  FE_RC_79_0/Y                                -    OAI31X2          3  0.002  0.082   0.146   0.000    2.444  F      1.079  pd_aon  
  FE_RC_11_0/Y                                -    NAND2BX2         1  0.002  0.113   0.097   0.000    2.541  R      1.079  pd_aon  
  FE_RC_10_0/Y                                -    NAND2X4          2  0.002  0.051   0.080   0.000    2.621  F      1.079  pd_aon  
  FE_RC_184_0/Y                               -    NAND2X4          1  0.002  0.069   0.062   0.000    2.683  R      1.079  pd_aon  
  FE_RC_183_0/Y                               -    NAND3X4          3  0.002  0.035   0.107   0.000    2.790  F      1.079  pd_aon  
  FE_RC_58_0/Y                                -    NAND2X2          1  0.001  0.119   0.082   0.000    2.871  R      1.079  pd_aon  
  FE_RC_57_0/Y                                -    NAND2X2          1  0.001  0.031   0.050   0.000    2.921  F      1.079  pd_aon  
  WALLACE_CSA_DUMMY_OP_groupi_g3322__5107/S   -    ADDFX1           1  0.002  0.056   0.345   0.000    3.266  R      1.079  pd_aon  
  FE_OFC72_result_o_14/Y                      -    CLKBUFX16        1  0.011  0.072   0.129   0.000    3.395  R      1.079  pd_aon  
  result_o[14]                                -    -                1  0.011  0.040   0.000   0.000    3.395  R      1.070  pd_aon  
#---------------------------------------------------------------------------------------------------------------------------------
Path 8: MET (0.056 ns) Late Output Delay Assertion
               View: slow_0p9v_125c_cmax_func
              Group: reg2out
         Startpoint: (R) operand_a_i_sr_reg_29/CK
              Clock: (R) clk_i
           Endpoint: (F) result_o[45]
              Clock: (R) clk_i_virtual

                       Capture       Launch
         Clock Edge:+    5.000        0.000
         Drv Adjust:+    0.000        0.011
        Src Latency:+    0.000       -0.137
        Net Latency:+    0.000 (I)    0.140 (P)
            Arrival:=    5.000        0.015

       Output Delay:-    1.500
        Uncertainty:-    0.055
        Cppr Adjust:+    0.000
      Required Time:=    3.445
       Launch Clock:=    0.015
          Data Path:+    3.374
              Slack:=    0.056

#-----------------------------------------------------------------------------------------------------------------------------------
# Timing Point                                  Net  Cell        Fanout   Load  Trans   Delay    Incr  Arrival  Edge  User    Power  
#                                                                         (pf)   (ns)    (ns)   Delay     (ns)        Derate  Domain  
#-----------------------------------------------------------------------------------------------------------------------------------
  clk_i                                         -    (arrival)        1  0.004  0.050   0.000   0.000   -0.125  R     -       pd_aon  
  CTS_ccl_a_inv_00012/Y                         -    CLKINVX6         3  0.011  0.050   0.067   0.000   -0.058  F      1.030  pd_aon  
  CTS_ccl_a_inv_00008/Y                         -    CLKINVX6        21  0.015  0.067   0.073   0.000    0.015  R      1.030  pd_aon  
  operand_a_i_sr_reg_29/Q                       -    SDFFSRHQX4      14  0.013  0.069   0.374   0.000    0.389  F      1.079  pd_aon  
  cts_FE_OFC47_operand_a_i_sr_29/Y              -    INVX1            4  0.003  0.100   0.104   0.001    0.493  R      1.079  pd_aon  
  WALLACE_CSA_DUMMY_OP_groupi58_g3687__5122/Y   -    NOR2XL           1  0.001  0.077   0.095   0.000    0.587  F      1.079  pd_aon  
  WALLACE_CSA_DUMMY_OP_groupi58_g3559__4733/S   -    ADDHX1           1  0.001  0.064   0.238   0.000    0.825  R      1.079  pd_aon  
  WALLACE_CSA_DUMMY_OP_groupi58_g3467__1617/S   -    ADDFX1           4  0.003  0.043   0.356   0.000    1.181  F      1.079  pd_aon  
  FE_RC_130_0/Y                                 -    NAND2BX1         1  0.001  0.092   0.086   0.000    1.268  R      1.079  pd_aon  
  FE_RC_128_0/Y                                 -    OAI21X1          2  0.001  0.042   0.112   0.000    1.380  F      1.079  pd_aon  
  FE_RC_131_0/Y                                 -    NAND2BXL         1  0.001  0.107   0.106   0.000    1.486  R      1.079  pd_aon  
  FE_RC_138_0/Y                                 -    OAI21X1          1  0.001  0.053   0.115   0.000    1.601  F      1.079  pd_aon  
  WALLACE_CSA_DUMMY_OP_groupi58_g3373__2883/S   -    ADDFXL           2  0.001  0.100   0.335   0.000    1.936  R      1.079  pd_aon  
  WALLACE_CSA_DUMMY_OP_groupi58_g3369__6161/Y   -    NAND2X1          2  0.001  0.062   0.110   0.000    2.046  F      1.079  pd_aon  
  prects_FE_RC_21_0/Y                           -    OAI21X2          1  0.001  0.098   0.066   0.000    2.112  R      1.079  pd_aon  
  WALLACE_CSA_DUMMY_OP_groupi58_g3334__4733/CO  -    ADDFX1           2  0.001  0.054   0.224   0.000    2.336  R      1.079  pd_aon  
  fopt3907/Y                                    -    INVX2            2  0.002  0.057   0.064   0.000    2.400  F      1.079  pd_aon  
  prects_FE_RC_40_0/Y                           -    OAI31X4          3  0.002  0.044   0.097   0.000    2.497  R      1.079  pd_aon  
  FE_RC_182_0/Y                                 -    NAND2BX2         1  0.001  0.094   0.106   0.000    2.603  F      1.079  pd_aon  
  FE_RC_180_0/Y                                 -    NAND2BX2         3  0.002  0.071   0.058   0.000    2.661  R      1.079  pd_aon  
  FE_RC_293_0/Y                                 -    NAND2X2          1  0.002  0.040   0.085   0.000    2.746  F      1.079  pd_aon  
  FE_RC_292_0/Y                                 -    NAND2X4          3  0.002  0.085   0.067   0.000    2.813  R      1.079  pd_aon  
  FE_RC_3_0/Y                                   -    NAND2X2          1  0.002  0.056   0.094   0.000    2.906  F      1.079  pd_aon  
  FE_RC_2_0/Y                                   -    NAND2X4          5  0.003  0.084   0.069   0.000    2.976  R      1.079  pd_aon  
  prects_FE_RC_6_0/Y                            -    OR2XL            1  0.001  0.048   0.085   0.000    3.061  R      1.079  pd_aon  
  prects_FE_RC_5_0/Y                            -    NAND2X1          1  0.003  0.034   0.142   0.004    3.203  F      1.079  pd_aon  
  prects_FE_OFC1_result_o_45/Y                  -    CLKBUFX20        1  0.011  0.189   0.186   0.000    3.389  F      1.079  pd_aon  
  result_o[45]                                  -    -                1  0.011  0.042   0.000   0.000    3.389  F      1.070  pd_aon  
#-----------------------------------------------------------------------------------------------------------------------------------
Path 9: MET (0.063 ns) Late Output Delay Assertion
               View: slow_0p9v_125c_cmax_func
              Group: reg2out
         Startpoint: (R) operand_a_i_sr_reg_25/CK
              Clock: (R) clk_i
           Endpoint: (F) result_o[62]
              Clock: (R) clk_i_virtual

                       Capture       Launch
         Clock Edge:+    5.000        0.000
         Drv Adjust:+    0.000        0.011
        Src Latency:+    0.000       -0.137
        Net Latency:+    0.000 (I)    0.140 (P)
            Arrival:=    5.000        0.015

       Output Delay:-    1.500
        Uncertainty:-    0.055
        Cppr Adjust:+    0.000
      Required Time:=    3.445
       Launch Clock:=    0.015
          Data Path:+    3.367
              Slack:=    0.063

#------------------------------------------------------------------------------------------------------------------------------------------
# Timing Point                                         Net  Cell        Fanout   Load  Trans   Delay    Incr  Arrival  Edge  User    Power  
#                                                                                (pf)   (ns)    (ns)   Delay     (ns)        Derate  Domain  
#------------------------------------------------------------------------------------------------------------------------------------------
  clk_i                                                -    (arrival)        1  0.004  0.050   0.000   0.000   -0.125  R     -       pd_aon  
  CTS_ccl_a_inv_00012/Y                                -    CLKINVX6         3  0.011  0.050   0.067   0.000   -0.058  F      1.030  pd_aon  
  CTS_ccl_a_inv_00008/Y                                -    CLKINVX6        21  0.015  0.067   0.073   0.000    0.015  R      1.030  pd_aon  
  operand_a_i_sr_reg_25/Q                              -    SDFFSRHQX2       1  0.004  0.069   0.295   0.000    0.310  R      1.079  pd_aon  
  FE_OFC170_operand_a_i_sr_25/Y                        -    CLKINVX8        17  0.015  0.056   0.075   0.000    0.384  F      1.079  pd_aon  
  FE_OFC172_operand_a_i_sr_25/Y                        -    INVXL            1  0.000  0.070   0.070   0.000    0.454  R      1.079  pd_aon  
  WALLACE_CSA_DUMMY_OP_groupi59_g3650__8428/Y          -    CLKAND2X2        3  0.001  0.031   0.113   0.000    0.567  R      1.079  pd_aon  
  WALLACE_CSA_DUMMY_OP_groupi59_g3598/Y                -    INVX1            2  0.001  0.030   0.046   0.000    0.613  F      1.079  pd_aon  
  WALLACE_CSA_DUMMY_OP_groupi59_g3576__6260/Y          -    NOR2XL           1  0.001  0.036   0.075   0.000    0.688  R      1.079  pd_aon  
  WALLACE_CSA_DUMMY_OP_groupi59_g3571__6417/Y          -    AOI21X1          2  0.001  0.074   0.085   0.000    0.773  F      1.079  pd_aon  
  WALLACE_CSA_DUMMY_OP_groupi59_g3553/Y                -    INVX1            1  0.000  0.116   0.096   0.000    0.870  R      1.079  pd_aon  
  WALLACE_CSA_DUMMY_OP_groupi59_g3551__7098/Y          -    NOR2X1           1  0.000  0.039   0.049   0.000    0.918  F      1.079  pd_aon  
  WALLACE_CSA_DUMMY_OP_groupi59_g3545__1617/Y          -    NOR2X1           3  0.001  0.045   0.088   0.000    1.006  R      1.079  pd_aon  
  WALLACE_CSA_DUMMY_OP_groupi59_g3487__2346/Y          -    NAND2X1          1  0.001  0.087   0.119   0.000    1.126  F      1.079  pd_aon  
  WALLACE_CSA_DUMMY_OP_groupi59_g3454__1666/Y          -    AOI21X1          3  0.002  0.071   0.126   0.005    1.252  R      1.079  pd_aon  
  prects_FE_RC_37_0/Y                                  -    NOR2BX1          1  0.001  0.113   0.160   0.000    1.412  R      1.079  pd_aon  
  prects_FE_RC_36_0/Y                                  -    AOI21X1          1  0.000  0.063   0.067   0.000    1.478  F      1.079  pd_aon  
  WALLACE_CSA_DUMMY_OP_groupi59_g3401__7098/Y          -    XNOR2X1          2  0.001  0.079   0.249   0.000    1.727  R      1.079  pd_aon  
  WALLACE_CSA_DUMMY_OP_groupi59_g3794__2346/Y          -    AND2X1           2  0.002  0.045   0.169   0.000    1.896  R      1.079  pd_aon  
  WALLACE_CSA_DUMMY_OP_groupi59_g3363__1705/Y          -    NOR3X4           2  0.002  0.066   0.079   0.000    1.975  F      1.079  pd_aon  
  FE_RC_267_0/Y                                        -    OAI21X4          3  0.003  0.053   0.083   0.000    2.058  R      1.079  pd_aon  
  FE_RC_254_0/Y                                        -    NAND2BX4         1  0.002  0.071   0.089   0.000    2.147  F      1.079  pd_aon  
  FE_RC_253_0/Y                                        -    NAND2X4          2  0.002  0.069   0.059   0.000    2.205  R      1.079  pd_aon  
  cts_FE_OFC26_WALLACE_CSA_DUMMY_OP_groupi59_n_490/Y   -    INVX2            2  0.003  0.048   0.062   0.000    2.268  F      1.079  pd_aon  
  FE_RC_20_0/Y                                         -    OAI31X4          2  0.002  0.050   0.105   0.000    2.373  R      1.079  pd_aon  
  FE_RC_116_0/Y                                        -    NAND2BX4         1  0.002  0.102   0.106   0.000    2.478  F      1.079  pd_aon  
  FE_RC_115_0/Y                                        -    NAND2X4          3  0.004  0.072   0.065   0.000    2.543  R      1.079  pd_aon  
  FE_RC_81_0/Y                                         -    NAND2X4          1  0.002  0.054   0.077   0.000    2.620  F      1.079  pd_aon  
  FE_RC_80_0/Y                                         -    NAND2X4          3  0.003  0.064   0.060   0.000    2.679  R      1.079  pd_aon  
  FE_RC_25_0/Y                                         -    NAND2X4          1  0.002  0.053   0.083   0.000    2.762  F      1.079  pd_aon  
  FE_RC_24_0/Y                                         -    NAND2X6          3  0.003  0.074   0.060   0.000    2.821  R      1.079  pd_aon  
  FE_RC_215_0/Y                                        -    NAND2X4          1  0.002  0.055   0.077   0.000    2.899  F      1.079  pd_aon  
  FE_RC_214_0/Y                                        -    NAND2X4          3  0.003  0.063   0.057   0.000    2.956  R      1.079  pd_aon  
  cts_FE_OCPC13_WALLACE_CSA_DUMMY_OP_groupi59_n_504/Y  -    BUFX2            1  0.002  0.062   0.123   0.000    3.079  R      1.079  pd_aon  
  cts_FE_RC_15_0/Y                                     -    OAI21X4          1  0.007  0.036   0.142   0.003    3.220  F      1.079  pd_aon  
  FE_OFC280_result_o_62/Y                              -    CLKBUFX16        1  0.010  0.144   0.162   0.000    3.382  F      1.079  pd_aon  
  result_o[62]                                         -    -                1  0.010  0.043   0.000   0.000    3.382  F      1.070  pd_aon  
#------------------------------------------------------------------------------------------------------------------------------------------
Path 10: MET (0.065 ns) Late Output Delay Assertion
               View: slow_0p9v_125c_cmax_func
              Group: reg2out
         Startpoint: (R) operand_b_i_sr_reg_9/CK
              Clock: (R) clk_i
           Endpoint: (F) result_o[29]
              Clock: (R) clk_i_virtual

                       Capture       Launch
         Clock Edge:+    5.000        0.000
         Drv Adjust:+    0.000        0.011
        Src Latency:+    0.000       -0.137
        Net Latency:+    0.000 (I)    0.139 (P)
            Arrival:=    5.000        0.014

       Output Delay:-    1.500
        Uncertainty:-    0.055
        Cppr Adjust:+    0.000
      Required Time:=    3.445
       Launch Clock:=    0.014
          Data Path:+    3.366
              Slack:=    0.065

#-----------------------------------------------------------------------------------------------------------------------------------
# Timing Point                                  Net  Cell        Fanout   Load  Trans   Delay    Incr  Arrival  Edge  User    Power  
#                                                                         (pf)   (ns)    (ns)   Delay     (ns)        Derate  Domain  
#-----------------------------------------------------------------------------------------------------------------------------------
  clk_i                                         -    (arrival)        1  0.004  0.050   0.000   0.000   -0.125  R     -       pd_aon  
  CTS_ccl_a_inv_00012/Y                         -    CLKINVX6         3  0.011  0.050   0.067   0.000   -0.058  F      1.030  pd_aon  
  CTS_ccl_a_inv_00007/Y                         -    CLKINVX6        24  0.014  0.067   0.072   0.000    0.014  R      1.030  pd_aon  
  operand_b_i_sr_reg_9/Q                        -    SDFFSRHQX4       3  0.004  0.068   0.307   0.000    0.321  R      1.079  pd_aon  
  prects_FE_OFC78_operand_b_i_sr_9/Y            -    INVX3           13  0.012  0.040   0.095   0.000    0.417  F      1.079  pd_aon  
  WALLACE_CSA_DUMMY_OP_groupi57_g3609__3680/Y   -    NOR2XL           1  0.001  0.114   0.159   0.005    0.576  R      1.079  pd_aon  
  WALLACE_CSA_DUMMY_OP_groupi57_g3522__6260/S   -    ADDFXL           1  0.001  0.157   0.333   0.000    0.909  F      1.079  pd_aon  
  WALLACE_CSA_DUMMY_OP_groupi57_g3438__2346/S   -    ADDFX1           1  0.001  0.075   0.342   0.000    1.251  R      1.079  pd_aon  
  WALLACE_CSA_DUMMY_OP_groupi57_g3410__5526/CO  -    ADDFX1           1  0.001  0.053   0.223   0.000    1.474  R      1.079  pd_aon  
  WALLACE_CSA_DUMMY_OP_groupi57_g3367__2398/CO  -    ADDFXL           1  0.002  0.056   0.233   0.000    1.707  R      1.079  pd_aon  
  WALLACE_CSA_DUMMY_OP_groupi57_g3345__1617/S   -    ADDFHXL          2  0.001  0.101   0.327   0.002    2.034  F      1.079  pd_aon  
  WALLACE_CSA_DUMMY_OP_groupi57_g3344__3680/Y   -    NOR2XL           3  0.001  0.065   0.124   0.000    2.158  R      1.079  pd_aon  
  FE_RC_150_0/Y                                 -    INVX1            1  0.000  0.121   0.107   0.000    2.265  F      1.079  pd_aon  
  prects_FE_RC_3_0/Y                            -    NAND2X1          1  0.002  0.043   0.066   0.000    2.331  R      1.079  pd_aon  
  prects_FE_RC_2_0/Y                            -    NOR2X4           2  0.002  0.058   0.066   0.000    2.397  F      1.079  pd_aon  
  FE_RC_148_0/Y                                 -    NOR2X4           1  0.003  0.043   0.063   0.000    2.460  R      1.079  pd_aon  
  FE_RC_147_0/Y                                 -    OAI21X4          3  0.003  0.056   0.106   0.000    2.566  F      1.079  pd_aon  
  FE_RC_244_0/Y                                 -    NAND2X4          1  0.002  0.100   0.076   0.000    2.642  R      1.079  pd_aon  
  FE_RC_243_0/Y                                 -    NAND2X4          3  0.002  0.040   0.074   0.000    2.716  F      1.079  pd_aon  
  FE_RC_271_0/Y                                 -    NAND2X2          1  0.001  0.075   0.066   0.000    2.782  R      1.079  pd_aon  
  FE_RC_270_0/Y                                 -    NAND2X2          3  0.002  0.035   0.080   0.000    2.862  F      1.079  pd_aon  
  FE_RC_291_0/Y                                 -    NAND2BXL         1  0.001  0.082   0.095   0.000    2.957  R      1.079  pd_aon  
  prects_FE_RC_15_0/Y                           -    NAND2X2          1  0.005  0.062   0.138   0.000    3.095  F      1.079  pd_aon  
  FE_OFC49_result_o_29/Y                        -    INVX2            1  0.002  0.161   0.109   0.000    3.204  R      1.079  pd_aon  
  FE_OFC50_result_o_29/Y                        -    INVX1            1  0.002  0.039   0.063   0.000    3.268  F      1.079  pd_aon  
  prects_FE_OFC8_result_o_29/Y                  -    CLKBUFX16        1  0.011  0.057   0.112   0.000    3.380  F      1.079  pd_aon  
  result_o[29]                                  -    -                1  0.011  0.042   0.000   0.000    3.380  F      1.070  pd_aon  
#-----------------------------------------------------------------------------------------------------------------------------------
Path 11: MET (0.067 ns) Late Output Delay Assertion
               View: slow_0p9v_125c_cmax_func
              Group: reg2out
         Startpoint: (R) operand_b_i_sr_reg_9/CK
              Clock: (R) clk_i
           Endpoint: (F) result_o[61]
              Clock: (R) clk_i_virtual

                       Capture       Launch
         Clock Edge:+    5.000        0.000
         Drv Adjust:+    0.000        0.011
        Src Latency:+    0.000       -0.137
        Net Latency:+    0.000 (I)    0.139 (P)
            Arrival:=    5.000        0.014

       Output Delay:-    1.500
        Uncertainty:-    0.055
        Cppr Adjust:+    0.000
      Required Time:=    3.445
       Launch Clock:=    0.014
          Data Path:+    3.364
              Slack:=    0.067

#-----------------------------------------------------------------------------------------------------------------------------------
# Timing Point                                  Net  Cell        Fanout   Load  Trans   Delay    Incr  Arrival  Edge  User    Power  
#                                                                         (pf)   (ns)    (ns)   Delay     (ns)        Derate  Domain  
#-----------------------------------------------------------------------------------------------------------------------------------
  clk_i                                         -    (arrival)        1  0.004  0.050   0.000   0.000   -0.125  R     -       pd_aon  
  CTS_ccl_a_inv_00012/Y                         -    CLKINVX6         3  0.011  0.050   0.067   0.000   -0.058  F      1.030  pd_aon  
  CTS_ccl_a_inv_00007/Y                         -    CLKINVX6        24  0.014  0.067   0.072   0.000    0.014  R      1.030  pd_aon  
  operand_b_i_sr_reg_9/Q                        -    SDFFSRHQX4       3  0.004  0.068   0.340   0.000    0.354  F      1.079  pd_aon  
  prects_FE_OFC78_operand_b_i_sr_9/Y            -    INVX3           13  0.012  0.045   0.086   0.000    0.440  R      1.079  pd_aon  
  cts_FE_OFC37_operand_b_i_sr_9/Y               -    INVX2            3  0.003  0.096   0.091   0.000    0.531  F      1.079  pd_aon  
  WALLACE_CSA_DUMMY_OP_groupi59_g3701__9945/Y   -    AND2XL           1  0.002  0.060   0.117   0.009    0.648  F      1.079  pd_aon  
  WALLACE_CSA_DUMMY_OP_groupi59_g3516__1705/CO  -    ADDFXL           1  0.001  0.119   0.225   0.000    0.873  F      1.079  pd_aon  
  WALLACE_CSA_DUMMY_OP_groupi59_g3443__6131/S   -    ADDFX1           1  0.002  0.063   0.340   0.000    1.213  R      1.079  pd_aon  
  WALLACE_CSA_DUMMY_OP_groupi59_g3397__1705/S   -    ADDFHXL          1  0.002  0.062   0.318   0.000    1.531  F      1.079  pd_aon  
  WALLACE_CSA_DUMMY_OP_groupi59_g3355__4319/S   -    ADDFHXL          3  0.002  0.073   0.321   0.000    1.853  R      1.079  pd_aon  
  WALLACE_CSA_DUMMY_OP_groupi59_g3346__2346/Y   -    CLKXOR2X1        2  0.001  0.074   0.178   0.001    2.031  F      1.079  pd_aon  
  WALLACE_CSA_DUMMY_OP_groupi59_g2__9945/Y      -    OR2X1            2  0.002  0.045   0.130   0.002    2.161  F      1.079  pd_aon  
  prects_FE_RC_8_0/Y                            -    AOI21X2          1  0.002  0.066   0.100   0.000    2.261  R      1.079  pd_aon  
  FE_RC_20_0/Y                                  -    OAI31X4          2  0.002  0.080   0.130   0.000    2.391  F      1.079  pd_aon  
  FE_RC_116_0/Y                                 -    NAND2BX4         1  0.002  0.097   0.074   0.000    2.465  R      1.079  pd_aon  
  FE_RC_115_0/Y                                 -    NAND2X4          3  0.003  0.038   0.082   0.000    2.547  F      1.079  pd_aon  
  FE_RC_81_0/Y                                  -    NAND2X4          1  0.002  0.087   0.068   0.000    2.615  R      1.079  pd_aon  
  FE_RC_80_0/Y                                  -    NAND2X4          3  0.003  0.040   0.082   0.000    2.698  F      1.079  pd_aon  
  FE_RC_25_0/Y                                  -    NAND2X4          1  0.003  0.085   0.070   0.000    2.767  R      1.079  pd_aon  
  FE_RC_24_0/Y                                  -    NAND2X6          3  0.003  0.044   0.074   0.000    2.841  F      1.079  pd_aon  
  FE_RC_213_0/Y                                 -    NAND2BXL         1  0.001  0.069   0.083   0.000    2.924  R      1.079  pd_aon  
  FE_RC_208_0/Y                                 -    OAI21X2          1  0.005  0.056   0.166   0.000    3.090  F      1.079  pd_aon  
  FE_OFC10_result_o_61/Y                        -    BUFX2            1  0.002  0.192   0.188   0.000    3.278  F      1.079  pd_aon  
  prects_FE_OFC6_result_o_61/Y                  -    CLKBUFX16        1  0.011  0.038   0.100   0.000    3.378  F      1.079  pd_aon  
  result_o[61]                                  -    -                1  0.011  0.042   0.000   0.000    3.378  F      1.070  pd_aon  
#-----------------------------------------------------------------------------------------------------------------------------------
Path 12: MET (0.089 ns) Late Output Delay Assertion
               View: slow_0p9v_125c_cmax_func
              Group: reg2out
         Startpoint: (R) operand_b_i_sr_reg_9/CK
              Clock: (R) clk_i
           Endpoint: (F) result_o[28]
              Clock: (R) clk_i_virtual

                       Capture       Launch
         Clock Edge:+    5.000        0.000
         Drv Adjust:+    0.000        0.011
        Src Latency:+    0.000       -0.137
        Net Latency:+    0.000 (I)    0.139 (P)
            Arrival:=    5.000        0.014

       Output Delay:-    1.500
        Uncertainty:-    0.055
        Cppr Adjust:+    0.000
      Required Time:=    3.445
       Launch Clock:=    0.014
          Data Path:+    3.342
              Slack:=    0.089

#-----------------------------------------------------------------------------------------------------------------------------------
# Timing Point                                  Net  Cell        Fanout   Load  Trans   Delay    Incr  Arrival  Edge  User    Power  
#                                                                         (pf)   (ns)    (ns)   Delay     (ns)        Derate  Domain  
#-----------------------------------------------------------------------------------------------------------------------------------
  clk_i                                         -    (arrival)        1  0.004  0.050   0.000   0.000   -0.125  R     -       pd_aon  
  CTS_ccl_a_inv_00012/Y                         -    CLKINVX6         3  0.011  0.050   0.067   0.000   -0.058  F      1.030  pd_aon  
  CTS_ccl_a_inv_00007/Y                         -    CLKINVX6        24  0.014  0.067   0.072   0.000    0.014  R      1.030  pd_aon  
  operand_b_i_sr_reg_9/Q                        -    SDFFSRHQX4       3  0.004  0.068   0.307   0.000    0.321  R      1.079  pd_aon  
  prects_FE_OFC78_operand_b_i_sr_9/Y            -    INVX3           13  0.012  0.040   0.095   0.000    0.417  F      1.079  pd_aon  
  WALLACE_CSA_DUMMY_OP_groupi57_g3609__3680/Y   -    NOR2XL           1  0.001  0.114   0.159   0.005    0.576  R      1.079  pd_aon  
  WALLACE_CSA_DUMMY_OP_groupi57_g3522__6260/S   -    ADDFXL           1  0.001  0.157   0.333   0.000    0.909  F      1.079  pd_aon  
  WALLACE_CSA_DUMMY_OP_groupi57_g3438__2346/S   -    ADDFX1           1  0.001  0.075   0.342   0.000    1.251  R      1.079  pd_aon  
  WALLACE_CSA_DUMMY_OP_groupi57_g3410__5526/CO  -    ADDFX1           1  0.001  0.053   0.223   0.000    1.474  R      1.079  pd_aon  
  WALLACE_CSA_DUMMY_OP_groupi57_g3367__2398/CO  -    ADDFXL           1  0.002  0.056   0.233   0.000    1.707  R      1.079  pd_aon  
  WALLACE_CSA_DUMMY_OP_groupi57_g3345__1617/S   -    ADDFHXL          2  0.001  0.101   0.327   0.002    2.034  F      1.079  pd_aon  
  WALLACE_CSA_DUMMY_OP_groupi57_g3344__3680/Y   -    NOR2XL           3  0.001  0.065   0.124   0.000    2.158  R      1.079  pd_aon  
  FE_RC_150_0/Y                                 -    INVX1            1  0.000  0.121   0.107   0.000    2.265  F      1.079  pd_aon  
  prects_FE_RC_3_0/Y                            -    NAND2X1          1  0.002  0.043   0.066   0.000    2.331  R      1.079  pd_aon  
  prects_FE_RC_2_0/Y                            -    NOR2X4           2  0.002  0.058   0.066   0.000    2.397  F      1.079  pd_aon  
  FE_RC_148_0/Y                                 -    NOR2X4           1  0.003  0.043   0.063   0.000    2.460  R      1.079  pd_aon  
  FE_RC_147_0/Y                                 -    OAI21X4          3  0.003  0.056   0.106   0.000    2.566  F      1.079  pd_aon  
  FE_RC_244_0/Y                                 -    NAND2X4          1  0.002  0.100   0.076   0.000    2.642  R      1.079  pd_aon  
  FE_RC_243_0/Y                                 -    NAND2X4          3  0.002  0.040   0.074   0.000    2.716  F      1.079  pd_aon  
  FE_RC_278_0/Y                                 -    NAND2BXL         1  0.001  0.075   0.081   0.000    2.796  R      1.079  pd_aon  
  FE_RC_274_0/Y                                 -    OAI21X1          1  0.002  0.046   0.142   0.000    2.938  F      1.079  pd_aon  
  FE_OFC52_result_o_28/Y                        -    INVX1            1  0.003  0.182   0.156   0.000    3.094  R      1.079  pd_aon  
  FE_OFC53_result_o_28/Y                        -    INVXL            1  0.002  0.089   0.126   0.000    3.220  F      1.079  pd_aon  
  prects_FE_OFC9_result_o_28/Y                  -    CLKBUFX16        1  0.011  0.096   0.136   0.000    3.356  F      1.079  pd_aon  
  result_o[28]                                  -    -                1  0.011  0.043   0.000   0.000    3.356  F      1.070  pd_aon  
#-----------------------------------------------------------------------------------------------------------------------------------
Path 13: MET (0.106 ns) Late Output Delay Assertion
               View: slow_0p9v_125c_cmax_func
              Group: reg2out
         Startpoint: (R) operand_a_i_sr_reg_13/CK
              Clock: (R) clk_i
           Endpoint: (F) result_o[26]
              Clock: (R) clk_i_virtual

                       Capture       Launch
         Clock Edge:+    5.000        0.000
         Drv Adjust:+    0.000        0.011
        Src Latency:+    0.000       -0.137
        Net Latency:+    0.000 (I)    0.138 (P)
            Arrival:=    5.000        0.012

       Output Delay:-    1.500
        Uncertainty:-    0.055
        Cppr Adjust:+    0.000
      Required Time:=    3.445
       Launch Clock:=    0.012
          Data Path:+    3.327
              Slack:=    0.106

#-----------------------------------------------------------------------------------------------------------------------------------
# Timing Point                                  Net  Cell        Fanout   Load  Trans   Delay    Incr  Arrival  Edge  User    Power  
#                                                                         (pf)   (ns)    (ns)   Delay     (ns)        Derate  Domain  
#-----------------------------------------------------------------------------------------------------------------------------------
  clk_i                                         -    (arrival)        1  0.004  0.050   0.000   0.000   -0.125  R     -       pd_aon  
  CTS_ccl_a_inv_00012/Y                         -    CLKINVX6         3  0.011  0.050   0.067   0.000   -0.058  F      1.030  pd_aon  
  CTS_ccl_a_inv_00009/Y                         -    CLKINVX6        20  0.013  0.067   0.071   0.000    0.012  R      1.030  pd_aon  
  operand_a_i_sr_reg_13/Q                       -    SDFFSRHQX4      14  0.014  0.065   0.336   0.000    0.348  R      1.079  pd_aon  
  prects_FE_OFC91_operand_a_i_sr_13/Y           -    INVX1            4  0.003  0.090   0.120   0.000    0.468  F      1.079  pd_aon  
  WALLACE_CSA_DUMMY_OP_groupi57_g3687__2883/Y   -    NOR2X1           3  0.001  0.097   0.125   0.000    0.593  R      1.079  pd_aon  
  FE_RC_139_0/Y                                 -    AND2XL           1  0.001  0.096   0.171   0.000    0.764  R      1.079  pd_aon  
  WALLACE_CSA_DUMMY_OP_groupi57_g3520__2398/CO  -    ADDFX1           3  0.002  0.057   0.229   0.000    0.993  R      1.079  pd_aon  
  WALLACE_CSA_DUMMY_OP_groupi57_g3452__1617/Y   -    XNOR3XL          1  0.001  0.060   0.344   0.000    1.337  F      1.079  pd_aon  
  WALLACE_CSA_DUMMY_OP_groupi57_g3389__4733/CO  -    ADDFX1           1  0.001  0.045   0.198   0.000    1.535  F      1.079  pd_aon  
  WALLACE_CSA_DUMMY_OP_groupi57_g3355__7482/CO  -    ADDFHXL          4  0.002  0.050   0.201   0.000    1.736  F      1.079  pd_aon  
  FE_RC_95_0/Y                                  -    NAND2BXL         1  0.000  0.071   0.074   0.000    1.810  R      1.079  pd_aon  
  FE_RC_93_0/Y                                  -    OAI21XL          2  0.001  0.037   0.151   0.000    1.961  F      1.079  pd_aon  
  FE_RC_96_0/Y                                  -    NAND2BXL         1  0.001  0.169   0.164   0.000    2.125  R      1.079  pd_aon  
  FE_RC_91_0/Y                                  -    OAI21X2          4  0.002  0.080   0.126   0.000    2.251  F      1.079  pd_aon  
  FE_RC_43_0/Y                                  -    NAND2BXL         1  0.000  0.097   0.091   0.000    2.343  R      1.079  pd_aon  
  FE_RC_41_0/Y                                  -    OAI21XL          2  0.002  0.039   0.185   0.000    2.527  F      1.079  pd_aon  
  FE_RC_45_0/Y                                  -    NAND2BXL         1  0.001  0.222   0.195   0.000    2.722  R      1.079  pd_aon  
  FE_RC_39_0/Y                                  -    NAND2BX1         1  0.001  0.072   0.117   0.000    2.839  F      1.079  pd_aon  
  FE_OFC58_result_o_26/Y                        -    INVXL            1  0.003  0.101   0.166   0.010    3.006  R      1.079  pd_aon  
  FE_OFC59_result_o_26/Y                        -    INVXL            1  0.002  0.143   0.183   0.000    3.188  F      1.079  pd_aon  
  prects_FE_OFC14_result_o_26/Y                 -    CLKBUFX16        1  0.010  0.122   0.151   0.000    3.339  F      1.079  pd_aon  
  result_o[26]                                  -    -                1  0.010  0.043   0.000   0.000    3.339  F      1.070  pd_aon  
#-----------------------------------------------------------------------------------------------------------------------------------
Path 14: MET (0.126 ns) Late Output Delay Assertion
               View: slow_0p9v_125c_cmax_scan_shift
              Group: clk_i_virtual
         Startpoint: (F) DFT_matmul_sync_lockup_latch_neg_edge/GN
              Clock: (F) clk_i
           Endpoint: (F) scan_out_matmul_sync_0
              Clock: (F) clk_i_virtual

                       Capture       Launch
         Clock Edge:+   15.000        5.000
         Drv Adjust:+    0.000        0.013
        Src Latency:+    0.000        0.361
        Net Latency:+    0.000 (I)    0.138 (P)
            Arrival:=   15.000        5.512

       Output Delay:-    8.500
        Uncertainty:-    0.205
        Cppr Adjust:+    0.000
      Required Time:=    6.295
       Launch Clock:=    5.512
          Data Path:+    0.657
              Slack:=    0.126

#------------------------------------------------------------------------------------------------------------------------------
# Timing Point                              Net  Cell       Fanout   Load  Trans   Delay    Incr  Arrival  Edge  User    Power  
#                                                                    (pf)   (ns)    (ns)   Delay     (ns)        Derate  Domain  
#------------------------------------------------------------------------------------------------------------------------------
  clk_i                                     -    (arrival)       1  0.003  0.054   0.000   0.000    5.374  F     -       pd_aon  
  CTS_ccl_a_inv_00012/Y                     -    CLKINVX6        3  0.012  0.054   0.061   0.000    5.435  R      1.030  pd_aon  
  CTS_ccl_a_inv_00007/Y                     -    CLKINVX6       24  0.014  0.057   0.077   0.000    5.512  F      1.030  pd_aon  
  DFT_matmul_sync_lockup_latch_neg_edge/Q   -    TLATNXL         1  0.001  0.080   0.288   0.000    5.801  F      1.079  pd_aon  
  FE_OFC91_scan_out_matmul_sync_0/Y         -    INVX1           1  0.003  0.038   0.093   0.013    5.893  R      1.079  pd_aon  
  FE_OFC92_scan_out_matmul_sync_0/Y         -    INVXL           1  0.002  0.085   0.132   0.000    6.025  F      1.079  pd_aon  
  prects_FE_OFC55_scan_out_matmul_sync_0/Y  -    CLKBUFX16       1  0.011  0.108   0.144   0.000    6.169  F      1.079  pd_aon  
  scan_out_matmul_sync_0                    -    -               1  0.011  0.044   0.000   0.000    6.169  F      1.070  pd_aon  
#------------------------------------------------------------------------------------------------------------------------------
Path 15: MET (0.148 ns) Late Output Delay Assertion
               View: slow_0p9v_125c_cmax_func
              Group: reg2out
         Startpoint: (R) operand_b_i_sr_reg_9/CK
              Clock: (R) clk_i
           Endpoint: (F) result_o[27]
              Clock: (R) clk_i_virtual

                       Capture       Launch
         Clock Edge:+    5.000        0.000
         Drv Adjust:+    0.000        0.011
        Src Latency:+    0.000       -0.137
        Net Latency:+    0.000 (I)    0.139 (P)
            Arrival:=    5.000        0.014

       Output Delay:-    1.500
        Uncertainty:-    0.055
        Cppr Adjust:+    0.000
      Required Time:=    3.445
       Launch Clock:=    0.014
          Data Path:+    3.283
              Slack:=    0.148

#-----------------------------------------------------------------------------------------------------------------------------------
# Timing Point                                  Net  Cell        Fanout   Load  Trans   Delay    Incr  Arrival  Edge  User    Power  
#                                                                         (pf)   (ns)    (ns)   Delay     (ns)        Derate  Domain  
#-----------------------------------------------------------------------------------------------------------------------------------
  clk_i                                         -    (arrival)        1  0.004  0.050   0.000   0.000   -0.125  R     -       pd_aon  
  CTS_ccl_a_inv_00012/Y                         -    CLKINVX6         3  0.011  0.050   0.067   0.000   -0.058  F      1.030  pd_aon  
  CTS_ccl_a_inv_00007/Y                         -    CLKINVX6        24  0.014  0.067   0.072   0.000    0.014  R      1.030  pd_aon  
  operand_b_i_sr_reg_9/Q                        -    SDFFSRHQX4       3  0.004  0.068   0.307   0.000    0.321  R      1.079  pd_aon  
  prects_FE_OFC78_operand_b_i_sr_9/Y            -    INVX3           13  0.012  0.040   0.095   0.000    0.417  F      1.079  pd_aon  
  WALLACE_CSA_DUMMY_OP_groupi57_g3609__3680/Y   -    NOR2XL           1  0.001  0.114   0.159   0.005    0.576  R      1.079  pd_aon  
  WALLACE_CSA_DUMMY_OP_groupi57_g3522__6260/S   -    ADDFXL           1  0.001  0.157   0.333   0.000    0.909  F      1.079  pd_aon  
  WALLACE_CSA_DUMMY_OP_groupi57_g3438__2346/S   -    ADDFX1           1  0.001  0.075   0.342   0.000    1.251  R      1.079  pd_aon  
  WALLACE_CSA_DUMMY_OP_groupi57_g3410__5526/CO  -    ADDFX1           1  0.001  0.053   0.223   0.000    1.474  R      1.079  pd_aon  
  WALLACE_CSA_DUMMY_OP_groupi57_g3367__2398/CO  -    ADDFXL           1  0.002  0.056   0.233   0.000    1.707  R      1.079  pd_aon  
  WALLACE_CSA_DUMMY_OP_groupi57_g3345__1617/S   -    ADDFHXL          2  0.001  0.101   0.327   0.002    2.034  F      1.079  pd_aon  
  WALLACE_CSA_DUMMY_OP_groupi57_g3344__3680/Y   -    NOR2XL           3  0.001  0.065   0.124   0.000    2.158  R      1.079  pd_aon  
  FE_RC_150_0/Y                                 -    INVX1            1  0.000  0.121   0.107   0.000    2.265  F      1.079  pd_aon  
  prects_FE_RC_3_0/Y                            -    NAND2X1          1  0.002  0.043   0.066   0.000    2.331  R      1.079  pd_aon  
  prects_FE_RC_2_0/Y                            -    NOR2X4           2  0.002  0.058   0.066   0.000    2.397  F      1.079  pd_aon  
  FE_RC_148_0/Y                                 -    NOR2X4           1  0.003  0.043   0.063   0.000    2.460  R      1.079  pd_aon  
  FE_RC_147_0/Y                                 -    OAI21X4          3  0.003  0.056   0.106   0.000    2.566  F      1.079  pd_aon  
  FE_RC_252_0/Y                                 -    NAND2BXL         1  0.001  0.100   0.109   0.006    2.675  R      1.079  pd_aon  
  FE_RC_247_0/Y                                 -    OAI21X1          1  0.002  0.055   0.154   0.000    2.829  F      1.079  pd_aon  
  FE_OFC55_result_o_27/Y                        -    INVX1            1  0.004  0.160   0.185   0.017    3.014  R      1.079  pd_aon  
  FE_OFC56_result_o_27/Y                        -    INVXL            1  0.002  0.112   0.145   0.000    3.159  F      1.079  pd_aon  
  prects_FE_OFC16_result_o_27/Y                 -    CLKBUFX16        1  0.010  0.100   0.138   0.000    3.297  F      1.079  pd_aon  
  result_o[27]                                  -    -                1  0.010  0.042   0.000   0.000    3.297  F      1.070  pd_aon  
#-----------------------------------------------------------------------------------------------------------------------------------
Path 16: MET (0.160 ns) Late Output Delay Assertion
               View: slow_0p9v_125c_cmax_func
              Group: reg2out
         Startpoint: (R) operand_b_i_sr_reg_9/CK
              Clock: (R) clk_i
           Endpoint: (F) result_o[58]
              Clock: (R) clk_i_virtual

                       Capture       Launch
         Clock Edge:+    5.000        0.000
         Drv Adjust:+    0.000        0.011
        Src Latency:+    0.000       -0.137
        Net Latency:+    0.000 (I)    0.139 (P)
            Arrival:=    5.000        0.014

       Output Delay:-    1.500
        Uncertainty:-    0.055
        Cppr Adjust:+    0.000
      Required Time:=    3.445
       Launch Clock:=    0.014
          Data Path:+    3.272
              Slack:=    0.160

#-----------------------------------------------------------------------------------------------------------------------------------------
# Timing Point                                        Net  Cell        Fanout   Load  Trans   Delay    Incr  Arrival  Edge  User    Power  
#                                                                               (pf)   (ns)    (ns)   Delay     (ns)        Derate  Domain  
#-----------------------------------------------------------------------------------------------------------------------------------------
  clk_i                                               -    (arrival)        1  0.004  0.050   0.000   0.000   -0.125  R     -       pd_aon  
  CTS_ccl_a_inv_00012/Y                               -    CLKINVX6         3  0.011  0.050   0.067   0.000   -0.058  F      1.030  pd_aon  
  CTS_ccl_a_inv_00007/Y                               -    CLKINVX6        24  0.014  0.067   0.072   0.000    0.014  R      1.030  pd_aon  
  operand_b_i_sr_reg_9/Q                              -    SDFFSRHQX4       3  0.004  0.068   0.340   0.000    0.354  F      1.079  pd_aon  
  prects_FE_OFC78_operand_b_i_sr_9/Y                  -    INVX3           13  0.012  0.045   0.086   0.000    0.440  R      1.079  pd_aon  
  cts_FE_OFC37_operand_b_i_sr_9/Y                     -    INVX2            3  0.003  0.096   0.091   0.000    0.531  F      1.079  pd_aon  
  WALLACE_CSA_DUMMY_OP_groupi59_g3701__9945/Y         -    AND2XL           1  0.002  0.060   0.117   0.009    0.648  F      1.079  pd_aon  
  WALLACE_CSA_DUMMY_OP_groupi59_g3516__1705/CO        -    ADDFXL           1  0.001  0.119   0.225   0.000    0.873  F      1.079  pd_aon  
  WALLACE_CSA_DUMMY_OP_groupi59_g3443__6131/S         -    ADDFX1           1  0.002  0.063   0.340   0.000    1.213  R      1.079  pd_aon  
  WALLACE_CSA_DUMMY_OP_groupi59_g3397__1705/S         -    ADDFHXL          1  0.002  0.062   0.318   0.000    1.531  F      1.079  pd_aon  
  WALLACE_CSA_DUMMY_OP_groupi59_g3355__4319/S         -    ADDFHXL          3  0.002  0.073   0.321   0.000    1.853  R      1.079  pd_aon  
  WALLACE_CSA_DUMMY_OP_groupi59_g3346__2346/Y         -    CLKXOR2X1        2  0.001  0.074   0.178   0.001    2.031  F      1.079  pd_aon  
  WALLACE_CSA_DUMMY_OP_groupi59_g2__9945/Y            -    OR2X1            2  0.002  0.045   0.130   0.002    2.161  F      1.079  pd_aon  
  prects_FE_RC_8_0/Y                                  -    AOI21X2          1  0.002  0.066   0.100   0.000    2.261  R      1.079  pd_aon  
  FE_RC_20_0/Y                                        -    OAI31X4          2  0.002  0.080   0.130   0.000    2.391  F      1.079  pd_aon  
  cts_FE_OFC25_WALLACE_CSA_DUMMY_OP_groupi59_n_496/Y  -    INVX1            2  0.001  0.097   0.090   0.003    2.481  R      1.079  pd_aon  
  FE_RC_124_0/Y                                       -    OR2XL            1  0.001  0.040   0.097   0.004    2.578  R      1.079  pd_aon  
  FE_RC_119_0/Y                                       -    OAI2BB1X1        1  0.002  0.034   0.177   0.042    2.754  F      1.079  pd_aon  
  FE_OFC16_result_o_58/Y                              -    INVXL            1  0.002  0.148   0.233   0.075    2.987  R      1.079  pd_aon  
  FE_OFC17_result_o_58/Y                              -    INVXL            1  0.002  0.122   0.156   0.000    3.143  F      1.079  pd_aon  
  FE_OFC115_result_o_58/Y                             -    CLKBUFX16        1  0.011  0.107   0.142   0.000    3.285  F      1.079  pd_aon  
  result_o[58]                                        -    -                1  0.011  0.043   0.000   0.000    3.285  F      1.070  pd_aon  
#-----------------------------------------------------------------------------------------------------------------------------------------
Path 17: MET (0.178 ns) Late Output Delay Assertion
               View: slow_0p9v_125c_cmax_func
              Group: reg2out
         Startpoint: (R) operand_b_i_sr_reg_5/CK
              Clock: (R) clk_i
           Endpoint: (F) result_o[13]
              Clock: (R) clk_i_virtual

                       Capture       Launch
         Clock Edge:+    5.000        0.000
         Drv Adjust:+    0.000        0.011
        Src Latency:+    0.000       -0.137
        Net Latency:+    0.000 (I)    0.140 (P)
            Arrival:=    5.000        0.014

       Output Delay:-    1.500
        Uncertainty:-    0.055
        Cppr Adjust:+    0.000
      Required Time:=    3.445
       Launch Clock:=    0.014
          Data Path:+    3.253
              Slack:=    0.178

#---------------------------------------------------------------------------------------------------------------------------------
# Timing Point                                Net  Cell        Fanout   Load  Trans   Delay    Incr  Arrival  Edge  User    Power  
#                                                                       (pf)   (ns)    (ns)   Delay     (ns)        Derate  Domain  
#---------------------------------------------------------------------------------------------------------------------------------
  clk_i                                       -    (arrival)        1  0.004  0.050   0.000   0.000   -0.125  R     -       pd_aon  
  CTS_ccl_a_inv_00012/Y                       -    CLKINVX6         3  0.011  0.050   0.067   0.000   -0.058  F      1.030  pd_aon  
  CTS_ccl_a_inv_00007/Y                       -    CLKINVX6        24  0.014  0.067   0.072   0.000    0.014  R      1.030  pd_aon  
  operand_b_i_sr_reg_5/Q                      -    SDFFSRHQX4      17  0.015  0.068   0.339   0.000    0.353  R      1.079  pd_aon  
  WALLACE_CSA_DUMMY_OP_groupi_g3683__5107/Y   -    AND2X1           1  0.002  0.091   0.185   0.000    0.538  R      1.079  pd_aon  
  WALLACE_CSA_DUMMY_OP_groupi_g3509__2398/CO  -    ADDFX1           4  0.002  0.048   0.249   0.000    0.786  R      1.079  pd_aon  
  FE_RC_172_0/Y                               -    NAND2BXL         1  0.001  0.073   0.122   0.000    0.909  F      1.079  pd_aon  
  prects_FE_RC_41_0/Y                         -    OAI21X1          2  0.001  0.098   0.095   0.000    1.003  R      1.079  pd_aon  
  FE_RC_173_0/Y                               -    NAND2BX1         1  0.001  0.088   0.111   0.000    1.114  F      1.079  pd_aon  
  cts_FE_RC_19_0/Y                            -    OAI21X1          1  0.001  0.075   0.083   0.000    1.197  R      1.079  pd_aon  
  WALLACE_CSA_DUMMY_OP_groupi_g3410__5115/CO  -    ADDFHX1          1  0.002  0.107   0.239   0.000    1.436  R      1.079  pd_aon  
  WALLACE_CSA_DUMMY_OP_groupi_g3367__5122/S   -    ADDFHXL          3  0.002  0.055   0.323   0.000    1.759  F      1.079  pd_aon  
  WALLACE_CSA_DUMMY_OP_groupi_g3364__1617/Y   -    OAI21XL          1  0.001  0.089   0.095   0.000    1.855  R      1.079  pd_aon  
  WALLACE_CSA_DUMMY_OP_groupi_g3356__5107/Y   -    OAI2BB1X1        2  0.002  0.094   0.176   0.000    2.030  F      1.079  pd_aon  
  WALLACE_CSA_DUMMY_OP_groupi_g3343__7482/Y   -    AND2X1           3  0.001  0.153   0.160   0.000    2.190  F      1.079  pd_aon  
  WALLACE_CSA_DUMMY_OP_groupi_g3331__1705/Y   -    AOI21X1          1  0.001  0.049   0.108   0.000    2.299  R      1.079  pd_aon  
  FE_RC_79_0/Y                                -    OAI31X2          3  0.002  0.082   0.146   0.000    2.444  F      1.079  pd_aon  
  FE_RC_11_0/Y                                -    NAND2BX2         1  0.002  0.113   0.097   0.000    2.541  R      1.079  pd_aon  
  FE_RC_10_0/Y                                -    NAND2X4          2  0.002  0.051   0.080   0.000    2.621  F      1.079  pd_aon  
  FE_RC_184_0/Y                               -    NAND2X4          1  0.002  0.069   0.062   0.000    2.683  R      1.079  pd_aon  
  FE_RC_183_0/Y                               -    NAND3X4          3  0.002  0.035   0.107   0.000    2.790  F      1.079  pd_aon  
  FE_RC_64_0/Y                                -    NAND2BXL         1  0.000  0.119   0.108   0.000    2.898  R      1.079  pd_aon  
  FE_RC_61_0/Y                                -    OAI21XL          1  0.001  0.043   0.123   0.000    3.021  F      1.079  pd_aon  
  FE_OFC73_result_o_13/Y                      -    BUFX2            1  0.002  0.117   0.145   0.000    3.166  F      1.079  pd_aon  
  prects_FE_OFC13_result_o_13/Y               -    CLKBUFX16        1  0.010  0.038   0.100   0.000    3.267  F      1.079  pd_aon  
  result_o[13]                                -    -                1  0.010  0.041   0.000   0.000    3.267  F      1.070  pd_aon  
#---------------------------------------------------------------------------------------------------------------------------------
Path 18: MET (0.187 ns) Late Output Delay Assertion
               View: slow_0p9v_125c_cmax_func
              Group: reg2out
         Startpoint: (R) operand_b_i_sr_reg_9/CK
              Clock: (R) clk_i
           Endpoint: (F) result_o[60]
              Clock: (R) clk_i_virtual

                       Capture       Launch
         Clock Edge:+    5.000        0.000
         Drv Adjust:+    0.000        0.011
        Src Latency:+    0.000       -0.137
        Net Latency:+    0.000 (I)    0.139 (P)
            Arrival:=    5.000        0.014

       Output Delay:-    1.500
        Uncertainty:-    0.055
        Cppr Adjust:+    0.000
      Required Time:=    3.445
       Launch Clock:=    0.014
          Data Path:+    3.244
              Slack:=    0.187

#-----------------------------------------------------------------------------------------------------------------------------------
# Timing Point                                  Net  Cell        Fanout   Load  Trans   Delay    Incr  Arrival  Edge  User    Power  
#                                                                         (pf)   (ns)    (ns)   Delay     (ns)        Derate  Domain  
#-----------------------------------------------------------------------------------------------------------------------------------
  clk_i                                         -    (arrival)        1  0.004  0.050   0.000   0.000   -0.125  R     -       pd_aon  
  CTS_ccl_a_inv_00012/Y                         -    CLKINVX6         3  0.011  0.050   0.067   0.000   -0.058  F      1.030  pd_aon  
  CTS_ccl_a_inv_00007/Y                         -    CLKINVX6        24  0.014  0.067   0.072   0.000    0.014  R      1.030  pd_aon  
  operand_b_i_sr_reg_9/Q                        -    SDFFSRHQX4       3  0.004  0.068   0.340   0.000    0.354  F      1.079  pd_aon  
  prects_FE_OFC78_operand_b_i_sr_9/Y            -    INVX3           13  0.012  0.045   0.086   0.000    0.440  R      1.079  pd_aon  
  cts_FE_OFC37_operand_b_i_sr_9/Y               -    INVX2            3  0.003  0.096   0.091   0.000    0.531  F      1.079  pd_aon  
  WALLACE_CSA_DUMMY_OP_groupi59_g3701__9945/Y   -    AND2XL           1  0.002  0.060   0.117   0.009    0.648  F      1.079  pd_aon  
  WALLACE_CSA_DUMMY_OP_groupi59_g3516__1705/CO  -    ADDFXL           1  0.001  0.119   0.225   0.000    0.873  F      1.079  pd_aon  
  WALLACE_CSA_DUMMY_OP_groupi59_g3443__6131/S   -    ADDFX1           1  0.002  0.063   0.340   0.000    1.213  R      1.079  pd_aon  
  WALLACE_CSA_DUMMY_OP_groupi59_g3397__1705/S   -    ADDFHXL          1  0.002  0.062   0.318   0.000    1.531  F      1.079  pd_aon  
  WALLACE_CSA_DUMMY_OP_groupi59_g3355__4319/S   -    ADDFHXL          3  0.002  0.073   0.321   0.000    1.853  R      1.079  pd_aon  
  WALLACE_CSA_DUMMY_OP_groupi59_g3346__2346/Y   -    CLKXOR2X1        2  0.001  0.074   0.178   0.001    2.031  F      1.079  pd_aon  
  WALLACE_CSA_DUMMY_OP_groupi59_g2__9945/Y      -    OR2X1            2  0.002  0.045   0.130   0.002    2.161  F      1.079  pd_aon  
  prects_FE_RC_8_0/Y                            -    AOI21X2          1  0.002  0.066   0.100   0.000    2.261  R      1.079  pd_aon  
  FE_RC_20_0/Y                                  -    OAI31X4          2  0.002  0.080   0.130   0.000    2.391  F      1.079  pd_aon  
  FE_RC_116_0/Y                                 -    NAND2BX4         1  0.002  0.097   0.074   0.000    2.465  R      1.079  pd_aon  
  FE_RC_115_0/Y                                 -    NAND2X4          3  0.003  0.038   0.082   0.000    2.547  F      1.079  pd_aon  
  FE_RC_81_0/Y                                  -    NAND2X4          1  0.002  0.087   0.068   0.000    2.615  R      1.079  pd_aon  
  FE_RC_80_0/Y                                  -    NAND2X4          3  0.003  0.040   0.082   0.000    2.698  F      1.079  pd_aon  
  FE_RC_31_0/Y                                  -    NAND2BXL         1  0.001  0.085   0.095   0.000    2.793  R      1.079  pd_aon  
  FE_RC_28_0/Y                                  -    OAI21X2          1  0.003  0.059   0.166   0.026    2.958  F      1.079  pd_aon  
  FE_OFC11_result_o_60/Y                        -    BUFX2            1  0.004  0.137   0.181   0.006    3.139  F      1.079  pd_aon  
  FE_OFC12_result_o_60/Y                        -    CLKBUFX16        1  0.010  0.068   0.118   0.000    3.258  F      1.079  pd_aon  
  result_o[60]                                  -    -                1  0.010  0.042   0.000   0.000    3.258  F      1.070  pd_aon  
#-----------------------------------------------------------------------------------------------------------------------------------
Path 19: MET (0.212 ns) Late Output Delay Assertion
               View: slow_0p9v_125c_cmax_func
              Group: reg2out
         Startpoint: (R) operand_b_i_sr_reg_3/CK
              Clock: (R) clk_i
           Endpoint: (R) result_o[12]
              Clock: (R) clk_i_virtual

                       Capture       Launch
         Clock Edge:+    5.000        0.000
         Drv Adjust:+    0.000        0.011
        Src Latency:+    0.000       -0.137
        Net Latency:+    0.000 (I)    0.140 (P)
            Arrival:=    5.000        0.014

       Output Delay:-    1.500
        Uncertainty:-    0.055
        Cppr Adjust:+    0.000
      Required Time:=    3.445
       Launch Clock:=    0.014
          Data Path:+    3.219
              Slack:=    0.212

#------------------------------------------------------------------------------------------------------------------------------------------
# Timing Point                                         Net  Cell        Fanout   Load  Trans   Delay    Incr  Arrival  Edge  User    Power  
#                                                                                (pf)   (ns)    (ns)   Delay     (ns)        Derate  Domain  
#------------------------------------------------------------------------------------------------------------------------------------------
  clk_i                                                -    (arrival)        1  0.004  0.050   0.000   0.000   -0.125  R     -       pd_aon  
  CTS_ccl_a_inv_00012/Y                                -    CLKINVX6         3  0.011  0.050   0.067   0.000   -0.058  F      1.030  pd_aon  
  CTS_ccl_a_inv_00007/Y                                -    CLKINVX6        24  0.014  0.067   0.072   0.000    0.014  R      1.030  pd_aon  
  operand_b_i_sr_reg_3/Q                               -    SDFFSRHQX4       6  0.011  0.068   0.329   0.000    0.343  R      1.079  pd_aon  
  prects_FE_OFC94_operand_b_i_sr_3/Y                   -    CLKINVX8        12  0.009  0.075   0.074   0.000    0.417  F      1.079  pd_aon  
  WALLACE_CSA_DUMMY_OP_groupi_g3814__8246/Y            -    NOR2BX1          1  0.001  0.055   0.099   0.000    0.515  R      1.079  pd_aon  
  WALLACE_CSA_DUMMY_OP_groupi_g3513__8428/CO           -    ADDFX1           4  0.002  0.093   0.270   0.000    0.785  R      1.079  pd_aon  
  FE_RC_172_0/Y                                        -    NAND2BXL         1  0.001  0.059   0.094   0.000    0.879  R      1.079  pd_aon  
  prects_FE_RC_41_0/Y                                  -    OAI21X1          2  0.001  0.050   0.115   0.000    0.994  F      1.079  pd_aon  
  FE_RC_173_0/Y                                        -    NAND2BX1         1  0.001  0.102   0.092   0.000    1.086  R      1.079  pd_aon  
  cts_FE_RC_19_0/Y                                     -    OAI21X1          1  0.001  0.045   0.128   0.000    1.213  F      1.079  pd_aon  
  WALLACE_CSA_DUMMY_OP_groupi_g3410__5115/CO           -    ADDFHX1          1  0.001  0.130   0.242   0.000    1.455  F      1.079  pd_aon  
  WALLACE_CSA_DUMMY_OP_groupi_g3367__5122/S            -    ADDFHXL          3  0.002  0.060   0.318   0.000    1.773  R      1.079  pd_aon  
  WALLACE_CSA_DUMMY_OP_groupi_g3364__1617/Y            -    OAI21XL          1  0.001  0.081   0.151   0.000    1.923  F      1.079  pd_aon  
  WALLACE_CSA_DUMMY_OP_groupi_g3356__5107/Y            -    OAI2BB1X1        2  0.002  0.118   0.127   0.000    2.050  R      1.079  pd_aon  
  WALLACE_CSA_DUMMY_OP_groupi_g3343__7482/Y            -    AND2X1           3  0.002  0.082   0.179   0.000    2.229  R      1.079  pd_aon  
  WALLACE_CSA_DUMMY_OP_groupi_g3331__1705/Y            -    AOI21X1          1  0.001  0.047   0.125   0.000    2.354  F      1.079  pd_aon  
  FE_RC_79_0/Y                                         -    OAI31X2          3  0.002  0.101   0.088   0.000    2.442  R      1.079  pd_aon  
  FE_RC_11_0/Y                                         -    NAND2BX2         1  0.002  0.128   0.143   0.000    2.585  F      1.079  pd_aon  
  FE_RC_10_0/Y                                         -    NAND2X4          2  0.002  0.100   0.077   0.000    2.662  R      1.079  pd_aon  
  prects_FE_OCPC2_WALLACE_CSA_DUMMY_OP_groupi_n_498/Y  -    BUFX2            4  0.002  0.047   0.113   0.000    2.776  R      1.079  pd_aon  
  FE_RC_203_0/Y                                        -    AOI22XL          1  0.000  0.035   0.098   0.000    2.873  F      1.079  pd_aon  
  FE_RC_196_0/Y                                        -    OAI21XL          1  0.000  0.134   0.123   0.000    2.997  R      1.079  pd_aon  
  FE_OFC74_result_o_12/Y                               -    BUFX2            1  0.002  0.075   0.131   0.000    3.127  R      1.079  pd_aon  
  prects_FE_OFC12_result_o_12/Y                        -    CLKBUFX16        1  0.010  0.034   0.105   0.000    3.233  R      1.079  pd_aon  
  result_o[12]                                         -    -                1  0.010  0.039   0.000   0.000    3.233  R      1.070  pd_aon  
#------------------------------------------------------------------------------------------------------------------------------------------
Path 20: MET (0.222 ns) Late Output Delay Assertion
               View: slow_0p9v_125c_cmax_func
              Group: reg2out
         Startpoint: (R) operand_a_i_sr_reg_29/CK
              Clock: (R) clk_i
           Endpoint: (F) result_o[44]
              Clock: (R) clk_i_virtual

                       Capture       Launch
         Clock Edge:+    5.000        0.000
         Drv Adjust:+    0.000        0.011
        Src Latency:+    0.000       -0.137
        Net Latency:+    0.000 (I)    0.140 (P)
            Arrival:=    5.000        0.015

       Output Delay:-    1.500
        Uncertainty:-    0.055
        Cppr Adjust:+    0.000
      Required Time:=    3.445
       Launch Clock:=    0.015
          Data Path:+    3.209
              Slack:=    0.222

#-----------------------------------------------------------------------------------------------------------------------------------
# Timing Point                                  Net  Cell        Fanout   Load  Trans   Delay    Incr  Arrival  Edge  User    Power  
#                                                                         (pf)   (ns)    (ns)   Delay     (ns)        Derate  Domain  
#-----------------------------------------------------------------------------------------------------------------------------------
  clk_i                                         -    (arrival)        1  0.004  0.050   0.000   0.000   -0.125  R     -       pd_aon  
  CTS_ccl_a_inv_00012/Y                         -    CLKINVX6         3  0.011  0.050   0.067   0.000   -0.058  F      1.030  pd_aon  
  CTS_ccl_a_inv_00008/Y                         -    CLKINVX6        21  0.015  0.067   0.073   0.000    0.015  R      1.030  pd_aon  
  operand_a_i_sr_reg_29/Q                       -    SDFFSRHQX4      14  0.013  0.069   0.374   0.000    0.389  F      1.079  pd_aon  
  cts_FE_OFC47_operand_a_i_sr_29/Y              -    INVX1            4  0.003  0.100   0.104   0.001    0.493  R      1.079  pd_aon  
  WALLACE_CSA_DUMMY_OP_groupi58_g3687__5122/Y   -    NOR2XL           1  0.001  0.077   0.095   0.000    0.587  F      1.079  pd_aon  
  WALLACE_CSA_DUMMY_OP_groupi58_g3559__4733/S   -    ADDHX1           1  0.001  0.064   0.238   0.000    0.825  R      1.079  pd_aon  
  WALLACE_CSA_DUMMY_OP_groupi58_g3467__1617/S   -    ADDFX1           4  0.003  0.043   0.356   0.000    1.181  F      1.079  pd_aon  
  FE_RC_130_0/Y                                 -    NAND2BX1         1  0.001  0.092   0.086   0.000    1.268  R      1.079  pd_aon  
  FE_RC_128_0/Y                                 -    OAI21X1          2  0.001  0.042   0.112   0.000    1.380  F      1.079  pd_aon  
  FE_RC_131_0/Y                                 -    NAND2BXL         1  0.001  0.107   0.106   0.000    1.486  R      1.079  pd_aon  
  FE_RC_138_0/Y                                 -    OAI21X1          1  0.001  0.053   0.115   0.000    1.601  F      1.079  pd_aon  
  WALLACE_CSA_DUMMY_OP_groupi58_g3373__2883/S   -    ADDFXL           2  0.001  0.100   0.335   0.000    1.936  R      1.079  pd_aon  
  WALLACE_CSA_DUMMY_OP_groupi58_g3369__6161/Y   -    NAND2X1          2  0.001  0.062   0.110   0.000    2.046  F      1.079  pd_aon  
  prects_FE_RC_21_0/Y                           -    OAI21X2          1  0.001  0.098   0.066   0.000    2.112  R      1.079  pd_aon  
  WALLACE_CSA_DUMMY_OP_groupi58_g3334__4733/CO  -    ADDFX1           2  0.001  0.054   0.224   0.000    2.336  R      1.079  pd_aon  
  fopt3907/Y                                    -    INVX2            2  0.002  0.057   0.064   0.000    2.400  F      1.079  pd_aon  
  prects_FE_RC_40_0/Y                           -    OAI31X4          3  0.002  0.044   0.097   0.000    2.497  R      1.079  pd_aon  
  FE_RC_182_0/Y                                 -    NAND2BX2         1  0.001  0.094   0.106   0.000    2.603  F      1.079  pd_aon  
  FE_RC_180_0/Y                                 -    NAND2BX2         3  0.002  0.071   0.058   0.000    2.661  R      1.079  pd_aon  
  FE_RC_293_0/Y                                 -    NAND2X2          1  0.002  0.040   0.085   0.000    2.746  F      1.079  pd_aon  
  FE_RC_292_0/Y                                 -    NAND2X4          3  0.002  0.085   0.067   0.000    2.813  R      1.079  pd_aon  
  prects_FE_RC_20_0/Y                           -    OR2XL            1  0.001  0.056   0.088   0.000    2.901  R      1.079  pd_aon  
  prects_FE_RC_19_0/Y                           -    NAND2X1          1  0.003  0.031   0.144   0.000    3.045  F      1.079  pd_aon  
  prects_FE_OFC11_result_o_44/Y                 -    CLKBUFX20        1  0.011  0.172   0.178   0.000    3.223  F      1.079  pd_aon  
  result_o[44]                                  -    -                1  0.011  0.042   0.000   0.000    3.223  F      1.070  pd_aon  
#-----------------------------------------------------------------------------------------------------------------------------------
Path 21: MET (0.310 ns) Late Output Delay Assertion
               View: slow_0p9v_125c_cmax_func
              Group: reg2out
         Startpoint: (R) operand_b_i_sr_reg_3/CK
              Clock: (R) clk_i
           Endpoint: (R) result_o[11]
              Clock: (R) clk_i_virtual

                       Capture       Launch
         Clock Edge:+    5.000        0.000
         Drv Adjust:+    0.000        0.011
        Src Latency:+    0.000       -0.137
        Net Latency:+    0.000 (I)    0.140 (P)
            Arrival:=    5.000        0.014

       Output Delay:-    1.500
        Uncertainty:-    0.055
        Cppr Adjust:+    0.000
      Required Time:=    3.445
       Launch Clock:=    0.014
          Data Path:+    3.121
              Slack:=    0.310

#------------------------------------------------------------------------------------------------------------------------------------------
# Timing Point                                         Net  Cell        Fanout   Load  Trans   Delay    Incr  Arrival  Edge  User    Power  
#                                                                                (pf)   (ns)    (ns)   Delay     (ns)        Derate  Domain  
#------------------------------------------------------------------------------------------------------------------------------------------
  clk_i                                                -    (arrival)        1  0.004  0.050   0.000   0.000   -0.125  R     -       pd_aon  
  CTS_ccl_a_inv_00012/Y                                -    CLKINVX6         3  0.011  0.050   0.067   0.000   -0.058  F      1.030  pd_aon  
  CTS_ccl_a_inv_00007/Y                                -    CLKINVX6        24  0.014  0.067   0.072   0.000    0.014  R      1.030  pd_aon  
  operand_b_i_sr_reg_3/Q                               -    SDFFSRHQX4       6  0.011  0.068   0.329   0.000    0.343  R      1.079  pd_aon  
  prects_FE_OFC94_operand_b_i_sr_3/Y                   -    CLKINVX8        12  0.009  0.075   0.074   0.000    0.417  F      1.079  pd_aon  
  WALLACE_CSA_DUMMY_OP_groupi_g3814__8246/Y            -    NOR2BX1          1  0.001  0.055   0.099   0.000    0.515  R      1.079  pd_aon  
  WALLACE_CSA_DUMMY_OP_groupi_g3513__8428/CO           -    ADDFX1           4  0.002  0.093   0.270   0.000    0.785  R      1.079  pd_aon  
  FE_RC_172_0/Y                                        -    NAND2BXL         1  0.001  0.059   0.094   0.000    0.879  R      1.079  pd_aon  
  prects_FE_RC_41_0/Y                                  -    OAI21X1          2  0.001  0.050   0.115   0.000    0.994  F      1.079  pd_aon  
  FE_RC_173_0/Y                                        -    NAND2BX1         1  0.001  0.102   0.092   0.000    1.086  R      1.079  pd_aon  
  cts_FE_RC_19_0/Y                                     -    OAI21X1          1  0.001  0.045   0.128   0.000    1.213  F      1.079  pd_aon  
  WALLACE_CSA_DUMMY_OP_groupi_g3410__5115/CO           -    ADDFHX1          1  0.001  0.130   0.242   0.000    1.455  F      1.079  pd_aon  
  WALLACE_CSA_DUMMY_OP_groupi_g3367__5122/S            -    ADDFHXL          3  0.002  0.060   0.318   0.000    1.773  R      1.079  pd_aon  
  WALLACE_CSA_DUMMY_OP_groupi_g3364__1617/Y            -    OAI21XL          1  0.001  0.081   0.151   0.000    1.923  F      1.079  pd_aon  
  WALLACE_CSA_DUMMY_OP_groupi_g3356__5107/Y            -    OAI2BB1X1        2  0.002  0.118   0.127   0.000    2.050  R      1.079  pd_aon  
  WALLACE_CSA_DUMMY_OP_groupi_g3343__7482/Y            -    AND2X1           3  0.002  0.082   0.179   0.000    2.229  R      1.079  pd_aon  
  WALLACE_CSA_DUMMY_OP_groupi_g3331__1705/Y            -    AOI21X1          1  0.001  0.047   0.125   0.000    2.354  F      1.079  pd_aon  
  FE_RC_79_0/Y                                         -    OAI31X2          3  0.002  0.101   0.088   0.000    2.442  R      1.079  pd_aon  
  FE_RC_11_0/Y                                         -    NAND2BX2         1  0.002  0.128   0.143   0.000    2.585  F      1.079  pd_aon  
  FE_RC_10_0/Y                                         -    NAND2X4          2  0.002  0.100   0.077   0.000    2.662  R      1.079  pd_aon  
  prects_FE_OCPC2_WALLACE_CSA_DUMMY_OP_groupi_n_498/Y  -    BUFX2            4  0.002  0.047   0.113   0.000    2.776  R      1.079  pd_aon  
  FE_RC_194_0/Y                                        -    NAND2XL          1  0.001  0.035   0.100   0.000    2.875  F      1.079  pd_aon  
  FE_RC_192_0/Y                                        -    OAI21X1          1  0.002  0.090   0.099   0.000    2.974  R      1.079  pd_aon  
  prects_FE_OFC15_result_o_11/Y                        -    CLKBUFX16        1  0.010  0.124   0.161   0.000    3.135  R      1.079  pd_aon  
  result_o[11]                                         -    -                1  0.010  0.041   0.000   0.000    3.135  R      1.070  pd_aon  
#------------------------------------------------------------------------------------------------------------------------------------------
Path 22: MET (0.382 ns) Late Output Delay Assertion
               View: slow_0p9v_125c_cmax_func
              Group: reg2out
         Startpoint: (R) operand_b_i_sr_reg_2/CK
              Clock: (R) clk_i
           Endpoint: (F) result_o[43]
              Clock: (R) clk_i_virtual

                       Capture       Launch
         Clock Edge:+    5.000        0.000
         Drv Adjust:+    0.000        0.011
        Src Latency:+    0.000       -0.137
        Net Latency:+    0.000 (I)    0.140 (P)
            Arrival:=    5.000        0.014

       Output Delay:-    1.500
        Uncertainty:-    0.055
        Cppr Adjust:+    0.000
      Required Time:=    3.445
       Launch Clock:=    0.014
          Data Path:+    3.049
              Slack:=    0.382

#-----------------------------------------------------------------------------------------------------------------------------------
# Timing Point                                  Net  Cell        Fanout   Load  Trans   Delay    Incr  Arrival  Edge  User    Power  
#                                                                         (pf)   (ns)    (ns)   Delay     (ns)        Derate  Domain  
#-----------------------------------------------------------------------------------------------------------------------------------
  clk_i                                         -    (arrival)        1  0.004  0.050   0.000   0.000   -0.125  R     -       pd_aon  
  CTS_ccl_a_inv_00012/Y                         -    CLKINVX6         3  0.011  0.050   0.067   0.000   -0.058  F      1.030  pd_aon  
  CTS_ccl_a_inv_00007/Y                         -    CLKINVX6        24  0.014  0.067   0.072   0.000    0.014  R      1.030  pd_aon  
  operand_b_i_sr_reg_2/Q                        -    SDFFSRHQX4       7  0.008  0.068   0.319   0.000    0.333  R      1.079  pd_aon  
  cts_FE_OFC56_operand_b_i_sr_2/Y               -    INVX1            6  0.004  0.059   0.107   0.007    0.440  F      1.079  pd_aon  
  WALLACE_CSA_DUMMY_OP_groupi58_g3652__2802/Y   -    NOR2X1           4  0.002  0.117   0.155   0.000    0.595  R      1.079  pd_aon  
  WALLACE_CSA_DUMMY_OP_groupi58_g3585__8246/Y   -    NOR2XL           1  0.001  0.125   0.141   0.000    0.735  F      1.079  pd_aon  
  WALLACE_CSA_DUMMY_OP_groupi58_g3544__1705/Y   -    OAI21X1          1  0.002  0.066   0.125   0.013    0.860  R      1.079  pd_aon  
  WALLACE_CSA_DUMMY_OP_groupi58_g3439__7098/S   -    ADDFX1           1  0.001  0.118   0.393   0.000    1.254  F      1.079  pd_aon  
  WALLACE_CSA_DUMMY_OP_groupi58_g3413__7410/S   -    ADDFXL           2  0.001  0.055   0.305   0.000    1.559  R      1.079  pd_aon  
  WALLACE_CSA_DUMMY_OP_groupi58_g3401__5115/Y   -    XNOR2X1          2  0.001  0.068   0.175   0.000    1.733  F      1.079  pd_aon  
  WALLACE_CSA_DUMMY_OP_groupi58_g3381__5107/Y   -    NOR2X2           3  0.002  0.051   0.076   0.000    1.809  R      1.079  pd_aon  
  WALLACE_CSA_DUMMY_OP_groupi58_g3375__1666/Y   -    NOR2X1           1  0.001  0.070   0.087   0.000    1.896  F      1.079  pd_aon  
  prects_FE_RC_35_0/Y                           -    NOR3X2           2  0.002  0.056   0.129   0.000    2.025  R      1.079  pd_aon  
  prects_FE_RC_21_0/Y                           -    OAI21X2          1  0.001  0.108   0.129   0.000    2.154  F      1.079  pd_aon  
  WALLACE_CSA_DUMMY_OP_groupi58_g3334__4733/CO  -    ADDFX1           2  0.001  0.068   0.215   0.000    2.369  F      1.079  pd_aon  
  fopt3907/Y                                    -    INVX2            2  0.002  0.060   0.061   0.000    2.430  R      1.079  pd_aon  
  prects_FE_RC_40_0/Y                           -    OAI31X4          3  0.002  0.040   0.088   0.000    2.517  F      1.079  pd_aon  
  FE_RC_182_0/Y                                 -    NAND2BX2         1  0.001  0.093   0.077   0.000    2.594  R      1.079  pd_aon  
  FE_RC_180_0/Y                                 -    NAND2BX2         3  0.002  0.037   0.073   0.002    2.667  F      1.079  pd_aon  
  FE_RC_300_0/Y                                 -    NAND2BXL         1  0.001  0.082   0.093   0.004    2.760  R      1.079  pd_aon  
  FE_RC_296_0/Y                                 -    OAI21X1          1  0.002  0.050   0.140   0.000    2.901  F      1.079  pd_aon  
  prects_FE_OFC18_result_o_43/Y                 -    CLKBUFX16        1  0.011  0.142   0.162   0.000    3.063  F      1.079  pd_aon  
  result_o[43]                                  -    -                1  0.011  0.044   0.000   0.000    3.063  F      1.070  pd_aon  
#-----------------------------------------------------------------------------------------------------------------------------------
Path 23: MET (0.415 ns) Late Output Delay Assertion
               View: slow_0p9v_125c_cmax_func
              Group: reg2out
         Startpoint: (R) operand_b_i_sr_reg_9/CK
              Clock: (R) clk_i
           Endpoint: (F) result_o[59]
              Clock: (R) clk_i_virtual

                       Capture       Launch
         Clock Edge:+    5.000        0.000
         Drv Adjust:+    0.000        0.011
        Src Latency:+    0.000       -0.137
        Net Latency:+    0.000 (I)    0.139 (P)
            Arrival:=    5.000        0.014

       Output Delay:-    1.500
        Uncertainty:-    0.055
        Cppr Adjust:+    0.000
      Required Time:=    3.445
       Launch Clock:=    0.014
          Data Path:+    3.016
              Slack:=    0.415

#-----------------------------------------------------------------------------------------------------------------------------------
# Timing Point                                  Net  Cell        Fanout   Load  Trans   Delay    Incr  Arrival  Edge  User    Power  
#                                                                         (pf)   (ns)    (ns)   Delay     (ns)        Derate  Domain  
#-----------------------------------------------------------------------------------------------------------------------------------
  clk_i                                         -    (arrival)        1  0.004  0.050   0.000   0.000   -0.125  R     -       pd_aon  
  CTS_ccl_a_inv_00012/Y                         -    CLKINVX6         3  0.011  0.050   0.067   0.000   -0.058  F      1.030  pd_aon  
  CTS_ccl_a_inv_00007/Y                         -    CLKINVX6        24  0.014  0.067   0.072   0.000    0.014  R      1.030  pd_aon  
  operand_b_i_sr_reg_9/Q                        -    SDFFSRHQX4       3  0.004  0.068   0.340   0.000    0.354  F      1.079  pd_aon  
  prects_FE_OFC78_operand_b_i_sr_9/Y            -    INVX3           13  0.012  0.045   0.086   0.000    0.440  R      1.079  pd_aon  
  cts_FE_OFC37_operand_b_i_sr_9/Y               -    INVX2            3  0.003  0.096   0.091   0.000    0.531  F      1.079  pd_aon  
  WALLACE_CSA_DUMMY_OP_groupi59_g3701__9945/Y   -    AND2XL           1  0.002  0.060   0.117   0.009    0.648  F      1.079  pd_aon  
  WALLACE_CSA_DUMMY_OP_groupi59_g3516__1705/CO  -    ADDFXL           1  0.001  0.119   0.225   0.000    0.873  F      1.079  pd_aon  
  WALLACE_CSA_DUMMY_OP_groupi59_g3443__6131/S   -    ADDFX1           1  0.002  0.063   0.340   0.000    1.213  R      1.079  pd_aon  
  WALLACE_CSA_DUMMY_OP_groupi59_g3397__1705/S   -    ADDFHXL          1  0.002  0.062   0.318   0.000    1.531  F      1.079  pd_aon  
  WALLACE_CSA_DUMMY_OP_groupi59_g3355__4319/S   -    ADDFHXL          3  0.002  0.073   0.321   0.000    1.853  R      1.079  pd_aon  
  WALLACE_CSA_DUMMY_OP_groupi59_g3346__2346/Y   -    CLKXOR2X1        2  0.001  0.074   0.178   0.001    2.031  F      1.079  pd_aon  
  WALLACE_CSA_DUMMY_OP_groupi59_g2__9945/Y      -    OR2X1            2  0.002  0.045   0.130   0.002    2.161  F      1.079  pd_aon  
  prects_FE_RC_8_0/Y                            -    AOI21X2          1  0.002  0.066   0.100   0.000    2.261  R      1.079  pd_aon  
  FE_RC_20_0/Y                                  -    OAI31X4          2  0.002  0.080   0.130   0.000    2.391  F      1.079  pd_aon  
  FE_RC_116_0/Y                                 -    NAND2BX4         1  0.002  0.097   0.074   0.000    2.465  R      1.079  pd_aon  
  FE_RC_115_0/Y                                 -    NAND2X4          3  0.003  0.038   0.082   0.000    2.547  F      1.079  pd_aon  
  FE_RC_87_0/Y                                  -    NAND2BXL         1  0.001  0.087   0.089   0.000    2.637  R      1.079  pd_aon  
  FE_RC_84_0/Y                                  -    OAI21X1          1  0.000  0.047   0.094   0.000    2.731  F      1.079  pd_aon  
  prects_FE_OFC17_result_o_59/Y                 -    BUFX2            1  0.006  0.071   0.165   0.014    2.896  F      1.079  pd_aon  
  prects_FE_OFC10_result_o_59/Y                 -    CLKBUFX16        1  0.011  0.093   0.134   0.000    3.030  F      1.079  pd_aon  
  result_o[59]                                  -    -                1  0.011  0.043   0.000   0.000    3.030  F      1.070  pd_aon  
#-----------------------------------------------------------------------------------------------------------------------------------
Path 24: MET (0.423 ns) Late Output Delay Assertion
               View: slow_0p9v_125c_cmax_func
              Group: reg2out
         Startpoint: (R) operand_a_i_sr_reg_12/CK
              Clock: (R) clk_i
           Endpoint: (F) result_o[10]
              Clock: (R) clk_i_virtual

                       Capture       Launch
         Clock Edge:+    5.000        0.000
         Drv Adjust:+    0.000        0.011
        Src Latency:+    0.000       -0.137
        Net Latency:+    0.000 (I)    0.140 (P)
            Arrival:=    5.000        0.015

       Output Delay:-    1.500
        Uncertainty:-    0.055
        Cppr Adjust:+    0.000
      Required Time:=    3.445
       Launch Clock:=    0.015
          Data Path:+    3.007
              Slack:=    0.423

#--------------------------------------------------------------------------------------------------------------------------------
# Timing Point                               Net  Cell        Fanout   Load  Trans   Delay    Incr  Arrival  Edge  User    Power  
#                                                                      (pf)   (ns)    (ns)   Delay     (ns)        Derate  Domain  
#--------------------------------------------------------------------------------------------------------------------------------
  clk_i                                      -    (arrival)        1  0.004  0.050   0.000   0.000   -0.125  R     -       pd_aon  
  CTS_ccl_a_inv_00012/Y                      -    CLKINVX6         3  0.011  0.050   0.067   0.000   -0.058  F      1.030  pd_aon  
  CTS_ccl_a_inv_00008/Y                      -    CLKINVX6        21  0.015  0.067   0.073   0.000    0.015  R      1.030  pd_aon  
  operand_a_i_sr_reg_12/Q                    -    SDFFSRHQX4      13  0.013  0.069   0.336   0.000    0.351  R      1.079  pd_aon  
  cts_FE_OFC70_operand_a_i_sr_12/Y           -    INVX1            3  0.002  0.084   0.096   0.000    0.447  F      1.079  pd_aon  
  WALLACE_CSA_DUMMY_OP_groupi_g3720__1617/Y  -    NOR2XL           1  0.002  0.063   0.156   0.000    0.603  R      1.079  pd_aon  
  WALLACE_CSA_DUMMY_OP_groupi_g3511__6260/S  -    ADDFX1           3  0.002  0.159   0.428   0.000    1.031  F      1.079  pd_aon  
  WALLACE_CSA_DUMMY_OP_groupi_g3490__2346/Y  -    NOR2XL           1  0.001  0.073   0.107   0.000    1.139  R      1.079  pd_aon  
  WALLACE_CSA_DUMMY_OP_groupi_g3476__5122/Y  -    OAI21X1          1  0.001  0.072   0.120   0.000    1.259  F      1.079  pd_aon  
  WALLACE_CSA_DUMMY_OP_groupi_g3393__5526/S  -    ADDFX1           3  0.001  0.096   0.354   0.000    1.612  R      1.079  pd_aon  
  WALLACE_CSA_DUMMY_OP_groupi_g3384__7410/Y  -    XOR2XL           1  0.000  0.054   0.148   0.000    1.760  R      1.079  pd_aon  
  WALLACE_CSA_DUMMY_OP_groupi_g3366__1705/Y  -    XOR2XL           1  0.001  0.028   0.185   0.003    1.945  F      1.079  pd_aon  
  WALLACE_CSA_DUMMY_OP_groupi_g3335__7098/S  -    ADDFX1           4  0.002  0.088   0.347   0.000    2.293  R      1.079  pd_aon  
  FE_RC_18_0/Y                               -    INVXL            1  0.000  0.070   0.080   0.000    2.373  F      1.079  pd_aon  
  FE_RC_17_0/Y                               -    MXI2XL           2  0.001  0.039   0.106   0.000    2.479  R      1.079  pd_aon  
  FE_RC_16_0/Y                               -    INVXL            1  0.000  0.102   0.107   0.000    2.585  F      1.079  pd_aon  
  FE_RC_15_0/Y                               -    NAND2XL          1  0.000  0.046   0.055   0.000    2.640  R      1.079  pd_aon  
  FE_RC_14_0/Y                               -    NAND2XL          1  0.002  0.048   0.176   0.000    2.816  F      1.079  pd_aon  
  prects_FE_OFC21_result_o_10/Y              -    CLKBUFX16        1  0.011  0.215   0.206   0.000    3.022  F      1.079  pd_aon  
  result_o[10]                               -    -                1  0.011  0.045   0.000   0.000    3.022  F      1.070  pd_aon  
#--------------------------------------------------------------------------------------------------------------------------------
Path 25: MET (0.517 ns) Late Output Delay Assertion
               View: slow_0p9v_125c_cmax_func
              Group: reg2out
         Startpoint: (R) operand_b_i_sr_reg_4/CK
              Clock: (R) clk_i
           Endpoint: (F) result_o[42]
              Clock: (R) clk_i_virtual

                       Capture       Launch
         Clock Edge:+    5.000        0.000
         Drv Adjust:+    0.000        0.011
        Src Latency:+    0.000       -0.137
        Net Latency:+    0.000 (I)    0.140 (P)
            Arrival:=    5.000        0.014

       Output Delay:-    1.500
        Uncertainty:-    0.055
        Cppr Adjust:+    0.000
      Required Time:=    3.445
       Launch Clock:=    0.014
          Data Path:+    2.914
              Slack:=    0.517

#------------------------------------------------------------------------------------------------------------------------------------
# Timing Point                                    Net  Cell       Fanout   Load  Trans   Delay    Incr  Arrival  Edge  User    Power  
#                                                                          (pf)   (ns)    (ns)   Delay     (ns)        Derate  Domain  
#------------------------------------------------------------------------------------------------------------------------------------
  clk_i                                           -    (arrival)       1  0.004  0.050   0.000   0.000   -0.125  R     -       pd_aon  
  CTS_ccl_a_inv_00012/Y                           -    CLKINVX6        3  0.011  0.050   0.067   0.000   -0.058  F      1.030  pd_aon  
  CTS_ccl_a_inv_00007/Y                           -    CLKINVX6       24  0.014  0.067   0.072   0.000    0.014  R      1.030  pd_aon  
  operand_b_i_sr_reg_4/Q                          -    SDFFSRX2        5  0.005  0.068   0.312   0.000    0.326  R      1.079  pd_aon  
  FE_OFC148_WALLACE_CSA_DUMMY_OP_groupi58_n_33/Y  -    INVX3           9  0.009  0.067   0.099   0.000    0.425  F      1.079  pd_aon  
  WALLACE_CSA_DUMMY_OP_groupi58_g3676__2398/Y     -    NOR2XL          1  0.001  0.096   0.151   0.000    0.576  R      1.079  pd_aon  
  WALLACE_CSA_DUMMY_OP_groupi58_g3511__1617/S     -    ADDFX1          3  0.002  0.120   0.395   0.000    0.971  F      1.079  pd_aon  
  WALLACE_CSA_DUMMY_OP_groupi58_g3490__5107/Y     -    NOR2XL          1  0.001  0.075   0.113   0.000    1.083  R      1.079  pd_aon  
  WALLACE_CSA_DUMMY_OP_groupi58_g3476__7482/Y     -    OAI21X1         1  0.002  0.077   0.141   0.005    1.224  F      1.079  pd_aon  
  WALLACE_CSA_DUMMY_OP_groupi58_g3393__5122/S     -    ADDFX1          3  0.001  0.140   0.383   0.000    1.607  R      1.079  pd_aon  
  WALLACE_CSA_DUMMY_OP_groupi58_g3384__4319/Y     -    XOR2XL          1  0.000  0.056   0.151   0.000    1.758  R      1.079  pd_aon  
  WALLACE_CSA_DUMMY_OP_groupi58_g3366__5115/Y     -    XOR2XL          1  0.001  0.032   0.194   0.000    1.952  F      1.079  pd_aon  
  WALLACE_CSA_DUMMY_OP_groupi58_g3335__6161/S     -    ADDFX1          4  0.001  0.048   0.330   0.000    2.282  R      1.079  pd_aon  
  FE_RC_55_0/Y                                    -    NAND2BXL        1  0.000  0.060   0.106   0.000    2.388  F      1.079  pd_aon  
  FE_RC_53_0/Y                                    -    OAI21XL         2  0.001  0.088   0.091   0.000    2.479  R      1.079  pd_aon  
  FE_RC_52_0/Y                                    -    INVXL           1  0.001  0.083   0.093   0.000    2.572  F      1.079  pd_aon  
  FE_RC_51_0/Y                                    -    NAND2XL         1  0.000  0.047   0.058   0.000    2.630  R      1.079  pd_aon  
  FE_RC_50_0/Y                                    -    NAND2X1         1  0.002  0.049   0.133   0.000    2.763  F      1.079  pd_aon  
  prects_FE_OFC19_result_o_42/Y                   -    CLKBUFX16       1  0.010  0.148   0.165   0.000    2.928  F      1.079  pd_aon  
  result_o[42]                                    -    -               1  0.010  0.043   0.000   0.000    2.928  F      1.070  pd_aon  
#------------------------------------------------------------------------------------------------------------------------------------
Path 26: MET (0.531 ns) Late Output Delay Assertion
               View: slow_0p9v_125c_cmax_func
              Group: reg2out
         Startpoint: (R) operand_b_i_sr_reg_2/CK
              Clock: (R) clk_i
           Endpoint: (R) result_o[41]
              Clock: (R) clk_i_virtual

                       Capture       Launch
         Clock Edge:+    5.000        0.000
         Drv Adjust:+    0.000        0.011
        Src Latency:+    0.000       -0.137
        Net Latency:+    0.000 (I)    0.140 (P)
            Arrival:=    5.000        0.014

       Output Delay:-    1.500
        Uncertainty:-    0.055
        Cppr Adjust:+    0.000
      Required Time:=    3.445
       Launch Clock:=    0.014
          Data Path:+    2.900
              Slack:=    0.531

#-----------------------------------------------------------------------------------------------------------------------------------
# Timing Point                                  Net  Cell        Fanout   Load  Trans   Delay    Incr  Arrival  Edge  User    Power  
#                                                                         (pf)   (ns)    (ns)   Delay     (ns)        Derate  Domain  
#-----------------------------------------------------------------------------------------------------------------------------------
  clk_i                                         -    (arrival)        1  0.004  0.050   0.000   0.000   -0.125  R     -       pd_aon  
  CTS_ccl_a_inv_00012/Y                         -    CLKINVX6         3  0.011  0.050   0.067   0.000   -0.058  F      1.030  pd_aon  
  CTS_ccl_a_inv_00007/Y                         -    CLKINVX6        24  0.014  0.067   0.072   0.000    0.014  R      1.030  pd_aon  
  operand_b_i_sr_reg_2/Q                        -    SDFFSRHQX4       7  0.008  0.068   0.319   0.000    0.333  R      1.079  pd_aon  
  cts_FE_OFC56_operand_b_i_sr_2/Y               -    INVX1            6  0.004  0.059   0.107   0.007    0.440  F      1.079  pd_aon  
  WALLACE_CSA_DUMMY_OP_groupi58_g3652__2802/Y   -    NOR2X1           4  0.002  0.117   0.155   0.000    0.595  R      1.079  pd_aon  
  WALLACE_CSA_DUMMY_OP_groupi58_g3585__8246/Y   -    NOR2XL           1  0.001  0.125   0.141   0.000    0.735  F      1.079  pd_aon  
  WALLACE_CSA_DUMMY_OP_groupi58_g3544__1705/Y   -    OAI21X1          1  0.002  0.066   0.125   0.013    0.860  R      1.079  pd_aon  
  WALLACE_CSA_DUMMY_OP_groupi58_g3439__7098/S   -    ADDFX1           1  0.001  0.118   0.393   0.000    1.254  F      1.079  pd_aon  
  WALLACE_CSA_DUMMY_OP_groupi58_g3413__7410/S   -    ADDFXL           2  0.001  0.055   0.305   0.000    1.559  R      1.079  pd_aon  
  WALLACE_CSA_DUMMY_OP_groupi58_g3401__5115/Y   -    XNOR2X1          2  0.001  0.068   0.175   0.000    1.733  F      1.079  pd_aon  
  WALLACE_CSA_DUMMY_OP_groupi58_g3381__5107/Y   -    NOR2X2           3  0.002  0.051   0.076   0.000    1.809  R      1.079  pd_aon  
  WALLACE_CSA_DUMMY_OP_groupi58_g3375__1666/Y   -    NOR2X1           1  0.001  0.070   0.087   0.000    1.896  F      1.079  pd_aon  
  prects_FE_RC_35_0/Y                           -    NOR3X2           2  0.002  0.056   0.129   0.000    2.025  R      1.079  pd_aon  
  prects_FE_RC_21_0/Y                           -    OAI21X2          1  0.001  0.108   0.129   0.000    2.154  F      1.079  pd_aon  
  WALLACE_CSA_DUMMY_OP_groupi58_g3334__4733/CO  -    ADDFX1           2  0.001  0.068   0.215   0.000    2.369  F      1.079  pd_aon  
  fopt3907/Y                                    -    INVX2            2  0.002  0.060   0.061   0.000    2.430  R      1.079  pd_aon  
  WALLACE_CSA_DUMMY_OP_groupi58_g3329__6131/Y   -    OAI21XL          1  0.001  0.040   0.117   0.000    2.547  F      1.079  pd_aon  
  WALLACE_CSA_DUMMY_OP_groupi58_g3327__8246/Y   -    XNOR2X1          1  0.002  0.124   0.245   0.000    2.792  R      1.079  pd_aon  
  FE_OFC35_result_o_41/Y                        -    CLKBUFX16        1  0.010  0.062   0.123   0.000    2.914  R      1.079  pd_aon  
  result_o[41]                                  -    -                1  0.010  0.040   0.000   0.000    2.914  R      1.070  pd_aon  
#-----------------------------------------------------------------------------------------------------------------------------------
Path 27: MET (0.541 ns) Late Output Delay Assertion
               View: slow_0p9v_125c_cmax_func
              Group: reg2out
         Startpoint: (R) operand_b_i_sr_reg_9/CK
              Clock: (R) clk_i
           Endpoint: (R) result_o[25]
              Clock: (R) clk_i_virtual

                       Capture       Launch
         Clock Edge:+    5.000        0.000
         Drv Adjust:+    0.000        0.011
        Src Latency:+    0.000       -0.137
        Net Latency:+    0.000 (I)    0.139 (P)
            Arrival:=    5.000        0.014

       Output Delay:-    1.500
        Uncertainty:-    0.055
        Cppr Adjust:+    0.000
      Required Time:=    3.445
       Launch Clock:=    0.014
          Data Path:+    2.890
              Slack:=    0.541

#----------------------------------------------------------------------------------------------------------------------------------
# Timing Point                                 Net  Cell        Fanout   Load  Trans   Delay    Incr  Arrival  Edge  User    Power  
#                                                                        (pf)   (ns)    (ns)   Delay     (ns)        Derate  Domain  
#----------------------------------------------------------------------------------------------------------------------------------
  clk_i                                        -    (arrival)        1  0.004  0.050   0.000   0.000   -0.125  R     -       pd_aon  
  CTS_ccl_a_inv_00012/Y                        -    CLKINVX6         3  0.011  0.050   0.067   0.000   -0.058  F      1.030  pd_aon  
  CTS_ccl_a_inv_00007/Y                        -    CLKINVX6        24  0.014  0.067   0.072   0.000    0.014  R      1.030  pd_aon  
  operand_b_i_sr_reg_9/Q                       -    SDFFSRHQX4       3  0.004  0.068   0.307   0.000    0.321  R      1.079  pd_aon  
  prects_FE_OFC78_operand_b_i_sr_9/Y           -    INVX3           13  0.012  0.040   0.095   0.000    0.417  F      1.079  pd_aon  
  WALLACE_CSA_DUMMY_OP_groupi57_g3609__3680/Y  -    NOR2XL           1  0.001  0.114   0.159   0.005    0.576  R      1.079  pd_aon  
  WALLACE_CSA_DUMMY_OP_groupi57_g3522__6260/S  -    ADDFXL           1  0.001  0.157   0.333   0.000    0.909  F      1.079  pd_aon  
  WALLACE_CSA_DUMMY_OP_groupi57_g3438__2346/S  -    ADDFX1           1  0.001  0.075   0.342   0.000    1.251  R      1.079  pd_aon  
  WALLACE_CSA_DUMMY_OP_groupi57_g3410__5526/S  -    ADDFX1           1  0.002  0.053   0.303   0.000    1.553  R      1.079  pd_aon  
  WALLACE_CSA_DUMMY_OP_groupi57_g3373__5526/S  -    ADDFHXL          2  0.001  0.061   0.308   0.000    1.862  F      1.079  pd_aon  
  WALLACE_CSA_DUMMY_OP_groupi57_g3370__4319/Y  -    NOR2X1           2  0.002  0.058   0.120   0.000    1.981  R      1.079  pd_aon  
  FE_RC_242_0/Y                                -    OAI21X4          3  0.002  0.124   0.161   0.000    2.143  F      1.079  pd_aon  
  FE_RC_104_0/Y                                -    NAND2BX4         1  0.001  0.090   0.068   0.000    2.211  R      1.079  pd_aon  
  FE_RC_103_0/Y                                -    NAND2X2          2  0.001  0.033   0.063   0.000    2.273  F      1.079  pd_aon  
  fopt3910/Y                                   -    INVX2            2  0.002  0.072   0.070   0.000    2.343  R      1.079  pd_aon  
  WALLACE_CSA_DUMMY_OP_groupi57_g3329__7410/Y  -    OAI21XL          1  0.001  0.044   0.114   0.000    2.458  F      1.079  pd_aon  
  WALLACE_CSA_DUMMY_OP_groupi57_g3327__2346/Y  -    XNOR2X1          1  0.005  0.115   0.281   0.000    2.738  R      1.079  pd_aon  
  prects_FE_OFC22_result_o_25/Y                -    CLKBUFX16        1  0.011  0.128   0.166   0.000    2.904  R      1.079  pd_aon  
  result_o[25]                                 -    -                1  0.011  0.041   0.000   0.000    2.904  R      1.070  pd_aon  
#----------------------------------------------------------------------------------------------------------------------------------
Path 28: MET (0.564 ns) Late Output Delay Assertion
               View: slow_0p9v_125c_cmax_func
              Group: reg2out
         Startpoint: (R) operand_a_i_sr_reg_18/CK
              Clock: (R) clk_i
           Endpoint: (R) result_o[57]
              Clock: (R) clk_i_virtual

                       Capture       Launch
         Clock Edge:+    5.000        0.000
         Drv Adjust:+    0.000        0.011
        Src Latency:+    0.000       -0.137
        Net Latency:+    0.000 (I)    0.138 (P)
            Arrival:=    5.000        0.012

       Output Delay:-    1.500
        Uncertainty:-    0.055
        Cppr Adjust:+    0.000
      Required Time:=    3.445
       Launch Clock:=    0.012
          Data Path:+    2.869
              Slack:=    0.564

#-----------------------------------------------------------------------------------------------------------------------------------------
# Timing Point                                        Net  Cell        Fanout   Load  Trans   Delay    Incr  Arrival  Edge  User    Power  
#                                                                               (pf)   (ns)    (ns)   Delay     (ns)        Derate  Domain  
#-----------------------------------------------------------------------------------------------------------------------------------------
  clk_i                                               -    (arrival)        1  0.004  0.050   0.000   0.000   -0.125  R     -       pd_aon  
  CTS_ccl_a_inv_00012/Y                               -    CLKINVX6         3  0.011  0.050   0.067   0.000   -0.058  F      1.030  pd_aon  
  CTS_ccl_a_inv_00009/Y                               -    CLKINVX6        20  0.013  0.067   0.071   0.000    0.012  R      1.030  pd_aon  
  operand_a_i_sr_reg_18/Q                             -    SDFFSRHQX4       6  0.008  0.065   0.316   0.000    0.328  R      1.079  pd_aon  
  cts_FE_OFC65_operand_a_i_sr_18/Y                    -    INVX3           12  0.009  0.057   0.093   0.000    0.421  F      1.079  pd_aon  
  WALLACE_CSA_DUMMY_OP_groupi59_g3652__6783/Y         -    NOR2X1           4  0.002  0.095   0.138   0.003    0.559  R      1.079  pd_aon  
  WALLACE_CSA_DUMMY_OP_groupi59_g3577__4319/Y         -    NAND2XL          1  0.001  0.116   0.166   0.000    0.725  F      1.079  pd_aon  
  WALLACE_CSA_DUMMY_OP_groupi59_g3544__3680/Y         -    OAI21X1          1  0.002  0.104   0.085   0.000    0.810  R      1.079  pd_aon  
  WALLACE_CSA_DUMMY_OP_groupi59_g3439__1705/S         -    ADDFXL           1  0.001  0.110   0.361   0.000    1.171  F      1.079  pd_aon  
  WALLACE_CSA_DUMMY_OP_groupi59_g3413__2883/S         -    ADDFX1           2  0.001  0.061   0.336   0.000    1.507  R      1.079  pd_aon  
  WALLACE_CSA_DUMMY_OP_groupi59_g3401__7098/Y         -    XNOR2X1          2  0.001  0.057   0.166   0.000    1.673  F      1.079  pd_aon  
  WALLACE_CSA_DUMMY_OP_groupi59_g3381__6417/Y         -    NOR2X2           3  0.002  0.048   0.083   0.000    1.756  R      1.079  pd_aon  
  WALLACE_CSA_DUMMY_OP_groupi59_g3377__2346/Y         -    NOR2X2           1  0.002  0.083   0.081   0.000    1.837  F      1.079  pd_aon  
  WALLACE_CSA_DUMMY_OP_groupi59_g3363__1705/Y         -    NOR3X4           2  0.003  0.049   0.113   0.000    1.950  R      1.079  pd_aon  
  FE_RC_267_0/Y                                       -    OAI21X4          3  0.003  0.093   0.124   0.000    2.074  F      1.079  pd_aon  
  FE_RC_254_0/Y                                       -    NAND2BX4         1  0.002  0.090   0.070   0.000    2.144  R      1.079  pd_aon  
  FE_RC_253_0/Y                                       -    NAND2X4          2  0.002  0.037   0.070   0.000    2.214  F      1.079  pd_aon  
  cts_FE_OFC26_WALLACE_CSA_DUMMY_OP_groupi59_n_490/Y  -    INVX2            2  0.003  0.068   0.069   0.000    2.283  R      1.079  pd_aon  
  WALLACE_CSA_DUMMY_OP_groupi59_g3329__5122/Y         -    OAI21XL          1  0.001  0.047   0.116   0.000    2.399  F      1.079  pd_aon  
  WALLACE_CSA_DUMMY_OP_groupi59_g3327__2802/Y         -    XNOR2X1          1  0.006  0.114   0.311   0.025    2.710  R      1.079  pd_aon  
  prects_FE_OFC20_result_o_57/Y                       -    CLKBUFX16        1  0.010  0.138   0.172   0.000    2.881  R      1.079  pd_aon  
  result_o[57]                                        -    -                1  0.010  0.042   0.000   0.000    2.881  R      1.070  pd_aon  
#-----------------------------------------------------------------------------------------------------------------------------------------
Path 29: MET (0.624 ns) Late Output Delay Assertion
               View: slow_0p9v_125c_cmax_func
              Group: reg2out
         Startpoint: (R) operand_b_i_sr_reg_3/CK
              Clock: (R) clk_i
           Endpoint: (R) result_o[9]
              Clock: (R) clk_i_virtual

                       Capture       Launch
         Clock Edge:+    5.000        0.000
         Drv Adjust:+    0.000        0.011
        Src Latency:+    0.000       -0.137
        Net Latency:+    0.000 (I)    0.140 (P)
            Arrival:=    5.000        0.014

       Output Delay:-    1.500
        Uncertainty:-    0.055
        Cppr Adjust:+    0.000
      Required Time:=    3.445
       Launch Clock:=    0.014
          Data Path:+    2.807
              Slack:=    0.624

#------------------------------------------------------------------------------------------------------------------------------------------
# Timing Point                                         Net  Cell        Fanout   Load  Trans   Delay    Incr  Arrival  Edge  User    Power  
#                                                                                (pf)   (ns)    (ns)   Delay     (ns)        Derate  Domain  
#------------------------------------------------------------------------------------------------------------------------------------------
  clk_i                                                -    (arrival)        1  0.004  0.050   0.000   0.000   -0.125  R     -       pd_aon  
  CTS_ccl_a_inv_00012/Y                                -    CLKINVX6         3  0.011  0.050   0.067   0.000   -0.058  F      1.030  pd_aon  
  CTS_ccl_a_inv_00007/Y                                -    CLKINVX6        24  0.014  0.067   0.072   0.000    0.014  R      1.030  pd_aon  
  operand_b_i_sr_reg_3/Q                               -    SDFFSRHQX4       6  0.011  0.068   0.329   0.000    0.343  R      1.079  pd_aon  
  prects_FE_OFC94_operand_b_i_sr_3/Y                   -    CLKINVX8        12  0.009  0.075   0.074   0.000    0.417  F      1.079  pd_aon  
  WALLACE_CSA_DUMMY_OP_groupi_g3814__8246/Y            -    NOR2BX1          1  0.001  0.055   0.099   0.000    0.515  R      1.079  pd_aon  
  WALLACE_CSA_DUMMY_OP_groupi_g3513__8428/CO           -    ADDFX1           4  0.002  0.093   0.270   0.000    0.785  R      1.079  pd_aon  
  FE_RC_172_0/Y                                        -    NAND2BXL         1  0.001  0.059   0.094   0.000    0.879  R      1.079  pd_aon  
  prects_FE_RC_41_0/Y                                  -    OAI21X1          2  0.001  0.050   0.115   0.000    0.994  F      1.079  pd_aon  
  FE_RC_173_0/Y                                        -    NAND2BX1         1  0.001  0.102   0.092   0.000    1.086  R      1.079  pd_aon  
  cts_FE_RC_19_0/Y                                     -    OAI21X1          1  0.001  0.045   0.128   0.000    1.213  F      1.079  pd_aon  
  WALLACE_CSA_DUMMY_OP_groupi_g3410__5115/S            -    ADDFHX1          1  0.002  0.130   0.351   0.000    1.564  R      1.079  pd_aon  
  WALLACE_CSA_DUMMY_OP_groupi_g3373__5115/S            -    ADDFHXL          2  0.001  0.067   0.316   0.000    1.880  F      1.079  pd_aon  
  WALLACE_CSA_DUMMY_OP_groupi_g3370__6131/Y            -    NOR2X1           2  0.001  0.065   0.104   0.000    1.985  R      1.079  pd_aon  
  FE_RC_146_0/Y                                        -    OAI21X2          3  0.002  0.093   0.135   0.000    2.119  F      1.079  pd_aon  
  cts_FE_RC_28_0/Y                                     -    NAND2BX2         1  0.002  0.103   0.091   0.000    2.210  R      1.079  pd_aon  
  cts_FE_RC_26_0/Y                                     -    NAND2BX4         2  0.002  0.051   0.076   0.000    2.286  F      1.079  pd_aon  
  prects_FE_OFC27_WALLACE_CSA_DUMMY_OP_groupi_n_490/Y  -    INVX2            2  0.001  0.065   0.059   0.000    2.345  R      1.079  pd_aon  
  WALLACE_CSA_DUMMY_OP_groupi_g3329__1617/Y            -    OAI21XL          1  0.001  0.032   0.112   0.000    2.457  F      1.079  pd_aon  
  WALLACE_CSA_DUMMY_OP_groupi_g3327__6783/Y            -    XNOR2X1          1  0.002  0.125   0.243   0.000    2.700  R      1.079  pd_aon  
  FE_OFC77_result_o_9/Y                                -    CLKBUFX16        1  0.011  0.058   0.121   0.000    2.821  R      1.079  pd_aon  
  result_o[9]                                          -    -                1  0.011  0.040   0.000   0.000    2.821  R      1.070  pd_aon  
#------------------------------------------------------------------------------------------------------------------------------------------
Path 30: MET (0.656 ns) Late Output Delay Assertion
               View: slow_0p9v_125c_cmax_func
              Group: reg2out
         Startpoint: (R) operand_b_i_sr_reg_8/CK
              Clock: (R) clk_i
           Endpoint: (F) result_o[56]
              Clock: (R) clk_i_virtual

                       Capture       Launch
         Clock Edge:+    5.000        0.000
         Drv Adjust:+    0.000        0.011
        Src Latency:+    0.000       -0.137
        Net Latency:+    0.000 (I)    0.140 (P)
            Arrival:=    5.000        0.014

       Output Delay:-    1.500
        Uncertainty:-    0.055
        Cppr Adjust:+    0.000
      Required Time:=    3.445
       Launch Clock:=    0.014
          Data Path:+    2.775
              Slack:=    0.656

#----------------------------------------------------------------------------------------------------------------------------------
# Timing Point                                 Net  Cell        Fanout   Load  Trans   Delay    Incr  Arrival  Edge  User    Power  
#                                                                        (pf)   (ns)    (ns)   Delay     (ns)        Derate  Domain  
#----------------------------------------------------------------------------------------------------------------------------------
  clk_i                                        -    (arrival)        1  0.004  0.050   0.000   0.000   -0.125  R     -       pd_aon  
  CTS_ccl_a_inv_00012/Y                        -    CLKINVX6         3  0.011  0.050   0.067   0.000   -0.058  F      1.030  pd_aon  
  CTS_ccl_a_inv_00007/Y                        -    CLKINVX6        24  0.014  0.067   0.072   0.000    0.014  R      1.030  pd_aon  
  operand_b_i_sr_reg_8/Q                       -    SDFFSRHQX4      10  0.011  0.068   0.328   0.000    0.343  R      1.079  pd_aon  
  cts_FE_OFC64_operand_b_i_sr_8/Y              -    INVX2            8  0.005  0.075   0.101   0.000    0.444  F      1.079  pd_aon  
  WALLACE_CSA_DUMMY_OP_groupi59_g3816__7482/Y  -    NOR2BX1          1  0.001  0.089   0.111   0.000    0.555  R      1.079  pd_aon  
  WALLACE_CSA_DUMMY_OP_groupi59_g3525__6161/S  -    ADDFX1           2  0.001  0.081   0.365   0.000    0.921  F      1.079  pd_aon  
  WALLACE_CSA_DUMMY_OP_groupi59_g3801__6260/Y  -    OR2XL            1  0.001  0.054   0.145   0.000    1.066  F      1.079  pd_aon  
  cts_FE_RC_10_0/Y                             -    AOI21X2          2  0.002  0.064   0.107   0.000    1.172  R      1.079  pd_aon  
  WALLACE_CSA_DUMMY_OP_groupi59_g3408__4733/Y  -    XOR2XL           1  0.001  0.081   0.232   0.000    1.404  F      1.079  pd_aon  
  WALLACE_CSA_DUMMY_OP_groupi59_g3354__6260/S  -    ADDFXL           1  0.001  0.061   0.300   0.000    1.704  R      1.079  pd_aon  
  WALLACE_CSA_DUMMY_OP_groupi59_g3345__2883/S  -    ADDFX1           2  0.001  0.053   0.311   0.000    2.015  F      1.079  pd_aon  
  WALLACE_CSA_DUMMY_OP_groupi59_g3344__9945/Y  -    NOR2X1           3  0.003  0.055   0.132   0.000    2.146  R      1.079  pd_aon  
  WALLACE_CSA_DUMMY_OP_groupi59_g3336__7482/Y  -    OR2XL            1  0.001  0.147   0.166   0.006    2.313  R      1.079  pd_aon  
  WALLACE_CSA_DUMMY_OP_groupi59_g3330__8246/Y  -    XNOR2X1          1  0.005  0.060   0.318   0.043    2.630  F      1.079  pd_aon  
  FE_OFC20_result_o_56/Y                       -    CLKBUFX16        1  0.011  0.133   0.159   0.000    2.789  F      1.079  pd_aon  
  result_o[56]                                 -    -                1  0.011  0.043   0.000   0.000    2.789  F      1.070  pd_aon  
#----------------------------------------------------------------------------------------------------------------------------------
Path 31: MET (0.713 ns) Late Output Delay Assertion
               View: slow_0p9v_125c_cmax_func
              Group: reg2out
         Startpoint: (R) operand_b_i_sr_reg_17/CK
              Clock: (R) clk_i
           Endpoint: (R) result_o[40]
              Clock: (R) clk_i_virtual

                       Capture       Launch
         Clock Edge:+    5.000        0.000
         Drv Adjust:+    0.000        0.011
        Src Latency:+    0.000       -0.137
        Net Latency:+    0.000 (I)    0.140 (P)
            Arrival:=    5.000        0.014

       Output Delay:-    1.500
        Uncertainty:-    0.055
        Cppr Adjust:+    0.000
      Required Time:=    3.445
       Launch Clock:=    0.014
          Data Path:+    2.718
              Slack:=    0.713

#-----------------------------------------------------------------------------------------------------------------------------------
# Timing Point                                  Net  Cell        Fanout   Load  Trans   Delay    Incr  Arrival  Edge  User    Power  
#                                                                         (pf)   (ns)    (ns)   Delay     (ns)        Derate  Domain  
#-----------------------------------------------------------------------------------------------------------------------------------
  clk_i                                         -    (arrival)        1  0.004  0.050   0.000   0.000   -0.125  R     -       pd_aon  
  CTS_ccl_a_inv_00012/Y                         -    CLKINVX6         3  0.011  0.050   0.067   0.000   -0.058  F      1.030  pd_aon  
  CTS_ccl_a_inv_00007/Y                         -    CLKINVX6        24  0.014  0.067   0.072   0.000    0.014  R      1.030  pd_aon  
  operand_b_i_sr_reg_17/Q                       -    SDFFSRHQX4       8  0.011  0.068   0.328   0.000    0.342  R      1.079  pd_aon  
  cts_FE_OFC45_operand_b_i_sr_17/Y              -    INVX3           10  0.007  0.073   0.094   0.000    0.436  F      1.079  pd_aon  
  WALLACE_CSA_DUMMY_OP_groupi58_g3604__6161/Y   -    NOR2XL           2  0.001  0.083   0.136   0.008    0.572  R      1.079  pd_aon  
  WALLACE_CSA_DUMMY_OP_groupi58_g3807__6161/Y   -    XOR2XL           1  0.002  0.135   0.288   0.011    0.860  F      1.079  pd_aon  
  WALLACE_CSA_DUMMY_OP_groupi58_g3441__1881/CO  -    ADDFX1           2  0.002  0.132   0.249   0.000    1.109  F      1.079  pd_aon  
  WALLACE_CSA_DUMMY_OP_groupi58_g3797__2802/Y   -    XOR2XL           1  0.000  0.071   0.217   0.000    1.326  R      1.079  pd_aon  
  WALLACE_CSA_DUMMY_OP_groupi58_g3408__9945/Y   -    XOR2XL           1  0.001  0.032   0.164   0.000    1.490  F      1.079  pd_aon  
  WALLACE_CSA_DUMMY_OP_groupi58_g3354__5526/S   -    ADDFX1           1  0.001  0.056   0.328   0.000    1.819  R      1.079  pd_aon  
  WALLACE_CSA_DUMMY_OP_groupi58_g3345__7410/S   -    ADDFX1           2  0.001  0.049   0.302   0.000    2.121  F      1.079  pd_aon  
  WALLACE_CSA_DUMMY_OP_groupi58_g3343__2346/Y   -    AND2XL           3  0.001  0.044   0.109   0.000    2.230  F      1.079  pd_aon  
  WALLACE_CSA_DUMMY_OP_groupi58_g3336__9315/Y   -    OR2XL            1  0.001  0.082   0.148   0.000    2.377  F      1.079  pd_aon  
  WALLACE_CSA_DUMMY_OP_groupi58_g3330__1881/Y   -    XNOR2X1          1  0.002  0.039   0.235   0.000    2.613  R      1.079  pd_aon  
  FE_OFC120_result_o_40/Y                       -    CLKBUFX16        1  0.011  0.057   0.120   0.000    2.732  R      1.079  pd_aon  
  result_o[40]                                  -    -                1  0.011  0.040   0.000   0.000    2.732  R      1.070  pd_aon  
#-----------------------------------------------------------------------------------------------------------------------------------
Path 32: MET (0.719 ns) Late Output Delay Assertion
               View: slow_0p9v_125c_cmax_func
              Group: reg2out
         Startpoint: (R) operand_b_i_sr_reg_5/CK
              Clock: (R) clk_i
           Endpoint: (F) result_o[7]
              Clock: (R) clk_i_virtual

                       Capture       Launch
         Clock Edge:+    5.000        0.000
         Drv Adjust:+    0.000        0.011
        Src Latency:+    0.000       -0.137
        Net Latency:+    0.000 (I)    0.140 (P)
            Arrival:=    5.000        0.014

       Output Delay:-    1.500
        Uncertainty:-    0.055
        Cppr Adjust:+    0.000
      Required Time:=    3.445
       Launch Clock:=    0.014
          Data Path:+    2.712
              Slack:=    0.719

#---------------------------------------------------------------------------------------------------------------------------------
# Timing Point                                Net  Cell        Fanout   Load  Trans   Delay    Incr  Arrival  Edge  User    Power  
#                                                                       (pf)   (ns)    (ns)   Delay     (ns)        Derate  Domain  
#---------------------------------------------------------------------------------------------------------------------------------
  clk_i                                       -    (arrival)        1  0.004  0.050   0.000   0.000   -0.125  R     -       pd_aon  
  CTS_ccl_a_inv_00012/Y                       -    CLKINVX6         3  0.011  0.050   0.067   0.000   -0.058  F      1.030  pd_aon  
  CTS_ccl_a_inv_00007/Y                       -    CLKINVX6        24  0.014  0.067   0.072   0.000    0.014  R      1.030  pd_aon  
  operand_b_i_sr_reg_5/Q                      -    SDFFSRHQX4      17  0.015  0.068   0.339   0.000    0.353  R      1.079  pd_aon  
  WALLACE_CSA_DUMMY_OP_groupi_g3683__5107/Y   -    AND2X1           1  0.002  0.091   0.185   0.000    0.538  R      1.079  pd_aon  
  WALLACE_CSA_DUMMY_OP_groupi_g3509__2398/CO  -    ADDFX1           4  0.002  0.048   0.249   0.000    0.786  R      1.079  pd_aon  
  FE_RC_172_0/Y                               -    NAND2BXL         1  0.001  0.073   0.122   0.000    0.909  F      1.079  pd_aon  
  prects_FE_RC_41_0/Y                         -    OAI21X1          2  0.001  0.098   0.095   0.000    1.003  R      1.079  pd_aon  
  FE_RC_173_0/Y                               -    NAND2BX1         1  0.001  0.088   0.111   0.000    1.114  F      1.079  pd_aon  
  cts_FE_RC_19_0/Y                            -    OAI21X1          1  0.001  0.075   0.083   0.000    1.197  R      1.079  pd_aon  
  WALLACE_CSA_DUMMY_OP_groupi_g3410__5115/CO  -    ADDFHX1          1  0.002  0.107   0.239   0.000    1.436  R      1.079  pd_aon  
  WALLACE_CSA_DUMMY_OP_groupi_g3367__5122/S   -    ADDFHXL          3  0.002  0.055   0.323   0.000    1.759  F      1.079  pd_aon  
  prects_FE_RC_11_0/Y                         -    NAND2X2          1  0.001  0.089   0.077   0.000    1.836  R      1.079  pd_aon  
  prects_FE_RC_9_0/Y                          -    OAI21X2          4  0.003  0.038   0.119   0.000    1.955  F      1.079  pd_aon  
  FE_RC_74_0/Y                                -    NAND2XL          1  0.000  0.123   0.119   0.000    2.074  R      1.079  pd_aon  
  FE_RC_72_0/Y                                -    OAI21XL          2  0.001  0.051   0.150   0.000    2.224  F      1.079  pd_aon  
  FE_RC_76_0/Y                                -    NAND2BXL         1  0.000  0.152   0.136   0.000    2.360  R      1.079  pd_aon  
  FE_RC_70_0/Y                                -    OAI21XL          1  0.001  0.052   0.124   0.000    2.484  F      1.079  pd_aon  
  FE_OFC79_result_o_7/Y                       -    BUFX2            1  0.002  0.108   0.140   0.000    2.624  F      1.079  pd_aon  
  prects_FE_OFC25_result_o_7/Y                -    CLKBUFX16        1  0.011  0.038   0.101   0.000    2.726  F      1.079  pd_aon  
  result_o[7]                                 -    -                1  0.011  0.042   0.000   0.000    2.726  F      1.070  pd_aon  
#---------------------------------------------------------------------------------------------------------------------------------
Path 33: MET (0.736 ns) Late Output Delay Assertion
               View: slow_0p9v_125c_cmax_func
              Group: reg2out
         Startpoint: (R) operand_b_i_sr_reg_9/CK
              Clock: (R) clk_i
           Endpoint: (R) result_o[24]
              Clock: (R) clk_i_virtual

                       Capture       Launch
         Clock Edge:+    5.000        0.000
         Drv Adjust:+    0.000        0.011
        Src Latency:+    0.000       -0.137
        Net Latency:+    0.000 (I)    0.139 (P)
            Arrival:=    5.000        0.014

       Output Delay:-    1.500
        Uncertainty:-    0.055
        Cppr Adjust:+    0.000
      Required Time:=    3.445
       Launch Clock:=    0.014
          Data Path:+    2.695
              Slack:=    0.736

#-----------------------------------------------------------------------------------------------------------------------------------
# Timing Point                                  Net  Cell        Fanout   Load  Trans   Delay    Incr  Arrival  Edge  User    Power  
#                                                                         (pf)   (ns)    (ns)   Delay     (ns)        Derate  Domain  
#-----------------------------------------------------------------------------------------------------------------------------------
  clk_i                                         -    (arrival)        1  0.004  0.050   0.000   0.000   -0.125  R     -       pd_aon  
  CTS_ccl_a_inv_00012/Y                         -    CLKINVX6         3  0.011  0.050   0.067   0.000   -0.058  F      1.030  pd_aon  
  CTS_ccl_a_inv_00007/Y                         -    CLKINVX6        24  0.014  0.067   0.072   0.000    0.014  R      1.030  pd_aon  
  operand_b_i_sr_reg_9/Q                        -    SDFFSRHQX4       3  0.004  0.068   0.307   0.000    0.321  R      1.079  pd_aon  
  prects_FE_OFC78_operand_b_i_sr_9/Y            -    INVX3           13  0.012  0.040   0.095   0.000    0.417  F      1.079  pd_aon  
  WALLACE_CSA_DUMMY_OP_groupi57_g3609__3680/Y   -    NOR2XL           1  0.001  0.114   0.159   0.005    0.576  R      1.079  pd_aon  
  WALLACE_CSA_DUMMY_OP_groupi57_g3522__6260/S   -    ADDFXL           1  0.001  0.157   0.333   0.000    0.909  F      1.079  pd_aon  
  WALLACE_CSA_DUMMY_OP_groupi57_g3438__2346/S   -    ADDFX1           1  0.001  0.075   0.342   0.000    1.251  R      1.079  pd_aon  
  WALLACE_CSA_DUMMY_OP_groupi57_g3410__5526/CO  -    ADDFX1           1  0.001  0.053   0.223   0.000    1.474  R      1.079  pd_aon  
  WALLACE_CSA_DUMMY_OP_groupi57_g3367__2398/CO  -    ADDFXL           1  0.002  0.056   0.233   0.000    1.707  R      1.079  pd_aon  
  WALLACE_CSA_DUMMY_OP_groupi57_g3345__1617/S   -    ADDFHXL          2  0.001  0.101   0.327   0.002    2.034  F      1.079  pd_aon  
  WALLACE_CSA_DUMMY_OP_groupi57_g3343__6783/Y   -    AND2X1           3  0.001  0.065   0.113   0.000    2.148  F      1.079  pd_aon  
  WALLACE_CSA_DUMMY_OP_groupi57_g3336__4319/Y   -    OR2XL            1  0.001  0.047   0.132   0.004    2.279  F      1.079  pd_aon  
  WALLACE_CSA_DUMMY_OP_groupi57_g3330__6417/Y   -    XNOR2X1          1  0.005  0.040   0.271   0.000    2.550  R      1.079  pd_aon  
  prects_FE_OFC23_result_o_24/Y                 -    CLKBUFX20        1  0.011  0.115   0.158   0.000    2.709  R      1.079  pd_aon  
  result_o[24]                                  -    -                1  0.011  0.041   0.000   0.000    2.709  R      1.070  pd_aon  
#-----------------------------------------------------------------------------------------------------------------------------------
Path 34: MET (0.779 ns) Late Output Delay Assertion
               View: slow_0p9v_125c_cmax_func
              Group: reg2out
         Startpoint: (R) operand_b_i_sr_reg_5/CK
              Clock: (R) clk_i
           Endpoint: (R) result_o[8]
              Clock: (R) clk_i_virtual

                       Capture       Launch
         Clock Edge:+    5.000        0.000
         Drv Adjust:+    0.000        0.011
        Src Latency:+    0.000       -0.137
        Net Latency:+    0.000 (I)    0.140 (P)
            Arrival:=    5.000        0.014

       Output Delay:-    1.500
        Uncertainty:-    0.055
        Cppr Adjust:+    0.000
      Required Time:=    3.445
       Launch Clock:=    0.014
          Data Path:+    2.652
              Slack:=    0.779

#---------------------------------------------------------------------------------------------------------------------------------
# Timing Point                                Net  Cell        Fanout   Load  Trans   Delay    Incr  Arrival  Edge  User    Power  
#                                                                       (pf)   (ns)    (ns)   Delay     (ns)        Derate  Domain  
#---------------------------------------------------------------------------------------------------------------------------------
  clk_i                                       -    (arrival)        1  0.004  0.050   0.000   0.000   -0.125  R     -       pd_aon  
  CTS_ccl_a_inv_00012/Y                       -    CLKINVX6         3  0.011  0.050   0.067   0.000   -0.058  F      1.030  pd_aon  
  CTS_ccl_a_inv_00007/Y                       -    CLKINVX6        24  0.014  0.067   0.072   0.000    0.014  R      1.030  pd_aon  
  operand_b_i_sr_reg_5/Q                      -    SDFFSRHQX4      17  0.015  0.068   0.339   0.000    0.353  R      1.079  pd_aon  
  WALLACE_CSA_DUMMY_OP_groupi_g3683__5107/Y   -    AND2X1           1  0.002  0.091   0.185   0.000    0.538  R      1.079  pd_aon  
  WALLACE_CSA_DUMMY_OP_groupi_g3509__2398/CO  -    ADDFX1           4  0.002  0.048   0.249   0.000    0.786  R      1.079  pd_aon  
  FE_RC_172_0/Y                               -    NAND2BXL         1  0.001  0.073   0.122   0.000    0.909  F      1.079  pd_aon  
  prects_FE_RC_41_0/Y                         -    OAI21X1          2  0.001  0.098   0.095   0.000    1.003  R      1.079  pd_aon  
  FE_RC_173_0/Y                               -    NAND2BX1         1  0.001  0.088   0.111   0.000    1.114  F      1.079  pd_aon  
  cts_FE_RC_19_0/Y                            -    OAI21X1          1  0.001  0.075   0.083   0.000    1.197  R      1.079  pd_aon  
  WALLACE_CSA_DUMMY_OP_groupi_g3410__5115/CO  -    ADDFHX1          1  0.002  0.107   0.239   0.000    1.436  R      1.079  pd_aon  
  WALLACE_CSA_DUMMY_OP_groupi_g3367__5122/S   -    ADDFHXL          3  0.002  0.055   0.323   0.000    1.759  F      1.079  pd_aon  
  WALLACE_CSA_DUMMY_OP_groupi_g3364__1617/Y   -    OAI21XL          1  0.001  0.089   0.095   0.000    1.855  R      1.079  pd_aon  
  WALLACE_CSA_DUMMY_OP_groupi_g3356__5107/Y   -    OAI2BB1X1        2  0.002  0.094   0.176   0.000    2.030  F      1.079  pd_aon  
  WALLACE_CSA_DUMMY_OP_groupi_g3343__7482/Y   -    AND2X1           3  0.001  0.153   0.160   0.000    2.190  F      1.079  pd_aon  
  WALLACE_CSA_DUMMY_OP_groupi_g3336__6131/Y   -    OR2XL            1  0.000  0.049   0.123   0.000    2.313  F      1.079  pd_aon  
  WALLACE_CSA_DUMMY_OP_groupi_g3330__2802/Y   -    XNOR2X1          1  0.002  0.029   0.231   0.000    2.544  R      1.079  pd_aon  
  FE_OFC78_result_o_8/Y                       -    CLKBUFX16        1  0.011  0.060   0.122   0.000    2.666  R      1.079  pd_aon  
  result_o[8]                                 -    -                1  0.011  0.040   0.000   0.000    2.666  R      1.070  pd_aon  
#---------------------------------------------------------------------------------------------------------------------------------
Path 35: MET (0.811 ns) Late Output Delay Assertion
               View: slow_0p9v_125c_cmax_func
              Group: reg2out
         Startpoint: (R) operand_b_i_sr_reg_2/CK
              Clock: (R) clk_i
           Endpoint: (R) result_o[39]
              Clock: (R) clk_i_virtual

                       Capture       Launch
         Clock Edge:+    5.000        0.000
         Drv Adjust:+    0.000        0.011
        Src Latency:+    0.000       -0.137
        Net Latency:+    0.000 (I)    0.140 (P)
            Arrival:=    5.000        0.014

       Output Delay:-    1.500
        Uncertainty:-    0.055
        Cppr Adjust:+    0.000
      Required Time:=    3.445
       Launch Clock:=    0.014
          Data Path:+    2.620
              Slack:=    0.811

#----------------------------------------------------------------------------------------------------------------------------------
# Timing Point                                 Net  Cell        Fanout   Load  Trans   Delay    Incr  Arrival  Edge  User    Power  
#                                                                        (pf)   (ns)    (ns)   Delay     (ns)        Derate  Domain  
#----------------------------------------------------------------------------------------------------------------------------------
  clk_i                                        -    (arrival)        1  0.004  0.050   0.000   0.000   -0.125  R     -       pd_aon  
  CTS_ccl_a_inv_00012/Y                        -    CLKINVX6         3  0.011  0.050   0.067   0.000   -0.058  F      1.030  pd_aon  
  CTS_ccl_a_inv_00007/Y                        -    CLKINVX6        24  0.014  0.067   0.072   0.000    0.014  R      1.030  pd_aon  
  operand_b_i_sr_reg_2/Q                       -    SDFFSRHQX4       7  0.008  0.068   0.319   0.000    0.333  R      1.079  pd_aon  
  cts_FE_OFC56_operand_b_i_sr_2/Y              -    INVX1            6  0.004  0.059   0.107   0.007    0.440  F      1.079  pd_aon  
  WALLACE_CSA_DUMMY_OP_groupi58_g3652__2802/Y  -    NOR2X1           4  0.002  0.117   0.155   0.000    0.595  R      1.079  pd_aon  
  WALLACE_CSA_DUMMY_OP_groupi58_g3585__8246/Y  -    NOR2XL           1  0.001  0.125   0.141   0.000    0.735  F      1.079  pd_aon  
  WALLACE_CSA_DUMMY_OP_groupi58_g3544__1705/Y  -    OAI21X1          1  0.002  0.066   0.125   0.013    0.860  R      1.079  pd_aon  
  WALLACE_CSA_DUMMY_OP_groupi58_g3439__7098/S  -    ADDFX1           1  0.001  0.118   0.393   0.000    1.254  F      1.079  pd_aon  
  WALLACE_CSA_DUMMY_OP_groupi58_g3413__7410/S  -    ADDFXL           2  0.001  0.055   0.305   0.000    1.559  R      1.079  pd_aon  
  WALLACE_CSA_DUMMY_OP_groupi58_g3401__5115/Y  -    XNOR2X1          2  0.001  0.068   0.175   0.000    1.733  F      1.079  pd_aon  
  WALLACE_CSA_DUMMY_OP_groupi58_g3381__5107/Y  -    NOR2X2           3  0.002  0.051   0.076   0.000    1.809  R      1.079  pd_aon  
  WALLACE_CSA_DUMMY_OP_groupi58_g3375__1666/Y  -    NOR2X1           1  0.001  0.070   0.087   0.000    1.896  F      1.079  pd_aon  
  prects_FE_RC_35_0/Y                          -    NOR3X2           2  0.002  0.056   0.129   0.000    2.025  R      1.079  pd_aon  
  prects_FE_RC_21_0/Y                          -    OAI21X2          1  0.001  0.108   0.129   0.000    2.154  F      1.079  pd_aon  
  WALLACE_CSA_DUMMY_OP_groupi58_g3334__4733/S  -    ADDFX1           1  0.002  0.068   0.352   0.000    2.506  R      1.079  pd_aon  
  FE_OFC37_result_o_39/Y                       -    CLKBUFX16        1  0.010  0.071   0.128   0.000    2.634  R      1.079  pd_aon  
  result_o[39]                                 -    -                1  0.010  0.040   0.000   0.000    2.634  R      1.070  pd_aon  
#----------------------------------------------------------------------------------------------------------------------------------
Path 36: MET (0.826 ns) Late Output Delay Assertion
               View: slow_0p9v_125c_cmax_func
              Group: reg2out
         Startpoint: (R) operand_b_i_sr_reg_11/CK
              Clock: (R) clk_i
           Endpoint: (F) result_o[54]
              Clock: (R) clk_i_virtual

                       Capture       Launch
         Clock Edge:+    5.000        0.000
         Drv Adjust:+    0.000        0.011
        Src Latency:+    0.000       -0.137
        Net Latency:+    0.000 (I)    0.139 (P)
            Arrival:=    5.000        0.014

       Output Delay:-    1.500
        Uncertainty:-    0.055
        Cppr Adjust:+    0.000
      Required Time:=    3.445
       Launch Clock:=    0.014
          Data Path:+    2.605
              Slack:=    0.826

#----------------------------------------------------------------------------------------------------------------------------------
# Timing Point                                 Net  Cell        Fanout   Load  Trans   Delay    Incr  Arrival  Edge  User    Power  
#                                                                        (pf)   (ns)    (ns)   Delay     (ns)        Derate  Domain  
#----------------------------------------------------------------------------------------------------------------------------------
  clk_i                                        -    (arrival)        1  0.004  0.050   0.000   0.000   -0.125  R     -       pd_aon  
  CTS_ccl_a_inv_00012/Y                        -    CLKINVX6         3  0.011  0.050   0.067   0.000   -0.058  F      1.030  pd_aon  
  CTS_ccl_a_inv_00007/Y                        -    CLKINVX6        24  0.014  0.067   0.072   0.000    0.014  R      1.030  pd_aon  
  operand_b_i_sr_reg_11/Q                      -    SDFFSRHQX4       3  0.005  0.068   0.310   0.000    0.324  R      1.079  pd_aon  
  FE_OFC152_operand_b_i_sr_11/Y                -    CLKINVX4        13  0.010  0.045   0.078   0.000    0.402  F      1.079  pd_aon  
  WALLACE_CSA_DUMMY_OP_groupi59_g3615__5477/Y  -    NOR2X1           1  0.002  0.081   0.122   0.005    0.524  R      1.079  pd_aon  
  WALLACE_CSA_DUMMY_OP_groupi59_g3527__9945/S  -    ADDFX1           1  0.002  0.104   0.367   0.000    0.891  F      1.079  pd_aon  
  WALLACE_CSA_DUMMY_OP_groupi59_g3436__3680/S  -    ADDFHXL          1  0.002  0.072   0.306   0.000    1.197  R      1.079  pd_aon  
  WALLACE_CSA_DUMMY_OP_groupi59_g3405__5115/S  -    ADDFXL           1  0.001  0.071   0.305   0.000    1.502  F      1.079  pd_aon  
  WALLACE_CSA_DUMMY_OP_groupi59_g3373__6161/S  -    ADDFHX1          2  0.003  0.083   0.332   0.000    1.833  R      1.079  pd_aon  
  WALLACE_CSA_DUMMY_OP_groupi59_g3369__5115/Y  -    NAND2X2          2  0.002  0.076   0.112   0.000    1.945  F      1.079  pd_aon  
  WALLACE_CSA_DUMMY_OP_groupi59_g3360__1617/Y  -    NAND2BXL         1  0.001  0.094   0.095   0.000    2.041  R      1.079  pd_aon  
  WALLACE_CSA_DUMMY_OP_groupi59_g3793__2883/Y  -    XOR2XL           1  0.004  0.048   0.370   0.110    2.411  F      1.079  pd_aon  
  prects_FE_OFC102_result_o_54/Y               -    CLKBUFX16        1  0.010  0.223   0.207   0.000    2.619  F      1.079  pd_aon  
  result_o[54]                                 -    -                1  0.010  0.045   0.000   0.000    2.619  F      1.070  pd_aon  
#----------------------------------------------------------------------------------------------------------------------------------
Path 37: MET (0.837 ns) Late Output Delay Assertion
               View: slow_0p9v_125c_cmax_func
              Group: reg2out
         Startpoint: (R) operand_b_i_sr_reg_9/CK
              Clock: (R) clk_i
           Endpoint: (F) result_o[23]
              Clock: (R) clk_i_virtual

                       Capture       Launch
         Clock Edge:+    5.000        0.000
         Drv Adjust:+    0.000        0.011
        Src Latency:+    0.000       -0.137
        Net Latency:+    0.000 (I)    0.139 (P)
            Arrival:=    5.000        0.014

       Output Delay:-    1.500
        Uncertainty:-    0.055
        Cppr Adjust:+    0.000
      Required Time:=    3.445
       Launch Clock:=    0.014
          Data Path:+    2.594
              Slack:=    0.837

#-----------------------------------------------------------------------------------------------------------------------------------
# Timing Point                                  Net  Cell        Fanout   Load  Trans   Delay    Incr  Arrival  Edge  User    Power  
#                                                                         (pf)   (ns)    (ns)   Delay     (ns)        Derate  Domain  
#-----------------------------------------------------------------------------------------------------------------------------------
  clk_i                                         -    (arrival)        1  0.004  0.050   0.000   0.000   -0.125  R     -       pd_aon  
  CTS_ccl_a_inv_00012/Y                         -    CLKINVX6         3  0.011  0.050   0.067   0.000   -0.058  F      1.030  pd_aon  
  CTS_ccl_a_inv_00007/Y                         -    CLKINVX6        24  0.014  0.067   0.072   0.000    0.014  R      1.030  pd_aon  
  operand_b_i_sr_reg_9/Q                        -    SDFFSRHQX4       3  0.004  0.068   0.307   0.000    0.321  R      1.079  pd_aon  
  prects_FE_OFC78_operand_b_i_sr_9/Y            -    INVX3           13  0.012  0.040   0.095   0.000    0.417  F      1.079  pd_aon  
  WALLACE_CSA_DUMMY_OP_groupi57_g3609__3680/Y   -    NOR2XL           1  0.001  0.114   0.159   0.005    0.576  R      1.079  pd_aon  
  WALLACE_CSA_DUMMY_OP_groupi57_g3522__6260/S   -    ADDFXL           1  0.001  0.157   0.333   0.000    0.909  F      1.079  pd_aon  
  WALLACE_CSA_DUMMY_OP_groupi57_g3438__2346/S   -    ADDFX1           1  0.001  0.075   0.342   0.000    1.251  R      1.079  pd_aon  
  WALLACE_CSA_DUMMY_OP_groupi57_g3410__5526/CO  -    ADDFX1           1  0.001  0.053   0.223   0.000    1.474  R      1.079  pd_aon  
  WALLACE_CSA_DUMMY_OP_groupi57_g3367__2398/S   -    ADDFXL           2  0.001  0.056   0.319   0.000    1.793  F      1.079  pd_aon  
  WALLACE_CSA_DUMMY_OP_groupi57_g3357__6161/Y   -    CLKXOR2X1        4  0.001  0.069   0.177   0.000    1.969  R      1.079  pd_aon  
  FE_RC_111_0/Y                                 -    NAND2BXL         1  0.000  0.047   0.083   0.000    2.052  F      1.079  pd_aon  
  FE_RC_109_0/Y                                 -    OAI21XL          2  0.001  0.064   0.086   0.000    2.138  R      1.079  pd_aon  
  FE_RC_108_0/Y                                 -    NOR2BX1          1  0.001  0.132   0.119   0.000    2.257  F      1.079  pd_aon  
  FE_RC_107_0/Y                                 -    NAND2BX2         1  0.004  0.052   0.189   0.008    2.446  F      1.079  pd_aon  
  FE_OFC63_result_o_23/Y                        -    CLKBUFX16        1  0.011  0.142   0.162   0.000    2.608  F      1.079  pd_aon  
  result_o[23]                                  -    -                1  0.011  0.044   0.000   0.000    2.608  F      1.070  pd_aon  
#-----------------------------------------------------------------------------------------------------------------------------------
Path 38: MET (0.854 ns) Late Output Delay Assertion
               View: slow_0p9v_125c_cmax_func
              Group: reg2out
         Startpoint: (R) operand_a_i_sr_reg_29/CK
              Clock: (R) clk_i
           Endpoint: (F) result_o[55]
              Clock: (R) clk_i_virtual

                       Capture       Launch
         Clock Edge:+    5.000        0.000
         Drv Adjust:+    0.000        0.011
        Src Latency:+    0.000       -0.137
        Net Latency:+    0.000 (I)    0.140 (P)
            Arrival:=    5.000        0.015

       Output Delay:-    1.500
        Uncertainty:-    0.055
        Cppr Adjust:+    0.000
      Required Time:=    3.445
       Launch Clock:=    0.015
          Data Path:+    2.576
              Slack:=    0.854

#-----------------------------------------------------------------------------------------------------------------------------------
# Timing Point                                  Net  Cell        Fanout   Load  Trans   Delay    Incr  Arrival  Edge  User    Power  
#                                                                         (pf)   (ns)    (ns)   Delay     (ns)        Derate  Domain  
#-----------------------------------------------------------------------------------------------------------------------------------
  clk_i                                         -    (arrival)        1  0.004  0.050   0.000   0.000   -0.125  R     -       pd_aon  
  CTS_ccl_a_inv_00012/Y                         -    CLKINVX6         3  0.011  0.050   0.067   0.000   -0.058  F      1.030  pd_aon  
  CTS_ccl_a_inv_00008/Y                         -    CLKINVX6        21  0.015  0.067   0.073   0.000    0.015  R      1.030  pd_aon  
  operand_a_i_sr_reg_29/Q                       -    SDFFSRHQX4      14  0.013  0.069   0.335   0.000    0.350  R      1.079  pd_aon  
  cts_FE_OFC47_operand_a_i_sr_29/Y              -    INVX1            4  0.003  0.084   0.101   0.002    0.451  F      1.079  pd_aon  
  WALLACE_CSA_DUMMY_OP_groupi59_g3687__1617/Y   -    NOR2X1           1  0.001  0.091   0.104   0.000    0.554  R      1.079  pd_aon  
  WALLACE_CSA_DUMMY_OP_groupi59_g3559__1881/CO  -    ADDHX1           1  0.002  0.069   0.189   0.000    0.743  R      1.079  pd_aon  
  WALLACE_CSA_DUMMY_OP_groupi59_g3520__6131/S   -    ADDFX1           1  0.002  0.057   0.315   0.000    1.058  R      1.079  pd_aon  
  WALLACE_CSA_DUMMY_OP_groupi59_g3412__9945/S   -    ADDFHXL          1  0.001  0.076   0.331   0.000    1.389  F      1.079  pd_aon  
  WALLACE_CSA_DUMMY_OP_groupi59_g3367__6131/S   -    ADDFHXL          2  0.001  0.067   0.299   0.000    1.688  R      1.079  pd_aon  
  FE_RC_305_0/Y                                 -    CLKXOR2X1        4  0.003  0.057   0.196   0.000    1.884  F      1.079  pd_aon  
  FE_RC_261_0/Y                                 -    NAND2BXL         1  0.000  0.087   0.083   0.000    1.967  R      1.079  pd_aon  
  FE_RC_259_0/Y                                 -    OAI21XL          2  0.001  0.040   0.147   0.000    2.114  F      1.079  pd_aon  
  FE_RC_262_0/Y                                 -    NAND2BXL         1  0.001  0.161   0.155   0.000    2.269  R      1.079  pd_aon  
  FE_RC_257_0/Y                                 -    NAND2BX2         1  0.003  0.075   0.167   0.035    2.436  F      1.079  pd_aon  
  FE_OFC21_result_o_55/Y                        -    CLKBUFX16        1  0.011  0.129   0.155   0.000    2.591  F      1.079  pd_aon  
  result_o[55]                                  -    -                1  0.011  0.044   0.000   0.000    2.591  F      1.070  pd_aon  
#-----------------------------------------------------------------------------------------------------------------------------------
Path 39: MET (0.882 ns) Late Output Delay Assertion
               View: slow_0p9v_125c_cmax_func
              Group: reg2out
         Startpoint: (R) operand_a_i_sr_reg_13/CK
              Clock: (R) clk_i
           Endpoint: (F) result_o[22]
              Clock: (R) clk_i_virtual

                       Capture       Launch
         Clock Edge:+    5.000        0.000
         Drv Adjust:+    0.000        0.011
        Src Latency:+    0.000       -0.137
        Net Latency:+    0.000 (I)    0.138 (P)
            Arrival:=    5.000        0.012

       Output Delay:-    1.500
        Uncertainty:-    0.055
        Cppr Adjust:+    0.000
      Required Time:=    3.445
       Launch Clock:=    0.012
          Data Path:+    2.550
              Slack:=    0.882

#----------------------------------------------------------------------------------------------------------------------------------
# Timing Point                                 Net  Cell        Fanout   Load  Trans   Delay    Incr  Arrival  Edge  User    Power  
#                                                                        (pf)   (ns)    (ns)   Delay     (ns)        Derate  Domain  
#----------------------------------------------------------------------------------------------------------------------------------
  clk_i                                        -    (arrival)        1  0.004  0.050   0.000   0.000   -0.125  R     -       pd_aon  
  CTS_ccl_a_inv_00012/Y                        -    CLKINVX6         3  0.011  0.050   0.067   0.000   -0.058  F      1.030  pd_aon  
  CTS_ccl_a_inv_00009/Y                        -    CLKINVX6        20  0.013  0.067   0.071   0.000    0.012  R      1.030  pd_aon  
  operand_a_i_sr_reg_13/Q                      -    SDFFSRHQX4      14  0.014  0.065   0.336   0.000    0.348  R      1.079  pd_aon  
  prects_FE_OFC91_operand_a_i_sr_13/Y          -    INVX1            4  0.003  0.090   0.120   0.000    0.468  F      1.079  pd_aon  
  WALLACE_CSA_DUMMY_OP_groupi57_g3687__2883/Y  -    NOR2X1           3  0.001  0.097   0.125   0.000    0.593  R      1.079  pd_aon  
  FE_RC_144_0/Y                                -    INVXL            1  0.000  0.096   0.100   0.000    0.693  F      1.079  pd_aon  
  FE_RC_143_0/Y                                -    NAND2XL          1  0.001  0.043   0.058   0.000    0.751  R      1.079  pd_aon  
  FE_RC_140_0/Y                                -    NAND2X1          1  0.001  0.047   0.111   0.000    0.863  F      1.079  pd_aon  
  WALLACE_CSA_DUMMY_OP_groupi57_g3467__6161/S  -    ADDFX1           1  0.001  0.101   0.363   0.000    1.226  R      1.079  pd_aon  
  WALLACE_CSA_DUMMY_OP_groupi57_g3410__5526/S  -    ADDFX1           1  0.001  0.052   0.344   0.000    1.570  F      1.079  pd_aon  
  WALLACE_CSA_DUMMY_OP_groupi57_g3373__5526/S  -    ADDFHXL          2  0.001  0.062   0.302   0.000    1.872  R      1.079  pd_aon  
  WALLACE_CSA_DUMMY_OP_groupi57_g3369__6260/Y  -    NAND2X1          2  0.002  0.053   0.134   0.000    2.006  F      1.079  pd_aon  
  WALLACE_CSA_DUMMY_OP_groupi57_g3360__2883/Y  -    NAND2BXL         1  0.001  0.146   0.137   0.000    2.143  R      1.079  pd_aon  
  WALLACE_CSA_DUMMY_OP_groupi57_g3793__1617/Y  -    CLKXOR2X1        1  0.004  0.059   0.266   0.032    2.409  F      1.079  pd_aon  
  FE_OFC64_result_o_22/Y                       -    CLKBUFX16        1  0.010  0.125   0.154   0.000    2.563  F      1.079  pd_aon  
  result_o[22]                                 -    -                1  0.010  0.043   0.000   0.000    2.563  F      1.070  pd_aon  
#----------------------------------------------------------------------------------------------------------------------------------
Path 40: MET (0.959 ns) Late Output Delay Assertion
               View: slow_0p9v_125c_cmax_func
              Group: reg2out
         Startpoint: (R) operand_a_i_sr_reg_29/CK
              Clock: (R) clk_i
           Endpoint: (F) result_o[38]
              Clock: (R) clk_i_virtual

                       Capture       Launch
         Clock Edge:+    5.000        0.000
         Drv Adjust:+    0.000        0.011
        Src Latency:+    0.000       -0.137
        Net Latency:+    0.000 (I)    0.140 (P)
            Arrival:=    5.000        0.015

       Output Delay:-    1.500
        Uncertainty:-    0.055
        Cppr Adjust:+    0.000
      Required Time:=    3.445
       Launch Clock:=    0.015
          Data Path:+    2.471
              Slack:=    0.959

#----------------------------------------------------------------------------------------------------------------------------------
# Timing Point                                 Net  Cell        Fanout   Load  Trans   Delay    Incr  Arrival  Edge  User    Power  
#                                                                        (pf)   (ns)    (ns)   Delay     (ns)        Derate  Domain  
#----------------------------------------------------------------------------------------------------------------------------------
  clk_i                                        -    (arrival)        1  0.004  0.050   0.000   0.000   -0.125  R     -       pd_aon  
  CTS_ccl_a_inv_00012/Y                        -    CLKINVX6         3  0.011  0.050   0.067   0.000   -0.058  F      1.030  pd_aon  
  CTS_ccl_a_inv_00008/Y                        -    CLKINVX6        21  0.015  0.067   0.073   0.000    0.015  R      1.030  pd_aon  
  operand_a_i_sr_reg_29/Q                      -    SDFFSRHQX4      14  0.013  0.069   0.374   0.000    0.389  F      1.079  pd_aon  
  cts_FE_OFC47_operand_a_i_sr_29/Y             -    INVX1            4  0.003  0.100   0.104   0.001    0.493  R      1.079  pd_aon  
  WALLACE_CSA_DUMMY_OP_groupi58_g3687__5122/Y  -    NOR2XL           1  0.001  0.077   0.095   0.000    0.587  F      1.079  pd_aon  
  WALLACE_CSA_DUMMY_OP_groupi58_g3559__4733/S  -    ADDHX1           1  0.001  0.064   0.238   0.000    0.825  R      1.079  pd_aon  
  WALLACE_CSA_DUMMY_OP_groupi58_g3467__1617/S  -    ADDFX1           4  0.003  0.043   0.356   0.000    1.181  F      1.079  pd_aon  
  FE_RC_130_0/Y                                -    NAND2BX1         1  0.001  0.092   0.086   0.000    1.268  R      1.079  pd_aon  
  FE_RC_128_0/Y                                -    OAI21X1          2  0.001  0.042   0.112   0.000    1.380  F      1.079  pd_aon  
  FE_RC_131_0/Y                                -    NAND2BXL         1  0.001  0.107   0.106   0.000    1.486  R      1.079  pd_aon  
  FE_RC_138_0/Y                                -    OAI21X1          1  0.001  0.053   0.115   0.000    1.601  F      1.079  pd_aon  
  WALLACE_CSA_DUMMY_OP_groupi58_g3373__2883/S  -    ADDFXL           2  0.001  0.100   0.335   0.000    1.936  R      1.079  pd_aon  
  WALLACE_CSA_DUMMY_OP_groupi58_g3369__6161/Y  -    NAND2X1          2  0.001  0.062   0.110   0.000    2.046  F      1.079  pd_aon  
  WALLACE_CSA_DUMMY_OP_groupi58_g3360__5122/Y  -    NAND2BXL         1  0.001  0.098   0.101   0.000    2.147  R      1.079  pd_aon  
  WALLACE_CSA_DUMMY_OP_groupi58_g3793__5526/Y  -    XOR2XL           1  0.002  0.053   0.201   0.000    2.348  F      1.079  pd_aon  
  FE_OFC38_result_o_38/Y                       -    CLKBUFX16        1  0.010  0.100   0.138   0.000    2.486  F      1.079  pd_aon  
  result_o[38]                                 -    -                1  0.010  0.042   0.000   0.000    2.486  F      1.070  pd_aon  
#----------------------------------------------------------------------------------------------------------------------------------
Path 41: MET (1.000 ns) Late Output Delay Assertion
               View: slow_0p9v_125c_cmax_func
              Group: reg2out
         Startpoint: (R) operand_b_i_sr_reg_3/CK
              Clock: (R) clk_i
           Endpoint: (F) result_o[6]
              Clock: (R) clk_i_virtual

                       Capture       Launch
         Clock Edge:+    5.000        0.000
         Drv Adjust:+    0.000        0.011
        Src Latency:+    0.000       -0.137
        Net Latency:+    0.000 (I)    0.140 (P)
            Arrival:=    5.000        0.014

       Output Delay:-    1.500
        Uncertainty:-    0.055
        Cppr Adjust:+    0.000
      Required Time:=    3.445
       Launch Clock:=    0.014
          Data Path:+    2.431
              Slack:=    1.000

#---------------------------------------------------------------------------------------------------------------------------------
# Timing Point                                Net  Cell        Fanout   Load  Trans   Delay    Incr  Arrival  Edge  User    Power  
#                                                                       (pf)   (ns)    (ns)   Delay     (ns)        Derate  Domain  
#---------------------------------------------------------------------------------------------------------------------------------
  clk_i                                       -    (arrival)        1  0.004  0.050   0.000   0.000   -0.125  R     -       pd_aon  
  CTS_ccl_a_inv_00012/Y                       -    CLKINVX6         3  0.011  0.050   0.067   0.000   -0.058  F      1.030  pd_aon  
  CTS_ccl_a_inv_00007/Y                       -    CLKINVX6        24  0.014  0.067   0.072   0.000    0.014  R      1.030  pd_aon  
  operand_b_i_sr_reg_3/Q                      -    SDFFSRHQX4       6  0.011  0.068   0.329   0.000    0.343  R      1.079  pd_aon  
  prects_FE_OFC94_operand_b_i_sr_3/Y          -    CLKINVX8        12  0.009  0.075   0.074   0.000    0.417  F      1.079  pd_aon  
  WALLACE_CSA_DUMMY_OP_groupi_g3814__8246/Y   -    NOR2BX1          1  0.001  0.055   0.099   0.000    0.515  R      1.079  pd_aon  
  WALLACE_CSA_DUMMY_OP_groupi_g3513__8428/CO  -    ADDFX1           4  0.002  0.093   0.270   0.000    0.785  R      1.079  pd_aon  
  FE_RC_172_0/Y                               -    NAND2BXL         1  0.001  0.059   0.094   0.000    0.879  R      1.079  pd_aon  
  prects_FE_RC_41_0/Y                         -    OAI21X1          2  0.001  0.050   0.115   0.000    0.994  F      1.079  pd_aon  
  FE_RC_173_0/Y                               -    NAND2BX1         1  0.001  0.102   0.092   0.000    1.086  R      1.079  pd_aon  
  cts_FE_RC_19_0/Y                            -    OAI21X1          1  0.001  0.045   0.128   0.000    1.213  F      1.079  pd_aon  
  WALLACE_CSA_DUMMY_OP_groupi_g3410__5115/S   -    ADDFHX1          1  0.002  0.130   0.351   0.000    1.564  R      1.079  pd_aon  
  WALLACE_CSA_DUMMY_OP_groupi_g3373__5115/S   -    ADDFHXL          2  0.001  0.067   0.316   0.000    1.880  F      1.079  pd_aon  
  WALLACE_CSA_DUMMY_OP_groupi_g3370__6131/Y   -    NOR2X1           2  0.001  0.065   0.104   0.000    1.985  R      1.079  pd_aon  
  WALLACE_CSA_DUMMY_OP_groupi_g3360__5526/Y   -    NAND2BXL         1  0.001  0.093   0.110   0.000    2.095  R      1.079  pd_aon  
  WALLACE_CSA_DUMMY_OP_groupi_g3793__6161/Y   -    XOR2XL           1  0.002  0.050   0.205   0.000    2.300  F      1.079  pd_aon  
  prects_FE_OFC28_result_o_6/Y                -    CLKBUFX16        1  0.011  0.110   0.145   0.000    2.445  F      1.079  pd_aon  
  result_o[6]                                 -    -                1  0.011  0.044   0.000   0.000    2.445  F      1.070  pd_aon  
#---------------------------------------------------------------------------------------------------------------------------------
Path 42: MET (1.045 ns) Setup Check with Pin operand_b_i_sr_reg_0/CK->SI
               View: slow_0p9v_125c_cmax_scan_shift
              Group: in2reg
         Startpoint: (R) scan_in_matmul_sync_0
              Clock: (R) clk_i_virtual
           Endpoint: (R) operand_b_i_sr_reg_0/SI
              Clock: (R) clk_i

                       Capture       Launch
         Clock Edge:+   10.000        0.000
         Drv Adjust:+    0.009        0.003
        Src Latency:+   -0.137        0.000
        Net Latency:+    0.109 (P)    0.000 (I)
            Arrival:=    9.981        0.003

              Setup:-    0.228
        Uncertainty:-    0.205
        Cppr Adjust:+    0.000
      Required Time:=    9.549
       Launch Clock:=    0.003
        Input Delay:+    8.500
          Data Path:+    0.000
              Slack:=    1.045
     Timing Path:

#--------------------------------------------------------------------------------------------------------------
# Timing Point             Net  Cell        Fanout   Load  Trans   Delay    Incr  Arrival  Edge  User    Power  
#                                                    (pf)   (ns)    (ns)   Delay     (ns)        Derate  Domain  
#--------------------------------------------------------------------------------------------------------------
  scan_in_matmul_sync_0    -    (arrival)        1  0.001  0.053   0.000   0.000    8.503  R     -       pd_aon  
  operand_b_i_sr_reg_0/SI  -    SDFFSRHQX4       1  0.001  0.053   0.000   0.000    8.503  R      1.070  pd_aon  
#--------------------------------------------------------------------------------------------------------------
     Other End Path:

#--------------------------------------------------------------------------------------------------------------
# Timing Point             Net  Cell        Fanout   Load  Trans   Delay    Incr  Arrival  Edge  User    Power  
#                                                    (pf)   (ns)    (ns)   Delay     (ns)        Derate  Domain  
#--------------------------------------------------------------------------------------------------------------
  clk_i                    -    (arrival)        1  0.003  0.027   0.000   0.000    9.873  R     -       pd_aon  
  CTS_ccl_a_inv_00012/Y    -    CLKINVX6         3  0.011  0.027   0.047   0.000    9.920  F      0.927  pd_aon  
  CTS_ccl_a_inv_00007/Y    -    CLKINVX6        24  0.014  0.060   0.061   0.000    9.981  R      0.927  pd_aon  
  operand_b_i_sr_reg_0/CK  -    SDFFSRHQX4      24  0.014  0.066   0.000   0.000    9.981  R      0.930  pd_aon  
#--------------------------------------------------------------------------------------------------------------
Path 43: MET (1.086 ns) Late Output Delay Assertion
               View: slow_0p9v_125c_cmax_func
              Group: reg2out
         Startpoint: (R) operand_a_i_sr_reg_25/CK
              Clock: (R) clk_i
           Endpoint: (F) result_o[53]
              Clock: (R) clk_i_virtual

                       Capture       Launch
         Clock Edge:+    5.000        0.000
         Drv Adjust:+    0.000        0.011
        Src Latency:+    0.000       -0.137
        Net Latency:+    0.000 (I)    0.140 (P)
            Arrival:=    5.000        0.015

       Output Delay:-    1.500
        Uncertainty:-    0.055
        Cppr Adjust:+    0.000
      Required Time:=    3.445
       Launch Clock:=    0.015
          Data Path:+    2.344
              Slack:=    1.086

#----------------------------------------------------------------------------------------------------------------------------------
# Timing Point                                 Net  Cell        Fanout   Load  Trans   Delay    Incr  Arrival  Edge  User    Power  
#                                                                        (pf)   (ns)    (ns)   Delay     (ns)        Derate  Domain  
#----------------------------------------------------------------------------------------------------------------------------------
  clk_i                                        -    (arrival)        1  0.004  0.050   0.000   0.000   -0.125  R     -       pd_aon  
  CTS_ccl_a_inv_00012/Y                        -    CLKINVX6         3  0.011  0.050   0.067   0.000   -0.058  F      1.030  pd_aon  
  CTS_ccl_a_inv_00008/Y                        -    CLKINVX6        21  0.015  0.067   0.073   0.000    0.015  R      1.030  pd_aon  
  operand_a_i_sr_reg_25/Q                      -    SDFFSRHQX2       1  0.004  0.069   0.295   0.000    0.310  R      1.079  pd_aon  
  FE_OFC170_operand_a_i_sr_25/Y                -    CLKINVX8        17  0.015  0.056   0.075   0.000    0.384  F      1.079  pd_aon  
  FE_OFC172_operand_a_i_sr_25/Y                -    INVXL            1  0.000  0.070   0.070   0.000    0.454  R      1.079  pd_aon  
  WALLACE_CSA_DUMMY_OP_groupi59_g3650__8428/Y  -    CLKAND2X2        3  0.001  0.031   0.113   0.000    0.567  R      1.079  pd_aon  
  WALLACE_CSA_DUMMY_OP_groupi59_g3598/Y        -    INVX1            2  0.001  0.030   0.046   0.000    0.613  F      1.079  pd_aon  
  WALLACE_CSA_DUMMY_OP_groupi59_g3576__6260/Y  -    NOR2XL           1  0.001  0.036   0.075   0.000    0.688  R      1.079  pd_aon  
  WALLACE_CSA_DUMMY_OP_groupi59_g3571__6417/Y  -    AOI21X1          2  0.001  0.074   0.085   0.000    0.773  F      1.079  pd_aon  
  WALLACE_CSA_DUMMY_OP_groupi59_g3553/Y        -    INVX1            1  0.000  0.116   0.096   0.000    0.870  R      1.079  pd_aon  
  WALLACE_CSA_DUMMY_OP_groupi59_g3551__7098/Y  -    NOR2X1           1  0.000  0.039   0.049   0.000    0.918  F      1.079  pd_aon  
  WALLACE_CSA_DUMMY_OP_groupi59_g3545__1617/Y  -    NOR2X1           3  0.001  0.045   0.088   0.000    1.006  R      1.079  pd_aon  
  WALLACE_CSA_DUMMY_OP_groupi59_g3487__2346/Y  -    NAND2X1          1  0.001  0.087   0.119   0.000    1.126  F      1.079  pd_aon  
  WALLACE_CSA_DUMMY_OP_groupi59_g3454__1666/Y  -    AOI21X1          3  0.002  0.071   0.126   0.005    1.252  R      1.079  pd_aon  
  prects_FE_RC_37_0/Y                          -    NOR2BX1          1  0.001  0.113   0.160   0.000    1.412  R      1.079  pd_aon  
  prects_FE_RC_36_0/Y                          -    AOI21X1          1  0.000  0.063   0.067   0.000    1.478  F      1.079  pd_aon  
  WALLACE_CSA_DUMMY_OP_groupi59_g3401__7098/Y  -    XNOR2X1          2  0.001  0.079   0.249   0.000    1.727  R      1.079  pd_aon  
  WALLACE_CSA_DUMMY_OP_groupi59_g3794__2346/Y  -    AND2X1           2  0.002  0.045   0.169   0.000    1.896  R      1.079  pd_aon  
  WALLACE_CSA_DUMMY_OP_groupi59_g3376__2883/Y  -    OR2XL            1  0.001  0.066   0.113   0.000    2.009  R      1.079  pd_aon  
  WALLACE_CSA_DUMMY_OP_groupi59_g3361__2802/Y  -    XNOR2X1          1  0.004  0.040   0.205   0.010    2.214  F      1.079  pd_aon  
  FE_OFC23_result_o_53/Y                       -    CLKBUFX16        1  0.010  0.112   0.145   0.000    2.359  F      1.079  pd_aon  
  result_o[53]                                 -    -                1  0.010  0.043   0.000   0.000    2.359  F      1.070  pd_aon  
#----------------------------------------------------------------------------------------------------------------------------------
Path 44: MET (1.101 ns) Late Output Delay Assertion
               View: slow_0p9v_125c_cmax_func
              Group: reg2out
         Startpoint: (R) operand_b_i_sr_reg_27/CK
              Clock: (R) clk_i
           Endpoint: (F) result_o[21]
              Clock: (R) clk_i_virtual

                       Capture       Launch
         Clock Edge:+    5.000        0.000
         Drv Adjust:+    0.000        0.011
        Src Latency:+    0.000       -0.137
        Net Latency:+    0.000 (I)    0.139 (P)
            Arrival:=    5.000        0.014

       Output Delay:-    1.500
        Uncertainty:-    0.055
        Cppr Adjust:+    0.000
      Required Time:=    3.445
       Launch Clock:=    0.014
          Data Path:+    2.330
              Slack:=    1.101

#-----------------------------------------------------------------------------------------------------------------------------------------
# Timing Point                                        Net  Cell        Fanout   Load  Trans   Delay    Incr  Arrival  Edge  User    Power  
#                                                                               (pf)   (ns)    (ns)   Delay     (ns)        Derate  Domain  
#-----------------------------------------------------------------------------------------------------------------------------------------
  clk_i                                               -    (arrival)        1  0.004  0.050   0.000   0.000   -0.125  R     -       pd_aon  
  CTS_ccl_a_inv_00012/Y                               -    CLKINVX6         3  0.011  0.050   0.067   0.000   -0.058  F      1.030  pd_aon  
  CTS_ccl_a_inv_00007/Y                               -    CLKINVX6        24  0.014  0.067   0.072   0.000    0.014  R      1.030  pd_aon  
  operand_b_i_sr_reg_27/Q                             -    SDFFSRHQX4      14  0.014  0.068   0.376   0.000    0.390  F      1.079  pd_aon  
  WALLACE_CSA_DUMMY_OP_groupi57_g3650__4733/Y         -    AND2XL           3  0.001  0.105   0.140   0.000    0.530  F      1.079  pd_aon  
  WALLACE_CSA_DUMMY_OP_groupi57_g3598/Y               -    INVX1            2  0.001  0.065   0.068   0.000    0.598  R      1.079  pd_aon  
  WALLACE_CSA_DUMMY_OP_groupi57_g3576__5115/Y         -    NOR2XL           1  0.001  0.040   0.061   0.000    0.659  F      1.079  pd_aon  
  WALLACE_CSA_DUMMY_OP_groupi57_g3571__8246/Y         -    AOI21X1          2  0.001  0.057   0.092   0.000    0.752  R      1.079  pd_aon  
  WALLACE_CSA_DUMMY_OP_groupi57_g3553/Y               -    INVXL            1  0.000  0.075   0.084   0.000    0.836  F      1.079  pd_aon  
  WALLACE_CSA_DUMMY_OP_groupi57_g3551__5477/Y         -    NOR2X1           1  0.001  0.042   0.069   0.000    0.905  R      1.079  pd_aon  
  WALLACE_CSA_DUMMY_OP_groupi57_g3545__2883/Y         -    NOR2X1           3  0.002  0.062   0.083   0.000    0.988  F      1.079  pd_aon  
  WALLACE_CSA_DUMMY_OP_groupi57_g3487__2802/Y         -    NAND2X1          1  0.000  0.070   0.072   0.000    1.060  R      1.079  pd_aon  
  cts_FE_RC_22_0/Y                                    -    AOI21X1          3  0.002  0.038   0.135   0.011    1.195  F      1.079  pd_aon  
  cts_FE_OFC30_WALLACE_CSA_DUMMY_OP_groupi57_n_348/Y  -    INVX1            2  0.001  0.160   0.133   0.000    1.327  R      1.079  pd_aon  
  WALLACE_CSA_DUMMY_OP_groupi57_g3421__5115/Y         -    MXI2XL           1  0.000  0.057   0.137   0.000    1.465  F      1.079  pd_aon  
  WALLACE_CSA_DUMMY_OP_groupi57_g3401__5477/Y         -    XNOR2X1          2  0.001  0.111   0.266   0.000    1.730  R      1.079  pd_aon  
  WALLACE_CSA_DUMMY_OP_groupi57_g3794__2802/Y         -    AND2X1           2  0.002  0.044   0.174   0.000    1.904  R      1.079  pd_aon  
  WALLACE_CSA_DUMMY_OP_groupi57_g3376__1617/Y         -    OR2XL            1  0.001  0.059   0.105   0.000    2.010  R      1.079  pd_aon  
  WALLACE_CSA_DUMMY_OP_groupi57_g3361__2346/Y         -    XNOR2X1          1  0.004  0.035   0.190   0.000    2.200  F      1.079  pd_aon  
  FE_OFC65_result_o_21/Y                              -    CLKBUFX16        1  0.011  0.109   0.144   0.000    2.344  F      1.079  pd_aon  
  result_o[21]                                        -    -                1  0.011  0.043   0.000   0.000    2.344  F      1.070  pd_aon  
#-----------------------------------------------------------------------------------------------------------------------------------------
Path 45: MET (1.142 ns) Late Output Delay Assertion
               View: slow_0p9v_125c_cmax_func
              Group: reg2out
         Startpoint: (R) operand_b_i_sr_reg_2/CK
              Clock: (R) clk_i
           Endpoint: (R) result_o[37]
              Clock: (R) clk_i_virtual

                       Capture       Launch
         Clock Edge:+    5.000        0.000
         Drv Adjust:+    0.000        0.011
        Src Latency:+    0.000       -0.137
        Net Latency:+    0.000 (I)    0.140 (P)
            Arrival:=    5.000        0.014

       Output Delay:-    1.500
        Uncertainty:-    0.055
        Cppr Adjust:+    0.000
      Required Time:=    3.445
       Launch Clock:=    0.014
          Data Path:+    2.289
              Slack:=    1.142

#----------------------------------------------------------------------------------------------------------------------------------
# Timing Point                                 Net  Cell        Fanout   Load  Trans   Delay    Incr  Arrival  Edge  User    Power  
#                                                                        (pf)   (ns)    (ns)   Delay     (ns)        Derate  Domain  
#----------------------------------------------------------------------------------------------------------------------------------
  clk_i                                        -    (arrival)        1  0.004  0.050   0.000   0.000   -0.125  R     -       pd_aon  
  CTS_ccl_a_inv_00012/Y                        -    CLKINVX6         3  0.011  0.050   0.067   0.000   -0.058  F      1.030  pd_aon  
  CTS_ccl_a_inv_00007/Y                        -    CLKINVX6        24  0.014  0.067   0.072   0.000    0.014  R      1.030  pd_aon  
  operand_b_i_sr_reg_2/Q                       -    SDFFSRHQX4       7  0.008  0.068   0.319   0.000    0.333  R      1.079  pd_aon  
  cts_FE_OFC56_operand_b_i_sr_2/Y              -    INVX1            6  0.004  0.059   0.107   0.007    0.440  F      1.079  pd_aon  
  WALLACE_CSA_DUMMY_OP_groupi58_g3652__2802/Y  -    NOR2X1           4  0.002  0.117   0.155   0.000    0.595  R      1.079  pd_aon  
  WALLACE_CSA_DUMMY_OP_groupi58_g3585__8246/Y  -    NOR2XL           1  0.001  0.125   0.141   0.000    0.735  F      1.079  pd_aon  
  WALLACE_CSA_DUMMY_OP_groupi58_g3544__1705/Y  -    OAI21X1          1  0.002  0.066   0.125   0.013    0.860  R      1.079  pd_aon  
  WALLACE_CSA_DUMMY_OP_groupi58_g3439__7098/S  -    ADDFX1           1  0.001  0.118   0.393   0.000    1.254  F      1.079  pd_aon  
  WALLACE_CSA_DUMMY_OP_groupi58_g3413__7410/S  -    ADDFXL           2  0.001  0.055   0.305   0.000    1.559  R      1.079  pd_aon  
  WALLACE_CSA_DUMMY_OP_groupi58_g3401__5115/Y  -    XNOR2X1          2  0.001  0.068   0.175   0.000    1.733  F      1.079  pd_aon  
  WALLACE_CSA_DUMMY_OP_groupi58_g3794__6783/Y  -    AND2XL           2  0.001  0.051   0.107   0.000    1.841  F      1.079  pd_aon  
  WALLACE_CSA_DUMMY_OP_groupi58_g3376__7410/Y  -    OR2XL            1  0.001  0.073   0.143   0.000    1.983  F      1.079  pd_aon  
  WALLACE_CSA_DUMMY_OP_groupi58_g3361__8246/Y  -    XNOR2X1          1  0.002  0.040   0.200   0.000    2.184  R      1.079  pd_aon  
  FE_OFC39_result_o_37/Y                       -    CLKBUFX16        1  0.010  0.057   0.120   0.000    2.303  R      1.079  pd_aon  
  result_o[37]                                 -    -                1  0.010  0.040   0.000   0.000    2.303  R      1.070  pd_aon  
#----------------------------------------------------------------------------------------------------------------------------------
Path 46: MET (1.156 ns) Setup Check with Pin operand_b_i_sr_reg_12/CK->D
               View: slow_0p9v_125c_cmax_func
              Group: in2reg
         Startpoint: (R) operand_b_i[12]
              Clock: (R) clk_i_virtual
           Endpoint: (R) operand_b_i_sr_reg_12/D
              Clock: (R) clk_i

                       Capture       Launch
         Clock Edge:+    5.000        0.000
         Drv Adjust:+    0.009        0.005
        Src Latency:+   -0.137        0.000
        Net Latency:+    0.110 (P)    0.000 (I)
            Arrival:=    4.982        0.005

              Setup:-    0.266
        Uncertainty:-    0.055
        Cppr Adjust:+    0.000
      Required Time:=    4.661
       Launch Clock:=    0.005
        Input Delay:+    3.500
          Data Path:+    0.000
              Slack:=    1.156
     Timing Path:

#-------------------------------------------------------------------------------------------------------------
# Timing Point             Net  Cell       Fanout   Load  Trans   Delay    Incr  Arrival  Edge  User    Power  
#                                                   (pf)   (ns)    (ns)   Delay     (ns)        Derate  Domain  
#-------------------------------------------------------------------------------------------------------------
  operand_b_i[12]          -    (arrival)       1  0.002  0.056   0.000   0.000    3.506  R     -       pd_aon  
  operand_b_i_sr_reg_12/D  -    SDFFSRX2        1  0.002  0.056   0.000   0.000    3.506  R      1.070  pd_aon  
#-------------------------------------------------------------------------------------------------------------
     Other End Path:

#--------------------------------------------------------------------------------------------------------------
# Timing Point              Net  Cell       Fanout   Load  Trans   Delay    Incr  Arrival  Edge  User    Power  
#                                                    (pf)   (ns)    (ns)   Delay     (ns)        Derate  Domain  
#--------------------------------------------------------------------------------------------------------------
  clk_i                     -    (arrival)       1  0.003  0.027   0.000   0.000    4.873  R     -       pd_aon  
  CTS_ccl_a_inv_00012/Y     -    CLKINVX6        3  0.011  0.027   0.047   0.000    4.920  F      0.927  pd_aon  
  CTS_ccl_a_inv_00008/Y     -    CLKINVX6       21  0.015  0.060   0.062   0.000    4.982  R      0.927  pd_aon  
  operand_b_i_sr_reg_12/CK  -    SDFFSRX2       21  0.015  0.067   0.000   0.000    4.982  R      0.930  pd_aon  
#--------------------------------------------------------------------------------------------------------------
Path 47: MET (1.160 ns) Setup Check with Pin operand_b_i_sr_reg_6/CK->D
               View: slow_0p9v_125c_cmax_func
              Group: in2reg
         Startpoint: (R) operand_b_i[6]
              Clock: (R) clk_i_virtual
           Endpoint: (R) operand_b_i_sr_reg_6/D
              Clock: (R) clk_i

                       Capture       Launch
         Clock Edge:+    5.000        0.000
         Drv Adjust:+    0.009        0.002
        Src Latency:+   -0.137        0.000
        Net Latency:+    0.109 (P)    0.000 (I)
            Arrival:=    4.981        0.002

              Setup:-    0.264
        Uncertainty:-    0.055
        Cppr Adjust:+    0.000
      Required Time:=    4.662
       Launch Clock:=    0.002
        Input Delay:+    3.500
          Data Path:+    0.000
              Slack:=    1.160
     Timing Path:

#------------------------------------------------------------------------------------------------------------
# Timing Point            Net  Cell       Fanout   Load  Trans   Delay    Incr  Arrival  Edge  User    Power  
#                                                  (pf)   (ns)    (ns)   Delay     (ns)        Derate  Domain  
#------------------------------------------------------------------------------------------------------------
  operand_b_i[6]          -    (arrival)       1  0.001  0.052   0.000   0.000    3.502  R     -       pd_aon  
  operand_b_i_sr_reg_6/D  -    SDFFSRX2        1  0.001  0.052   0.000   0.000    3.502  R      1.070  pd_aon  
#------------------------------------------------------------------------------------------------------------
     Other End Path:

#-------------------------------------------------------------------------------------------------------------
# Timing Point             Net  Cell       Fanout   Load  Trans   Delay    Incr  Arrival  Edge  User    Power  
#                                                   (pf)   (ns)    (ns)   Delay     (ns)        Derate  Domain  
#-------------------------------------------------------------------------------------------------------------
  clk_i                    -    (arrival)       1  0.003  0.027   0.000   0.000    4.873  R     -       pd_aon  
  CTS_ccl_a_inv_00012/Y    -    CLKINVX6        3  0.011  0.027   0.047   0.000    4.920  F      0.927  pd_aon  
  CTS_ccl_a_inv_00007/Y    -    CLKINVX6       24  0.014  0.060   0.061   0.000    4.981  R      0.927  pd_aon  
  operand_b_i_sr_reg_6/CK  -    SDFFSRX2       24  0.014  0.066   0.000   0.000    4.981  R      0.930  pd_aon  
#-------------------------------------------------------------------------------------------------------------
Path 48: MET (1.160 ns) Setup Check with Pin operand_b_i_sr_reg_4/CK->D
               View: slow_0p9v_125c_cmax_func
              Group: in2reg
         Startpoint: (R) operand_b_i[4]
              Clock: (R) clk_i_virtual
           Endpoint: (R) operand_b_i_sr_reg_4/D
              Clock: (R) clk_i

                       Capture       Launch
         Clock Edge:+    5.000        0.000
         Drv Adjust:+    0.009        0.002
        Src Latency:+   -0.137        0.000
        Net Latency:+    0.109 (P)    0.000 (I)
            Arrival:=    4.981        0.002

              Setup:-    0.264
        Uncertainty:-    0.055
        Cppr Adjust:+    0.000
      Required Time:=    4.662
       Launch Clock:=    0.002
        Input Delay:+    3.500
          Data Path:+    0.000
              Slack:=    1.160
     Timing Path:

#------------------------------------------------------------------------------------------------------------
# Timing Point            Net  Cell       Fanout   Load  Trans   Delay    Incr  Arrival  Edge  User    Power  
#                                                  (pf)   (ns)    (ns)   Delay     (ns)        Derate  Domain  
#------------------------------------------------------------------------------------------------------------
  operand_b_i[4]          -    (arrival)       1  0.001  0.051   0.000   0.000    3.502  R     -       pd_aon  
  operand_b_i_sr_reg_4/D  -    SDFFSRX2        1  0.001  0.051   0.000   0.000    3.502  R      1.070  pd_aon  
#------------------------------------------------------------------------------------------------------------
     Other End Path:

#-------------------------------------------------------------------------------------------------------------
# Timing Point             Net  Cell       Fanout   Load  Trans   Delay    Incr  Arrival  Edge  User    Power  
#                                                   (pf)   (ns)    (ns)   Delay     (ns)        Derate  Domain  
#-------------------------------------------------------------------------------------------------------------
  clk_i                    -    (arrival)       1  0.003  0.027   0.000   0.000    4.873  R     -       pd_aon  
  CTS_ccl_a_inv_00012/Y    -    CLKINVX6        3  0.011  0.027   0.047   0.000    4.920  F      0.927  pd_aon  
  CTS_ccl_a_inv_00007/Y    -    CLKINVX6       24  0.014  0.060   0.061   0.000    4.981  R      0.927  pd_aon  
  operand_b_i_sr_reg_4/CK  -    SDFFSRX2       24  0.014  0.066   0.000   0.000    4.981  R      0.930  pd_aon  
#-------------------------------------------------------------------------------------------------------------
Path 49: MET (1.179 ns) Setup Check with Pin operand_b_i_sr_reg_28/CK->D
               View: slow_0p9v_125c_cmax_func
              Group: in2reg
         Startpoint: (R) operand_b_i[28]
              Clock: (R) clk_i_virtual
           Endpoint: (R) operand_b_i_sr_reg_28/D
              Clock: (R) clk_i

                       Capture       Launch
         Clock Edge:+    5.000        0.000
         Drv Adjust:+    0.009        0.008
        Src Latency:+   -0.137        0.000
        Net Latency:+    0.107 (P)    0.000 (I)
            Arrival:=    4.980        0.008

              Setup:-    0.235
        Uncertainty:-    0.055
        Cppr Adjust:+    0.000
      Required Time:=    4.690
       Launch Clock:=    0.008
        Input Delay:+    3.500
          Data Path:+    0.003
              Slack:=    1.179
     Timing Path:

#--------------------------------------------------------------------------------------------------------------
# Timing Point             Net  Cell        Fanout   Load  Trans   Delay    Incr  Arrival  Edge  User    Power  
#                                                    (pf)   (ns)    (ns)   Delay     (ns)        Derate  Domain  
#--------------------------------------------------------------------------------------------------------------
  operand_b_i[28]          -    (arrival)        1  0.002  0.060   0.003   0.003    3.511  R     -       pd_aon  
  operand_b_i_sr_reg_28/D  -    SDFFSRHQX4       1  0.002  0.060   0.000   0.000    3.511  R      1.070  pd_aon  
#--------------------------------------------------------------------------------------------------------------
     Other End Path:

#---------------------------------------------------------------------------------------------------------------
# Timing Point              Net  Cell        Fanout   Load  Trans   Delay    Incr  Arrival  Edge  User    Power  
#                                                     (pf)   (ns)    (ns)   Delay     (ns)        Derate  Domain  
#---------------------------------------------------------------------------------------------------------------
  clk_i                     -    (arrival)        1  0.003  0.027   0.000   0.000    4.873  R     -       pd_aon  
  CTS_ccl_a_inv_00012/Y     -    CLKINVX6         3  0.011  0.027   0.047   0.000    4.920  F      0.927  pd_aon  
  CTS_ccl_a_inv_00009/Y     -    CLKINVX6        20  0.013  0.060   0.060   0.000    4.980  R      0.927  pd_aon  
  operand_b_i_sr_reg_28/CK  -    SDFFSRHQX4      20  0.013  0.063   0.000   0.000    4.980  R      0.930  pd_aon  
#---------------------------------------------------------------------------------------------------------------
Path 50: MET (1.181 ns) Setup Check with Pin operand_a_i_sr_reg_5/CK->D
               View: slow_0p9v_125c_cmax_func
              Group: in2reg
         Startpoint: (R) operand_a_i[5]
              Clock: (R) clk_i_virtual
           Endpoint: (R) operand_a_i_sr_reg_5/D
              Clock: (R) clk_i

                       Capture       Launch
         Clock Edge:+    5.000        0.000
         Drv Adjust:+    0.009        0.006
        Src Latency:+   -0.137        0.000
        Net Latency:+    0.107 (P)    0.000 (I)
            Arrival:=    4.980        0.006

              Setup:-    0.234
        Uncertainty:-    0.055
        Cppr Adjust:+    0.000
      Required Time:=    4.691
       Launch Clock:=    0.006
        Input Delay:+    3.500
          Data Path:+    0.003
              Slack:=    1.181
     Timing Path:

#-------------------------------------------------------------------------------------------------------------
# Timing Point            Net  Cell        Fanout   Load  Trans   Delay    Incr  Arrival  Edge  User    Power  
#                                                   (pf)   (ns)    (ns)   Delay     (ns)        Derate  Domain  
#-------------------------------------------------------------------------------------------------------------
  operand_a_i[5]          -    (arrival)        1  0.002  0.058   0.003   0.003    3.510  R     -       pd_aon  
  operand_a_i_sr_reg_5/D  -    SDFFSRHQX4       1  0.002  0.058   0.000   0.000    3.510  R      1.070  pd_aon  
#-------------------------------------------------------------------------------------------------------------
     Other End Path:

#--------------------------------------------------------------------------------------------------------------
# Timing Point             Net  Cell        Fanout   Load  Trans   Delay    Incr  Arrival  Edge  User    Power  
#                                                    (pf)   (ns)    (ns)   Delay     (ns)        Derate  Domain  
#--------------------------------------------------------------------------------------------------------------
  clk_i                    -    (arrival)        1  0.003  0.027   0.000   0.000    4.873  R     -       pd_aon  
  CTS_ccl_a_inv_00012/Y    -    CLKINVX6         3  0.011  0.027   0.047   0.000    4.920  F      0.927  pd_aon  
  CTS_ccl_a_inv_00009/Y    -    CLKINVX6        20  0.013  0.060   0.060   0.000    4.980  R      0.927  pd_aon  
  operand_a_i_sr_reg_5/CK  -    SDFFSRHQX4      20  0.013  0.063   0.000   0.000    4.980  R      0.930  pd_aon  
#--------------------------------------------------------------------------------------------------------------
Path 51: MET (1.181 ns) Setup Check with Pin operand_a_i_sr_reg_18/CK->D
               View: slow_0p9v_125c_cmax_func
              Group: in2reg
         Startpoint: (R) operand_a_i[18]
              Clock: (R) clk_i_virtual
           Endpoint: (R) operand_a_i_sr_reg_18/D
              Clock: (R) clk_i

                       Capture       Launch
         Clock Edge:+    5.000        0.000
         Drv Adjust:+    0.009        0.006
        Src Latency:+   -0.137        0.000
        Net Latency:+    0.107 (P)    0.000 (I)
            Arrival:=    4.980        0.006

              Setup:-    0.233
        Uncertainty:-    0.055
        Cppr Adjust:+    0.000
      Required Time:=    4.691
       Launch Clock:=    0.006
        Input Delay:+    3.500
          Data Path:+    0.004
              Slack:=    1.181
     Timing Path:

#--------------------------------------------------------------------------------------------------------------
# Timing Point             Net  Cell        Fanout   Load  Trans   Delay    Incr  Arrival  Edge  User    Power  
#                                                    (pf)   (ns)    (ns)   Delay     (ns)        Derate  Domain  
#--------------------------------------------------------------------------------------------------------------
  operand_a_i[18]          -    (arrival)        1  0.002  0.057   0.004   0.004    3.510  R     -       pd_aon  
  operand_a_i_sr_reg_18/D  -    SDFFSRHQX4       1  0.002  0.057   0.000   0.000    3.510  R      1.070  pd_aon  
#--------------------------------------------------------------------------------------------------------------
     Other End Path:

#---------------------------------------------------------------------------------------------------------------
# Timing Point              Net  Cell        Fanout   Load  Trans   Delay    Incr  Arrival  Edge  User    Power  
#                                                     (pf)   (ns)    (ns)   Delay     (ns)        Derate  Domain  
#---------------------------------------------------------------------------------------------------------------
  clk_i                     -    (arrival)        1  0.003  0.027   0.000   0.000    4.873  R     -       pd_aon  
  CTS_ccl_a_inv_00012/Y     -    CLKINVX6         3  0.011  0.027   0.047   0.000    4.920  F      0.927  pd_aon  
  CTS_ccl_a_inv_00009/Y     -    CLKINVX6        20  0.013  0.060   0.060   0.000    4.980  R      0.927  pd_aon  
  operand_a_i_sr_reg_18/CK  -    SDFFSRHQX4      20  0.013  0.063   0.000   0.000    4.980  R      0.930  pd_aon  
#---------------------------------------------------------------------------------------------------------------
Path 52: MET (1.181 ns) Setup Check with Pin operand_a_i_sr_reg_14/CK->D
               View: slow_0p9v_125c_cmax_func
              Group: in2reg
         Startpoint: (R) operand_a_i[14]
              Clock: (R) clk_i_virtual
           Endpoint: (R) operand_a_i_sr_reg_14/D
              Clock: (R) clk_i

                       Capture       Launch
         Clock Edge:+    5.000        0.000
         Drv Adjust:+    0.009        0.008
        Src Latency:+   -0.137        0.000
        Net Latency:+    0.107 (P)    0.000 (I)
            Arrival:=    4.980        0.008

              Setup:-    0.235
        Uncertainty:-    0.055
        Cppr Adjust:+    0.000
      Required Time:=    4.689
       Launch Clock:=    0.008
        Input Delay:+    3.500
          Data Path:+    0.000
              Slack:=    1.181
     Timing Path:

#--------------------------------------------------------------------------------------------------------------
# Timing Point             Net  Cell        Fanout   Load  Trans   Delay    Incr  Arrival  Edge  User    Power  
#                                                    (pf)   (ns)    (ns)   Delay     (ns)        Derate  Domain  
#--------------------------------------------------------------------------------------------------------------
  operand_a_i[14]          -    (arrival)        1  0.003  0.060   0.000   0.000    3.508  R     -       pd_aon  
  operand_a_i_sr_reg_14/D  -    SDFFSRHQX4       1  0.003  0.060   0.000   0.000    3.508  R      1.070  pd_aon  
#--------------------------------------------------------------------------------------------------------------
     Other End Path:

#---------------------------------------------------------------------------------------------------------------
# Timing Point              Net  Cell        Fanout   Load  Trans   Delay    Incr  Arrival  Edge  User    Power  
#                                                     (pf)   (ns)    (ns)   Delay     (ns)        Derate  Domain  
#---------------------------------------------------------------------------------------------------------------
  clk_i                     -    (arrival)        1  0.003  0.027   0.000   0.000    4.873  R     -       pd_aon  
  CTS_ccl_a_inv_00012/Y     -    CLKINVX6         3  0.011  0.027   0.047   0.000    4.920  F      0.927  pd_aon  
  CTS_ccl_a_inv_00009/Y     -    CLKINVX6        20  0.013  0.060   0.060   0.000    4.980  R      0.927  pd_aon  
  operand_a_i_sr_reg_14/CK  -    SDFFSRHQX4      20  0.013  0.063   0.000   0.000    4.980  R      0.930  pd_aon  
#---------------------------------------------------------------------------------------------------------------
Path 53: MET (1.182 ns) Setup Check with Pin operand_a_i_sr_reg_13/CK->D
               View: slow_0p9v_125c_cmax_func
              Group: in2reg
         Startpoint: (R) operand_a_i[13]
              Clock: (R) clk_i_virtual
           Endpoint: (R) operand_a_i_sr_reg_13/D
              Clock: (R) clk_i

                       Capture       Launch
         Clock Edge:+    5.000        0.000
         Drv Adjust:+    0.009        0.007
        Src Latency:+   -0.137        0.000
        Net Latency:+    0.107 (P)    0.000 (I)
            Arrival:=    4.980        0.007

              Setup:-    0.235
        Uncertainty:-    0.055
        Cppr Adjust:+    0.000
      Required Time:=    4.690
       Launch Clock:=    0.007
        Input Delay:+    3.500
          Data Path:+    0.000
              Slack:=    1.182
     Timing Path:

#--------------------------------------------------------------------------------------------------------------
# Timing Point             Net  Cell        Fanout   Load  Trans   Delay    Incr  Arrival  Edge  User    Power  
#                                                    (pf)   (ns)    (ns)   Delay     (ns)        Derate  Domain  
#--------------------------------------------------------------------------------------------------------------
  operand_a_i[13]          -    (arrival)        1  0.002  0.060   0.000   0.000    3.508  R     -       pd_aon  
  operand_a_i_sr_reg_13/D  -    SDFFSRHQX4       1  0.002  0.060   0.000   0.000    3.508  R      1.070  pd_aon  
#--------------------------------------------------------------------------------------------------------------
     Other End Path:

#---------------------------------------------------------------------------------------------------------------
# Timing Point              Net  Cell        Fanout   Load  Trans   Delay    Incr  Arrival  Edge  User    Power  
#                                                     (pf)   (ns)    (ns)   Delay     (ns)        Derate  Domain  
#---------------------------------------------------------------------------------------------------------------
  clk_i                     -    (arrival)        1  0.003  0.027   0.000   0.000    4.873  R     -       pd_aon  
  CTS_ccl_a_inv_00012/Y     -    CLKINVX6         3  0.011  0.027   0.047   0.000    4.920  F      0.927  pd_aon  
  CTS_ccl_a_inv_00009/Y     -    CLKINVX6        20  0.013  0.060   0.060   0.000    4.980  R      0.927  pd_aon  
  operand_a_i_sr_reg_13/CK  -    SDFFSRHQX4      20  0.013  0.063   0.000   0.000    4.980  R      0.930  pd_aon  
#---------------------------------------------------------------------------------------------------------------
Path 54: MET (1.183 ns) Setup Check with Pin operand_a_i_sr_reg_6/CK->D
               View: slow_0p9v_125c_cmax_func
              Group: in2reg
         Startpoint: (R) operand_a_i[6]
              Clock: (R) clk_i_virtual
           Endpoint: (R) operand_a_i_sr_reg_6/D
              Clock: (R) clk_i

                       Capture       Launch
         Clock Edge:+    5.000        0.000
         Drv Adjust:+    0.009        0.007
        Src Latency:+   -0.137        0.000
        Net Latency:+    0.107 (P)    0.000 (I)
            Arrival:=    4.980        0.007

              Setup:-    0.235
        Uncertainty:-    0.055
        Cppr Adjust:+    0.000
      Required Time:=    4.690
       Launch Clock:=    0.007
        Input Delay:+    3.500
          Data Path:+    0.000
              Slack:=    1.183
     Timing Path:

#-------------------------------------------------------------------------------------------------------------
# Timing Point            Net  Cell        Fanout   Load  Trans   Delay    Incr  Arrival  Edge  User    Power  
#                                                   (pf)   (ns)    (ns)   Delay     (ns)        Derate  Domain  
#-------------------------------------------------------------------------------------------------------------
  operand_a_i[6]          -    (arrival)        1  0.002  0.059   0.000   0.000    3.507  R     -       pd_aon  
  operand_a_i_sr_reg_6/D  -    SDFFSRHQX4       1  0.002  0.059   0.000   0.000    3.507  R      1.070  pd_aon  
#-------------------------------------------------------------------------------------------------------------
     Other End Path:

#--------------------------------------------------------------------------------------------------------------
# Timing Point             Net  Cell        Fanout   Load  Trans   Delay    Incr  Arrival  Edge  User    Power  
#                                                    (pf)   (ns)    (ns)   Delay     (ns)        Derate  Domain  
#--------------------------------------------------------------------------------------------------------------
  clk_i                    -    (arrival)        1  0.003  0.027   0.000   0.000    4.873  R     -       pd_aon  
  CTS_ccl_a_inv_00012/Y    -    CLKINVX6         3  0.011  0.027   0.047   0.000    4.920  F      0.927  pd_aon  
  CTS_ccl_a_inv_00009/Y    -    CLKINVX6        20  0.013  0.060   0.060   0.000    4.980  R      0.927  pd_aon  
  operand_a_i_sr_reg_6/CK  -    SDFFSRHQX4      20  0.013  0.063   0.000   0.000    4.980  R      0.930  pd_aon  
#--------------------------------------------------------------------------------------------------------------
Path 55: MET (1.184 ns) Setup Check with Pin operand_b_i_sr_reg_9/CK->D
               View: slow_0p9v_125c_cmax_func
              Group: in2reg
         Startpoint: (R) operand_b_i[9]
              Clock: (R) clk_i_virtual
           Endpoint: (R) operand_b_i_sr_reg_9/D
              Clock: (R) clk_i

                       Capture       Launch
         Clock Edge:+    5.000        0.000
         Drv Adjust:+    0.009        0.006
        Src Latency:+   -0.137        0.000
        Net Latency:+    0.109 (P)    0.000 (I)
            Arrival:=    4.981        0.006

              Setup:-    0.233
        Uncertainty:-    0.055
        Cppr Adjust:+    0.000
      Required Time:=    4.694
       Launch Clock:=    0.006
        Input Delay:+    3.500
          Data Path:+    0.004
              Slack:=    1.184
     Timing Path:

#-------------------------------------------------------------------------------------------------------------
# Timing Point            Net  Cell        Fanout   Load  Trans   Delay    Incr  Arrival  Edge  User    Power  
#                                                   (pf)   (ns)    (ns)   Delay     (ns)        Derate  Domain  
#-------------------------------------------------------------------------------------------------------------
  operand_b_i[9]          -    (arrival)        1  0.002  0.057   0.004   0.004    3.510  R     -       pd_aon  
  operand_b_i_sr_reg_9/D  -    SDFFSRHQX4       1  0.002  0.057   0.000   0.000    3.510  R      1.070  pd_aon  
#-------------------------------------------------------------------------------------------------------------
     Other End Path:

#--------------------------------------------------------------------------------------------------------------
# Timing Point             Net  Cell        Fanout   Load  Trans   Delay    Incr  Arrival  Edge  User    Power  
#                                                    (pf)   (ns)    (ns)   Delay     (ns)        Derate  Domain  
#--------------------------------------------------------------------------------------------------------------
  clk_i                    -    (arrival)        1  0.003  0.027   0.000   0.000    4.873  R     -       pd_aon  
  CTS_ccl_a_inv_00012/Y    -    CLKINVX6         3  0.011  0.027   0.047   0.000    4.920  F      0.927  pd_aon  
  CTS_ccl_a_inv_00007/Y    -    CLKINVX6        24  0.014  0.060   0.061   0.000    4.981  R      0.927  pd_aon  
  operand_b_i_sr_reg_9/CK  -    SDFFSRHQX4      24  0.014  0.066   0.000   0.000    4.981  R      0.930  pd_aon  
#--------------------------------------------------------------------------------------------------------------
Path 56: MET (1.184 ns) Setup Check with Pin operand_b_i_sr_reg_14/CK->D
               View: slow_0p9v_125c_cmax_func
              Group: in2reg
         Startpoint: (R) operand_b_i[14]
              Clock: (R) clk_i_virtual
           Endpoint: (R) operand_b_i_sr_reg_14/D
              Clock: (R) clk_i

                       Capture       Launch
         Clock Edge:+    5.000        0.000
         Drv Adjust:+    0.009       -0.013
        Src Latency:+   -0.137        0.000
        Net Latency:+    0.110 (P)    0.000 (I)
            Arrival:=    4.982       -0.013

              Setup:-    0.252
        Uncertainty:-    0.055
        Cppr Adjust:+    0.000
      Required Time:=    4.675
       Launch Clock:=   -0.013
        Input Delay:+    3.500
          Data Path:+    0.005
              Slack:=    1.184
     Timing Path:

#-------------------------------------------------------------------------------------------------------------
# Timing Point             Net  Cell       Fanout   Load  Trans   Delay    Incr  Arrival  Edge  User    Power  
#                                                   (pf)   (ns)    (ns)   Delay     (ns)        Derate  Domain  
#-------------------------------------------------------------------------------------------------------------
  operand_b_i[14]          -    (arrival)       1  0.002  0.030   0.005   0.005    3.491  R     -       pd_aon  
  operand_b_i_sr_reg_14/D  -    SDFFSRX4        1  0.002  0.030   0.000   0.000    3.491  R      1.070  pd_aon  
#-------------------------------------------------------------------------------------------------------------
     Other End Path:

#--------------------------------------------------------------------------------------------------------------
# Timing Point              Net  Cell       Fanout   Load  Trans   Delay    Incr  Arrival  Edge  User    Power  
#                                                    (pf)   (ns)    (ns)   Delay     (ns)        Derate  Domain  
#--------------------------------------------------------------------------------------------------------------
  clk_i                     -    (arrival)       1  0.003  0.027   0.000   0.000    4.873  R     -       pd_aon  
  CTS_ccl_a_inv_00012/Y     -    CLKINVX6        3  0.011  0.027   0.047   0.000    4.920  F      0.927  pd_aon  
  CTS_ccl_a_inv_00008/Y     -    CLKINVX6       21  0.015  0.060   0.062   0.000    4.982  R      0.927  pd_aon  
  operand_b_i_sr_reg_14/CK  -    SDFFSRX4       21  0.015  0.067   0.000   0.000    4.982  R      0.930  pd_aon  
#--------------------------------------------------------------------------------------------------------------
Path 57: MET (1.184 ns) Setup Check with Pin operand_a_i_sr_reg_7/CK->D
               View: slow_0p9v_125c_cmax_func
              Group: in2reg
         Startpoint: (R) operand_a_i[7]
              Clock: (R) clk_i_virtual
           Endpoint: (R) operand_a_i_sr_reg_7/D
              Clock: (R) clk_i

                       Capture       Launch
         Clock Edge:+    5.000        0.000
         Drv Adjust:+    0.009        0.006
        Src Latency:+   -0.137        0.000
        Net Latency:+    0.107 (P)    0.000 (I)
            Arrival:=    4.980        0.006

              Setup:-    0.234
        Uncertainty:-    0.055
        Cppr Adjust:+    0.000
      Required Time:=    4.691
       Launch Clock:=    0.006
        Input Delay:+    3.500
          Data Path:+    0.000
              Slack:=    1.184
     Timing Path:

#-------------------------------------------------------------------------------------------------------------
# Timing Point            Net  Cell        Fanout   Load  Trans   Delay    Incr  Arrival  Edge  User    Power  
#                                                   (pf)   (ns)    (ns)   Delay     (ns)        Derate  Domain  
#-------------------------------------------------------------------------------------------------------------
  operand_a_i[7]          -    (arrival)        1  0.002  0.058   0.000   0.000    3.507  R     -       pd_aon  
  operand_a_i_sr_reg_7/D  -    SDFFSRHQX4       1  0.002  0.058   0.000   0.000    3.507  R      1.070  pd_aon  
#-------------------------------------------------------------------------------------------------------------
     Other End Path:

#--------------------------------------------------------------------------------------------------------------
# Timing Point             Net  Cell        Fanout   Load  Trans   Delay    Incr  Arrival  Edge  User    Power  
#                                                    (pf)   (ns)    (ns)   Delay     (ns)        Derate  Domain  
#--------------------------------------------------------------------------------------------------------------
  clk_i                    -    (arrival)        1  0.003  0.027   0.000   0.000    4.873  R     -       pd_aon  
  CTS_ccl_a_inv_00012/Y    -    CLKINVX6         3  0.011  0.027   0.047   0.000    4.920  F      0.927  pd_aon  
  CTS_ccl_a_inv_00009/Y    -    CLKINVX6        20  0.013  0.060   0.060   0.000    4.980  R      0.927  pd_aon  
  operand_a_i_sr_reg_7/CK  -    SDFFSRHQX4      20  0.013  0.063   0.000   0.000    4.980  R      0.930  pd_aon  
#--------------------------------------------------------------------------------------------------------------
Path 58: MET (1.184 ns) Setup Check with Pin operand_b_i_sr_reg_11/CK->D
               View: slow_0p9v_125c_cmax_func
              Group: in2reg
         Startpoint: (R) operand_b_i[11]
              Clock: (R) clk_i_virtual
           Endpoint: (R) operand_b_i_sr_reg_11/D
              Clock: (R) clk_i

                       Capture       Launch
         Clock Edge:+    5.000        0.000
         Drv Adjust:+    0.009        0.006
        Src Latency:+   -0.137        0.000
        Net Latency:+    0.109 (P)    0.000 (I)
            Arrival:=    4.981        0.006

              Setup:-    0.233
        Uncertainty:-    0.055
        Cppr Adjust:+    0.000
      Required Time:=    4.694
       Launch Clock:=    0.006
        Input Delay:+    3.500
          Data Path:+    0.004
              Slack:=    1.184
     Timing Path:

#--------------------------------------------------------------------------------------------------------------
# Timing Point             Net  Cell        Fanout   Load  Trans   Delay    Incr  Arrival  Edge  User    Power  
#                                                    (pf)   (ns)    (ns)   Delay     (ns)        Derate  Domain  
#--------------------------------------------------------------------------------------------------------------
  operand_b_i[11]          -    (arrival)        1  0.002  0.057   0.004   0.004    3.509  R     -       pd_aon  
  operand_b_i_sr_reg_11/D  -    SDFFSRHQX4       1  0.002  0.057   0.000   0.000    3.509  R      1.070  pd_aon  
#--------------------------------------------------------------------------------------------------------------
     Other End Path:

#---------------------------------------------------------------------------------------------------------------
# Timing Point              Net  Cell        Fanout   Load  Trans   Delay    Incr  Arrival  Edge  User    Power  
#                                                     (pf)   (ns)    (ns)   Delay     (ns)        Derate  Domain  
#---------------------------------------------------------------------------------------------------------------
  clk_i                     -    (arrival)        1  0.003  0.027   0.000   0.000    4.873  R     -       pd_aon  
  CTS_ccl_a_inv_00012/Y     -    CLKINVX6         3  0.011  0.027   0.047   0.000    4.920  F      0.927  pd_aon  
  CTS_ccl_a_inv_00007/Y     -    CLKINVX6        24  0.014  0.060   0.061   0.000    4.981  R      0.927  pd_aon  
  operand_b_i_sr_reg_11/CK  -    SDFFSRHQX4      24  0.014  0.066   0.000   0.000    4.981  R      0.930  pd_aon  
#---------------------------------------------------------------------------------------------------------------
Path 59: MET (1.185 ns) Setup Check with Pin operand_b_i_sr_reg_26/CK->D
               View: slow_0p9v_125c_cmax_func
              Group: in2reg
         Startpoint: (R) operand_b_i[26]
              Clock: (R) clk_i_virtual
           Endpoint: (R) operand_b_i_sr_reg_26/D
              Clock: (R) clk_i

                       Capture       Launch
         Clock Edge:+    5.000        0.000
         Drv Adjust:+    0.009        0.006
        Src Latency:+   -0.137        0.000
        Net Latency:+    0.107 (P)    0.000 (I)
            Arrival:=    4.980        0.006

              Setup:-    0.234
        Uncertainty:-    0.055
        Cppr Adjust:+    0.000
      Required Time:=    4.691
       Launch Clock:=    0.006
        Input Delay:+    3.500
          Data Path:+    0.000
              Slack:=    1.185
     Timing Path:

#--------------------------------------------------------------------------------------------------------------
# Timing Point             Net  Cell        Fanout   Load  Trans   Delay    Incr  Arrival  Edge  User    Power  
#                                                    (pf)   (ns)    (ns)   Delay     (ns)        Derate  Domain  
#--------------------------------------------------------------------------------------------------------------
  operand_b_i[26]          -    (arrival)        1  0.002  0.058   0.000   0.000    3.506  R     -       pd_aon  
  operand_b_i_sr_reg_26/D  -    SDFFSRHQX4       1  0.002  0.058   0.000   0.000    3.506  R      1.070  pd_aon  
#--------------------------------------------------------------------------------------------------------------
     Other End Path:

#---------------------------------------------------------------------------------------------------------------
# Timing Point              Net  Cell        Fanout   Load  Trans   Delay    Incr  Arrival  Edge  User    Power  
#                                                     (pf)   (ns)    (ns)   Delay     (ns)        Derate  Domain  
#---------------------------------------------------------------------------------------------------------------
  clk_i                     -    (arrival)        1  0.003  0.027   0.000   0.000    4.873  R     -       pd_aon  
  CTS_ccl_a_inv_00012/Y     -    CLKINVX6         3  0.011  0.027   0.047   0.000    4.920  F      0.927  pd_aon  
  CTS_ccl_a_inv_00009/Y     -    CLKINVX6        20  0.013  0.060   0.060   0.000    4.980  R      0.927  pd_aon  
  operand_b_i_sr_reg_26/CK  -    SDFFSRHQX4      20  0.013  0.063   0.000   0.000    4.980  R      0.930  pd_aon  
#---------------------------------------------------------------------------------------------------------------
Path 60: MET (1.185 ns) Setup Check with Pin operand_a_i_sr_reg_4/CK->D
               View: slow_0p9v_125c_cmax_func
              Group: in2reg
         Startpoint: (R) operand_a_i[4]
              Clock: (R) clk_i_virtual
           Endpoint: (R) operand_a_i_sr_reg_4/D
              Clock: (R) clk_i

                       Capture       Launch
         Clock Edge:+    5.000        0.000
         Drv Adjust:+    0.009        0.006
        Src Latency:+   -0.137        0.000
        Net Latency:+    0.107 (P)    0.000 (I)
            Arrival:=    4.980        0.006

              Setup:-    0.234
        Uncertainty:-    0.055
        Cppr Adjust:+    0.000
      Required Time:=    4.691
       Launch Clock:=    0.006
        Input Delay:+    3.500
          Data Path:+    0.000
              Slack:=    1.185
     Timing Path:

#-------------------------------------------------------------------------------------------------------------
# Timing Point            Net  Cell        Fanout   Load  Trans   Delay    Incr  Arrival  Edge  User    Power  
#                                                   (pf)   (ns)    (ns)   Delay     (ns)        Derate  Domain  
#-------------------------------------------------------------------------------------------------------------
  operand_a_i[4]          -    (arrival)        1  0.002  0.058   0.000   0.000    3.506  R     -       pd_aon  
  operand_a_i_sr_reg_4/D  -    SDFFSRHQX4       1  0.002  0.058   0.000   0.000    3.506  R      1.070  pd_aon  
#-------------------------------------------------------------------------------------------------------------
     Other End Path:

#--------------------------------------------------------------------------------------------------------------
# Timing Point             Net  Cell        Fanout   Load  Trans   Delay    Incr  Arrival  Edge  User    Power  
#                                                    (pf)   (ns)    (ns)   Delay     (ns)        Derate  Domain  
#--------------------------------------------------------------------------------------------------------------
  clk_i                    -    (arrival)        1  0.003  0.027   0.000   0.000    4.873  R     -       pd_aon  
  CTS_ccl_a_inv_00012/Y    -    CLKINVX6         3  0.011  0.027   0.047   0.000    4.920  F      0.927  pd_aon  
  CTS_ccl_a_inv_00009/Y    -    CLKINVX6        20  0.013  0.060   0.060   0.000    4.980  R      0.927  pd_aon  
  operand_a_i_sr_reg_4/CK  -    SDFFSRHQX4      20  0.013  0.063   0.000   0.000    4.980  R      0.930  pd_aon  
#--------------------------------------------------------------------------------------------------------------
Path 61: MET (1.185 ns) Setup Check with Pin operand_b_i_sr_reg_23/CK->D
               View: slow_0p9v_125c_cmax_func
              Group: in2reg
         Startpoint: (R) operand_b_i[23]
              Clock: (R) clk_i_virtual
           Endpoint: (R) operand_b_i_sr_reg_23/D
              Clock: (R) clk_i

                       Capture       Launch
         Clock Edge:+    5.000        0.000
         Drv Adjust:+    0.009        0.006
        Src Latency:+   -0.137        0.000
        Net Latency:+    0.109 (P)    0.000 (I)
            Arrival:=    4.981        0.006

              Setup:-    0.232
        Uncertainty:-    0.055
        Cppr Adjust:+    0.000
      Required Time:=    4.694
       Launch Clock:=    0.006
        Input Delay:+    3.500
          Data Path:+    0.003
              Slack:=    1.185
     Timing Path:

#--------------------------------------------------------------------------------------------------------------
# Timing Point             Net  Cell        Fanout   Load  Trans   Delay    Incr  Arrival  Edge  User    Power  
#                                                    (pf)   (ns)    (ns)   Delay     (ns)        Derate  Domain  
#--------------------------------------------------------------------------------------------------------------
  operand_b_i[23]          -    (arrival)        1  0.002  0.057   0.003   0.003    3.509  R     -       pd_aon  
  operand_b_i_sr_reg_23/D  -    SDFFSRHQX4       1  0.002  0.057   0.000   0.000    3.509  R      1.070  pd_aon  
#--------------------------------------------------------------------------------------------------------------
     Other End Path:

#---------------------------------------------------------------------------------------------------------------
# Timing Point              Net  Cell        Fanout   Load  Trans   Delay    Incr  Arrival  Edge  User    Power  
#                                                     (pf)   (ns)    (ns)   Delay     (ns)        Derate  Domain  
#---------------------------------------------------------------------------------------------------------------
  clk_i                     -    (arrival)        1  0.003  0.027   0.000   0.000    4.873  R     -       pd_aon  
  CTS_ccl_a_inv_00012/Y     -    CLKINVX6         3  0.011  0.027   0.047   0.000    4.920  F      0.927  pd_aon  
  CTS_ccl_a_inv_00007/Y     -    CLKINVX6        24  0.014  0.060   0.061   0.000    4.981  R      0.927  pd_aon  
  operand_b_i_sr_reg_23/CK  -    SDFFSRHQX4      24  0.014  0.066   0.000   0.000    4.981  R      0.930  pd_aon  
#---------------------------------------------------------------------------------------------------------------
Path 62: MET (1.185 ns) Setup Check with Pin operand_a_i_sr_reg_31/CK->D
               View: slow_0p9v_125c_cmax_func
              Group: in2reg
         Startpoint: (R) operand_a_i[31]
              Clock: (R) clk_i_virtual
           Endpoint: (R) operand_a_i_sr_reg_31/D
              Clock: (R) clk_i

                       Capture       Launch
         Clock Edge:+    5.000        0.000
         Drv Adjust:+    0.009        0.006
        Src Latency:+   -0.137        0.000
        Net Latency:+    0.107 (P)    0.000 (I)
            Arrival:=    4.980        0.006

              Setup:-    0.234
        Uncertainty:-    0.055
        Cppr Adjust:+    0.000
      Required Time:=    4.691
       Launch Clock:=    0.006
        Input Delay:+    3.500
          Data Path:+    0.000
              Slack:=    1.185
     Timing Path:

#--------------------------------------------------------------------------------------------------------------
# Timing Point             Net  Cell        Fanout   Load  Trans   Delay    Incr  Arrival  Edge  User    Power  
#                                                    (pf)   (ns)    (ns)   Delay     (ns)        Derate  Domain  
#--------------------------------------------------------------------------------------------------------------
  operand_a_i[31]          -    (arrival)        1  0.002  0.057   0.000   0.000    3.506  R     -       pd_aon  
  operand_a_i_sr_reg_31/D  -    SDFFSRHQX4       1  0.002  0.057   0.000   0.000    3.506  R      1.070  pd_aon  
#--------------------------------------------------------------------------------------------------------------
     Other End Path:

#---------------------------------------------------------------------------------------------------------------
# Timing Point              Net  Cell        Fanout   Load  Trans   Delay    Incr  Arrival  Edge  User    Power  
#                                                     (pf)   (ns)    (ns)   Delay     (ns)        Derate  Domain  
#---------------------------------------------------------------------------------------------------------------
  clk_i                     -    (arrival)        1  0.003  0.027   0.000   0.000    4.873  R     -       pd_aon  
  CTS_ccl_a_inv_00012/Y     -    CLKINVX6         3  0.011  0.027   0.047   0.000    4.920  F      0.927  pd_aon  
  CTS_ccl_a_inv_00009/Y     -    CLKINVX6        20  0.013  0.060   0.060   0.000    4.980  R      0.927  pd_aon  
  operand_a_i_sr_reg_31/CK  -    SDFFSRHQX4      20  0.013  0.063   0.000   0.000    4.980  R      0.930  pd_aon  
#---------------------------------------------------------------------------------------------------------------
Path 63: MET (1.185 ns) Setup Check with Pin operand_a_i_sr_reg_2/CK->D
               View: slow_0p9v_125c_cmax_func
              Group: in2reg
         Startpoint: (R) operand_a_i[2]
              Clock: (R) clk_i_virtual
           Endpoint: (R) operand_a_i_sr_reg_2/D
              Clock: (R) clk_i

                       Capture       Launch
         Clock Edge:+    5.000        0.000
         Drv Adjust:+    0.009        0.006
        Src Latency:+   -0.137        0.000
        Net Latency:+    0.107 (P)    0.000 (I)
            Arrival:=    4.980        0.006

              Setup:-    0.234
        Uncertainty:-    0.055
        Cppr Adjust:+    0.000
      Required Time:=    4.691
       Launch Clock:=    0.006
        Input Delay:+    3.500
          Data Path:+    0.000
              Slack:=    1.185
     Timing Path:

#-------------------------------------------------------------------------------------------------------------
# Timing Point            Net  Cell        Fanout   Load  Trans   Delay    Incr  Arrival  Edge  User    Power  
#                                                   (pf)   (ns)    (ns)   Delay     (ns)        Derate  Domain  
#-------------------------------------------------------------------------------------------------------------
  operand_a_i[2]          -    (arrival)        1  0.002  0.057   0.000   0.000    3.506  R     -       pd_aon  
  operand_a_i_sr_reg_2/D  -    SDFFSRHQX4       1  0.002  0.057   0.000   0.000    3.506  R      1.070  pd_aon  
#-------------------------------------------------------------------------------------------------------------
     Other End Path:

#--------------------------------------------------------------------------------------------------------------
# Timing Point             Net  Cell        Fanout   Load  Trans   Delay    Incr  Arrival  Edge  User    Power  
#                                                    (pf)   (ns)    (ns)   Delay     (ns)        Derate  Domain  
#--------------------------------------------------------------------------------------------------------------
  clk_i                    -    (arrival)        1  0.003  0.027   0.000   0.000    4.873  R     -       pd_aon  
  CTS_ccl_a_inv_00012/Y    -    CLKINVX6         3  0.011  0.027   0.047   0.000    4.920  F      0.927  pd_aon  
  CTS_ccl_a_inv_00009/Y    -    CLKINVX6        20  0.013  0.060   0.060   0.000    4.980  R      0.927  pd_aon  
  operand_a_i_sr_reg_2/CK  -    SDFFSRHQX4      20  0.013  0.063   0.000   0.000    4.980  R      0.930  pd_aon  
#--------------------------------------------------------------------------------------------------------------
Path 64: MET (1.186 ns) Setup Check with Pin operand_b_i_sr_reg_13/CK->D
               View: slow_0p9v_125c_cmax_func
              Group: in2reg
         Startpoint: (R) operand_b_i[13]
              Clock: (R) clk_i_virtual
           Endpoint: (R) operand_b_i_sr_reg_13/D
              Clock: (R) clk_i

                       Capture       Launch
         Clock Edge:+    5.000        0.000
         Drv Adjust:+    0.009        0.008
        Src Latency:+   -0.137        0.000
        Net Latency:+    0.110 (P)    0.000 (I)
            Arrival:=    4.982        0.008

              Setup:-    0.233
        Uncertainty:-    0.055
        Cppr Adjust:+    0.000
      Required Time:=    4.694
       Launch Clock:=    0.008
        Input Delay:+    3.500
          Data Path:+    0.000
              Slack:=    1.186
     Timing Path:

#--------------------------------------------------------------------------------------------------------------
# Timing Point             Net  Cell        Fanout   Load  Trans   Delay    Incr  Arrival  Edge  User    Power  
#                                                    (pf)   (ns)    (ns)   Delay     (ns)        Derate  Domain  
#--------------------------------------------------------------------------------------------------------------
  operand_b_i[13]          -    (arrival)        1  0.002  0.060   0.000   0.000    3.508  R     -       pd_aon  
  operand_b_i_sr_reg_13/D  -    SDFFSRHQX4       1  0.002  0.060   0.000   0.000    3.508  R      1.070  pd_aon  
#--------------------------------------------------------------------------------------------------------------
     Other End Path:

#---------------------------------------------------------------------------------------------------------------
# Timing Point              Net  Cell        Fanout   Load  Trans   Delay    Incr  Arrival  Edge  User    Power  
#                                                     (pf)   (ns)    (ns)   Delay     (ns)        Derate  Domain  
#---------------------------------------------------------------------------------------------------------------
  clk_i                     -    (arrival)        1  0.003  0.027   0.000   0.000    4.873  R     -       pd_aon  
  CTS_ccl_a_inv_00012/Y     -    CLKINVX6         3  0.011  0.027   0.047   0.000    4.920  F      0.927  pd_aon  
  CTS_ccl_a_inv_00008/Y     -    CLKINVX6        21  0.015  0.060   0.062   0.000    4.982  R      0.927  pd_aon  
  operand_b_i_sr_reg_13/CK  -    SDFFSRHQX4      21  0.015  0.067   0.000   0.000    4.982  R      0.930  pd_aon  
#---------------------------------------------------------------------------------------------------------------
Path 65: MET (1.186 ns) Setup Check with Pin operand_a_i_sr_reg_8/CK->D
               View: slow_0p9v_125c_cmax_func
              Group: in2reg
         Startpoint: (R) operand_a_i[8]
              Clock: (R) clk_i_virtual
           Endpoint: (R) operand_a_i_sr_reg_8/D
              Clock: (R) clk_i

                       Capture       Launch
         Clock Edge:+    5.000        0.000
         Drv Adjust:+    0.009        0.006
        Src Latency:+   -0.137        0.000
        Net Latency:+    0.107 (P)    0.000 (I)
            Arrival:=    4.980        0.006

              Setup:-    0.233
        Uncertainty:-    0.055
        Cppr Adjust:+    0.000
      Required Time:=    4.691
       Launch Clock:=    0.006
        Input Delay:+    3.500
          Data Path:+    0.000
              Slack:=    1.186
     Timing Path:

#-------------------------------------------------------------------------------------------------------------
# Timing Point            Net  Cell        Fanout   Load  Trans   Delay    Incr  Arrival  Edge  User    Power  
#                                                   (pf)   (ns)    (ns)   Delay     (ns)        Derate  Domain  
#-------------------------------------------------------------------------------------------------------------
  operand_a_i[8]          -    (arrival)        1  0.002  0.057   0.000   0.000    3.506  R     -       pd_aon  
  operand_a_i_sr_reg_8/D  -    SDFFSRHQX4       1  0.002  0.057   0.000   0.000    3.506  R      1.070  pd_aon  
#-------------------------------------------------------------------------------------------------------------
     Other End Path:

#--------------------------------------------------------------------------------------------------------------
# Timing Point             Net  Cell        Fanout   Load  Trans   Delay    Incr  Arrival  Edge  User    Power  
#                                                    (pf)   (ns)    (ns)   Delay     (ns)        Derate  Domain  
#--------------------------------------------------------------------------------------------------------------
  clk_i                    -    (arrival)        1  0.003  0.027   0.000   0.000    4.873  R     -       pd_aon  
  CTS_ccl_a_inv_00012/Y    -    CLKINVX6         3  0.011  0.027   0.047   0.000    4.920  F      0.927  pd_aon  
  CTS_ccl_a_inv_00009/Y    -    CLKINVX6        20  0.013  0.060   0.060   0.000    4.980  R      0.927  pd_aon  
  operand_a_i_sr_reg_8/CK  -    SDFFSRHQX4      20  0.013  0.063   0.000   0.000    4.980  R      0.930  pd_aon  
#--------------------------------------------------------------------------------------------------------------
Path 66: MET (1.186 ns) Setup Check with Pin operand_a_i_sr_reg_21/CK->D
               View: slow_0p9v_125c_cmax_func
              Group: in2reg
         Startpoint: (R) operand_a_i[21]
              Clock: (R) clk_i_virtual
           Endpoint: (R) operand_a_i_sr_reg_21/D
              Clock: (R) clk_i

                       Capture       Launch
         Clock Edge:+    5.000        0.000
         Drv Adjust:+    0.009        0.005
        Src Latency:+   -0.137        0.000
        Net Latency:+    0.107 (P)    0.000 (I)
            Arrival:=    4.980        0.005

              Setup:-    0.233
        Uncertainty:-    0.055
        Cppr Adjust:+    0.000
      Required Time:=    4.692
       Launch Clock:=    0.005
        Input Delay:+    3.500
          Data Path:+    0.000
              Slack:=    1.186
     Timing Path:

#--------------------------------------------------------------------------------------------------------------
# Timing Point             Net  Cell        Fanout   Load  Trans   Delay    Incr  Arrival  Edge  User    Power  
#                                                    (pf)   (ns)    (ns)   Delay     (ns)        Derate  Domain  
#--------------------------------------------------------------------------------------------------------------
  operand_a_i[21]          -    (arrival)        1  0.002  0.056   0.000   0.000    3.505  R     -       pd_aon  
  operand_a_i_sr_reg_21/D  -    SDFFSRHQX4       1  0.002  0.056   0.000   0.000    3.505  R      1.070  pd_aon  
#--------------------------------------------------------------------------------------------------------------
     Other End Path:

#---------------------------------------------------------------------------------------------------------------
# Timing Point              Net  Cell        Fanout   Load  Trans   Delay    Incr  Arrival  Edge  User    Power  
#                                                     (pf)   (ns)    (ns)   Delay     (ns)        Derate  Domain  
#---------------------------------------------------------------------------------------------------------------
  clk_i                     -    (arrival)        1  0.003  0.027   0.000   0.000    4.873  R     -       pd_aon  
  CTS_ccl_a_inv_00012/Y     -    CLKINVX6         3  0.011  0.027   0.047   0.000    4.920  F      0.927  pd_aon  
  CTS_ccl_a_inv_00009/Y     -    CLKINVX6        20  0.013  0.060   0.060   0.000    4.980  R      0.927  pd_aon  
  operand_a_i_sr_reg_21/CK  -    SDFFSRHQX4      20  0.013  0.063   0.000   0.000    4.980  R      0.930  pd_aon  
#---------------------------------------------------------------------------------------------------------------
Path 67: MET (1.186 ns) Setup Check with Pin operand_a_i_sr_reg_22/CK->D
               View: slow_0p9v_125c_cmax_func
              Group: in2reg
         Startpoint: (R) operand_a_i[22]
              Clock: (R) clk_i_virtual
           Endpoint: (R) operand_a_i_sr_reg_22/D
              Clock: (R) clk_i

                       Capture       Launch
         Clock Edge:+    5.000        0.000
         Drv Adjust:+    0.009        0.005
        Src Latency:+   -0.137        0.000
        Net Latency:+    0.107 (P)    0.000 (I)
            Arrival:=    4.980        0.005

              Setup:-    0.233
        Uncertainty:-    0.055
        Cppr Adjust:+    0.000
      Required Time:=    4.692
       Launch Clock:=    0.005
        Input Delay:+    3.500
          Data Path:+    0.000
              Slack:=    1.186
     Timing Path:

#--------------------------------------------------------------------------------------------------------------
# Timing Point             Net  Cell        Fanout   Load  Trans   Delay    Incr  Arrival  Edge  User    Power  
#                                                    (pf)   (ns)    (ns)   Delay     (ns)        Derate  Domain  
#--------------------------------------------------------------------------------------------------------------
  operand_a_i[22]          -    (arrival)        1  0.002  0.056   0.000   0.000    3.505  R     -       pd_aon  
  operand_a_i_sr_reg_22/D  -    SDFFSRHQX4       1  0.002  0.056   0.000   0.000    3.505  R      1.070  pd_aon  
#--------------------------------------------------------------------------------------------------------------
     Other End Path:

#---------------------------------------------------------------------------------------------------------------
# Timing Point              Net  Cell        Fanout   Load  Trans   Delay    Incr  Arrival  Edge  User    Power  
#                                                     (pf)   (ns)    (ns)   Delay     (ns)        Derate  Domain  
#---------------------------------------------------------------------------------------------------------------
  clk_i                     -    (arrival)        1  0.003  0.027   0.000   0.000    4.873  R     -       pd_aon  
  CTS_ccl_a_inv_00012/Y     -    CLKINVX6         3  0.011  0.027   0.047   0.000    4.920  F      0.927  pd_aon  
  CTS_ccl_a_inv_00009/Y     -    CLKINVX6        20  0.013  0.060   0.060   0.000    4.980  R      0.927  pd_aon  
  operand_a_i_sr_reg_22/CK  -    SDFFSRHQX4      20  0.013  0.063   0.000   0.000    4.980  R      0.930  pd_aon  
#---------------------------------------------------------------------------------------------------------------
Path 68: MET (1.187 ns) Setup Check with Pin operand_a_i_sr_reg_26/CK->D
               View: slow_0p9v_125c_cmax_func
              Group: in2reg
         Startpoint: (R) operand_a_i[26]
              Clock: (R) clk_i_virtual
           Endpoint: (R) operand_a_i_sr_reg_26/D
              Clock: (R) clk_i

                       Capture       Launch
         Clock Edge:+    5.000        0.000
         Drv Adjust:+    0.009        0.005
        Src Latency:+   -0.137        0.000
        Net Latency:+    0.107 (P)    0.000 (I)
            Arrival:=    4.980        0.005

              Setup:-    0.233
        Uncertainty:-    0.055
        Cppr Adjust:+    0.000
      Required Time:=    4.692
       Launch Clock:=    0.005
        Input Delay:+    3.500
          Data Path:+    0.000
              Slack:=    1.187
     Timing Path:

#--------------------------------------------------------------------------------------------------------------
# Timing Point             Net  Cell        Fanout   Load  Trans   Delay    Incr  Arrival  Edge  User    Power  
#                                                    (pf)   (ns)    (ns)   Delay     (ns)        Derate  Domain  
#--------------------------------------------------------------------------------------------------------------
  operand_a_i[26]          -    (arrival)        1  0.001  0.055   0.000   0.000    3.505  R     -       pd_aon  
  operand_a_i_sr_reg_26/D  -    SDFFSRHQX4       1  0.001  0.055   0.000   0.000    3.505  R      1.070  pd_aon  
#--------------------------------------------------------------------------------------------------------------
     Other End Path:

#---------------------------------------------------------------------------------------------------------------
# Timing Point              Net  Cell        Fanout   Load  Trans   Delay    Incr  Arrival  Edge  User    Power  
#                                                     (pf)   (ns)    (ns)   Delay     (ns)        Derate  Domain  
#---------------------------------------------------------------------------------------------------------------
  clk_i                     -    (arrival)        1  0.003  0.027   0.000   0.000    4.873  R     -       pd_aon  
  CTS_ccl_a_inv_00012/Y     -    CLKINVX6         3  0.011  0.027   0.047   0.000    4.920  F      0.927  pd_aon  
  CTS_ccl_a_inv_00009/Y     -    CLKINVX6        20  0.013  0.060   0.060   0.000    4.980  R      0.927  pd_aon  
  operand_a_i_sr_reg_26/CK  -    SDFFSRHQX4      20  0.013  0.063   0.000   0.000    4.980  R      0.930  pd_aon  
#---------------------------------------------------------------------------------------------------------------
Path 69: MET (1.187 ns) Setup Check with Pin operand_a_i_sr_reg_9/CK->D
               View: slow_0p9v_125c_cmax_func
              Group: in2reg
         Startpoint: (R) operand_a_i[9]
              Clock: (R) clk_i_virtual
           Endpoint: (R) operand_a_i_sr_reg_9/D
              Clock: (R) clk_i

                       Capture       Launch
         Clock Edge:+    5.000        0.000
         Drv Adjust:+    0.009        0.005
        Src Latency:+   -0.137        0.000
        Net Latency:+    0.107 (P)    0.000 (I)
            Arrival:=    4.980        0.005

              Setup:-    0.233
        Uncertainty:-    0.055
        Cppr Adjust:+    0.000
      Required Time:=    4.692
       Launch Clock:=    0.005
        Input Delay:+    3.500
          Data Path:+    0.000
              Slack:=    1.187
     Timing Path:

#-------------------------------------------------------------------------------------------------------------
# Timing Point            Net  Cell        Fanout   Load  Trans   Delay    Incr  Arrival  Edge  User    Power  
#                                                   (pf)   (ns)    (ns)   Delay     (ns)        Derate  Domain  
#-------------------------------------------------------------------------------------------------------------
  operand_a_i[9]          -    (arrival)        1  0.002  0.056   0.000   0.000    3.505  R     -       pd_aon  
  operand_a_i_sr_reg_9/D  -    SDFFSRHQX4       1  0.002  0.056   0.000   0.000    3.505  R      1.070  pd_aon  
#-------------------------------------------------------------------------------------------------------------
     Other End Path:

#--------------------------------------------------------------------------------------------------------------
# Timing Point             Net  Cell        Fanout   Load  Trans   Delay    Incr  Arrival  Edge  User    Power  
#                                                    (pf)   (ns)    (ns)   Delay     (ns)        Derate  Domain  
#--------------------------------------------------------------------------------------------------------------
  clk_i                    -    (arrival)        1  0.003  0.027   0.000   0.000    4.873  R     -       pd_aon  
  CTS_ccl_a_inv_00012/Y    -    CLKINVX6         3  0.011  0.027   0.047   0.000    4.920  F      0.927  pd_aon  
  CTS_ccl_a_inv_00009/Y    -    CLKINVX6        20  0.013  0.060   0.060   0.000    4.980  R      0.927  pd_aon  
  operand_a_i_sr_reg_9/CK  -    SDFFSRHQX4      20  0.013  0.063   0.000   0.000    4.980  R      0.930  pd_aon  
#--------------------------------------------------------------------------------------------------------------
Path 70: MET (1.188 ns) Setup Check with Pin operand_b_i_sr_reg_31/CK->D
               View: slow_0p9v_125c_cmax_func
              Group: in2reg
         Startpoint: (R) operand_b_i[31]
              Clock: (R) clk_i_virtual
           Endpoint: (R) operand_b_i_sr_reg_31/D
              Clock: (R) clk_i

                       Capture       Launch
         Clock Edge:+    5.000        0.000
         Drv Adjust:+    0.009        0.007
        Src Latency:+   -0.137        0.000
        Net Latency:+    0.109 (P)    0.000 (I)
            Arrival:=    4.982        0.007

              Setup:-    0.233
        Uncertainty:-    0.055
        Cppr Adjust:+    0.000
      Required Time:=    4.694
       Launch Clock:=    0.007
        Input Delay:+    3.500
          Data Path:+    0.000
              Slack:=    1.188
     Timing Path:

#--------------------------------------------------------------------------------------------------------------
# Timing Point             Net  Cell        Fanout   Load  Trans   Delay    Incr  Arrival  Edge  User    Power  
#                                                    (pf)   (ns)    (ns)   Delay     (ns)        Derate  Domain  
#--------------------------------------------------------------------------------------------------------------
  operand_b_i[31]          -    (arrival)        1  0.002  0.058   0.000   0.000    3.507  R     -       pd_aon  
  operand_b_i_sr_reg_31/D  -    SDFFSRHQX4       1  0.002  0.058   0.000   0.000    3.507  R      1.070  pd_aon  
#--------------------------------------------------------------------------------------------------------------
     Other End Path:

#---------------------------------------------------------------------------------------------------------------
# Timing Point              Net  Cell        Fanout   Load  Trans   Delay    Incr  Arrival  Edge  User    Power  
#                                                     (pf)   (ns)    (ns)   Delay     (ns)        Derate  Domain  
#---------------------------------------------------------------------------------------------------------------
  clk_i                     -    (arrival)        1  0.003  0.027   0.000   0.000    4.873  R     -       pd_aon  
  CTS_ccl_a_inv_00012/Y     -    CLKINVX6         3  0.011  0.027   0.047   0.000    4.920  F      0.927  pd_aon  
  CTS_ccl_a_inv_00008/Y     -    CLKINVX6        21  0.015  0.060   0.062   0.000    4.982  R      0.927  pd_aon  
  operand_b_i_sr_reg_31/CK  -    SDFFSRHQX4      21  0.015  0.067   0.000   0.000    4.982  R      0.930  pd_aon  
#---------------------------------------------------------------------------------------------------------------
Path 71: MET (1.188 ns) Setup Check with Pin operand_b_i_sr_reg_18/CK->D
               View: slow_0p9v_125c_cmax_func
              Group: in2reg
         Startpoint: (R) operand_b_i[18]
              Clock: (R) clk_i_virtual
           Endpoint: (R) operand_b_i_sr_reg_18/D
              Clock: (R) clk_i

                       Capture       Launch
         Clock Edge:+    5.000        0.000
         Drv Adjust:+    0.009        0.006
        Src Latency:+   -0.137        0.000
        Net Latency:+    0.109 (P)    0.000 (I)
            Arrival:=    4.981        0.006

              Setup:-    0.232
        Uncertainty:-    0.055
        Cppr Adjust:+    0.000
      Required Time:=    4.694
       Launch Clock:=    0.006
        Input Delay:+    3.500
          Data Path:+    0.000
              Slack:=    1.188
     Timing Path:

#--------------------------------------------------------------------------------------------------------------
# Timing Point             Net  Cell        Fanout   Load  Trans   Delay    Incr  Arrival  Edge  User    Power  
#                                                    (pf)   (ns)    (ns)   Delay     (ns)        Derate  Domain  
#--------------------------------------------------------------------------------------------------------------
  operand_b_i[18]          -    (arrival)        1  0.002  0.057   0.000   0.000    3.506  R     -       pd_aon  
  operand_b_i_sr_reg_18/D  -    SDFFSRHQX4       1  0.002  0.057   0.000   0.000    3.506  R      1.070  pd_aon  
#--------------------------------------------------------------------------------------------------------------
     Other End Path:

#---------------------------------------------------------------------------------------------------------------
# Timing Point              Net  Cell        Fanout   Load  Trans   Delay    Incr  Arrival  Edge  User    Power  
#                                                     (pf)   (ns)    (ns)   Delay     (ns)        Derate  Domain  
#---------------------------------------------------------------------------------------------------------------
  clk_i                     -    (arrival)        1  0.003  0.027   0.000   0.000    4.873  R     -       pd_aon  
  CTS_ccl_a_inv_00012/Y     -    CLKINVX6         3  0.011  0.027   0.047   0.000    4.920  F      0.927  pd_aon  
  CTS_ccl_a_inv_00007/Y     -    CLKINVX6        24  0.014  0.060   0.061   0.000    4.981  R      0.927  pd_aon  
  operand_b_i_sr_reg_18/CK  -    SDFFSRHQX4      24  0.014  0.066   0.000   0.000    4.981  R      0.930  pd_aon  
#---------------------------------------------------------------------------------------------------------------
Path 72: MET (1.189 ns) Setup Check with Pin operand_b_i_sr_reg_19/CK->D
               View: slow_0p9v_125c_cmax_func
              Group: in2reg
         Startpoint: (R) operand_b_i[19]
              Clock: (R) clk_i_virtual
           Endpoint: (R) operand_b_i_sr_reg_19/D
              Clock: (R) clk_i

                       Capture       Launch
         Clock Edge:+    5.000        0.000
         Drv Adjust:+    0.009        0.005
        Src Latency:+   -0.137        0.000
        Net Latency:+    0.109 (P)    0.000 (I)
            Arrival:=    4.981        0.005

              Setup:-    0.232
        Uncertainty:-    0.055
        Cppr Adjust:+    0.000
      Required Time:=    4.694
       Launch Clock:=    0.005
        Input Delay:+    3.500
          Data Path:+    0.000
              Slack:=    1.189
     Timing Path:

#--------------------------------------------------------------------------------------------------------------
# Timing Point             Net  Cell        Fanout   Load  Trans   Delay    Incr  Arrival  Edge  User    Power  
#                                                    (pf)   (ns)    (ns)   Delay     (ns)        Derate  Domain  
#--------------------------------------------------------------------------------------------------------------
  operand_b_i[19]          -    (arrival)        1  0.002  0.056   0.000   0.000    3.505  R     -       pd_aon  
  operand_b_i_sr_reg_19/D  -    SDFFSRHQX4       1  0.002  0.056   0.000   0.000    3.505  R      1.070  pd_aon  
#--------------------------------------------------------------------------------------------------------------
     Other End Path:

#---------------------------------------------------------------------------------------------------------------
# Timing Point              Net  Cell        Fanout   Load  Trans   Delay    Incr  Arrival  Edge  User    Power  
#                                                     (pf)   (ns)    (ns)   Delay     (ns)        Derate  Domain  
#---------------------------------------------------------------------------------------------------------------
  clk_i                     -    (arrival)        1  0.003  0.027   0.000   0.000    4.873  R     -       pd_aon  
  CTS_ccl_a_inv_00012/Y     -    CLKINVX6         3  0.011  0.027   0.047   0.000    4.920  F      0.927  pd_aon  
  CTS_ccl_a_inv_00007/Y     -    CLKINVX6        24  0.014  0.060   0.061   0.000    4.981  R      0.927  pd_aon  
  operand_b_i_sr_reg_19/CK  -    SDFFSRHQX4      24  0.014  0.066   0.000   0.000    4.981  R      0.930  pd_aon  
#---------------------------------------------------------------------------------------------------------------
Path 73: MET (1.189 ns) Setup Check with Pin operand_b_i_sr_reg_24/CK->D
               View: slow_0p9v_125c_cmax_func
              Group: in2reg
         Startpoint: (R) operand_b_i[24]
              Clock: (R) clk_i_virtual
           Endpoint: (R) operand_b_i_sr_reg_24/D
              Clock: (R) clk_i

                       Capture       Launch
         Clock Edge:+    5.000        0.000
         Drv Adjust:+    0.009        0.005
        Src Latency:+   -0.137        0.000
        Net Latency:+    0.109 (P)    0.000 (I)
            Arrival:=    4.981        0.005

              Setup:-    0.232
        Uncertainty:-    0.055
        Cppr Adjust:+    0.000
      Required Time:=    4.694
       Launch Clock:=    0.005
        Input Delay:+    3.500
          Data Path:+    0.000
              Slack:=    1.189
     Timing Path:

#--------------------------------------------------------------------------------------------------------------
# Timing Point             Net  Cell        Fanout   Load  Trans   Delay    Incr  Arrival  Edge  User    Power  
#                                                    (pf)   (ns)    (ns)   Delay     (ns)        Derate  Domain  
#--------------------------------------------------------------------------------------------------------------
  operand_b_i[24]          -    (arrival)        1  0.002  0.056   0.000   0.000    3.505  R     -       pd_aon  
  operand_b_i_sr_reg_24/D  -    SDFFSRHQX4       1  0.002  0.056   0.000   0.000    3.505  R      1.070  pd_aon  
#--------------------------------------------------------------------------------------------------------------
     Other End Path:

#---------------------------------------------------------------------------------------------------------------
# Timing Point              Net  Cell        Fanout   Load  Trans   Delay    Incr  Arrival  Edge  User    Power  
#                                                     (pf)   (ns)    (ns)   Delay     (ns)        Derate  Domain  
#---------------------------------------------------------------------------------------------------------------
  clk_i                     -    (arrival)        1  0.003  0.027   0.000   0.000    4.873  R     -       pd_aon  
  CTS_ccl_a_inv_00012/Y     -    CLKINVX6         3  0.011  0.027   0.047   0.000    4.920  F      0.927  pd_aon  
  CTS_ccl_a_inv_00007/Y     -    CLKINVX6        24  0.014  0.060   0.061   0.000    4.981  R      0.927  pd_aon  
  operand_b_i_sr_reg_24/CK  -    SDFFSRHQX4      24  0.014  0.066   0.000   0.000    4.981  R      0.930  pd_aon  
#---------------------------------------------------------------------------------------------------------------
Path 74: MET (1.190 ns) Setup Check with Pin operand_b_i_sr_reg_27/CK->D
               View: slow_0p9v_125c_cmax_func
              Group: in2reg
         Startpoint: (R) operand_b_i[27]
              Clock: (R) clk_i_virtual
           Endpoint: (R) operand_b_i_sr_reg_27/D
              Clock: (R) clk_i

                       Capture       Launch
         Clock Edge:+    5.000        0.000
         Drv Adjust:+    0.009        0.005
        Src Latency:+   -0.137        0.000
        Net Latency:+    0.109 (P)    0.000 (I)
            Arrival:=    4.981        0.005

              Setup:-    0.232
        Uncertainty:-    0.055
        Cppr Adjust:+    0.000
      Required Time:=    4.694
       Launch Clock:=    0.005
        Input Delay:+    3.500
          Data Path:+    0.000
              Slack:=    1.190
     Timing Path:

#--------------------------------------------------------------------------------------------------------------
# Timing Point             Net  Cell        Fanout   Load  Trans   Delay    Incr  Arrival  Edge  User    Power  
#                                                    (pf)   (ns)    (ns)   Delay     (ns)        Derate  Domain  
#--------------------------------------------------------------------------------------------------------------
  operand_b_i[27]          -    (arrival)        1  0.001  0.056   0.000   0.000    3.505  R     -       pd_aon  
  operand_b_i_sr_reg_27/D  -    SDFFSRHQX4       1  0.001  0.056   0.000   0.000    3.505  R      1.070  pd_aon  
#--------------------------------------------------------------------------------------------------------------
     Other End Path:

#---------------------------------------------------------------------------------------------------------------
# Timing Point              Net  Cell        Fanout   Load  Trans   Delay    Incr  Arrival  Edge  User    Power  
#                                                     (pf)   (ns)    (ns)   Delay     (ns)        Derate  Domain  
#---------------------------------------------------------------------------------------------------------------
  clk_i                     -    (arrival)        1  0.003  0.027   0.000   0.000    4.873  R     -       pd_aon  
  CTS_ccl_a_inv_00012/Y     -    CLKINVX6         3  0.011  0.027   0.047   0.000    4.920  F      0.927  pd_aon  
  CTS_ccl_a_inv_00007/Y     -    CLKINVX6        24  0.014  0.060   0.061   0.000    4.981  R      0.927  pd_aon  
  operand_b_i_sr_reg_27/CK  -    SDFFSRHQX4      24  0.014  0.066   0.000   0.000    4.981  R      0.930  pd_aon  
#---------------------------------------------------------------------------------------------------------------
Path 75: MET (1.190 ns) Setup Check with Pin operand_b_i_sr_reg_25/CK->D
               View: slow_0p9v_125c_cmax_func
              Group: in2reg
         Startpoint: (R) operand_b_i[25]
              Clock: (R) clk_i_virtual
           Endpoint: (R) operand_b_i_sr_reg_25/D
              Clock: (R) clk_i

                       Capture       Launch
         Clock Edge:+    5.000        0.000
         Drv Adjust:+    0.009        0.005
        Src Latency:+   -0.137        0.000
        Net Latency:+    0.109 (P)    0.000 (I)
            Arrival:=    4.981        0.005

              Setup:-    0.232
        Uncertainty:-    0.055
        Cppr Adjust:+    0.000
      Required Time:=    4.694
       Launch Clock:=    0.005
        Input Delay:+    3.500
          Data Path:+    0.000
              Slack:=    1.190
     Timing Path:

#--------------------------------------------------------------------------------------------------------------
# Timing Point             Net  Cell        Fanout   Load  Trans   Delay    Incr  Arrival  Edge  User    Power  
#                                                    (pf)   (ns)    (ns)   Delay     (ns)        Derate  Domain  
#--------------------------------------------------------------------------------------------------------------
  operand_b_i[25]          -    (arrival)        1  0.001  0.056   0.000   0.000    3.505  R     -       pd_aon  
  operand_b_i_sr_reg_25/D  -    SDFFSRHQX4       1  0.001  0.056   0.000   0.000    3.505  R      1.070  pd_aon  
#--------------------------------------------------------------------------------------------------------------
     Other End Path:

#---------------------------------------------------------------------------------------------------------------
# Timing Point              Net  Cell        Fanout   Load  Trans   Delay    Incr  Arrival  Edge  User    Power  
#                                                     (pf)   (ns)    (ns)   Delay     (ns)        Derate  Domain  
#---------------------------------------------------------------------------------------------------------------
  clk_i                     -    (arrival)        1  0.003  0.027   0.000   0.000    4.873  R     -       pd_aon  
  CTS_ccl_a_inv_00012/Y     -    CLKINVX6         3  0.011  0.027   0.047   0.000    4.920  F      0.927  pd_aon  
  CTS_ccl_a_inv_00007/Y     -    CLKINVX6        24  0.014  0.060   0.061   0.000    4.981  R      0.927  pd_aon  
  operand_b_i_sr_reg_25/CK  -    SDFFSRHQX4      24  0.014  0.066   0.000   0.000    4.981  R      0.930  pd_aon  
#---------------------------------------------------------------------------------------------------------------
Path 76: MET (1.190 ns) Setup Check with Pin operand_a_i_sr_reg_3/CK->D
               View: slow_0p9v_125c_cmax_func
              Group: in2reg
         Startpoint: (R) operand_a_i[3]
              Clock: (R) clk_i_virtual
           Endpoint: (R) operand_a_i_sr_reg_3/D
              Clock: (R) clk_i

                       Capture       Launch
         Clock Edge:+    5.000        0.000
         Drv Adjust:+    0.009        0.006
        Src Latency:+   -0.137        0.000
        Net Latency:+    0.107 (P)    0.000 (I)
            Arrival:=    4.980        0.006

              Setup:-    0.228
        Uncertainty:-    0.055
        Cppr Adjust:+    0.000
      Required Time:=    4.696
       Launch Clock:=    0.006
        Input Delay:+    3.500
          Data Path:+    0.000
              Slack:=    1.190
     Timing Path:

#-------------------------------------------------------------------------------------------------------------
# Timing Point            Net  Cell        Fanout   Load  Trans   Delay    Incr  Arrival  Edge  User    Power  
#                                                   (pf)   (ns)    (ns)   Delay     (ns)        Derate  Domain  
#-------------------------------------------------------------------------------------------------------------
  operand_a_i[3]          -    (arrival)        1  0.002  0.058   0.000   0.000    3.506  R     -       pd_aon  
  operand_a_i_sr_reg_3/D  -    SDFFSRHQX1       1  0.002  0.058   0.000   0.000    3.506  R      1.070  pd_aon  
#-------------------------------------------------------------------------------------------------------------
     Other End Path:

#--------------------------------------------------------------------------------------------------------------
# Timing Point             Net  Cell        Fanout   Load  Trans   Delay    Incr  Arrival  Edge  User    Power  
#                                                    (pf)   (ns)    (ns)   Delay     (ns)        Derate  Domain  
#--------------------------------------------------------------------------------------------------------------
  clk_i                    -    (arrival)        1  0.003  0.027   0.000   0.000    4.873  R     -       pd_aon  
  CTS_ccl_a_inv_00012/Y    -    CLKINVX6         3  0.011  0.027   0.047   0.000    4.920  F      0.927  pd_aon  
  CTS_ccl_a_inv_00009/Y    -    CLKINVX6        20  0.013  0.060   0.060   0.000    4.980  R      0.927  pd_aon  
  operand_a_i_sr_reg_3/CK  -    SDFFSRHQX1      20  0.013  0.063   0.000   0.000    4.980  R      0.930  pd_aon  
#--------------------------------------------------------------------------------------------------------------
Path 77: MET (1.191 ns) Setup Check with Pin operand_a_i_sr_reg_27/CK->D
               View: slow_0p9v_125c_cmax_func
              Group: in2reg
         Startpoint: (R) operand_a_i[27]
              Clock: (R) clk_i_virtual
           Endpoint: (R) operand_a_i_sr_reg_27/D
              Clock: (R) clk_i

                       Capture       Launch
         Clock Edge:+    5.000        0.000
         Drv Adjust:+    0.009        0.006
        Src Latency:+   -0.137        0.000
        Net Latency:+    0.107 (P)    0.000 (I)
            Arrival:=    4.980        0.006

              Setup:-    0.228
        Uncertainty:-    0.055
        Cppr Adjust:+    0.000
      Required Time:=    4.697
       Launch Clock:=    0.006
        Input Delay:+    3.500
          Data Path:+    0.000
              Slack:=    1.191
     Timing Path:

#--------------------------------------------------------------------------------------------------------------
# Timing Point             Net  Cell        Fanout   Load  Trans   Delay    Incr  Arrival  Edge  User    Power  
#                                                    (pf)   (ns)    (ns)   Delay     (ns)        Derate  Domain  
#--------------------------------------------------------------------------------------------------------------
  operand_a_i[27]          -    (arrival)        1  0.002  0.057   0.000   0.000    3.506  R     -       pd_aon  
  operand_a_i_sr_reg_27/D  -    SDFFSRHQX1       1  0.002  0.057   0.000   0.000    3.506  R      1.070  pd_aon  
#--------------------------------------------------------------------------------------------------------------
     Other End Path:

#---------------------------------------------------------------------------------------------------------------
# Timing Point              Net  Cell        Fanout   Load  Trans   Delay    Incr  Arrival  Edge  User    Power  
#                                                     (pf)   (ns)    (ns)   Delay     (ns)        Derate  Domain  
#---------------------------------------------------------------------------------------------------------------
  clk_i                     -    (arrival)        1  0.003  0.027   0.000   0.000    4.873  R     -       pd_aon  
  CTS_ccl_a_inv_00012/Y     -    CLKINVX6         3  0.011  0.027   0.047   0.000    4.920  F      0.927  pd_aon  
  CTS_ccl_a_inv_00009/Y     -    CLKINVX6        20  0.013  0.060   0.060   0.000    4.980  R      0.927  pd_aon  
  operand_a_i_sr_reg_27/CK  -    SDFFSRHQX1      20  0.013  0.063   0.000   0.000    4.980  R      0.930  pd_aon  
#---------------------------------------------------------------------------------------------------------------
Path 78: MET (1.191 ns) Setup Check with Pin operand_a_i_sr_reg_29/CK->D
               View: slow_0p9v_125c_cmax_func
              Group: in2reg
         Startpoint: (R) operand_a_i[29]
              Clock: (R) clk_i_virtual
           Endpoint: (R) operand_a_i_sr_reg_29/D
              Clock: (R) clk_i

                       Capture       Launch
         Clock Edge:+    5.000        0.000
         Drv Adjust:+    0.009        0.005
        Src Latency:+   -0.137        0.000
        Net Latency:+    0.109 (P)    0.000 (I)
            Arrival:=    4.982        0.005

              Setup:-    0.231
        Uncertainty:-    0.055
        Cppr Adjust:+    0.000
      Required Time:=    4.696
       Launch Clock:=    0.005
        Input Delay:+    3.500
          Data Path:+    0.000
              Slack:=    1.191
     Timing Path:

#--------------------------------------------------------------------------------------------------------------
# Timing Point             Net  Cell        Fanout   Load  Trans   Delay    Incr  Arrival  Edge  User    Power  
#                                                    (pf)   (ns)    (ns)   Delay     (ns)        Derate  Domain  
#--------------------------------------------------------------------------------------------------------------
  operand_a_i[29]          -    (arrival)        1  0.001  0.055   0.000   0.000    3.505  R     -       pd_aon  
  operand_a_i_sr_reg_29/D  -    SDFFSRHQX4       1  0.001  0.055   0.000   0.000    3.505  R      1.070  pd_aon  
#--------------------------------------------------------------------------------------------------------------
     Other End Path:

#---------------------------------------------------------------------------------------------------------------
# Timing Point              Net  Cell        Fanout   Load  Trans   Delay    Incr  Arrival  Edge  User    Power  
#                                                     (pf)   (ns)    (ns)   Delay     (ns)        Derate  Domain  
#---------------------------------------------------------------------------------------------------------------
  clk_i                     -    (arrival)        1  0.003  0.027   0.000   0.000    4.873  R     -       pd_aon  
  CTS_ccl_a_inv_00012/Y     -    CLKINVX6         3  0.011  0.027   0.047   0.000    4.920  F      0.927  pd_aon  
  CTS_ccl_a_inv_00008/Y     -    CLKINVX6        21  0.015  0.060   0.062   0.000    4.982  R      0.927  pd_aon  
  operand_a_i_sr_reg_29/CK  -    SDFFSRHQX4      21  0.015  0.067   0.000   0.000    4.982  R      0.930  pd_aon  
#---------------------------------------------------------------------------------------------------------------
Path 79: MET (1.191 ns) Setup Check with Pin operand_b_i_sr_reg_16/CK->D
               View: slow_0p9v_125c_cmax_func
              Group: in2reg
         Startpoint: (R) operand_b_i[16]
              Clock: (R) clk_i_virtual
           Endpoint: (R) operand_b_i_sr_reg_16/D
              Clock: (R) clk_i

                       Capture       Launch
         Clock Edge:+    5.000        0.000
         Drv Adjust:+    0.009        0.004
        Src Latency:+   -0.137        0.000
        Net Latency:+    0.109 (P)    0.000 (I)
            Arrival:=    4.981        0.004

              Setup:-    0.231
        Uncertainty:-    0.055
        Cppr Adjust:+    0.000
      Required Time:=    4.695
       Launch Clock:=    0.004
        Input Delay:+    3.500
          Data Path:+    0.000
              Slack:=    1.191
     Timing Path:

#--------------------------------------------------------------------------------------------------------------
# Timing Point             Net  Cell        Fanout   Load  Trans   Delay    Incr  Arrival  Edge  User    Power  
#                                                    (pf)   (ns)    (ns)   Delay     (ns)        Derate  Domain  
#--------------------------------------------------------------------------------------------------------------
  operand_b_i[16]          -    (arrival)        1  0.001  0.054   0.000   0.000    3.504  R     -       pd_aon  
  operand_b_i_sr_reg_16/D  -    SDFFSRHQX4       1  0.001  0.054   0.000   0.000    3.504  R      1.070  pd_aon  
#--------------------------------------------------------------------------------------------------------------
     Other End Path:

#---------------------------------------------------------------------------------------------------------------
# Timing Point              Net  Cell        Fanout   Load  Trans   Delay    Incr  Arrival  Edge  User    Power  
#                                                     (pf)   (ns)    (ns)   Delay     (ns)        Derate  Domain  
#---------------------------------------------------------------------------------------------------------------
  clk_i                     -    (arrival)        1  0.003  0.027   0.000   0.000    4.873  R     -       pd_aon  
  CTS_ccl_a_inv_00012/Y     -    CLKINVX6         3  0.011  0.027   0.047   0.000    4.920  F      0.927  pd_aon  
  CTS_ccl_a_inv_00007/Y     -    CLKINVX6        24  0.014  0.060   0.061   0.000    4.981  R      0.927  pd_aon  
  operand_b_i_sr_reg_16/CK  -    SDFFSRHQX4      24  0.014  0.066   0.000   0.000    4.981  R      0.930  pd_aon  
#---------------------------------------------------------------------------------------------------------------
Path 80: MET (1.191 ns) Setup Check with Pin operand_b_i_sr_reg_5/CK->D
               View: slow_0p9v_125c_cmax_func
              Group: in2reg
         Startpoint: (R) operand_b_i[5]
              Clock: (R) clk_i_virtual
           Endpoint: (R) operand_b_i_sr_reg_5/D
              Clock: (R) clk_i

                       Capture       Launch
         Clock Edge:+    5.000        0.000
         Drv Adjust:+    0.009        0.004
        Src Latency:+   -0.137        0.000
        Net Latency:+    0.109 (P)    0.000 (I)
            Arrival:=    4.981        0.004

              Setup:-    0.231
        Uncertainty:-    0.055
        Cppr Adjust:+    0.000
      Required Time:=    4.695
       Launch Clock:=    0.004
        Input Delay:+    3.500
          Data Path:+    0.000
              Slack:=    1.191
     Timing Path:

#-------------------------------------------------------------------------------------------------------------
# Timing Point            Net  Cell        Fanout   Load  Trans   Delay    Incr  Arrival  Edge  User    Power  
#                                                   (pf)   (ns)    (ns)   Delay     (ns)        Derate  Domain  
#-------------------------------------------------------------------------------------------------------------
  operand_b_i[5]          -    (arrival)        1  0.001  0.054   0.000   0.000    3.504  R     -       pd_aon  
  operand_b_i_sr_reg_5/D  -    SDFFSRHQX4       1  0.001  0.054   0.000   0.000    3.504  R      1.070  pd_aon  
#-------------------------------------------------------------------------------------------------------------
     Other End Path:

#--------------------------------------------------------------------------------------------------------------
# Timing Point             Net  Cell        Fanout   Load  Trans   Delay    Incr  Arrival  Edge  User    Power  
#                                                    (pf)   (ns)    (ns)   Delay     (ns)        Derate  Domain  
#--------------------------------------------------------------------------------------------------------------
  clk_i                    -    (arrival)        1  0.003  0.027   0.000   0.000    4.873  R     -       pd_aon  
  CTS_ccl_a_inv_00012/Y    -    CLKINVX6         3  0.011  0.027   0.047   0.000    4.920  F      0.927  pd_aon  
  CTS_ccl_a_inv_00007/Y    -    CLKINVX6        24  0.014  0.060   0.061   0.000    4.981  R      0.927  pd_aon  
  operand_b_i_sr_reg_5/CK  -    SDFFSRHQX4      24  0.014  0.066   0.000   0.000    4.981  R      0.930  pd_aon  
#--------------------------------------------------------------------------------------------------------------
Path 81: MET (1.191 ns) Setup Check with Pin operand_b_i_sr_reg_0/CK->D
               View: slow_0p9v_125c_cmax_func
              Group: in2reg
         Startpoint: (R) operand_b_i[0]
              Clock: (R) clk_i_virtual
           Endpoint: (R) operand_b_i_sr_reg_0/D
              Clock: (R) clk_i

                       Capture       Launch
         Clock Edge:+    5.000        0.000
         Drv Adjust:+    0.009        0.004
        Src Latency:+   -0.137        0.000
        Net Latency:+    0.109 (P)    0.000 (I)
            Arrival:=    4.981        0.004

              Setup:-    0.231
        Uncertainty:-    0.055
        Cppr Adjust:+    0.000
      Required Time:=    4.695
       Launch Clock:=    0.004
        Input Delay:+    3.500
          Data Path:+    0.000
              Slack:=    1.191
     Timing Path:

#-------------------------------------------------------------------------------------------------------------
# Timing Point            Net  Cell        Fanout   Load  Trans   Delay    Incr  Arrival  Edge  User    Power  
#                                                   (pf)   (ns)    (ns)   Delay     (ns)        Derate  Domain  
#-------------------------------------------------------------------------------------------------------------
  operand_b_i[0]          -    (arrival)        1  0.001  0.054   0.000   0.000    3.504  R     -       pd_aon  
  operand_b_i_sr_reg_0/D  -    SDFFSRHQX4       1  0.001  0.054   0.000   0.000    3.504  R      1.070  pd_aon  
#-------------------------------------------------------------------------------------------------------------
     Other End Path:

#--------------------------------------------------------------------------------------------------------------
# Timing Point             Net  Cell        Fanout   Load  Trans   Delay    Incr  Arrival  Edge  User    Power  
#                                                    (pf)   (ns)    (ns)   Delay     (ns)        Derate  Domain  
#--------------------------------------------------------------------------------------------------------------
  clk_i                    -    (arrival)        1  0.003  0.027   0.000   0.000    4.873  R     -       pd_aon  
  CTS_ccl_a_inv_00012/Y    -    CLKINVX6         3  0.011  0.027   0.047   0.000    4.920  F      0.927  pd_aon  
  CTS_ccl_a_inv_00007/Y    -    CLKINVX6        24  0.014  0.060   0.061   0.000    4.981  R      0.927  pd_aon  
  operand_b_i_sr_reg_0/CK  -    SDFFSRHQX4      24  0.014  0.066   0.000   0.000    4.981  R      0.930  pd_aon  
#--------------------------------------------------------------------------------------------------------------
Path 82: MET (1.192 ns) Setup Check with Pin operand_a_i_sr_reg_15/CK->D
               View: slow_0p9v_125c_cmax_func
              Group: in2reg
         Startpoint: (R) operand_a_i[15]
              Clock: (R) clk_i_virtual
           Endpoint: (R) operand_a_i_sr_reg_15/D
              Clock: (R) clk_i

                       Capture       Launch
         Clock Edge:+    5.000        0.000
         Drv Adjust:+    0.009        0.004
        Src Latency:+   -0.137        0.000
        Net Latency:+    0.109 (P)    0.000 (I)
            Arrival:=    4.982        0.004

              Setup:-    0.231
        Uncertainty:-    0.055
        Cppr Adjust:+    0.000
      Required Time:=    4.696
       Launch Clock:=    0.004
        Input Delay:+    3.500
          Data Path:+    0.000
              Slack:=    1.192
     Timing Path:

#--------------------------------------------------------------------------------------------------------------
# Timing Point             Net  Cell        Fanout   Load  Trans   Delay    Incr  Arrival  Edge  User    Power  
#                                                    (pf)   (ns)    (ns)   Delay     (ns)        Derate  Domain  
#--------------------------------------------------------------------------------------------------------------
  operand_a_i[15]          -    (arrival)        1  0.001  0.055   0.000   0.000    3.504  R     -       pd_aon  
  operand_a_i_sr_reg_15/D  -    SDFFSRHQX4       1  0.001  0.055   0.000   0.000    3.504  R      1.070  pd_aon  
#--------------------------------------------------------------------------------------------------------------
     Other End Path:

#---------------------------------------------------------------------------------------------------------------
# Timing Point              Net  Cell        Fanout   Load  Trans   Delay    Incr  Arrival  Edge  User    Power  
#                                                     (pf)   (ns)    (ns)   Delay     (ns)        Derate  Domain  
#---------------------------------------------------------------------------------------------------------------
  clk_i                     -    (arrival)        1  0.003  0.027   0.000   0.000    4.873  R     -       pd_aon  
  CTS_ccl_a_inv_00012/Y     -    CLKINVX6         3  0.011  0.027   0.047   0.000    4.920  F      0.927  pd_aon  
  CTS_ccl_a_inv_00008/Y     -    CLKINVX6        21  0.015  0.060   0.062   0.000    4.982  R      0.927  pd_aon  
  operand_a_i_sr_reg_15/CK  -    SDFFSRHQX4      21  0.015  0.067   0.000   0.000    4.982  R      0.930  pd_aon  
#---------------------------------------------------------------------------------------------------------------
Path 83: MET (1.192 ns) Setup Check with Pin operand_a_i_sr_reg_23/CK->D
               View: slow_0p9v_125c_cmax_func
              Group: in2reg
         Startpoint: (R) operand_a_i[23]
              Clock: (R) clk_i_virtual
           Endpoint: (R) operand_a_i_sr_reg_23/D
              Clock: (R) clk_i

                       Capture       Launch
         Clock Edge:+    5.000        0.000
         Drv Adjust:+    0.009        0.004
        Src Latency:+   -0.137        0.000
        Net Latency:+    0.109 (P)    0.000 (I)
            Arrival:=    4.982        0.004

              Setup:-    0.231
        Uncertainty:-    0.055
        Cppr Adjust:+    0.000
      Required Time:=    4.696
       Launch Clock:=    0.004
        Input Delay:+    3.500
          Data Path:+    0.000
              Slack:=    1.192
     Timing Path:

#--------------------------------------------------------------------------------------------------------------
# Timing Point             Net  Cell        Fanout   Load  Trans   Delay    Incr  Arrival  Edge  User    Power  
#                                                    (pf)   (ns)    (ns)   Delay     (ns)        Derate  Domain  
#--------------------------------------------------------------------------------------------------------------
  operand_a_i[23]          -    (arrival)        1  0.001  0.055   0.000   0.000    3.504  R     -       pd_aon  
  operand_a_i_sr_reg_23/D  -    SDFFSRHQX4       1  0.001  0.055   0.000   0.000    3.504  R      1.070  pd_aon  
#--------------------------------------------------------------------------------------------------------------
     Other End Path:

#---------------------------------------------------------------------------------------------------------------
# Timing Point              Net  Cell        Fanout   Load  Trans   Delay    Incr  Arrival  Edge  User    Power  
#                                                     (pf)   (ns)    (ns)   Delay     (ns)        Derate  Domain  
#---------------------------------------------------------------------------------------------------------------
  clk_i                     -    (arrival)        1  0.003  0.027   0.000   0.000    4.873  R     -       pd_aon  
  CTS_ccl_a_inv_00012/Y     -    CLKINVX6         3  0.011  0.027   0.047   0.000    4.920  F      0.927  pd_aon  
  CTS_ccl_a_inv_00008/Y     -    CLKINVX6        21  0.015  0.060   0.062   0.000    4.982  R      0.927  pd_aon  
  operand_a_i_sr_reg_23/CK  -    SDFFSRHQX4      21  0.015  0.067   0.000   0.000    4.982  R      0.930  pd_aon  
#---------------------------------------------------------------------------------------------------------------
Path 84: MET (1.192 ns) Setup Check with Pin operand_b_i_sr_reg_17/CK->D
               View: slow_0p9v_125c_cmax_func
              Group: in2reg
         Startpoint: (R) operand_b_i[17]
              Clock: (R) clk_i_virtual
           Endpoint: (R) operand_b_i_sr_reg_17/D
              Clock: (R) clk_i

                       Capture       Launch
         Clock Edge:+    5.000        0.000
         Drv Adjust:+    0.009        0.004
        Src Latency:+   -0.137        0.000
        Net Latency:+    0.109 (P)    0.000 (I)
            Arrival:=    4.981        0.004

              Setup:-    0.231
        Uncertainty:-    0.055
        Cppr Adjust:+    0.000
      Required Time:=    4.696
       Launch Clock:=    0.004
        Input Delay:+    3.500
          Data Path:+    0.000
              Slack:=    1.192
     Timing Path:

#--------------------------------------------------------------------------------------------------------------
# Timing Point             Net  Cell        Fanout   Load  Trans   Delay    Incr  Arrival  Edge  User    Power  
#                                                    (pf)   (ns)    (ns)   Delay     (ns)        Derate  Domain  
#--------------------------------------------------------------------------------------------------------------
  operand_b_i[17]          -    (arrival)        1  0.001  0.054   0.000   0.000    3.504  R     -       pd_aon  
  operand_b_i_sr_reg_17/D  -    SDFFSRHQX4       1  0.001  0.054   0.000   0.000    3.504  R      1.070  pd_aon  
#--------------------------------------------------------------------------------------------------------------
     Other End Path:

#---------------------------------------------------------------------------------------------------------------
# Timing Point              Net  Cell        Fanout   Load  Trans   Delay    Incr  Arrival  Edge  User    Power  
#                                                     (pf)   (ns)    (ns)   Delay     (ns)        Derate  Domain  
#---------------------------------------------------------------------------------------------------------------
  clk_i                     -    (arrival)        1  0.003  0.027   0.000   0.000    4.873  R     -       pd_aon  
  CTS_ccl_a_inv_00012/Y     -    CLKINVX6         3  0.011  0.027   0.047   0.000    4.920  F      0.927  pd_aon  
  CTS_ccl_a_inv_00007/Y     -    CLKINVX6        24  0.014  0.060   0.061   0.000    4.981  R      0.927  pd_aon  
  operand_b_i_sr_reg_17/CK  -    SDFFSRHQX4      24  0.014  0.066   0.000   0.000    4.981  R      0.930  pd_aon  
#---------------------------------------------------------------------------------------------------------------
Path 85: MET (1.192 ns) Setup Check with Pin operand_a_i_sr_reg_11/CK->D
               View: slow_0p9v_125c_cmax_func
              Group: in2reg
         Startpoint: (R) operand_a_i[11]
              Clock: (R) clk_i_virtual
           Endpoint: (R) operand_a_i_sr_reg_11/D
              Clock: (R) clk_i

                       Capture       Launch
         Clock Edge:+    5.000        0.000
         Drv Adjust:+    0.009        0.004
        Src Latency:+   -0.137        0.000
        Net Latency:+    0.109 (P)    0.000 (I)
            Arrival:=    4.982        0.004

              Setup:-    0.231
        Uncertainty:-    0.055
        Cppr Adjust:+    0.000
      Required Time:=    4.696
       Launch Clock:=    0.004
        Input Delay:+    3.500
          Data Path:+    0.000
              Slack:=    1.192
     Timing Path:

#--------------------------------------------------------------------------------------------------------------
# Timing Point             Net  Cell        Fanout   Load  Trans   Delay    Incr  Arrival  Edge  User    Power  
#                                                    (pf)   (ns)    (ns)   Delay     (ns)        Derate  Domain  
#--------------------------------------------------------------------------------------------------------------
  operand_a_i[11]          -    (arrival)        1  0.001  0.055   0.000   0.000    3.504  R     -       pd_aon  
  operand_a_i_sr_reg_11/D  -    SDFFSRHQX4       1  0.001  0.055   0.000   0.000    3.504  R      1.070  pd_aon  
#--------------------------------------------------------------------------------------------------------------
     Other End Path:

#---------------------------------------------------------------------------------------------------------------
# Timing Point              Net  Cell        Fanout   Load  Trans   Delay    Incr  Arrival  Edge  User    Power  
#                                                     (pf)   (ns)    (ns)   Delay     (ns)        Derate  Domain  
#---------------------------------------------------------------------------------------------------------------
  clk_i                     -    (arrival)        1  0.003  0.027   0.000   0.000    4.873  R     -       pd_aon  
  CTS_ccl_a_inv_00012/Y     -    CLKINVX6         3  0.011  0.027   0.047   0.000    4.920  F      0.927  pd_aon  
  CTS_ccl_a_inv_00008/Y     -    CLKINVX6        21  0.015  0.060   0.062   0.000    4.982  R      0.927  pd_aon  
  operand_a_i_sr_reg_11/CK  -    SDFFSRHQX4      21  0.015  0.067   0.000   0.000    4.982  R      0.930  pd_aon  
#---------------------------------------------------------------------------------------------------------------
Path 86: MET (1.192 ns) Setup Check with Pin operand_a_i_sr_reg_12/CK->D
               View: slow_0p9v_125c_cmax_func
              Group: in2reg
         Startpoint: (R) operand_a_i[12]
              Clock: (R) clk_i_virtual
           Endpoint: (R) operand_a_i_sr_reg_12/D
              Clock: (R) clk_i

                       Capture       Launch
         Clock Edge:+    5.000        0.000
         Drv Adjust:+    0.009        0.004
        Src Latency:+   -0.137        0.000
        Net Latency:+    0.109 (P)    0.000 (I)
            Arrival:=    4.982        0.004

              Setup:-    0.231
        Uncertainty:-    0.055
        Cppr Adjust:+    0.000
      Required Time:=    4.696
       Launch Clock:=    0.004
        Input Delay:+    3.500
          Data Path:+    0.000
              Slack:=    1.192
     Timing Path:

#--------------------------------------------------------------------------------------------------------------
# Timing Point             Net  Cell        Fanout   Load  Trans   Delay    Incr  Arrival  Edge  User    Power  
#                                                    (pf)   (ns)    (ns)   Delay     (ns)        Derate  Domain  
#--------------------------------------------------------------------------------------------------------------
  operand_a_i[12]          -    (arrival)        1  0.001  0.055   0.000   0.000    3.504  R     -       pd_aon  
  operand_a_i_sr_reg_12/D  -    SDFFSRHQX4       1  0.001  0.055   0.000   0.000    3.504  R      1.070  pd_aon  
#--------------------------------------------------------------------------------------------------------------
     Other End Path:

#---------------------------------------------------------------------------------------------------------------
# Timing Point              Net  Cell        Fanout   Load  Trans   Delay    Incr  Arrival  Edge  User    Power  
#                                                     (pf)   (ns)    (ns)   Delay     (ns)        Derate  Domain  
#---------------------------------------------------------------------------------------------------------------
  clk_i                     -    (arrival)        1  0.003  0.027   0.000   0.000    4.873  R     -       pd_aon  
  CTS_ccl_a_inv_00012/Y     -    CLKINVX6         3  0.011  0.027   0.047   0.000    4.920  F      0.927  pd_aon  
  CTS_ccl_a_inv_00008/Y     -    CLKINVX6        21  0.015  0.060   0.062   0.000    4.982  R      0.927  pd_aon  
  operand_a_i_sr_reg_12/CK  -    SDFFSRHQX4      21  0.015  0.067   0.000   0.000    4.982  R      0.930  pd_aon  
#---------------------------------------------------------------------------------------------------------------
Path 87: MET (1.192 ns) Setup Check with Pin operand_b_i_sr_reg_2/CK->D
               View: slow_0p9v_125c_cmax_func
              Group: in2reg
         Startpoint: (R) operand_b_i[2]
              Clock: (R) clk_i_virtual
           Endpoint: (R) operand_b_i_sr_reg_2/D
              Clock: (R) clk_i

                       Capture       Launch
         Clock Edge:+    5.000        0.000
         Drv Adjust:+    0.009        0.003
        Src Latency:+   -0.137        0.000
        Net Latency:+    0.109 (P)    0.000 (I)
            Arrival:=    4.981        0.003

              Setup:-    0.231
        Uncertainty:-    0.055
        Cppr Adjust:+    0.000
      Required Time:=    4.696
       Launch Clock:=    0.003
        Input Delay:+    3.500
          Data Path:+    0.000
              Slack:=    1.192
     Timing Path:

#-------------------------------------------------------------------------------------------------------------
# Timing Point            Net  Cell        Fanout   Load  Trans   Delay    Incr  Arrival  Edge  User    Power  
#                                                   (pf)   (ns)    (ns)   Delay     (ns)        Derate  Domain  
#-------------------------------------------------------------------------------------------------------------
  operand_b_i[2]          -    (arrival)        1  0.001  0.053   0.000   0.000    3.503  R     -       pd_aon  
  operand_b_i_sr_reg_2/D  -    SDFFSRHQX4       1  0.001  0.053   0.000   0.000    3.503  R      1.070  pd_aon  
#-------------------------------------------------------------------------------------------------------------
     Other End Path:

#--------------------------------------------------------------------------------------------------------------
# Timing Point             Net  Cell        Fanout   Load  Trans   Delay    Incr  Arrival  Edge  User    Power  
#                                                    (pf)   (ns)    (ns)   Delay     (ns)        Derate  Domain  
#--------------------------------------------------------------------------------------------------------------
  clk_i                    -    (arrival)        1  0.003  0.027   0.000   0.000    4.873  R     -       pd_aon  
  CTS_ccl_a_inv_00012/Y    -    CLKINVX6         3  0.011  0.027   0.047   0.000    4.920  F      0.927  pd_aon  
  CTS_ccl_a_inv_00007/Y    -    CLKINVX6        24  0.014  0.060   0.061   0.000    4.981  R      0.927  pd_aon  
  operand_b_i_sr_reg_2/CK  -    SDFFSRHQX4      24  0.014  0.066   0.000   0.000    4.981  R      0.930  pd_aon  
#--------------------------------------------------------------------------------------------------------------
Path 88: MET (1.192 ns) Setup Check with Pin operand_b_i_sr_reg_3/CK->D
               View: slow_0p9v_125c_cmax_func
              Group: in2reg
         Startpoint: (R) operand_b_i[3]
              Clock: (R) clk_i_virtual
           Endpoint: (R) operand_b_i_sr_reg_3/D
              Clock: (R) clk_i

                       Capture       Launch
         Clock Edge:+    5.000        0.000
         Drv Adjust:+    0.009        0.003
        Src Latency:+   -0.137        0.000
        Net Latency:+    0.109 (P)    0.000 (I)
            Arrival:=    4.981        0.003

              Setup:-    0.231
        Uncertainty:-    0.055
        Cppr Adjust:+    0.000
      Required Time:=    4.696
       Launch Clock:=    0.003
        Input Delay:+    3.500
          Data Path:+    0.000
              Slack:=    1.192
     Timing Path:

#-------------------------------------------------------------------------------------------------------------
# Timing Point            Net  Cell        Fanout   Load  Trans   Delay    Incr  Arrival  Edge  User    Power  
#                                                   (pf)   (ns)    (ns)   Delay     (ns)        Derate  Domain  
#-------------------------------------------------------------------------------------------------------------
  operand_b_i[3]          -    (arrival)        1  0.001  0.053   0.000   0.000    3.503  R     -       pd_aon  
  operand_b_i_sr_reg_3/D  -    SDFFSRHQX4       1  0.001  0.053   0.000   0.000    3.503  R      1.070  pd_aon  
#-------------------------------------------------------------------------------------------------------------
     Other End Path:

#--------------------------------------------------------------------------------------------------------------
# Timing Point             Net  Cell        Fanout   Load  Trans   Delay    Incr  Arrival  Edge  User    Power  
#                                                    (pf)   (ns)    (ns)   Delay     (ns)        Derate  Domain  
#--------------------------------------------------------------------------------------------------------------
  clk_i                    -    (arrival)        1  0.003  0.027   0.000   0.000    4.873  R     -       pd_aon  
  CTS_ccl_a_inv_00012/Y    -    CLKINVX6         3  0.011  0.027   0.047   0.000    4.920  F      0.927  pd_aon  
  CTS_ccl_a_inv_00007/Y    -    CLKINVX6        24  0.014  0.060   0.061   0.000    4.981  R      0.927  pd_aon  
  operand_b_i_sr_reg_3/CK  -    SDFFSRHQX4      24  0.014  0.066   0.000   0.000    4.981  R      0.930  pd_aon  
#--------------------------------------------------------------------------------------------------------------
Path 89: MET (1.193 ns) Setup Check with Pin operand_b_i_sr_reg_29/CK->D
               View: slow_0p9v_125c_cmax_func
              Group: in2reg
         Startpoint: (R) operand_b_i[29]
              Clock: (R) clk_i_virtual
           Endpoint: (R) operand_b_i_sr_reg_29/D
              Clock: (R) clk_i

                       Capture       Launch
         Clock Edge:+    5.000        0.000
         Drv Adjust:+    0.009        0.004
        Src Latency:+   -0.137        0.000
        Net Latency:+    0.110 (P)    0.000 (I)
            Arrival:=    4.982        0.004

              Setup:-    0.230
        Uncertainty:-    0.055
        Cppr Adjust:+    0.000
      Required Time:=    4.697
       Launch Clock:=    0.004
        Input Delay:+    3.500
          Data Path:+    0.000
              Slack:=    1.193
     Timing Path:

#--------------------------------------------------------------------------------------------------------------
# Timing Point             Net  Cell        Fanout   Load  Trans   Delay    Incr  Arrival  Edge  User    Power  
#                                                    (pf)   (ns)    (ns)   Delay     (ns)        Derate  Domain  
#--------------------------------------------------------------------------------------------------------------
  operand_b_i[29]          -    (arrival)        1  0.001  0.054   0.000   0.000    3.504  R     -       pd_aon  
  operand_b_i_sr_reg_29/D  -    SDFFSRHQX4       1  0.001  0.054   0.000   0.000    3.504  R      1.070  pd_aon  
#--------------------------------------------------------------------------------------------------------------
     Other End Path:

#---------------------------------------------------------------------------------------------------------------
# Timing Point              Net  Cell        Fanout   Load  Trans   Delay    Incr  Arrival  Edge  User    Power  
#                                                     (pf)   (ns)    (ns)   Delay     (ns)        Derate  Domain  
#---------------------------------------------------------------------------------------------------------------
  clk_i                     -    (arrival)        1  0.003  0.027   0.000   0.000    4.873  R     -       pd_aon  
  CTS_ccl_a_inv_00012/Y     -    CLKINVX6         3  0.011  0.027   0.047   0.000    4.920  F      0.927  pd_aon  
  CTS_ccl_a_inv_00008/Y     -    CLKINVX6        21  0.015  0.060   0.062   0.000    4.982  R      0.927  pd_aon  
  operand_b_i_sr_reg_29/CK  -    SDFFSRHQX4      21  0.015  0.067   0.000   0.000    4.982  R      0.930  pd_aon  
#---------------------------------------------------------------------------------------------------------------
Path 90: MET (1.193 ns) Setup Check with Pin operand_a_i_sr_reg_28/CK->D
               View: slow_0p9v_125c_cmax_func
              Group: in2reg
         Startpoint: (R) operand_a_i[28]
              Clock: (R) clk_i_virtual
           Endpoint: (R) operand_a_i_sr_reg_28/D
              Clock: (R) clk_i

                       Capture       Launch
         Clock Edge:+    5.000        0.000
         Drv Adjust:+    0.009        0.004
        Src Latency:+   -0.137        0.000
        Net Latency:+    0.109 (P)    0.000 (I)
            Arrival:=    4.982        0.004

              Setup:-    0.230
        Uncertainty:-    0.055
        Cppr Adjust:+    0.000
      Required Time:=    4.697
       Launch Clock:=    0.004
        Input Delay:+    3.500
          Data Path:+    0.000
              Slack:=    1.193
     Timing Path:

#--------------------------------------------------------------------------------------------------------------
# Timing Point             Net  Cell        Fanout   Load  Trans   Delay    Incr  Arrival  Edge  User    Power  
#                                                    (pf)   (ns)    (ns)   Delay     (ns)        Derate  Domain  
#--------------------------------------------------------------------------------------------------------------
  operand_a_i[28]          -    (arrival)        1  0.001  0.054   0.000   0.000    3.504  R     -       pd_aon  
  operand_a_i_sr_reg_28/D  -    SDFFSRHQX4       1  0.001  0.054   0.000   0.000    3.504  R      1.070  pd_aon  
#--------------------------------------------------------------------------------------------------------------
     Other End Path:

#---------------------------------------------------------------------------------------------------------------
# Timing Point              Net  Cell        Fanout   Load  Trans   Delay    Incr  Arrival  Edge  User    Power  
#                                                     (pf)   (ns)    (ns)   Delay     (ns)        Derate  Domain  
#---------------------------------------------------------------------------------------------------------------
  clk_i                     -    (arrival)        1  0.003  0.027   0.000   0.000    4.873  R     -       pd_aon  
  CTS_ccl_a_inv_00012/Y     -    CLKINVX6         3  0.011  0.027   0.047   0.000    4.920  F      0.927  pd_aon  
  CTS_ccl_a_inv_00008/Y     -    CLKINVX6        21  0.015  0.060   0.062   0.000    4.982  R      0.927  pd_aon  
  operand_a_i_sr_reg_28/CK  -    SDFFSRHQX4      21  0.015  0.067   0.000   0.000    4.982  R      0.930  pd_aon  
#---------------------------------------------------------------------------------------------------------------
Path 91: MET (1.193 ns) Setup Check with Pin operand_a_i_sr_reg_0/CK->D
               View: slow_0p9v_125c_cmax_func
              Group: in2reg
         Startpoint: (R) operand_a_i[0]
              Clock: (R) clk_i_virtual
           Endpoint: (R) operand_a_i_sr_reg_0/D
              Clock: (R) clk_i

                       Capture       Launch
         Clock Edge:+    5.000        0.000
         Drv Adjust:+    0.009        0.004
        Src Latency:+   -0.137        0.000
        Net Latency:+    0.110 (P)    0.000 (I)
            Arrival:=    4.982        0.004

              Setup:-    0.230
        Uncertainty:-    0.055
        Cppr Adjust:+    0.000
      Required Time:=    4.697
       Launch Clock:=    0.004
        Input Delay:+    3.500
          Data Path:+    0.000
              Slack:=    1.193
     Timing Path:

#-------------------------------------------------------------------------------------------------------------
# Timing Point            Net  Cell        Fanout   Load  Trans   Delay    Incr  Arrival  Edge  User    Power  
#                                                   (pf)   (ns)    (ns)   Delay     (ns)        Derate  Domain  
#-------------------------------------------------------------------------------------------------------------
  operand_a_i[0]          -    (arrival)        1  0.001  0.054   0.000   0.000    3.504  R     -       pd_aon  
  operand_a_i_sr_reg_0/D  -    SDFFSRHQX4       1  0.001  0.054   0.000   0.000    3.504  R      1.070  pd_aon  
#-------------------------------------------------------------------------------------------------------------
     Other End Path:

#--------------------------------------------------------------------------------------------------------------
# Timing Point             Net  Cell        Fanout   Load  Trans   Delay    Incr  Arrival  Edge  User    Power  
#                                                    (pf)   (ns)    (ns)   Delay     (ns)        Derate  Domain  
#--------------------------------------------------------------------------------------------------------------
  clk_i                    -    (arrival)        1  0.003  0.027   0.000   0.000    4.873  R     -       pd_aon  
  CTS_ccl_a_inv_00012/Y    -    CLKINVX6         3  0.011  0.027   0.047   0.000    4.920  F      0.927  pd_aon  
  CTS_ccl_a_inv_00008/Y    -    CLKINVX6        21  0.015  0.060   0.062   0.000    4.982  R      0.927  pd_aon  
  operand_a_i_sr_reg_0/CK  -    SDFFSRHQX4      21  0.015  0.067   0.000   0.000    4.982  R      0.930  pd_aon  
#--------------------------------------------------------------------------------------------------------------
Path 92: MET (1.193 ns) Setup Check with Pin operand_a_i_sr_reg_30/CK->D
               View: slow_0p9v_125c_cmax_func
              Group: in2reg
         Startpoint: (R) operand_a_i[30]
              Clock: (R) clk_i_virtual
           Endpoint: (R) operand_a_i_sr_reg_30/D
              Clock: (R) clk_i

                       Capture       Launch
         Clock Edge:+    5.000        0.000
         Drv Adjust:+    0.009        0.004
        Src Latency:+   -0.137        0.000
        Net Latency:+    0.109 (P)    0.000 (I)
            Arrival:=    4.982        0.004

              Setup:-    0.230
        Uncertainty:-    0.055
        Cppr Adjust:+    0.000
      Required Time:=    4.697
       Launch Clock:=    0.004
        Input Delay:+    3.500
          Data Path:+    0.000
              Slack:=    1.193
     Timing Path:

#--------------------------------------------------------------------------------------------------------------
# Timing Point             Net  Cell        Fanout   Load  Trans   Delay    Incr  Arrival  Edge  User    Power  
#                                                    (pf)   (ns)    (ns)   Delay     (ns)        Derate  Domain  
#--------------------------------------------------------------------------------------------------------------
  operand_a_i[30]          -    (arrival)        1  0.001  0.054   0.000   0.000    3.504  R     -       pd_aon  
  operand_a_i_sr_reg_30/D  -    SDFFSRHQX4       1  0.001  0.054   0.000   0.000    3.504  R      1.070  pd_aon  
#--------------------------------------------------------------------------------------------------------------
     Other End Path:

#---------------------------------------------------------------------------------------------------------------
# Timing Point              Net  Cell        Fanout   Load  Trans   Delay    Incr  Arrival  Edge  User    Power  
#                                                     (pf)   (ns)    (ns)   Delay     (ns)        Derate  Domain  
#---------------------------------------------------------------------------------------------------------------
  clk_i                     -    (arrival)        1  0.003  0.027   0.000   0.000    4.873  R     -       pd_aon  
  CTS_ccl_a_inv_00012/Y     -    CLKINVX6         3  0.011  0.027   0.047   0.000    4.920  F      0.927  pd_aon  
  CTS_ccl_a_inv_00008/Y     -    CLKINVX6        21  0.015  0.060   0.062   0.000    4.982  R      0.927  pd_aon  
  operand_a_i_sr_reg_30/CK  -    SDFFSRHQX4      21  0.015  0.067   0.000   0.000    4.982  R      0.930  pd_aon  
#---------------------------------------------------------------------------------------------------------------
Path 93: MET (1.193 ns) Setup Check with Pin operand_b_i_sr_reg_1/CK->D
               View: slow_0p9v_125c_cmax_func
              Group: in2reg
         Startpoint: (R) operand_b_i[1]
              Clock: (R) clk_i_virtual
           Endpoint: (R) operand_b_i_sr_reg_1/D
              Clock: (R) clk_i

                       Capture       Launch
         Clock Edge:+    5.000        0.000
         Drv Adjust:+    0.009        0.004
        Src Latency:+   -0.137        0.000
        Net Latency:+    0.109 (P)    0.000 (I)
            Arrival:=    4.981        0.004

              Setup:-    0.229
        Uncertainty:-    0.055
        Cppr Adjust:+    0.000
      Required Time:=    4.697
       Launch Clock:=    0.004
        Input Delay:+    3.500
          Data Path:+    0.000
              Slack:=    1.193
     Timing Path:

#-------------------------------------------------------------------------------------------------------------
# Timing Point            Net  Cell        Fanout   Load  Trans   Delay    Incr  Arrival  Edge  User    Power  
#                                                   (pf)   (ns)    (ns)   Delay     (ns)        Derate  Domain  
#-------------------------------------------------------------------------------------------------------------
  operand_b_i[1]          -    (arrival)        1  0.001  0.053   0.000   0.000    3.504  R     -       pd_aon  
  operand_b_i_sr_reg_1/D  -    SDFFSRHQX2       1  0.001  0.053   0.000   0.000    3.504  R      1.070  pd_aon  
#-------------------------------------------------------------------------------------------------------------
     Other End Path:

#--------------------------------------------------------------------------------------------------------------
# Timing Point             Net  Cell        Fanout   Load  Trans   Delay    Incr  Arrival  Edge  User    Power  
#                                                    (pf)   (ns)    (ns)   Delay     (ns)        Derate  Domain  
#--------------------------------------------------------------------------------------------------------------
  clk_i                    -    (arrival)        1  0.003  0.027   0.000   0.000    4.873  R     -       pd_aon  
  CTS_ccl_a_inv_00012/Y    -    CLKINVX6         3  0.011  0.027   0.047   0.000    4.920  F      0.927  pd_aon  
  CTS_ccl_a_inv_00007/Y    -    CLKINVX6        24  0.014  0.060   0.061   0.000    4.981  R      0.927  pd_aon  
  operand_b_i_sr_reg_1/CK  -    SDFFSRHQX2      24  0.014  0.066   0.000   0.000    4.981  R      0.930  pd_aon  
#--------------------------------------------------------------------------------------------------------------
Path 94: MET (1.193 ns) Setup Check with Pin operand_b_i_sr_reg_30/CK->D
               View: slow_0p9v_125c_cmax_func
              Group: in2reg
         Startpoint: (R) operand_b_i[30]
              Clock: (R) clk_i_virtual
           Endpoint: (R) operand_b_i_sr_reg_30/D
              Clock: (R) clk_i

                       Capture       Launch
         Clock Edge:+    5.000        0.000
         Drv Adjust:+    0.009        0.004
        Src Latency:+   -0.137        0.000
        Net Latency:+    0.110 (P)    0.000 (I)
            Arrival:=    4.982        0.004

              Setup:-    0.230
        Uncertainty:-    0.055
        Cppr Adjust:+    0.000
      Required Time:=    4.697
       Launch Clock:=    0.004
        Input Delay:+    3.500
          Data Path:+    0.000
              Slack:=    1.193
     Timing Path:

#--------------------------------------------------------------------------------------------------------------
# Timing Point             Net  Cell        Fanout   Load  Trans   Delay    Incr  Arrival  Edge  User    Power  
#                                                    (pf)   (ns)    (ns)   Delay     (ns)        Derate  Domain  
#--------------------------------------------------------------------------------------------------------------
  operand_b_i[30]          -    (arrival)        1  0.001  0.054   0.000   0.000    3.504  R     -       pd_aon  
  operand_b_i_sr_reg_30/D  -    SDFFSRHQX4       1  0.001  0.054   0.000   0.000    3.504  R      1.070  pd_aon  
#--------------------------------------------------------------------------------------------------------------
     Other End Path:

#---------------------------------------------------------------------------------------------------------------
# Timing Point              Net  Cell        Fanout   Load  Trans   Delay    Incr  Arrival  Edge  User    Power  
#                                                     (pf)   (ns)    (ns)   Delay     (ns)        Derate  Domain  
#---------------------------------------------------------------------------------------------------------------
  clk_i                     -    (arrival)        1  0.003  0.027   0.000   0.000    4.873  R     -       pd_aon  
  CTS_ccl_a_inv_00012/Y     -    CLKINVX6         3  0.011  0.027   0.047   0.000    4.920  F      0.927  pd_aon  
  CTS_ccl_a_inv_00008/Y     -    CLKINVX6        21  0.015  0.060   0.062   0.000    4.982  R      0.927  pd_aon  
  operand_b_i_sr_reg_30/CK  -    SDFFSRHQX4      21  0.015  0.067   0.000   0.000    4.982  R      0.930  pd_aon  
#---------------------------------------------------------------------------------------------------------------
Path 95: MET (1.193 ns) Setup Check with Pin operand_a_i_sr_reg_16/CK->D
               View: slow_0p9v_125c_cmax_func
              Group: in2reg
         Startpoint: (R) operand_a_i[16]
              Clock: (R) clk_i_virtual
           Endpoint: (R) operand_a_i_sr_reg_16/D
              Clock: (R) clk_i

                       Capture       Launch
         Clock Edge:+    5.000        0.000
         Drv Adjust:+    0.009        0.004
        Src Latency:+   -0.137        0.000
        Net Latency:+    0.109 (P)    0.000 (I)
            Arrival:=    4.982        0.004

              Setup:-    0.230
        Uncertainty:-    0.055
        Cppr Adjust:+    0.000
      Required Time:=    4.697
       Launch Clock:=    0.004
        Input Delay:+    3.500
          Data Path:+    0.000
              Slack:=    1.193
     Timing Path:

#--------------------------------------------------------------------------------------------------------------
# Timing Point             Net  Cell        Fanout   Load  Trans   Delay    Incr  Arrival  Edge  User    Power  
#                                                    (pf)   (ns)    (ns)   Delay     (ns)        Derate  Domain  
#--------------------------------------------------------------------------------------------------------------
  operand_a_i[16]          -    (arrival)        1  0.001  0.054   0.000   0.000    3.504  R     -       pd_aon  
  operand_a_i_sr_reg_16/D  -    SDFFSRHQX4       1  0.001  0.054   0.000   0.000    3.504  R      1.070  pd_aon  
#--------------------------------------------------------------------------------------------------------------
     Other End Path:

#---------------------------------------------------------------------------------------------------------------
# Timing Point              Net  Cell        Fanout   Load  Trans   Delay    Incr  Arrival  Edge  User    Power  
#                                                     (pf)   (ns)    (ns)   Delay     (ns)        Derate  Domain  
#---------------------------------------------------------------------------------------------------------------
  clk_i                     -    (arrival)        1  0.003  0.027   0.000   0.000    4.873  R     -       pd_aon  
  CTS_ccl_a_inv_00012/Y     -    CLKINVX6         3  0.011  0.027   0.047   0.000    4.920  F      0.927  pd_aon  
  CTS_ccl_a_inv_00008/Y     -    CLKINVX6        21  0.015  0.060   0.062   0.000    4.982  R      0.927  pd_aon  
  operand_a_i_sr_reg_16/CK  -    SDFFSRHQX4      21  0.015  0.067   0.000   0.000    4.982  R      0.930  pd_aon  
#---------------------------------------------------------------------------------------------------------------
Path 96: MET (1.194 ns) Setup Check with Pin operand_a_i_sr_reg_24/CK->D
               View: slow_0p9v_125c_cmax_func
              Group: in2reg
         Startpoint: (R) operand_a_i[24]
              Clock: (R) clk_i_virtual
           Endpoint: (R) operand_a_i_sr_reg_24/D
              Clock: (R) clk_i

                       Capture       Launch
         Clock Edge:+    5.000        0.000
         Drv Adjust:+    0.009        0.003
        Src Latency:+   -0.137        0.000
        Net Latency:+    0.109 (P)    0.000 (I)
            Arrival:=    4.982        0.003

              Setup:-    0.230
        Uncertainty:-    0.055
        Cppr Adjust:+    0.000
      Required Time:=    4.697
       Launch Clock:=    0.003
        Input Delay:+    3.500
          Data Path:+    0.000
              Slack:=    1.194
     Timing Path:

#--------------------------------------------------------------------------------------------------------------
# Timing Point             Net  Cell        Fanout   Load  Trans   Delay    Incr  Arrival  Edge  User    Power  
#                                                    (pf)   (ns)    (ns)   Delay     (ns)        Derate  Domain  
#--------------------------------------------------------------------------------------------------------------
  operand_a_i[24]          -    (arrival)        1  0.001  0.053   0.000   0.000    3.503  R     -       pd_aon  
  operand_a_i_sr_reg_24/D  -    SDFFSRHQX4       1  0.001  0.053   0.000   0.000    3.503  R      1.070  pd_aon  
#--------------------------------------------------------------------------------------------------------------
     Other End Path:

#---------------------------------------------------------------------------------------------------------------
# Timing Point              Net  Cell        Fanout   Load  Trans   Delay    Incr  Arrival  Edge  User    Power  
#                                                     (pf)   (ns)    (ns)   Delay     (ns)        Derate  Domain  
#---------------------------------------------------------------------------------------------------------------
  clk_i                     -    (arrival)        1  0.003  0.027   0.000   0.000    4.873  R     -       pd_aon  
  CTS_ccl_a_inv_00012/Y     -    CLKINVX6         3  0.011  0.027   0.047   0.000    4.920  F      0.927  pd_aon  
  CTS_ccl_a_inv_00008/Y     -    CLKINVX6        21  0.015  0.060   0.062   0.000    4.982  R      0.927  pd_aon  
  operand_a_i_sr_reg_24/CK  -    SDFFSRHQX4      21  0.015  0.067   0.000   0.000    4.982  R      0.930  pd_aon  
#---------------------------------------------------------------------------------------------------------------
Path 97: MET (1.194 ns) Setup Check with Pin operand_a_i_sr_reg_10/CK->D
               View: slow_0p9v_125c_cmax_func
              Group: in2reg
         Startpoint: (R) operand_a_i[10]
              Clock: (R) clk_i_virtual
           Endpoint: (R) operand_a_i_sr_reg_10/D
              Clock: (R) clk_i

                       Capture       Launch
         Clock Edge:+    5.000        0.000
         Drv Adjust:+    0.009        0.003
        Src Latency:+   -0.137        0.000
        Net Latency:+    0.109 (P)    0.000 (I)
            Arrival:=    4.982        0.003

              Setup:-    0.230
        Uncertainty:-    0.055
        Cppr Adjust:+    0.000
      Required Time:=    4.697
       Launch Clock:=    0.003
        Input Delay:+    3.500
          Data Path:+    0.000
              Slack:=    1.194
     Timing Path:

#--------------------------------------------------------------------------------------------------------------
# Timing Point             Net  Cell        Fanout   Load  Trans   Delay    Incr  Arrival  Edge  User    Power  
#                                                    (pf)   (ns)    (ns)   Delay     (ns)        Derate  Domain  
#--------------------------------------------------------------------------------------------------------------
  operand_a_i[10]          -    (arrival)        1  0.001  0.053   0.000   0.000    3.503  R     -       pd_aon  
  operand_a_i_sr_reg_10/D  -    SDFFSRHQX4       1  0.001  0.053   0.000   0.000    3.503  R      1.070  pd_aon  
#--------------------------------------------------------------------------------------------------------------
     Other End Path:

#---------------------------------------------------------------------------------------------------------------
# Timing Point              Net  Cell        Fanout   Load  Trans   Delay    Incr  Arrival  Edge  User    Power  
#                                                     (pf)   (ns)    (ns)   Delay     (ns)        Derate  Domain  
#---------------------------------------------------------------------------------------------------------------
  clk_i                     -    (arrival)        1  0.003  0.027   0.000   0.000    4.873  R     -       pd_aon  
  CTS_ccl_a_inv_00012/Y     -    CLKINVX6         3  0.011  0.027   0.047   0.000    4.920  F      0.927  pd_aon  
  CTS_ccl_a_inv_00008/Y     -    CLKINVX6        21  0.015  0.060   0.062   0.000    4.982  R      0.927  pd_aon  
  operand_a_i_sr_reg_10/CK  -    SDFFSRHQX4      21  0.015  0.067   0.000   0.000    4.982  R      0.930  pd_aon  
#---------------------------------------------------------------------------------------------------------------
Path 98: MET (1.195 ns) Setup Check with Pin operand_a_i_sr_reg_25/CK->D
               View: slow_0p9v_125c_cmax_func
              Group: in2reg
         Startpoint: (R) operand_a_i[25]
              Clock: (R) clk_i_virtual
           Endpoint: (R) operand_a_i_sr_reg_25/D
              Clock: (R) clk_i

                       Capture       Launch
         Clock Edge:+    5.000        0.000
         Drv Adjust:+    0.009        0.003
        Src Latency:+   -0.137        0.000
        Net Latency:+    0.109 (P)    0.000 (I)
            Arrival:=    4.982        0.003

              Setup:-    0.229
        Uncertainty:-    0.055
        Cppr Adjust:+    0.000
      Required Time:=    4.698
       Launch Clock:=    0.003
        Input Delay:+    3.500
          Data Path:+    0.000
              Slack:=    1.195
     Timing Path:

#--------------------------------------------------------------------------------------------------------------
# Timing Point             Net  Cell        Fanout   Load  Trans   Delay    Incr  Arrival  Edge  User    Power  
#                                                    (pf)   (ns)    (ns)   Delay     (ns)        Derate  Domain  
#--------------------------------------------------------------------------------------------------------------
  operand_a_i[25]          -    (arrival)        1  0.001  0.053   0.000   0.000    3.503  R     -       pd_aon  
  operand_a_i_sr_reg_25/D  -    SDFFSRHQX2       1  0.001  0.053   0.000   0.000    3.503  R      1.070  pd_aon  
#--------------------------------------------------------------------------------------------------------------
     Other End Path:

#---------------------------------------------------------------------------------------------------------------
# Timing Point              Net  Cell        Fanout   Load  Trans   Delay    Incr  Arrival  Edge  User    Power  
#                                                     (pf)   (ns)    (ns)   Delay     (ns)        Derate  Domain  
#---------------------------------------------------------------------------------------------------------------
  clk_i                     -    (arrival)        1  0.003  0.027   0.000   0.000    4.873  R     -       pd_aon  
  CTS_ccl_a_inv_00012/Y     -    CLKINVX6         3  0.011  0.027   0.047   0.000    4.920  F      0.927  pd_aon  
  CTS_ccl_a_inv_00008/Y     -    CLKINVX6        21  0.015  0.060   0.062   0.000    4.982  R      0.927  pd_aon  
  operand_a_i_sr_reg_25/CK  -    SDFFSRHQX2      21  0.015  0.067   0.000   0.000    4.982  R      0.930  pd_aon  
#---------------------------------------------------------------------------------------------------------------
Path 99: MET (1.200 ns) Late Output Delay Assertion
               View: slow_0p9v_125c_cmax_func
              Group: reg2out
         Startpoint: (R) operand_b_i_sr_reg_17/CK
              Clock: (R) clk_i
           Endpoint: (F) result_o[5]
              Clock: (R) clk_i_virtual

                       Capture       Launch
         Clock Edge:+    5.000        0.000
         Drv Adjust:+    0.000        0.011
        Src Latency:+    0.000       -0.137
        Net Latency:+    0.000 (I)    0.140 (P)
            Arrival:=    5.000        0.014

       Output Delay:-    1.500
        Uncertainty:-    0.055
        Cppr Adjust:+    0.000
      Required Time:=    3.445
       Launch Clock:=    0.014
          Data Path:+    2.231
              Slack:=    1.200

#------------------------------------------------------------------------------------------------------------------------------------------
# Timing Point                                         Net  Cell        Fanout   Load  Trans   Delay    Incr  Arrival  Edge  User    Power  
#                                                                                (pf)   (ns)    (ns)   Delay     (ns)        Derate  Domain  
#------------------------------------------------------------------------------------------------------------------------------------------
  clk_i                                                -    (arrival)        1  0.004  0.050   0.000   0.000   -0.125  R     -       pd_aon  
  CTS_ccl_a_inv_00012/Y                                -    CLKINVX6         3  0.011  0.050   0.067   0.000   -0.058  F      1.030  pd_aon  
  CTS_ccl_a_inv_00007/Y                                -    CLKINVX6        24  0.014  0.067   0.072   0.000    0.014  R      1.030  pd_aon  
  operand_b_i_sr_reg_17/Q                              -    SDFFSRHQX4       8  0.011  0.068   0.328   0.000    0.342  R      1.079  pd_aon  
  cts_FE_OFC45_operand_b_i_sr_17/Y                     -    INVX3           10  0.007  0.073   0.094   0.000    0.436  F      1.079  pd_aon  
  WALLACE_CSA_DUMMY_OP_groupi_g3612__9945/Y            -    NOR2XL           2  0.001  0.083   0.126   0.000    0.562  R      1.079  pd_aon  
  WALLACE_CSA_DUMMY_OP_groupi_g3593/Y                  -    INVXL            2  0.001  0.090   0.112   0.000    0.674  F      1.079  pd_aon  
  WALLACE_CSA_DUMMY_OP_groupi_g3810__1617/Y            -    NOR2BX1          1  0.001  0.071   0.091   0.000    0.765  R      1.079  pd_aon  
  WALLACE_CSA_DUMMY_OP_groupi_g3570__2883/Y            -    NOR2XL           2  0.001  0.067   0.093   0.000    0.858  F      1.079  pd_aon  
  WALLACE_CSA_DUMMY_OP_groupi_g3805__4319/Y            -    XNOR2X1          2  0.001  0.078   0.250   0.000    1.108  R      1.079  pd_aon  
  WALLACE_CSA_DUMMY_OP_groupi_g3454__9945/Y            -    AOI21X2          3  0.002  0.046   0.114   0.000    1.223  F      1.079  pd_aon  
  prects_FE_OFC37_WALLACE_CSA_DUMMY_OP_groupi_n_348/Y  -    INVX1            2  0.001  0.091   0.084   0.000    1.306  R      1.079  pd_aon  
  WALLACE_CSA_DUMMY_OP_groupi_g3421__5477/Y            -    MXI2XL           1  0.000  0.042   0.125   0.000    1.431  F      1.079  pd_aon  
  WALLACE_CSA_DUMMY_OP_groupi_g3401__1705/Y            -    XNOR2X1          2  0.002  0.107   0.268   0.000    1.699  R      1.079  pd_aon  
  WALLACE_CSA_DUMMY_OP_groupi_g3794__9315/Y            -    AND2X1           2  0.001  0.050   0.168   0.000    1.866  R      1.079  pd_aon  
  WALLACE_CSA_DUMMY_OP_groupi_g3376__6161/Y            -    OR2XL            1  0.001  0.042   0.093   0.000    1.960  R      1.079  pd_aon  
  WALLACE_CSA_DUMMY_OP_groupi_g3361__6783/Y            -    XNOR2X1          1  0.002  0.032   0.166   0.000    2.125  F      1.079  pd_aon  
  FE_OFC81_result_o_5/Y                                -    CLKBUFX16        1  0.011  0.070   0.120   0.000    2.245  F      1.079  pd_aon  
  result_o[5]                                          -    -                1  0.011  0.042   0.000   0.000    2.245  F      1.070  pd_aon  
#------------------------------------------------------------------------------------------------------------------------------------------
Path 100: MET (1.211 ns) Setup Check with Pin operand_a_i_sr_reg_19/CK->D
               View: slow_0p9v_125c_cmax_func
              Group: in2reg
         Startpoint: (R) operand_a_i[19]
              Clock: (R) clk_i_virtual
           Endpoint: (R) operand_a_i_sr_reg_19/D
              Clock: (R) clk_i

                       Capture       Launch
         Clock Edge:+    5.000        0.000
         Drv Adjust:+    0.009       -0.013
        Src Latency:+   -0.137        0.000
        Net Latency:+    0.107 (P)    0.000 (I)
            Arrival:=    4.980       -0.013

              Setup:-    0.220
        Uncertainty:-    0.055
        Cppr Adjust:+    0.000
      Required Time:=    4.705
       Launch Clock:=   -0.013
        Input Delay:+    3.500
          Data Path:+    0.007
              Slack:=    1.211
     Timing Path:

#--------------------------------------------------------------------------------------------------------------
# Timing Point             Net  Cell        Fanout   Load  Trans   Delay    Incr  Arrival  Edge  User    Power  
#                                                    (pf)   (ns)    (ns)   Delay     (ns)        Derate  Domain  
#--------------------------------------------------------------------------------------------------------------
  operand_a_i[19]          -    (arrival)        1  0.002  0.030   0.007   0.007    3.494  R     -       pd_aon  
  operand_a_i_sr_reg_19/D  -    SDFFSRHQX4       1  0.002  0.030   0.000   0.000    3.494  R      1.070  pd_aon  
#--------------------------------------------------------------------------------------------------------------
     Other End Path:

#---------------------------------------------------------------------------------------------------------------
# Timing Point              Net  Cell        Fanout   Load  Trans   Delay    Incr  Arrival  Edge  User    Power  
#                                                     (pf)   (ns)    (ns)   Delay     (ns)        Derate  Domain  
#---------------------------------------------------------------------------------------------------------------
  clk_i                     -    (arrival)        1  0.003  0.027   0.000   0.000    4.873  R     -       pd_aon  
  CTS_ccl_a_inv_00012/Y     -    CLKINVX6         3  0.011  0.027   0.047   0.000    4.920  F      0.927  pd_aon  
  CTS_ccl_a_inv_00009/Y     -    CLKINVX6        20  0.013  0.060   0.060   0.000    4.980  R      0.927  pd_aon  
  operand_a_i_sr_reg_19/CK  -    SDFFSRHQX4      20  0.013  0.063   0.000   0.000    4.980  R      0.930  pd_aon  
#---------------------------------------------------------------------------------------------------------------
Path 101: MET (1.215 ns) Setup Check with Pin operand_a_i_sr_reg_20/CK->D
               View: slow_0p9v_125c_cmax_func
              Group: in2reg
         Startpoint: (R) operand_a_i[20]
              Clock: (R) clk_i_virtual
           Endpoint: (R) operand_a_i_sr_reg_20/D
              Clock: (R) clk_i

                       Capture       Launch
         Clock Edge:+    5.000        0.000
         Drv Adjust:+    0.009       -0.014
        Src Latency:+   -0.137        0.000
        Net Latency:+    0.107 (P)    0.000 (I)
            Arrival:=    4.980       -0.014

              Setup:-    0.219
        Uncertainty:-    0.055
        Cppr Adjust:+    0.000
      Required Time:=    4.706
       Launch Clock:=   -0.014
        Input Delay:+    3.500
          Data Path:+    0.005
              Slack:=    1.215
     Timing Path:

#--------------------------------------------------------------------------------------------------------------
# Timing Point             Net  Cell        Fanout   Load  Trans   Delay    Incr  Arrival  Edge  User    Power  
#                                                    (pf)   (ns)    (ns)   Delay     (ns)        Derate  Domain  
#--------------------------------------------------------------------------------------------------------------
  operand_a_i[20]          -    (arrival)        1  0.002  0.028   0.005   0.005    3.491  R     -       pd_aon  
  operand_a_i_sr_reg_20/D  -    SDFFSRHQX4       1  0.002  0.028   0.000   0.000    3.491  R      1.070  pd_aon  
#--------------------------------------------------------------------------------------------------------------
     Other End Path:

#---------------------------------------------------------------------------------------------------------------
# Timing Point              Net  Cell        Fanout   Load  Trans   Delay    Incr  Arrival  Edge  User    Power  
#                                                     (pf)   (ns)    (ns)   Delay     (ns)        Derate  Domain  
#---------------------------------------------------------------------------------------------------------------
  clk_i                     -    (arrival)        1  0.003  0.027   0.000   0.000    4.873  R     -       pd_aon  
  CTS_ccl_a_inv_00012/Y     -    CLKINVX6         3  0.011  0.027   0.047   0.000    4.920  F      0.927  pd_aon  
  CTS_ccl_a_inv_00009/Y     -    CLKINVX6        20  0.013  0.060   0.060   0.000    4.980  R      0.927  pd_aon  
  operand_a_i_sr_reg_20/CK  -    SDFFSRHQX4      20  0.013  0.063   0.000   0.000    4.980  R      0.930  pd_aon  
#---------------------------------------------------------------------------------------------------------------
Path 102: MET (1.215 ns) Setup Check with Pin operand_b_i_sr_reg_10/CK->D
               View: slow_0p9v_125c_cmax_func
              Group: in2reg
         Startpoint: (R) operand_b_i[10]
              Clock: (R) clk_i_virtual
           Endpoint: (R) operand_b_i_sr_reg_10/D
              Clock: (R) clk_i

                       Capture       Launch
         Clock Edge:+    5.000        0.000
         Drv Adjust:+    0.009       -0.013
        Src Latency:+   -0.137        0.000
        Net Latency:+    0.109 (P)    0.000 (I)
            Arrival:=    4.981       -0.013

              Setup:-    0.218
        Uncertainty:-    0.055
        Cppr Adjust:+    0.000
      Required Time:=    4.708
       Launch Clock:=   -0.013
        Input Delay:+    3.500
          Data Path:+    0.006
              Slack:=    1.215
     Timing Path:

#--------------------------------------------------------------------------------------------------------------
# Timing Point             Net  Cell        Fanout   Load  Trans   Delay    Incr  Arrival  Edge  User    Power  
#                                                    (pf)   (ns)    (ns)   Delay     (ns)        Derate  Domain  
#--------------------------------------------------------------------------------------------------------------
  operand_b_i[10]          -    (arrival)        1  0.002  0.030   0.006   0.006    3.492  R     -       pd_aon  
  operand_b_i_sr_reg_10/D  -    SDFFSRHQX4       1  0.002  0.030   0.000   0.000    3.492  R      1.070  pd_aon  
#--------------------------------------------------------------------------------------------------------------
     Other End Path:

#---------------------------------------------------------------------------------------------------------------
# Timing Point              Net  Cell        Fanout   Load  Trans   Delay    Incr  Arrival  Edge  User    Power  
#                                                     (pf)   (ns)    (ns)   Delay     (ns)        Derate  Domain  
#---------------------------------------------------------------------------------------------------------------
  clk_i                     -    (arrival)        1  0.003  0.027   0.000   0.000    4.873  R     -       pd_aon  
  CTS_ccl_a_inv_00012/Y     -    CLKINVX6         3  0.011  0.027   0.047   0.000    4.920  F      0.927  pd_aon  
  CTS_ccl_a_inv_00007/Y     -    CLKINVX6        24  0.014  0.060   0.061   0.000    4.981  R      0.927  pd_aon  
  operand_b_i_sr_reg_10/CK  -    SDFFSRHQX4      24  0.014  0.066   0.000   0.000    4.981  R      0.930  pd_aon  
#---------------------------------------------------------------------------------------------------------------
Path 103: MET (1.216 ns) Setup Check with Pin operand_a_i_sr_reg_1/CK->D
               View: slow_0p9v_125c_cmax_func
              Group: in2reg
         Startpoint: (R) operand_a_i[1]
              Clock: (R) clk_i_virtual
           Endpoint: (R) operand_a_i_sr_reg_1/D
              Clock: (R) clk_i

                       Capture       Launch
         Clock Edge:+    5.000        0.000
         Drv Adjust:+    0.009        0.005
        Src Latency:+   -0.137        0.000
        Net Latency:+    0.110 (P)    0.000 (I)
            Arrival:=    4.982        0.005

              Setup:-    0.207
        Uncertainty:-    0.055
        Cppr Adjust:+    0.000
      Required Time:=    4.720
       Launch Clock:=    0.005
        Input Delay:+    3.500
          Data Path:+    0.000
              Slack:=    1.216
     Timing Path:

#------------------------------------------------------------------------------------------------------------
# Timing Point            Net  Cell       Fanout   Load  Trans   Delay    Incr  Arrival  Edge  User    Power  
#                                                  (pf)   (ns)    (ns)   Delay     (ns)        Derate  Domain  
#------------------------------------------------------------------------------------------------------------
  operand_a_i[1]          -    (arrival)       1  0.001  0.055   0.000   0.000    3.505  R     -       pd_aon  
  operand_a_i_sr_reg_1/D  -    SDFFRHQX4       1  0.001  0.055   0.000   0.000    3.505  R      1.070  pd_aon  
#------------------------------------------------------------------------------------------------------------
     Other End Path:

#-------------------------------------------------------------------------------------------------------------
# Timing Point             Net  Cell       Fanout   Load  Trans   Delay    Incr  Arrival  Edge  User    Power  
#                                                   (pf)   (ns)    (ns)   Delay     (ns)        Derate  Domain  
#-------------------------------------------------------------------------------------------------------------
  clk_i                    -    (arrival)       1  0.003  0.027   0.000   0.000    4.873  R     -       pd_aon  
  CTS_ccl_a_inv_00012/Y    -    CLKINVX6        3  0.011  0.027   0.047   0.000    4.920  F      0.927  pd_aon  
  CTS_ccl_a_inv_00008/Y    -    CLKINVX6       21  0.015  0.060   0.062   0.000    4.982  R      0.927  pd_aon  
  operand_a_i_sr_reg_1/CK  -    SDFFRHQX4      21  0.015  0.067   0.000   0.000    4.982  R      0.930  pd_aon  
#-------------------------------------------------------------------------------------------------------------
Path 104: MET (1.216 ns) Setup Check with Pin operand_a_i_sr_reg_17/CK->D
               View: slow_0p9v_125c_cmax_func
              Group: in2reg
         Startpoint: (R) operand_a_i[17]
              Clock: (R) clk_i_virtual
           Endpoint: (R) operand_a_i_sr_reg_17/D
              Clock: (R) clk_i

                       Capture       Launch
         Clock Edge:+    5.000        0.000
         Drv Adjust:+    0.009        0.004
        Src Latency:+   -0.137        0.000
        Net Latency:+    0.110 (P)    0.000 (I)
            Arrival:=    4.982        0.004

              Setup:-    0.207
        Uncertainty:-    0.055
        Cppr Adjust:+    0.000
      Required Time:=    4.720
       Launch Clock:=    0.004
        Input Delay:+    3.500
          Data Path:+    0.000
              Slack:=    1.216
     Timing Path:

#-------------------------------------------------------------------------------------------------------------
# Timing Point             Net  Cell       Fanout   Load  Trans   Delay    Incr  Arrival  Edge  User    Power  
#                                                   (pf)   (ns)    (ns)   Delay     (ns)        Derate  Domain  
#-------------------------------------------------------------------------------------------------------------
  operand_a_i[17]          -    (arrival)       1  0.001  0.055   0.000   0.000    3.504  R     -       pd_aon  
  operand_a_i_sr_reg_17/D  -    SDFFRHQX4       1  0.001  0.055   0.000   0.000    3.504  R      1.070  pd_aon  
#-------------------------------------------------------------------------------------------------------------
     Other End Path:

#--------------------------------------------------------------------------------------------------------------
# Timing Point              Net  Cell       Fanout   Load  Trans   Delay    Incr  Arrival  Edge  User    Power  
#                                                    (pf)   (ns)    (ns)   Delay     (ns)        Derate  Domain  
#--------------------------------------------------------------------------------------------------------------
  clk_i                     -    (arrival)       1  0.003  0.027   0.000   0.000    4.873  R     -       pd_aon  
  CTS_ccl_a_inv_00012/Y     -    CLKINVX6        3  0.011  0.027   0.047   0.000    4.920  F      0.927  pd_aon  
  CTS_ccl_a_inv_00008/Y     -    CLKINVX6       21  0.015  0.060   0.062   0.000    4.982  R      0.927  pd_aon  
  operand_a_i_sr_reg_17/CK  -    SDFFRHQX4      21  0.015  0.067   0.000   0.000    4.982  R      0.930  pd_aon  
#--------------------------------------------------------------------------------------------------------------
Path 105: MET (1.217 ns) Late Output Delay Assertion
               View: slow_0p9v_125c_cmax_func
              Group: reg2out
         Startpoint: (R) operand_b_i_sr_reg_27/CK
              Clock: (R) clk_i
           Endpoint: (R) result_o[20]
              Clock: (R) clk_i_virtual

                       Capture       Launch
         Clock Edge:+    5.000        0.000
         Drv Adjust:+    0.000        0.011
        Src Latency:+    0.000       -0.137
        Net Latency:+    0.000 (I)    0.139 (P)
            Arrival:=    5.000        0.014

       Output Delay:-    1.500
        Uncertainty:-    0.055
        Cppr Adjust:+    0.000
      Required Time:=    3.445
       Launch Clock:=    0.014
          Data Path:+    2.214
              Slack:=    1.217

#----------------------------------------------------------------------------------------------------------------------------------
# Timing Point                                 Net  Cell        Fanout   Load  Trans   Delay    Incr  Arrival  Edge  User    Power  
#                                                                        (pf)   (ns)    (ns)   Delay     (ns)        Derate  Domain  
#----------------------------------------------------------------------------------------------------------------------------------
  clk_i                                        -    (arrival)        1  0.004  0.050   0.000   0.000   -0.125  R     -       pd_aon  
  CTS_ccl_a_inv_00012/Y                        -    CLKINVX6         3  0.011  0.050   0.067   0.000   -0.058  F      1.030  pd_aon  
  CTS_ccl_a_inv_00007/Y                        -    CLKINVX6        24  0.014  0.067   0.072   0.000    0.014  R      1.030  pd_aon  
  operand_b_i_sr_reg_27/Q                      -    SDFFSRHQX4      14  0.014  0.068   0.376   0.000    0.390  F      1.079  pd_aon  
  cts_FE_OFC59_operand_b_i_sr_27/Y             -    INVX1            4  0.002  0.105   0.117   0.000    0.506  R      1.079  pd_aon  
  WALLACE_CSA_DUMMY_OP_groupi57_g3641__1705/Y  -    NOR2XL           3  0.001  0.079   0.124   0.000    0.630  F      1.079  pd_aon  
  WALLACE_CSA_DUMMY_OP_groupi57_g3584__2883/Y  -    NOR2XL           1  0.000  0.094   0.102   0.000    0.732  R      1.079  pd_aon  
  WALLACE_CSA_DUMMY_OP_groupi57_g3567__2802/Y  -    NOR2XL           1  0.001  0.054   0.072   0.000    0.805  F      1.079  pd_aon  
  WALLACE_CSA_DUMMY_OP_groupi57_g3565__3680/Y  -    NOR2X1           2  0.002  0.051   0.101   0.000    0.906  R      1.079  pd_aon  
  WALLACE_CSA_DUMMY_OP_groupi57_g3478__6260/Y  -    XNOR3XL          2  0.001  0.102   0.321   0.000    1.227  R      1.079  pd_aon  
  WALLACE_CSA_DUMMY_OP_groupi57_g3798__7098/Y  -    XNOR2X1          1  0.000  0.060   0.158   0.000    1.384  F      1.079  pd_aon  
  WALLACE_CSA_DUMMY_OP_groupi57_g3415__1705/Y  -    XNOR2X1          2  0.001  0.029   0.222   0.000    1.606  R      1.079  pd_aon  
  WALLACE_CSA_DUMMY_OP_groupi57_g3796__5122/Y  -    NAND2BX1         3  0.001  0.044   0.097   0.000    1.702  R      1.079  pd_aon  
  WALLACE_CSA_DUMMY_OP_groupi57_g3390__6161/Y  -    NAND2XL          1  0.001  0.047   0.103   0.000    1.806  F      1.079  pd_aon  
  WALLACE_CSA_DUMMY_OP_groupi57_g3378__1705/Y  -    XNOR2X1          1  0.004  0.098   0.274   0.018    2.080  R      1.079  pd_aon  
  FE_OFC66_result_o_20/Y                       -    CLKBUFX16        1  0.011  0.101   0.148   0.000    2.228  R      1.079  pd_aon  
  result_o[20]                                 -    -                1  0.011  0.041   0.000   0.000    2.228  R      1.070  pd_aon  
#----------------------------------------------------------------------------------------------------------------------------------
Path 106: MET (1.218 ns) Setup Check with Pin operand_b_i_sr_reg_8/CK->D
               View: slow_0p9v_125c_cmax_func
              Group: in2reg
         Startpoint: (R) operand_b_i[8]
              Clock: (R) clk_i_virtual
           Endpoint: (R) operand_b_i_sr_reg_8/D
              Clock: (R) clk_i

                       Capture       Launch
         Clock Edge:+    5.000        0.000
         Drv Adjust:+    0.009       -0.014
        Src Latency:+   -0.137        0.000
        Net Latency:+    0.109 (P)    0.000 (I)
            Arrival:=    4.981       -0.014

              Setup:-    0.218
        Uncertainty:-    0.055
        Cppr Adjust:+    0.000
      Required Time:=    4.709
       Launch Clock:=   -0.014
        Input Delay:+    3.500
          Data Path:+    0.005
              Slack:=    1.218
     Timing Path:

#-------------------------------------------------------------------------------------------------------------
# Timing Point            Net  Cell        Fanout   Load  Trans   Delay    Incr  Arrival  Edge  User    Power  
#                                                   (pf)   (ns)    (ns)   Delay     (ns)        Derate  Domain  
#-------------------------------------------------------------------------------------------------------------
  operand_b_i[8]          -    (arrival)        1  0.002  0.028   0.005   0.005    3.491  R     -       pd_aon  
  operand_b_i_sr_reg_8/D  -    SDFFSRHQX4       1  0.002  0.028   0.000   0.000    3.491  R      1.070  pd_aon  
#-------------------------------------------------------------------------------------------------------------
     Other End Path:

#--------------------------------------------------------------------------------------------------------------
# Timing Point             Net  Cell        Fanout   Load  Trans   Delay    Incr  Arrival  Edge  User    Power  
#                                                    (pf)   (ns)    (ns)   Delay     (ns)        Derate  Domain  
#--------------------------------------------------------------------------------------------------------------
  clk_i                    -    (arrival)        1  0.003  0.027   0.000   0.000    4.873  R     -       pd_aon  
  CTS_ccl_a_inv_00012/Y    -    CLKINVX6         3  0.011  0.027   0.047   0.000    4.920  F      0.927  pd_aon  
  CTS_ccl_a_inv_00007/Y    -    CLKINVX6        24  0.014  0.060   0.061   0.000    4.981  R      0.927  pd_aon  
  operand_b_i_sr_reg_8/CK  -    SDFFSRHQX4      24  0.014  0.066   0.000   0.000    4.981  R      0.930  pd_aon  
#--------------------------------------------------------------------------------------------------------------
Path 107: MET (1.220 ns) Setup Check with Pin operand_b_i_sr_reg_7/CK->D
               View: slow_0p9v_125c_cmax_func
              Group: in2reg
         Startpoint: (R) operand_b_i[7]
              Clock: (R) clk_i_virtual
           Endpoint: (R) operand_b_i_sr_reg_7/D
              Clock: (R) clk_i

                       Capture       Launch
         Clock Edge:+    5.000        0.000
         Drv Adjust:+    0.009        0.005
        Src Latency:+   -0.137        0.000
        Net Latency:+    0.109 (P)    0.000 (I)
            Arrival:=    4.981        0.005

              Setup:-    0.202
        Uncertainty:-    0.055
        Cppr Adjust:+    0.000
      Required Time:=    4.725
       Launch Clock:=    0.005
        Input Delay:+    3.500
          Data Path:+    0.000
              Slack:=    1.220
     Timing Path:

#------------------------------------------------------------------------------------------------------------
# Timing Point            Net  Cell       Fanout   Load  Trans   Delay    Incr  Arrival  Edge  User    Power  
#                                                  (pf)   (ns)    (ns)   Delay     (ns)        Derate  Domain  
#------------------------------------------------------------------------------------------------------------
  operand_b_i[7]          -    (arrival)       1  0.001  0.055   0.000   0.000    3.505  R     -       pd_aon  
  operand_b_i_sr_reg_7/D  -    SDFFRHQX1       1  0.001  0.055   0.000   0.000    3.505  R      1.070  pd_aon  
#------------------------------------------------------------------------------------------------------------
     Other End Path:

#-------------------------------------------------------------------------------------------------------------
# Timing Point             Net  Cell       Fanout   Load  Trans   Delay    Incr  Arrival  Edge  User    Power  
#                                                   (pf)   (ns)    (ns)   Delay     (ns)        Derate  Domain  
#-------------------------------------------------------------------------------------------------------------
  clk_i                    -    (arrival)       1  0.003  0.027   0.000   0.000    4.873  R     -       pd_aon  
  CTS_ccl_a_inv_00012/Y    -    CLKINVX6        3  0.011  0.027   0.047   0.000    4.920  F      0.927  pd_aon  
  CTS_ccl_a_inv_00007/Y    -    CLKINVX6       24  0.014  0.060   0.061   0.000    4.981  R      0.927  pd_aon  
  operand_b_i_sr_reg_7/CK  -    SDFFRHQX1      24  0.014  0.066   0.000   0.000    4.981  R      0.930  pd_aon  
#-------------------------------------------------------------------------------------------------------------
Path 108: MET (1.220 ns) Setup Check with Pin operand_b_i_sr_reg_20/CK->D
               View: slow_0p9v_125c_cmax_func
              Group: in2reg
         Startpoint: (R) operand_b_i[20]
              Clock: (R) clk_i_virtual
           Endpoint: (R) operand_b_i_sr_reg_20/D
              Clock: (R) clk_i

                       Capture       Launch
         Clock Edge:+    5.000        0.000
         Drv Adjust:+    0.009       -0.015
        Src Latency:+   -0.137        0.000
        Net Latency:+    0.109 (P)    0.000 (I)
            Arrival:=    4.981       -0.015

              Setup:-    0.217
        Uncertainty:-    0.055
        Cppr Adjust:+    0.000
      Required Time:=    4.709
       Launch Clock:=   -0.015
        Input Delay:+    3.500
          Data Path:+    0.005
              Slack:=    1.220
     Timing Path:

#--------------------------------------------------------------------------------------------------------------
# Timing Point             Net  Cell        Fanout   Load  Trans   Delay    Incr  Arrival  Edge  User    Power  
#                                                    (pf)   (ns)    (ns)   Delay     (ns)        Derate  Domain  
#--------------------------------------------------------------------------------------------------------------
  operand_b_i[20]          -    (arrival)        1  0.002  0.026   0.005   0.005    3.489  R     -       pd_aon  
  operand_b_i_sr_reg_20/D  -    SDFFSRHQX4       1  0.002  0.026   0.000   0.000    3.489  R      1.070  pd_aon  
#--------------------------------------------------------------------------------------------------------------
     Other End Path:

#---------------------------------------------------------------------------------------------------------------
# Timing Point              Net  Cell        Fanout   Load  Trans   Delay    Incr  Arrival  Edge  User    Power  
#                                                     (pf)   (ns)    (ns)   Delay     (ns)        Derate  Domain  
#---------------------------------------------------------------------------------------------------------------
  clk_i                     -    (arrival)        1  0.003  0.027   0.000   0.000    4.873  R     -       pd_aon  
  CTS_ccl_a_inv_00012/Y     -    CLKINVX6         3  0.011  0.027   0.047   0.000    4.920  F      0.927  pd_aon  
  CTS_ccl_a_inv_00007/Y     -    CLKINVX6        24  0.014  0.060   0.061   0.000    4.981  R      0.927  pd_aon  
  operand_b_i_sr_reg_20/CK  -    SDFFSRHQX4      24  0.014  0.066   0.000   0.000    4.981  R      0.930  pd_aon  
#---------------------------------------------------------------------------------------------------------------
Path 109: MET (1.220 ns) Setup Check with Pin operand_b_i_sr_reg_22/CK->D
               View: slow_0p9v_125c_cmax_func
              Group: in2reg
         Startpoint: (R) operand_b_i[22]
              Clock: (R) clk_i_virtual
           Endpoint: (R) operand_b_i_sr_reg_22/D
              Clock: (R) clk_i

                       Capture       Launch
         Clock Edge:+    5.000        0.000
         Drv Adjust:+    0.009       -0.015
        Src Latency:+   -0.137        0.000
        Net Latency:+    0.109 (P)    0.000 (I)
            Arrival:=    4.981       -0.015

              Setup:-    0.217
        Uncertainty:-    0.055
        Cppr Adjust:+    0.000
      Required Time:=    4.709
       Launch Clock:=   -0.015
        Input Delay:+    3.500
          Data Path:+    0.003
              Slack:=    1.220
     Timing Path:

#--------------------------------------------------------------------------------------------------------------
# Timing Point             Net  Cell        Fanout   Load  Trans   Delay    Incr  Arrival  Edge  User    Power  
#                                                    (pf)   (ns)    (ns)   Delay     (ns)        Derate  Domain  
#--------------------------------------------------------------------------------------------------------------
  operand_b_i[22]          -    (arrival)        1  0.002  0.027   0.003   0.003    3.488  R     -       pd_aon  
  operand_b_i_sr_reg_22/D  -    SDFFSRHQX4       1  0.002  0.027   0.000   0.000    3.488  R      1.070  pd_aon  
#--------------------------------------------------------------------------------------------------------------
     Other End Path:

#---------------------------------------------------------------------------------------------------------------
# Timing Point              Net  Cell        Fanout   Load  Trans   Delay    Incr  Arrival  Edge  User    Power  
#                                                     (pf)   (ns)    (ns)   Delay     (ns)        Derate  Domain  
#---------------------------------------------------------------------------------------------------------------
  clk_i                     -    (arrival)        1  0.003  0.027   0.000   0.000    4.873  R     -       pd_aon  
  CTS_ccl_a_inv_00012/Y     -    CLKINVX6         3  0.011  0.027   0.047   0.000    4.920  F      0.927  pd_aon  
  CTS_ccl_a_inv_00007/Y     -    CLKINVX6        24  0.014  0.060   0.061   0.000    4.981  R      0.927  pd_aon  
  operand_b_i_sr_reg_22/CK  -    SDFFSRHQX4      24  0.014  0.066   0.000   0.000    4.981  R      0.930  pd_aon  
#---------------------------------------------------------------------------------------------------------------
Path 110: MET (1.220 ns) Setup Check with Pin operand_b_i_sr_reg_21/CK->D
               View: slow_0p9v_125c_cmax_func
              Group: in2reg
         Startpoint: (R) operand_b_i[21]
              Clock: (R) clk_i_virtual
           Endpoint: (R) operand_b_i_sr_reg_21/D
              Clock: (R) clk_i

                       Capture       Launch
         Clock Edge:+    5.000        0.000
         Drv Adjust:+    0.009       -0.015
        Src Latency:+   -0.137        0.000
        Net Latency:+    0.109 (P)    0.000 (I)
            Arrival:=    4.981       -0.015

              Setup:-    0.217
        Uncertainty:-    0.055
        Cppr Adjust:+    0.000
      Required Time:=    4.709
       Launch Clock:=   -0.015
        Input Delay:+    3.500
          Data Path:+    0.003
              Slack:=    1.220
     Timing Path:

#--------------------------------------------------------------------------------------------------------------
# Timing Point             Net  Cell        Fanout   Load  Trans   Delay    Incr  Arrival  Edge  User    Power  
#                                                    (pf)   (ns)    (ns)   Delay     (ns)        Derate  Domain  
#--------------------------------------------------------------------------------------------------------------
  operand_b_i[21]          -    (arrival)        1  0.002  0.027   0.003   0.003    3.488  R     -       pd_aon  
  operand_b_i_sr_reg_21/D  -    SDFFSRHQX4       1  0.002  0.027   0.000   0.000    3.488  R      1.070  pd_aon  
#--------------------------------------------------------------------------------------------------------------
     Other End Path:

#---------------------------------------------------------------------------------------------------------------
# Timing Point              Net  Cell        Fanout   Load  Trans   Delay    Incr  Arrival  Edge  User    Power  
#                                                     (pf)   (ns)    (ns)   Delay     (ns)        Derate  Domain  
#---------------------------------------------------------------------------------------------------------------
  clk_i                     -    (arrival)        1  0.003  0.027   0.000   0.000    4.873  R     -       pd_aon  
  CTS_ccl_a_inv_00012/Y     -    CLKINVX6         3  0.011  0.027   0.047   0.000    4.920  F      0.927  pd_aon  
  CTS_ccl_a_inv_00007/Y     -    CLKINVX6        24  0.014  0.060   0.061   0.000    4.981  R      0.927  pd_aon  
  operand_b_i_sr_reg_21/CK  -    SDFFSRHQX4      24  0.014  0.066   0.000   0.000    4.981  R      0.930  pd_aon  
#---------------------------------------------------------------------------------------------------------------
Path 111: MET (1.237 ns) Setup Check with Pin operand_b_i_sr_reg_15/CK->D
               View: slow_0p9v_125c_cmax_func
              Group: in2reg
         Startpoint: (R) operand_b_i[15]
              Clock: (R) clk_i_virtual
           Endpoint: (R) operand_b_i_sr_reg_15/D
              Clock: (R) clk_i

                       Capture       Launch
         Clock Edge:+    5.000        0.000
         Drv Adjust:+    0.009       -0.012
        Src Latency:+   -0.137        0.000
        Net Latency:+    0.110 (P)    0.000 (I)
            Arrival:=    4.982       -0.012

              Setup:-    0.195
        Uncertainty:-    0.055
        Cppr Adjust:+    0.000
      Required Time:=    4.732
       Launch Clock:=   -0.012
        Input Delay:+    3.500
          Data Path:+    0.006
              Slack:=    1.237
     Timing Path:

#-------------------------------------------------------------------------------------------------------------
# Timing Point             Net  Cell       Fanout   Load  Trans   Delay    Incr  Arrival  Edge  User    Power  
#                                                   (pf)   (ns)    (ns)   Delay     (ns)        Derate  Domain  
#-------------------------------------------------------------------------------------------------------------
  operand_b_i[15]          -    (arrival)       1  0.002  0.032   0.006   0.006    3.495  R     -       pd_aon  
  operand_b_i_sr_reg_15/D  -    SDFFRHQX4       1  0.002  0.032   0.000   0.000    3.495  R      1.070  pd_aon  
#-------------------------------------------------------------------------------------------------------------
     Other End Path:

#--------------------------------------------------------------------------------------------------------------
# Timing Point              Net  Cell       Fanout   Load  Trans   Delay    Incr  Arrival  Edge  User    Power  
#                                                    (pf)   (ns)    (ns)   Delay     (ns)        Derate  Domain  
#--------------------------------------------------------------------------------------------------------------
  clk_i                     -    (arrival)       1  0.003  0.027   0.000   0.000    4.873  R     -       pd_aon  
  CTS_ccl_a_inv_00012/Y     -    CLKINVX6        3  0.011  0.027   0.047   0.000    4.920  F      0.927  pd_aon  
  CTS_ccl_a_inv_00008/Y     -    CLKINVX6       21  0.015  0.060   0.062   0.000    4.982  R      0.927  pd_aon  
  operand_b_i_sr_reg_15/CK  -    SDFFRHQX4      21  0.015  0.067   0.000   0.000    4.982  R      0.930  pd_aon  
#--------------------------------------------------------------------------------------------------------------
Path 112: MET (1.247 ns) Late Output Delay Assertion
               View: slow_0p9v_125c_cmax_func
              Group: reg2out
         Startpoint: (R) operand_a_i_sr_reg_18/CK
              Clock: (R) clk_i
           Endpoint: (R) result_o[52]
              Clock: (R) clk_i_virtual

                       Capture       Launch
         Clock Edge:+    5.000        0.000
         Drv Adjust:+    0.000        0.011
        Src Latency:+    0.000       -0.137
        Net Latency:+    0.000 (I)    0.138 (P)
            Arrival:=    5.000        0.012

       Output Delay:-    1.500
        Uncertainty:-    0.055
        Cppr Adjust:+    0.000
      Required Time:=    3.445
       Launch Clock:=    0.012
          Data Path:+    2.186
              Slack:=    1.247

#----------------------------------------------------------------------------------------------------------------------------------
# Timing Point                                 Net  Cell        Fanout   Load  Trans   Delay    Incr  Arrival  Edge  User    Power  
#                                                                        (pf)   (ns)    (ns)   Delay     (ns)        Derate  Domain  
#----------------------------------------------------------------------------------------------------------------------------------
  clk_i                                        -    (arrival)        1  0.004  0.050   0.000   0.000   -0.125  R     -       pd_aon  
  CTS_ccl_a_inv_00012/Y                        -    CLKINVX6         3  0.011  0.050   0.067   0.000   -0.058  F      1.030  pd_aon  
  CTS_ccl_a_inv_00009/Y                        -    CLKINVX6        20  0.013  0.067   0.071   0.000    0.012  R      1.030  pd_aon  
  operand_a_i_sr_reg_18/Q                      -    SDFFSRHQX4       6  0.008  0.065   0.316   0.000    0.328  R      1.079  pd_aon  
  cts_FE_OFC65_operand_a_i_sr_18/Y             -    INVX3           12  0.009  0.057   0.093   0.000    0.421  F      1.079  pd_aon  
  WALLACE_CSA_DUMMY_OP_groupi59_g3652__6783/Y  -    NOR2X1           4  0.002  0.095   0.138   0.003    0.559  R      1.079  pd_aon  
  WALLACE_CSA_DUMMY_OP_groupi59_g3576__6260/Y  -    NOR2XL           1  0.001  0.116   0.133   0.000    0.691  F      1.079  pd_aon  
  WALLACE_CSA_DUMMY_OP_groupi59_g3571__6417/Y  -    AOI21X1          2  0.001  0.066   0.109   0.000    0.800  R      1.079  pd_aon  
  WALLACE_CSA_DUMMY_OP_groupi59_g3553/Y        -    INVX1            1  0.000  0.093   0.086   0.000    0.886  F      1.079  pd_aon  
  WALLACE_CSA_DUMMY_OP_groupi59_g3551__7098/Y  -    NOR2X1           1  0.001  0.038   0.062   0.000    0.948  R      1.079  pd_aon  
  WALLACE_CSA_DUMMY_OP_groupi59_g3545__1617/Y  -    NOR2X1           3  0.001  0.059   0.075   0.000    1.023  F      1.079  pd_aon  
  cts_FE_RC_5_0/Y                              -    XOR2XL           1  0.001  0.061   0.213   0.000    1.236  R      1.079  pd_aon  
  WALLACE_CSA_DUMMY_OP_groupi59_g3448__4733/Y  -    XNOR2X1          2  0.001  0.034   0.154   0.000    1.390  F      1.079  pd_aon  
  WALLACE_CSA_DUMMY_OP_groupi59_g3415__1666/Y  -    XNOR2X1          2  0.001  0.049   0.194   0.000    1.584  R      1.079  pd_aon  
  WALLACE_CSA_DUMMY_OP_groupi59_g3796__7410/Y  -    NAND2BX1         3  0.002  0.038   0.099   0.000    1.683  R      1.079  pd_aon  
  WALLACE_CSA_DUMMY_OP_groupi59_g3390__5526/Y  -    NAND2XL          1  0.001  0.060   0.110   0.000    1.794  F      1.079  pd_aon  
  WALLACE_CSA_DUMMY_OP_groupi59_g3378__1666/Y  -    XNOR2X1          1  0.004  0.095   0.262   0.013    2.056  R      1.079  pd_aon  
  FE_OFC24_result_o_52/Y                       -    CLKBUFX16        1  0.011  0.091   0.142   0.000    2.198  R      1.079  pd_aon  
  result_o[52]                                 -    -                1  0.011  0.041   0.000   0.000    2.198  R      1.070  pd_aon  
#----------------------------------------------------------------------------------------------------------------------------------
Path 113: MET (1.305 ns) Late Output Delay Assertion
               View: slow_0p9v_125c_cmax_func
              Group: reg2out
         Startpoint: (R) operand_b_i_sr_reg_2/CK
              Clock: (R) clk_i
           Endpoint: (R) result_o[36]
              Clock: (R) clk_i_virtual

                       Capture       Launch
         Clock Edge:+    5.000        0.000
         Drv Adjust:+    0.000        0.011
        Src Latency:+    0.000       -0.137
        Net Latency:+    0.000 (I)    0.140 (P)
            Arrival:=    5.000        0.014

       Output Delay:-    1.500
        Uncertainty:-    0.055
        Cppr Adjust:+    0.000
      Required Time:=    3.445
       Launch Clock:=    0.014
          Data Path:+    2.126
              Slack:=    1.305

#----------------------------------------------------------------------------------------------------------------------------------
# Timing Point                                 Net  Cell        Fanout   Load  Trans   Delay    Incr  Arrival  Edge  User    Power  
#                                                                        (pf)   (ns)    (ns)   Delay     (ns)        Derate  Domain  
#----------------------------------------------------------------------------------------------------------------------------------
  clk_i                                        -    (arrival)        1  0.004  0.050   0.000   0.000   -0.125  R     -       pd_aon  
  CTS_ccl_a_inv_00012/Y                        -    CLKINVX6         3  0.011  0.050   0.067   0.000   -0.058  F      1.030  pd_aon  
  CTS_ccl_a_inv_00007/Y                        -    CLKINVX6        24  0.014  0.067   0.072   0.000    0.014  R      1.030  pd_aon  
  operand_b_i_sr_reg_2/Q                       -    SDFFSRHQX4       7  0.008  0.068   0.319   0.000    0.333  R      1.079  pd_aon  
  cts_FE_OFC56_operand_b_i_sr_2/Y              -    INVX1            6  0.004  0.059   0.107   0.007    0.440  F      1.079  pd_aon  
  WALLACE_CSA_DUMMY_OP_groupi58_g3652__2802/Y  -    NOR2X1           4  0.002  0.117   0.155   0.000    0.595  R      1.079  pd_aon  
  WALLACE_CSA_DUMMY_OP_groupi58_g3576__5526/Y  -    NOR2X1           1  0.001  0.125   0.123   0.000    0.718  F      1.079  pd_aon  
  WALLACE_CSA_DUMMY_OP_groupi58_g3571__5107/Y  -    AOI21X1          2  0.001  0.056   0.096   0.000    0.814  R      1.079  pd_aon  
  WALLACE_CSA_DUMMY_OP_groupi58_g3553/Y        -    INVX1            1  0.000  0.083   0.079   0.000    0.893  F      1.079  pd_aon  
  WALLACE_CSA_DUMMY_OP_groupi58_g3551__5115/Y  -    NOR2X1           1  0.001  0.036   0.072   0.000    0.965  R      1.079  pd_aon  
  WALLACE_CSA_DUMMY_OP_groupi58_g3545__5122/Y  -    NOR2X2           3  0.002  0.074   0.065   0.000    1.030  F      1.079  pd_aon  
  cts_FE_RC_4_0/Y                              -    XOR2XL           1  0.001  0.049   0.211   0.000    1.241  R      1.079  pd_aon  
  WALLACE_CSA_DUMMY_OP_groupi58_g3448__9945/Y  -    XNOR2X1          2  0.001  0.042   0.156   0.000    1.397  F      1.079  pd_aon  
  WALLACE_CSA_DUMMY_OP_groupi58_g3415__5477/Y  -    XNOR2X1          2  0.001  0.045   0.194   0.000    1.591  R      1.079  pd_aon  
  WALLACE_CSA_DUMMY_OP_groupi58_g3796__1617/Y  -    NAND2BX1         3  0.001  0.042   0.098   0.000    1.689  R      1.079  pd_aon  
  WALLACE_CSA_DUMMY_OP_groupi58_g3390__1617/Y  -    NAND2XL          1  0.001  0.052   0.106   0.000    1.795  F      1.079  pd_aon  
  WALLACE_CSA_DUMMY_OP_groupi58_g3378__5477/Y  -    XNOR2X1          1  0.002  0.096   0.227   0.000    2.022  R      1.079  pd_aon  
  FE_OFC40_result_o_36/Y                       -    CLKBUFX16        1  0.010  0.056   0.118   0.000    2.140  R      1.079  pd_aon  
  result_o[36]                                 -    -                1  0.010  0.039   0.000   0.000    2.140  R      1.070  pd_aon  
#----------------------------------------------------------------------------------------------------------------------------------
Path 114: MET (1.320 ns) Late Output Delay Assertion
               View: slow_0p9v_125c_cmax_func
              Group: reg2out
         Startpoint: (R) operand_a_i_sr_reg_2/CK
              Clock: (R) clk_i
           Endpoint: (R) result_o[4]
              Clock: (R) clk_i_virtual

                       Capture       Launch
         Clock Edge:+    5.000        0.000
         Drv Adjust:+    0.000        0.011
        Src Latency:+    0.000       -0.137
        Net Latency:+    0.000 (I)    0.138 (P)
            Arrival:=    5.000        0.012

       Output Delay:-    1.500
        Uncertainty:-    0.055
        Cppr Adjust:+    0.000
      Required Time:=    3.445
       Launch Clock:=    0.012
          Data Path:+    2.113
              Slack:=    1.320

#--------------------------------------------------------------------------------------------------------------------------------
# Timing Point                               Net  Cell        Fanout   Load  Trans   Delay    Incr  Arrival  Edge  User    Power  
#                                                                      (pf)   (ns)    (ns)   Delay     (ns)        Derate  Domain  
#--------------------------------------------------------------------------------------------------------------------------------
  clk_i                                      -    (arrival)        1  0.004  0.050   0.000   0.000   -0.125  R     -       pd_aon  
  CTS_ccl_a_inv_00012/Y                      -    CLKINVX6         3  0.011  0.050   0.067   0.000   -0.058  F      1.030  pd_aon  
  CTS_ccl_a_inv_00009/Y                      -    CLKINVX6        20  0.013  0.067   0.071   0.000    0.012  R      1.030  pd_aon  
  operand_a_i_sr_reg_2/Q                     -    SDFFSRHQX4       6  0.008  0.065   0.315   0.000    0.328  R      1.079  pd_aon  
  prects_FE_OFC97_operand_a_i_sr_2/Y         -    INVX3           12  0.012  0.056   0.105   0.000    0.432  F      1.079  pd_aon  
  WALLACE_CSA_DUMMY_OP_groupi_g3652__4319/Y  -    NOR2X2           4  0.002  0.115   0.134   0.000    0.567  R      1.079  pd_aon  
  WALLACE_CSA_DUMMY_OP_groupi_g3576__5477/Y  -    NOR2XL           1  0.000  0.087   0.107   0.000    0.674  F      1.079  pd_aon  
  WALLACE_CSA_DUMMY_OP_groupi_g3571__2346/Y  -    AOI21X1          2  0.001  0.058   0.090   0.000    0.764  R      1.079  pd_aon  
  WALLACE_CSA_DUMMY_OP_groupi_g3553/Y        -    INVXL            1  0.000  0.071   0.079   0.000    0.843  F      1.079  pd_aon  
  WALLACE_CSA_DUMMY_OP_groupi_g3551__1705/Y  -    NOR2XL           1  0.000  0.038   0.072   0.000    0.915  R      1.079  pd_aon  
  WALLACE_CSA_DUMMY_OP_groupi_g3545__5526/Y  -    NOR2X1           3  0.001  0.068   0.081   0.000    0.995  F      1.079  pd_aon  
  cts_FE_RC_2_0/Y                            -    CLKXOR2X1        1  0.001  0.060   0.231   0.000    1.227  R      1.079  pd_aon  
  WALLACE_CSA_DUMMY_OP_groupi_g3448__1881/Y  -    XNOR2X1          2  0.001  0.035   0.156   0.000    1.383  F      1.079  pd_aon  
  WALLACE_CSA_DUMMY_OP_groupi_g3415__9945/Y  -    XNOR2X1          2  0.001  0.051   0.196   0.000    1.578  R      1.079  pd_aon  
  WALLACE_CSA_DUMMY_OP_groupi_g3796__2883/Y  -    NAND2BX1         3  0.001  0.039   0.094   0.000    1.673  R      1.079  pd_aon  
  WALLACE_CSA_DUMMY_OP_groupi_g3390__6260/Y  -    NAND2XL          1  0.001  0.045   0.098   0.000    1.771  F      1.079  pd_aon  
  WALLACE_CSA_DUMMY_OP_groupi_g3378__9945/Y  -    XNOR2X1          1  0.002  0.091   0.230   0.000    2.001  R      1.079  pd_aon  
  FE_OFC82_result_o_4/Y                      -    CLKBUFX16        1  0.011  0.064   0.124   0.000    2.125  R      1.079  pd_aon  
  result_o[4]                                -    -                1  0.011  0.040   0.000   0.000    2.125  R      1.070  pd_aon  
#--------------------------------------------------------------------------------------------------------------------------------
Path 115: MET (1.423 ns) Late Output Delay Assertion
               View: slow_0p9v_125c_cmax_func
              Group: reg2out
         Startpoint: (R) operand_b_i_sr_reg_27/CK
              Clock: (R) clk_i
           Endpoint: (R) result_o[51]
              Clock: (R) clk_i_virtual

                       Capture       Launch
         Clock Edge:+    5.000        0.000
         Drv Adjust:+    0.000        0.011
        Src Latency:+    0.000       -0.137
        Net Latency:+    0.000 (I)    0.139 (P)
            Arrival:=    5.000        0.014

       Output Delay:-    1.500
        Uncertainty:-    0.055
        Cppr Adjust:+    0.000
      Required Time:=    3.445
       Launch Clock:=    0.014
          Data Path:+    2.008
              Slack:=    1.423

#----------------------------------------------------------------------------------------------------------------------------------
# Timing Point                                 Net  Cell        Fanout   Load  Trans   Delay    Incr  Arrival  Edge  User    Power  
#                                                                        (pf)   (ns)    (ns)   Delay     (ns)        Derate  Domain  
#----------------------------------------------------------------------------------------------------------------------------------
  clk_i                                        -    (arrival)        1  0.004  0.050   0.000   0.000   -0.125  R     -       pd_aon  
  CTS_ccl_a_inv_00012/Y                        -    CLKINVX6         3  0.011  0.050   0.067   0.000   -0.058  F      1.030  pd_aon  
  CTS_ccl_a_inv_00007/Y                        -    CLKINVX6        24  0.014  0.067   0.072   0.000    0.014  R      1.030  pd_aon  
  operand_b_i_sr_reg_27/Q                      -    SDFFSRHQX4      14  0.014  0.068   0.336   0.000    0.350  R      1.079  pd_aon  
  cts_FE_OFC59_operand_b_i_sr_27/Y             -    INVX1            4  0.002  0.088   0.112   0.000    0.462  F      1.079  pd_aon  
  WALLACE_CSA_DUMMY_OP_groupi59_g3641__1666/Y  -    NOR2XL           3  0.001  0.085   0.161   0.000    0.623  R      1.079  pd_aon  
  WALLACE_CSA_DUMMY_OP_groupi59_g3572__5477/Y  -    MXI2XL           1  0.001  0.145   0.196   0.000    0.819  F      1.079  pd_aon  
  WALLACE_CSA_DUMMY_OP_groupi59_g3546__2802/Y  -    XNOR2X1          2  0.002  0.142   0.242   0.004    1.061  R      1.079  pd_aon  
  WALLACE_CSA_DUMMY_OP_groupi59_g3475__7098/S  -    ADDHX1           1  0.001  0.054   0.213   0.000    1.274  F      1.079  pd_aon  
  WALLACE_CSA_DUMMY_OP_groupi59_g3799__2398/Y  -    MXI2XL           1  0.001  0.032   0.144   0.000    1.418  F      1.079  pd_aon  
  WALLACE_CSA_DUMMY_OP_groupi59_g3398__5122/S  -    ADDFX1           1  0.004  0.159   0.449   0.016    1.867  R      1.079  pd_aon  
  FE_OFC25_result_o_51/Y                       -    CLKBUFX16        1  0.011  0.112   0.155   0.000    2.022  R      1.079  pd_aon  
  result_o[51]                                 -    -                1  0.011  0.041   0.000   0.000    2.022  R      1.070  pd_aon  
#----------------------------------------------------------------------------------------------------------------------------------
Path 116: MET (1.487 ns) Late Output Delay Assertion
               View: slow_0p9v_125c_cmax_func
              Group: reg2out
         Startpoint: (R) operand_b_i_sr_reg_27/CK
              Clock: (R) clk_i
           Endpoint: (R) result_o[19]
              Clock: (R) clk_i_virtual

                       Capture       Launch
         Clock Edge:+    5.000        0.000
         Drv Adjust:+    0.000        0.011
        Src Latency:+    0.000       -0.137
        Net Latency:+    0.000 (I)    0.139 (P)
            Arrival:=    5.000        0.014

       Output Delay:-    1.500
        Uncertainty:-    0.055
        Cppr Adjust:+    0.000
      Required Time:=    3.445
       Launch Clock:=    0.014
          Data Path:+    1.944
              Slack:=    1.487

#----------------------------------------------------------------------------------------------------------------------------------
# Timing Point                                 Net  Cell        Fanout   Load  Trans   Delay    Incr  Arrival  Edge  User    Power  
#                                                                        (pf)   (ns)    (ns)   Delay     (ns)        Derate  Domain  
#----------------------------------------------------------------------------------------------------------------------------------
  clk_i                                        -    (arrival)        1  0.004  0.050   0.000   0.000   -0.125  R     -       pd_aon  
  CTS_ccl_a_inv_00012/Y                        -    CLKINVX6         3  0.011  0.050   0.067   0.000   -0.058  F      1.030  pd_aon  
  CTS_ccl_a_inv_00007/Y                        -    CLKINVX6        24  0.014  0.067   0.072   0.000    0.014  R      1.030  pd_aon  
  operand_b_i_sr_reg_27/Q                      -    SDFFSRHQX4      14  0.014  0.068   0.336   0.000    0.350  R      1.079  pd_aon  
  cts_FE_OFC59_operand_b_i_sr_27/Y             -    INVX1            4  0.002  0.088   0.112   0.000    0.462  F      1.079  pd_aon  
  WALLACE_CSA_DUMMY_OP_groupi57_g3641__1705/Y  -    NOR2XL           3  0.001  0.085   0.156   0.000    0.619  R      1.079  pd_aon  
  WALLACE_CSA_DUMMY_OP_groupi57_g3572__7098/Y  -    MXI2XL           1  0.001  0.137   0.179   0.000    0.798  F      1.079  pd_aon  
  WALLACE_CSA_DUMMY_OP_groupi57_g3546__2346/Y  -    XNOR2X1          2  0.001  0.125   0.236   0.000    1.034  R      1.079  pd_aon  
  WALLACE_CSA_DUMMY_OP_groupi57_g3475__5477/S  -    ADDHX1           1  0.001  0.045   0.213   0.000    1.247  F      1.079  pd_aon  
  WALLACE_CSA_DUMMY_OP_groupi57_g3799__6131/Y  -    MXI2X1           1  0.001  0.041   0.127   0.000    1.374  F      1.079  pd_aon  
  WALLACE_CSA_DUMMY_OP_groupi57_g3398__7410/S  -    ADDFX1           1  0.004  0.113   0.424   0.015    1.799  R      1.079  pd_aon  
  FE_OFC67_result_o_19/Y                       -    CLKBUFX16        1  0.011  0.119   0.159   0.000    1.958  R      1.079  pd_aon  
  result_o[19]                                 -    -                1  0.011  0.041   0.000   0.000    1.958  R      1.070  pd_aon  
#----------------------------------------------------------------------------------------------------------------------------------
Path 117: MET (1.504 ns) Late Output Delay Assertion
               View: slow_0p9v_125c_cmax_func
              Group: reg2out
         Startpoint: (R) operand_a_i_sr_reg_0/CK
              Clock: (R) clk_i
           Endpoint: (R) result_o[3]
              Clock: (R) clk_i_virtual

                       Capture       Launch
         Clock Edge:+    5.000        0.000
         Drv Adjust:+    0.000        0.011
        Src Latency:+    0.000       -0.137
        Net Latency:+    0.000 (I)    0.141 (P)
            Arrival:=    5.000        0.015

       Output Delay:-    1.500
        Uncertainty:-    0.055
        Cppr Adjust:+    0.000
      Required Time:=    3.445
       Launch Clock:=    0.015
          Data Path:+    1.926
              Slack:=    1.504

#--------------------------------------------------------------------------------------------------------------------------------
# Timing Point                               Net  Cell        Fanout   Load  Trans   Delay    Incr  Arrival  Edge  User    Power  
#                                                                      (pf)   (ns)    (ns)   Delay     (ns)        Derate  Domain  
#--------------------------------------------------------------------------------------------------------------------------------
  clk_i                                      -    (arrival)        1  0.004  0.050   0.000   0.000   -0.125  R     -       pd_aon  
  CTS_ccl_a_inv_00012/Y                      -    CLKINVX6         3  0.011  0.050   0.067   0.000   -0.058  F      1.030  pd_aon  
  CTS_ccl_a_inv_00008/Y                      -    CLKINVX6        21  0.015  0.067   0.073   0.000    0.015  R      1.030  pd_aon  
  operand_a_i_sr_reg_0/Q                     -    SDFFSRHQX4       6  0.009  0.069   0.322   0.000    0.337  R      1.079  pd_aon  
  fopt4059/Y                                 -    INVX3           12  0.009  0.062   0.099   0.000    0.435  F      1.079  pd_aon  
  WALLACE_CSA_DUMMY_OP_groupi_g3605__6131/Y  -    NOR2XL           2  0.001  0.099   0.145   0.009    0.580  R      1.079  pd_aon  
  WALLACE_CSA_DUMMY_OP_groupi_g3572__1666/Y  -    MXI2XL           1  0.001  0.149   0.226   0.000    0.806  F      1.079  pd_aon  
  WALLACE_CSA_DUMMY_OP_groupi_g3546__6783/Y  -    XNOR2X1          2  0.001  0.146   0.246   0.000    1.052  R      1.079  pd_aon  
  WALLACE_CSA_DUMMY_OP_groupi_g3475__1705/S  -    ADDHX1           1  0.001  0.045   0.209   0.000    1.261  F      1.079  pd_aon  
  WALLACE_CSA_DUMMY_OP_groupi_g3799__7410/Y  -    MXI2XL           1  0.001  0.035   0.144   0.000    1.405  F      1.079  pd_aon  
  WALLACE_CSA_DUMMY_OP_groupi_g3398__1617/S  -    ADDFX1           1  0.002  0.157   0.407   0.000    1.812  R      1.079  pd_aon  
  prects_FE_OFC38_result_o_3/Y               -    CLKBUFX16        1  0.011  0.071   0.129   0.000    1.941  R      1.079  pd_aon  
  result_o[3]                                -    -                1  0.011  0.041   0.000   0.000    1.941  R      1.070  pd_aon  
#--------------------------------------------------------------------------------------------------------------------------------
Path 118: MET (1.520 ns) Late Output Delay Assertion
               View: slow_0p9v_125c_cmax_func
              Group: reg2out
         Startpoint: (R) operand_a_i_sr_reg_17/CK
              Clock: (R) clk_i
           Endpoint: (R) result_o[35]
              Clock: (R) clk_i_virtual

                       Capture       Launch
         Clock Edge:+    5.000        0.000
         Drv Adjust:+    0.000        0.011
        Src Latency:+    0.000       -0.137
        Net Latency:+    0.000 (I)    0.141 (P)
            Arrival:=    5.000        0.015

       Output Delay:-    1.500
        Uncertainty:-    0.055
        Cppr Adjust:+    0.000
      Required Time:=    3.445
       Launch Clock:=    0.015
          Data Path:+    1.910
              Slack:=    1.520

#----------------------------------------------------------------------------------------------------------------------------------
# Timing Point                                  Net  Cell       Fanout   Load  Trans   Delay    Incr  Arrival  Edge  User    Power  
#                                                                        (pf)   (ns)    (ns)   Delay     (ns)        Derate  Domain  
#----------------------------------------------------------------------------------------------------------------------------------
  clk_i                                         -    (arrival)       1  0.004  0.050   0.000   0.000   -0.125  R     -       pd_aon  
  CTS_ccl_a_inv_00012/Y                         -    CLKINVX6        3  0.011  0.050   0.067   0.000   -0.058  F      1.030  pd_aon  
  CTS_ccl_a_inv_00008/Y                         -    CLKINVX6       21  0.015  0.067   0.073   0.000    0.015  R      1.030  pd_aon  
  operand_a_i_sr_reg_17/Q                       -    SDFFRHQX4       7  0.009  0.069   0.351   0.000    0.366  R      1.079  pd_aon  
  FE_OFC187_operand_a_i_sr_17/Y                 -    INVX2           9  0.005  0.073   0.094   0.000    0.460  F      1.079  pd_aon  
  WALLACE_CSA_DUMMY_OP_groupi58_g3631__4733/Y   -    NOR2XL          1  0.001  0.079   0.129   0.000    0.589  R      1.079  pd_aon  
  WALLACE_CSA_DUMMY_OP_groupi58_g3537__5526/CO  -    ADDFX1          1  0.001  0.113   0.273   0.000    0.862  R      1.079  pd_aon  
  WALLACE_CSA_DUMMY_OP_groupi58_g3473__6131/S   -    ADDFX1          2  0.001  0.051   0.294   0.000    1.156  F      1.079  pd_aon  
  WALLACE_CSA_DUMMY_OP_groupi58_g3464/Y         -    INVXL           2  0.001  0.055   0.062   0.003    1.218  R      1.079  pd_aon  
  WALLACE_CSA_DUMMY_OP_groupi58_g3799__5122/Y   -    MXI2XL          1  0.001  0.069   0.171   0.000    1.389  F      1.079  pd_aon  
  WALLACE_CSA_DUMMY_OP_groupi58_g3398__6131/S   -    ADDFX1          1  0.002  0.163   0.409   0.000    1.798  R      1.079  pd_aon  
  prects_FE_OFC39_result_o_35/Y                 -    CLKBUFX16       1  0.011  0.069   0.127   0.000    1.925  R      1.079  pd_aon  
  result_o[35]                                  -    -               1  0.011  0.040   0.000   0.000    1.925  R      1.070  pd_aon  
#----------------------------------------------------------------------------------------------------------------------------------
Path 119: MET (1.678 ns) Late Output Delay Assertion
               View: slow_0p9v_125c_cmax_func
              Group: reg2out
         Startpoint: (R) operand_b_i_sr_reg_8/CK
              Clock: (R) clk_i
           Endpoint: (F) result_o[50]
              Clock: (R) clk_i_virtual

                       Capture       Launch
         Clock Edge:+    5.000        0.000
         Drv Adjust:+    0.000        0.011
        Src Latency:+    0.000       -0.137
        Net Latency:+    0.000 (I)    0.140 (P)
            Arrival:=    5.000        0.014

       Output Delay:-    1.500
        Uncertainty:-    0.055
        Cppr Adjust:+    0.000
      Required Time:=    3.445
       Launch Clock:=    0.014
          Data Path:+    1.753
              Slack:=    1.678

#-----------------------------------------------------------------------------------------------------------------------------------
# Timing Point                                  Net  Cell        Fanout   Load  Trans   Delay    Incr  Arrival  Edge  User    Power  
#                                                                         (pf)   (ns)    (ns)   Delay     (ns)        Derate  Domain  
#-----------------------------------------------------------------------------------------------------------------------------------
  clk_i                                         -    (arrival)        1  0.004  0.050   0.000   0.000   -0.125  R     -       pd_aon  
  CTS_ccl_a_inv_00012/Y                         -    CLKINVX6         3  0.011  0.050   0.067   0.000   -0.058  F      1.030  pd_aon  
  CTS_ccl_a_inv_00007/Y                         -    CLKINVX6        24  0.014  0.067   0.072   0.000    0.014  R      1.030  pd_aon  
  operand_b_i_sr_reg_8/Q                        -    SDFFSRHQX4      10  0.011  0.068   0.366   0.000    0.380  F      1.079  pd_aon  
  cts_FE_OFC64_operand_b_i_sr_8/Y               -    INVX2            8  0.006  0.088   0.102   0.000    0.481  R      1.079  pd_aon  
  WALLACE_CSA_DUMMY_OP_groupi59_g3632__5115/Y   -    NOR2XL           1  0.001  0.079   0.114   0.000    0.595  F      1.079  pd_aon  
  WALLACE_CSA_DUMMY_OP_groupi59_g3531__1666/S   -    ADDFX1           1  0.002  0.078   0.356   0.000    0.951  R      1.079  pd_aon  
  WALLACE_CSA_DUMMY_OP_groupi59_g3460__5107/CO  -    ADDFX1           1  0.001  0.063   0.230   0.000    1.181  R      1.079  pd_aon  
  WALLACE_CSA_DUMMY_OP_groupi59_g3419__2398/S   -    ADDFX1           1  0.004  0.057   0.429   0.041    1.610  F      1.079  pd_aon  
  FE_OFC26_result_o_50/Y                        -    CLKBUFX16        1  0.011  0.131   0.157   0.000    1.767  F      1.079  pd_aon  
  result_o[50]                                  -    -                1  0.011  0.043   0.000   0.000    1.767  F      1.070  pd_aon  
#-----------------------------------------------------------------------------------------------------------------------------------
Path 120: MET (1.735 ns) Late Output Delay Assertion
               View: slow_0p9v_125c_cmax_func
              Group: reg2out
         Startpoint: (R) operand_b_i_sr_reg_24/CK
              Clock: (R) clk_i
           Endpoint: (R) result_o[18]
              Clock: (R) clk_i_virtual

                       Capture       Launch
         Clock Edge:+    5.000        0.000
         Drv Adjust:+    0.000        0.011
        Src Latency:+    0.000       -0.137
        Net Latency:+    0.000 (I)    0.139 (P)
            Arrival:=    5.000        0.014

       Output Delay:-    1.500
        Uncertainty:-    0.055
        Cppr Adjust:+    0.000
      Required Time:=    3.445
       Launch Clock:=    0.014
          Data Path:+    1.696
              Slack:=    1.735

#-----------------------------------------------------------------------------------------------------------------------------------
# Timing Point                                  Net  Cell        Fanout   Load  Trans   Delay    Incr  Arrival  Edge  User    Power  
#                                                                         (pf)   (ns)    (ns)   Delay     (ns)        Derate  Domain  
#-----------------------------------------------------------------------------------------------------------------------------------
  clk_i                                         -    (arrival)        1  0.004  0.050   0.000   0.000   -0.125  R     -       pd_aon  
  CTS_ccl_a_inv_00012/Y                         -    CLKINVX6         3  0.011  0.050   0.067   0.000   -0.058  F      1.030  pd_aon  
  CTS_ccl_a_inv_00007/Y                         -    CLKINVX6        24  0.014  0.067   0.072   0.000    0.014  R      1.030  pd_aon  
  operand_b_i_sr_reg_24/Q                       -    SDFFSRHQX4      10  0.009  0.068   0.323   0.000    0.337  R      1.079  pd_aon  
  WALLACE_CSA_DUMMY_OP_groupi59_g3732/Y         -    INVX3            8  0.007  0.066   0.088   0.000    0.425  F      1.079  pd_aon  
  WALLACE_CSA_DUMMY_OP_groupi57_g3657__7410/Y   -    NOR2XL           1  0.001  0.079   0.157   0.011    0.582  R      1.079  pd_aon  
  WALLACE_CSA_DUMMY_OP_groupi57_g3531__1705/S   -    ADDFX1           1  0.001  0.126   0.390   0.000    0.972  F      1.079  pd_aon  
  WALLACE_CSA_DUMMY_OP_groupi57_g3460__1881/CO  -    ADDFX1           1  0.001  0.045   0.198   0.000    1.170  F      1.079  pd_aon  
  WALLACE_CSA_DUMMY_OP_groupi57_g3419__6131/S   -    ADDFX1           1  0.004  0.054   0.385   0.014    1.555  R      1.079  pd_aon  
  FE_OFC68_result_o_18/Y                        -    CLKBUFX16        1  0.011  0.112   0.155   0.000    1.710  R      1.079  pd_aon  
  result_o[18]                                  -    -                1  0.011  0.041   0.000   0.000    1.710  R      1.070  pd_aon  
#-----------------------------------------------------------------------------------------------------------------------------------
Path 121: MET (1.751 ns) Late Output Delay Assertion
               View: slow_0p9v_125c_cmax_func
              Group: reg2out
         Startpoint: (R) operand_b_i_sr_reg_16/CK
              Clock: (R) clk_i
           Endpoint: (R) result_o[2]
              Clock: (R) clk_i_virtual

                       Capture       Launch
         Clock Edge:+    5.000        0.000
         Drv Adjust:+    0.000        0.011
        Src Latency:+    0.000       -0.137
        Net Latency:+    0.000 (I)    0.140 (P)
            Arrival:=    5.000        0.014

       Output Delay:-    1.500
        Uncertainty:-    0.055
        Cppr Adjust:+    0.000
      Required Time:=    3.445
       Launch Clock:=    0.014
          Data Path:+    1.680
              Slack:=    1.751

#---------------------------------------------------------------------------------------------------------------------------------
# Timing Point                                Net  Cell        Fanout   Load  Trans   Delay    Incr  Arrival  Edge  User    Power  
#                                                                       (pf)   (ns)    (ns)   Delay     (ns)        Derate  Domain  
#---------------------------------------------------------------------------------------------------------------------------------
  clk_i                                       -    (arrival)        1  0.004  0.050   0.000   0.000   -0.125  R     -       pd_aon  
  CTS_ccl_a_inv_00012/Y                       -    CLKINVX6         3  0.011  0.050   0.067   0.000   -0.058  F      1.030  pd_aon  
  CTS_ccl_a_inv_00007/Y                       -    CLKINVX6        24  0.014  0.067   0.072   0.000    0.014  R      1.030  pd_aon  
  operand_b_i_sr_reg_16/Q                     -    SDFFSRHQX4      10  0.011  0.068   0.327   0.000    0.341  R      1.079  pd_aon  
  prects_FE_OFC84_operand_b_i_sr_16/Y         -    INVX2            8  0.007  0.072   0.110   0.000    0.451  F      1.079  pd_aon  
  WALLACE_CSA_DUMMY_OP_groupi_g3657__1617/Y   -    NOR2XL           1  0.001  0.106   0.164   0.000    0.615  R      1.079  pd_aon  
  WALLACE_CSA_DUMMY_OP_groupi_g3531__9945/S   -    ADDFX1           1  0.001  0.125   0.383   0.002    0.998  F      1.079  pd_aon  
  WALLACE_CSA_DUMMY_OP_groupi_g3460__6417/CO  -    ADDFX1           1  0.001  0.058   0.207   0.000    1.205  F      1.079  pd_aon  
  WALLACE_CSA_DUMMY_OP_groupi_g3419__7410/S   -    ADDFX1           1  0.003  0.056   0.354   0.000    1.559  R      1.079  pd_aon  
  FE_OFC84_result_o_2/Y                       -    CLKBUFX16        1  0.011  0.081   0.135   0.000    1.694  R      1.079  pd_aon  
  result_o[2]                                 -    -                1  0.011  0.040   0.000   0.000    1.694  R      1.070  pd_aon  
#---------------------------------------------------------------------------------------------------------------------------------
Path 122: MET (1.762 ns) Late Output Delay Assertion
               View: slow_0p9v_125c_cmax_func
              Group: reg2out
         Startpoint: (R) operand_b_i_sr_reg_16/CK
              Clock: (R) clk_i
           Endpoint: (R) result_o[34]
              Clock: (R) clk_i_virtual

                       Capture       Launch
         Clock Edge:+    5.000        0.000
         Drv Adjust:+    0.000        0.011
        Src Latency:+    0.000       -0.137
        Net Latency:+    0.000 (I)    0.140 (P)
            Arrival:=    5.000        0.014

       Output Delay:-    1.500
        Uncertainty:-    0.055
        Cppr Adjust:+    0.000
      Required Time:=    3.445
       Launch Clock:=    0.014
          Data Path:+    1.669
              Slack:=    1.762

#-----------------------------------------------------------------------------------------------------------------------------------
# Timing Point                                  Net  Cell        Fanout   Load  Trans   Delay    Incr  Arrival  Edge  User    Power  
#                                                                         (pf)   (ns)    (ns)   Delay     (ns)        Derate  Domain  
#-----------------------------------------------------------------------------------------------------------------------------------
  clk_i                                         -    (arrival)        1  0.004  0.050   0.000   0.000   -0.125  R     -       pd_aon  
  CTS_ccl_a_inv_00012/Y                         -    CLKINVX6         3  0.011  0.050   0.067   0.000   -0.058  F      1.030  pd_aon  
  CTS_ccl_a_inv_00007/Y                         -    CLKINVX6        24  0.014  0.067   0.072   0.000    0.014  R      1.030  pd_aon  
  operand_b_i_sr_reg_16/Q                       -    SDFFSRHQX4      10  0.011  0.068   0.327   0.000    0.341  R      1.079  pd_aon  
  prects_FE_OFC84_operand_b_i_sr_16/Y           -    INVX2            8  0.007  0.072   0.110   0.000    0.451  F      1.079  pd_aon  
  WALLACE_CSA_DUMMY_OP_groupi58_g3657__6131/Y   -    NOR2XL           1  0.001  0.106   0.155   0.000    0.606  R      1.079  pd_aon  
  WALLACE_CSA_DUMMY_OP_groupi58_g3531__5477/S   -    ADDFX1           1  0.002  0.110   0.385   0.002    0.991  F      1.079  pd_aon  
  WALLACE_CSA_DUMMY_OP_groupi58_g3460__8428/CO  -    ADDFX1           1  0.001  0.075   0.218   0.000    1.208  F      1.079  pd_aon  
  WALLACE_CSA_DUMMY_OP_groupi58_g3419__4319/S   -    ADDFX1           1  0.002  0.056   0.347   0.000    1.556  R      1.079  pd_aon  
  prects_FE_OFC44_result_o_34/Y                 -    CLKBUFX16        1  0.011  0.070   0.128   0.000    1.683  R      1.079  pd_aon  
  result_o[34]                                  -    -                1  0.011  0.040   0.000   0.000    1.683  R      1.070  pd_aon  
#-----------------------------------------------------------------------------------------------------------------------------------
Path 123: MET (1.940 ns) Late Output Delay Assertion
               View: slow_0p9v_125c_cmax_func
              Group: reg2out
         Startpoint: (R) operand_a_i_sr_reg_17/CK
              Clock: (R) clk_i
           Endpoint: (R) result_o[49]
              Clock: (R) clk_i_virtual

                       Capture       Launch
         Clock Edge:+    5.000        0.000
         Drv Adjust:+    0.000        0.011
        Src Latency:+    0.000       -0.137
        Net Latency:+    0.000 (I)    0.141 (P)
            Arrival:=    5.000        0.015

       Output Delay:-    1.500
        Uncertainty:-    0.055
        Cppr Adjust:+    0.000
      Required Time:=    3.445
       Launch Clock:=    0.015
          Data Path:+    1.490
              Slack:=    1.940

#---------------------------------------------------------------------------------------------------------------------------------
# Timing Point                                 Net  Cell       Fanout   Load  Trans   Delay    Incr  Arrival  Edge  User    Power  
#                                                                       (pf)   (ns)    (ns)   Delay     (ns)        Derate  Domain  
#---------------------------------------------------------------------------------------------------------------------------------
  clk_i                                        -    (arrival)       1  0.004  0.050   0.000   0.000   -0.125  R     -       pd_aon  
  CTS_ccl_a_inv_00012/Y                        -    CLKINVX6        3  0.011  0.050   0.067   0.000   -0.058  F      1.030  pd_aon  
  CTS_ccl_a_inv_00008/Y                        -    CLKINVX6       21  0.015  0.067   0.073   0.000    0.015  R      1.030  pd_aon  
  operand_a_i_sr_reg_17/Q                      -    SDFFRHQX4       7  0.009  0.069   0.351   0.000    0.366  R      1.079  pd_aon  
  FE_OFC187_operand_a_i_sr_17/Y                -    INVX2           9  0.005  0.073   0.094   0.000    0.460  F      1.079  pd_aon  
  WALLACE_CSA_DUMMY_OP_groupi59_g3632__5115/Y  -    NOR2XL          1  0.001  0.079   0.127   0.000    0.586  R      1.079  pd_aon  
  WALLACE_CSA_DUMMY_OP_groupi59_g3531__1666/S  -    ADDFX1          1  0.002  0.109   0.383   0.000    0.970  F      1.079  pd_aon  
  WALLACE_CSA_DUMMY_OP_groupi59_g3460__5107/S  -    ADDFX1          1  0.004  0.068   0.380   0.006    1.350  R      1.079  pd_aon  
  FE_OFC27_result_o_49/Y                       -    CLKBUFX16       1  0.011  0.113   0.155   0.000    1.505  R      1.079  pd_aon  
  result_o[49]                                 -    -               1  0.011  0.041   0.000   0.000    1.505  R      1.070  pd_aon  
#---------------------------------------------------------------------------------------------------------------------------------
Path 124: MET (1.940 ns) Late Output Delay Assertion
               View: slow_0p9v_125c_cmax_func
              Group: reg2out
         Startpoint: (R) operand_b_i_sr_reg_24/CK
              Clock: (R) clk_i
           Endpoint: (R) result_o[17]
              Clock: (R) clk_i_virtual

                       Capture       Launch
         Clock Edge:+    5.000        0.000
         Drv Adjust:+    0.000        0.011
        Src Latency:+    0.000       -0.137
        Net Latency:+    0.000 (I)    0.139 (P)
            Arrival:=    5.000        0.014

       Output Delay:-    1.500
        Uncertainty:-    0.055
        Cppr Adjust:+    0.000
      Required Time:=    3.445
       Launch Clock:=    0.014
          Data Path:+    1.491
              Slack:=    1.940

#----------------------------------------------------------------------------------------------------------------------------------
# Timing Point                                 Net  Cell        Fanout   Load  Trans   Delay    Incr  Arrival  Edge  User    Power  
#                                                                        (pf)   (ns)    (ns)   Delay     (ns)        Derate  Domain  
#----------------------------------------------------------------------------------------------------------------------------------
  clk_i                                        -    (arrival)        1  0.004  0.050   0.000   0.000   -0.125  R     -       pd_aon  
  CTS_ccl_a_inv_00012/Y                        -    CLKINVX6         3  0.011  0.050   0.067   0.000   -0.058  F      1.030  pd_aon  
  CTS_ccl_a_inv_00007/Y                        -    CLKINVX6        24  0.014  0.067   0.072   0.000    0.014  R      1.030  pd_aon  
  operand_b_i_sr_reg_24/Q                      -    SDFFSRHQX4      10  0.009  0.068   0.323   0.000    0.337  R      1.079  pd_aon  
  WALLACE_CSA_DUMMY_OP_groupi59_g3732/Y        -    INVX3            8  0.007  0.066   0.088   0.000    0.425  F      1.079  pd_aon  
  WALLACE_CSA_DUMMY_OP_groupi57_g3657__7410/Y  -    NOR2XL           1  0.001  0.079   0.157   0.011    0.582  R      1.079  pd_aon  
  WALLACE_CSA_DUMMY_OP_groupi57_g3531__1705/S  -    ADDFX1           1  0.001  0.126   0.390   0.000    0.972  F      1.079  pd_aon  
  WALLACE_CSA_DUMMY_OP_groupi57_g3460__1881/S  -    ADDFX1           1  0.004  0.045   0.377   0.017    1.349  R      1.079  pd_aon  
  FE_OFC69_result_o_17/Y                       -    CLKBUFX16        1  0.011  0.114   0.156   0.000    1.505  R      1.079  pd_aon  
  result_o[17]                                 -    -                1  0.011  0.041   0.000   0.000    1.505  R      1.070  pd_aon  
#----------------------------------------------------------------------------------------------------------------------------------
Path 125: MET (1.972 ns) Late Output Delay Assertion
               View: slow_0p9v_125c_cmax_func
              Group: reg2out
         Startpoint: (R) operand_b_i_sr_reg_16/CK
              Clock: (R) clk_i
           Endpoint: (R) result_o[1]
              Clock: (R) clk_i_virtual

                       Capture       Launch
         Clock Edge:+    5.000        0.000
         Drv Adjust:+    0.000        0.011
        Src Latency:+    0.000       -0.137
        Net Latency:+    0.000 (I)    0.140 (P)
            Arrival:=    5.000        0.014

       Output Delay:-    1.500
        Uncertainty:-    0.055
        Cppr Adjust:+    0.000
      Required Time:=    3.445
       Launch Clock:=    0.014
          Data Path:+    1.459
              Slack:=    1.972

#--------------------------------------------------------------------------------------------------------------------------------
# Timing Point                               Net  Cell        Fanout   Load  Trans   Delay    Incr  Arrival  Edge  User    Power  
#                                                                      (pf)   (ns)    (ns)   Delay     (ns)        Derate  Domain  
#--------------------------------------------------------------------------------------------------------------------------------
  clk_i                                      -    (arrival)        1  0.004  0.050   0.000   0.000   -0.125  R     -       pd_aon  
  CTS_ccl_a_inv_00012/Y                      -    CLKINVX6         3  0.011  0.050   0.067   0.000   -0.058  F      1.030  pd_aon  
  CTS_ccl_a_inv_00007/Y                      -    CLKINVX6        24  0.014  0.067   0.072   0.000    0.014  R      1.030  pd_aon  
  operand_b_i_sr_reg_16/Q                    -    SDFFSRHQX4      10  0.011  0.068   0.327   0.000    0.341  R      1.079  pd_aon  
  prects_FE_OFC84_operand_b_i_sr_16/Y        -    INVX2            8  0.007  0.072   0.110   0.000    0.451  F      1.079  pd_aon  
  WALLACE_CSA_DUMMY_OP_groupi_g3657__1617/Y  -    NOR2XL           1  0.001  0.106   0.164   0.000    0.615  R      1.079  pd_aon  
  WALLACE_CSA_DUMMY_OP_groupi_g3531__9945/S  -    ADDFX1           1  0.001  0.125   0.383   0.002    0.998  F      1.079  pd_aon  
  WALLACE_CSA_DUMMY_OP_groupi_g3460__6417/S  -    ADDFX1           1  0.002  0.058   0.344   0.000    1.342  R      1.079  pd_aon  
  prects_FE_OFC50_result_o_1/Y               -    CLKBUFX16        1  0.011  0.074   0.131   0.000    1.473  R      1.079  pd_aon  
  result_o[1]                                -    -                1  0.011  0.041   0.000   0.000    1.473  R      1.070  pd_aon  
#--------------------------------------------------------------------------------------------------------------------------------
Path 126: MET (1.974 ns) Late Output Delay Assertion
               View: slow_0p9v_125c_cmax_func
              Group: reg2out
         Startpoint: (R) operand_b_i_sr_reg_16/CK
              Clock: (R) clk_i
           Endpoint: (R) result_o[33]
              Clock: (R) clk_i_virtual

                       Capture       Launch
         Clock Edge:+    5.000        0.000
         Drv Adjust:+    0.000        0.011
        Src Latency:+    0.000       -0.137
        Net Latency:+    0.000 (I)    0.140 (P)
            Arrival:=    5.000        0.014

       Output Delay:-    1.500
        Uncertainty:-    0.055
        Cppr Adjust:+    0.000
      Required Time:=    3.445
       Launch Clock:=    0.014
          Data Path:+    1.457
              Slack:=    1.974

#----------------------------------------------------------------------------------------------------------------------------------
# Timing Point                                 Net  Cell        Fanout   Load  Trans   Delay    Incr  Arrival  Edge  User    Power  
#                                                                        (pf)   (ns)    (ns)   Delay     (ns)        Derate  Domain  
#----------------------------------------------------------------------------------------------------------------------------------
  clk_i                                        -    (arrival)        1  0.004  0.050   0.000   0.000   -0.125  R     -       pd_aon  
  CTS_ccl_a_inv_00012/Y                        -    CLKINVX6         3  0.011  0.050   0.067   0.000   -0.058  F      1.030  pd_aon  
  CTS_ccl_a_inv_00007/Y                        -    CLKINVX6        24  0.014  0.067   0.072   0.000    0.014  R      1.030  pd_aon  
  operand_b_i_sr_reg_16/Q                      -    SDFFSRHQX4      10  0.011  0.068   0.327   0.000    0.341  R      1.079  pd_aon  
  prects_FE_OFC84_operand_b_i_sr_16/Y          -    INVX2            8  0.007  0.072   0.110   0.000    0.451  F      1.079  pd_aon  
  WALLACE_CSA_DUMMY_OP_groupi58_g3657__6131/Y  -    NOR2XL           1  0.001  0.106   0.155   0.000    0.606  R      1.079  pd_aon  
  WALLACE_CSA_DUMMY_OP_groupi58_g3531__5477/S  -    ADDFX1           1  0.002  0.110   0.385   0.002    0.991  F      1.079  pd_aon  
  WALLACE_CSA_DUMMY_OP_groupi58_g3460__8428/S  -    ADDFX1           1  0.002  0.075   0.352   0.000    1.343  R      1.079  pd_aon  
  FE_OFC43_result_o_33/Y                       -    CLKBUFX16        1  0.011  0.070   0.128   0.000    1.471  R      1.079  pd_aon  
  result_o[33]                                 -    -                1  0.011  0.040   0.000   0.000    1.471  R      1.070  pd_aon  
#----------------------------------------------------------------------------------------------------------------------------------
Path 127: MET (2.276 ns) Late Output Delay Assertion
               View: slow_0p9v_125c_cmax_func
              Group: reg2out
         Startpoint: (R) operand_b_i_sr_reg_8/CK
              Clock: (R) clk_i
           Endpoint: (F) result_o[48]
              Clock: (R) clk_i_virtual

                       Capture       Launch
         Clock Edge:+    5.000        0.000
         Drv Adjust:+    0.000        0.011
        Src Latency:+    0.000       -0.137
        Net Latency:+    0.000 (I)    0.140 (P)
            Arrival:=    5.000        0.014

       Output Delay:-    1.500
        Uncertainty:-    0.055
        Cppr Adjust:+    0.000
      Required Time:=    3.445
       Launch Clock:=    0.014
          Data Path:+    1.155
              Slack:=    2.276

#----------------------------------------------------------------------------------------------------------------------------------
# Timing Point                                 Net  Cell        Fanout   Load  Trans   Delay    Incr  Arrival  Edge  User    Power  
#                                                                        (pf)   (ns)    (ns)   Delay     (ns)        Derate  Domain  
#----------------------------------------------------------------------------------------------------------------------------------
  clk_i                                        -    (arrival)        1  0.004  0.050   0.000   0.000   -0.125  R     -       pd_aon  
  CTS_ccl_a_inv_00012/Y                        -    CLKINVX6         3  0.011  0.050   0.067   0.000   -0.058  F      1.030  pd_aon  
  CTS_ccl_a_inv_00007/Y                        -    CLKINVX6        24  0.014  0.067   0.072   0.000    0.014  R      1.030  pd_aon  
  operand_b_i_sr_reg_8/Q                       -    SDFFSRHQX4      10  0.011  0.068   0.366   0.000    0.380  F      1.079  pd_aon  
  WALLACE_CSA_DUMMY_OP_groupi59_g3601__7098/Y  -    NAND2XL          2  0.001  0.088   0.098   0.000    0.477  R      1.079  pd_aon  
  WALLACE_CSA_DUMMY_OP_groupi59_g3566__2883/Y  -    XOR2XL           1  0.003  0.053   0.349   0.076    0.826  F      1.079  pd_aon  
  prects_FE_OFC104_result_o_48/Y               -    INVX1            1  0.000  0.179   0.139   0.000    0.965  R      1.079  pd_aon  
  cts_FE_OFC33_result_o_48/Y                   -    INVX1            1  0.002  0.049   0.083   0.000    1.048  F      1.079  pd_aon  
  cts_FE_OFC71_result_o_48/Y                   -    CLKINVX6         1  0.008  0.079   0.070   0.000    1.119  R      1.079  pd_aon  
  cts_FE_OFC72_result_o_48/Y                   -    CLKINVX20        1  0.010  0.051   0.051   0.000    1.169  F      1.079  pd_aon  
  result_o[48]                                 -    -                1  0.010  0.037   0.000   0.000    1.169  F      1.070  pd_aon  
#----------------------------------------------------------------------------------------------------------------------------------
Path 128: MET (2.415 ns) Late Output Delay Assertion
               View: slow_0p9v_125c_cmax_func
              Group: reg2out
         Startpoint: (R) operand_b_i_sr_reg_0/CK
              Clock: (R) clk_i
           Endpoint: (R) result_o[32]
              Clock: (R) clk_i_virtual

                       Capture       Launch
         Clock Edge:+    5.000        0.000
         Drv Adjust:+    0.000        0.011
        Src Latency:+    0.000       -0.137
        Net Latency:+    0.000 (I)    0.140 (P)
            Arrival:=    5.000        0.014

       Output Delay:-    1.500
        Uncertainty:-    0.055
        Cppr Adjust:+    0.000
      Required Time:=    3.445
       Launch Clock:=    0.014
          Data Path:+    1.016
              Slack:=    2.415

#----------------------------------------------------------------------------------------------------------------------------------
# Timing Point                                 Net  Cell        Fanout   Load  Trans   Delay    Incr  Arrival  Edge  User    Power  
#                                                                        (pf)   (ns)    (ns)   Delay     (ns)        Derate  Domain  
#----------------------------------------------------------------------------------------------------------------------------------
  clk_i                                        -    (arrival)        1  0.004  0.050   0.000   0.000   -0.125  R     -       pd_aon  
  CTS_ccl_a_inv_00012/Y                        -    CLKINVX6         3  0.011  0.050   0.067   0.000   -0.058  F      1.030  pd_aon  
  CTS_ccl_a_inv_00007/Y                        -    CLKINVX6        24  0.014  0.067   0.072   0.000    0.014  R      1.030  pd_aon  
  operand_b_i_sr_reg_0/Q                       -    SDFFSRHQX4      10  0.010  0.068   0.324   0.000    0.338  R      1.079  pd_aon  
  WALLACE_CSA_DUMMY_OP_groupi58_g3601__5115/Y  -    NAND2XL          2  0.002  0.067   0.220   0.019    0.558  F      1.079  pd_aon  
  WALLACE_CSA_DUMMY_OP_groupi58_g3566__7410/Y  -    XOR2XL           1  0.002  0.215   0.331   0.000    0.889  R      1.079  pd_aon  
  prects_FE_OFC57_result_o_32/Y                -    CLKBUFX16        1  0.010  0.090   0.141   0.000    1.030  R      1.079  pd_aon  
  result_o[32]                                 -    -                1  0.010  0.040   0.000   0.000    1.030  R      1.070  pd_aon  
#----------------------------------------------------------------------------------------------------------------------------------
Path 129: MET (2.482 ns) Late Output Delay Assertion
               View: slow_0p9v_125c_cmax_func
              Group: reg2out
         Startpoint: (R) operand_b_i_sr_reg_8/CK
              Clock: (R) clk_i
           Endpoint: (R) result_o[16]
              Clock: (R) clk_i_virtual

                       Capture       Launch
         Clock Edge:+    5.000        0.000
         Drv Adjust:+    0.000        0.011
        Src Latency:+    0.000       -0.137
        Net Latency:+    0.000 (I)    0.140 (P)
            Arrival:=    5.000        0.014

       Output Delay:-    1.500
        Uncertainty:-    0.055
        Cppr Adjust:+    0.000
      Required Time:=    3.445
       Launch Clock:=    0.014
          Data Path:+    0.949
              Slack:=    2.482

#----------------------------------------------------------------------------------------------------------------------------------
# Timing Point                                 Net  Cell        Fanout   Load  Trans   Delay    Incr  Arrival  Edge  User    Power  
#                                                                        (pf)   (ns)    (ns)   Delay     (ns)        Derate  Domain  
#----------------------------------------------------------------------------------------------------------------------------------
  clk_i                                        -    (arrival)        1  0.004  0.050   0.000   0.000   -0.125  R     -       pd_aon  
  CTS_ccl_a_inv_00012/Y                        -    CLKINVX6         3  0.011  0.050   0.067   0.000   -0.058  F      1.030  pd_aon  
  CTS_ccl_a_inv_00007/Y                        -    CLKINVX6        24  0.014  0.067   0.072   0.000    0.014  R      1.030  pd_aon  
  operand_b_i_sr_reg_8/Q                       -    SDFFSRHQX4      10  0.011  0.068   0.329   0.000    0.343  R      1.079  pd_aon  
  WALLACE_CSA_DUMMY_OP_groupi57_g3601__5477/Y  -    NAND2XL          2  0.001  0.075   0.151   0.000    0.494  F      1.079  pd_aon  
  WALLACE_CSA_DUMMY_OP_groupi57_g3566__1617/Y  -    CLKXOR2X1        1  0.004  0.125   0.322   0.016    0.816  R      1.079  pd_aon  
  FE_OFC122_result_o_16/Y                      -    CLKBUFX16        1  0.011  0.099   0.147   0.000    0.963  R      1.079  pd_aon  
  result_o[16]                                 -    -                1  0.011  0.041   0.000   0.000    0.963  R      1.070  pd_aon  
#----------------------------------------------------------------------------------------------------------------------------------
Path 130: MET (2.501 ns) Late Output Delay Assertion
               View: slow_0p9v_125c_cmax_func
              Group: reg2out
         Startpoint: (R) operand_b_i_sr_reg_0/CK
              Clock: (R) clk_i
           Endpoint: (R) result_o[0]
              Clock: (R) clk_i_virtual

                       Capture       Launch
         Clock Edge:+    5.000        0.000
         Drv Adjust:+    0.000        0.011
        Src Latency:+    0.000       -0.137
        Net Latency:+    0.000 (I)    0.140 (P)
            Arrival:=    5.000        0.014

       Output Delay:-    1.500
        Uncertainty:-    0.055
        Cppr Adjust:+    0.000
      Required Time:=    3.445
       Launch Clock:=    0.014
          Data Path:+    0.930
              Slack:=    2.501

#--------------------------------------------------------------------------------------------------------------------------------
# Timing Point                               Net  Cell        Fanout   Load  Trans   Delay    Incr  Arrival  Edge  User    Power  
#                                                                      (pf)   (ns)    (ns)   Delay     (ns)        Derate  Domain  
#--------------------------------------------------------------------------------------------------------------------------------
  clk_i                                      -    (arrival)        1  0.004  0.050   0.000   0.000   -0.125  R     -       pd_aon  
  CTS_ccl_a_inv_00012/Y                      -    CLKINVX6         3  0.011  0.050   0.067   0.000   -0.058  F      1.030  pd_aon  
  CTS_ccl_a_inv_00007/Y                      -    CLKINVX6        24  0.014  0.067   0.072   0.000    0.014  R      1.030  pd_aon  
  operand_b_i_sr_reg_0/Q                     -    SDFFSRHQX4      10  0.010  0.068   0.324   0.000    0.338  R      1.079  pd_aon  
  WALLACE_CSA_DUMMY_OP_groupi_g3601__1705/Y  -    NAND2X1          2  0.002  0.067   0.178   0.026    0.516  F      1.079  pd_aon  
  WALLACE_CSA_DUMMY_OP_groupi_g3566__6161/Y  -    XOR2XL           1  0.002  0.145   0.290   0.000    0.806  R      1.079  pd_aon  
  prects_FE_OFC56_result_o_0/Y               -    CLKBUFX16        1  0.011  0.085   0.138   0.000    0.944  R      1.079  pd_aon  
  result_o[0]                                -    -                1  0.011  0.041   0.000   0.000    0.944  R      1.070  pd_aon  
#--------------------------------------------------------------------------------------------------------------------------------
Path 131: MET (3.921 ns) Latch Borrowed Time Check with Pin DFT_matmul_sync_lockup_latch_neg_edge/GN->D
               View: slow_0p9v_125c_cmax_scan_shift
              Group: clk_i
         Startpoint: (R) operand_b_i_sr_reg_4/CK
              Clock: (R) clk_i
           Endpoint: (R) DFT_matmul_sync_lockup_latch_neg_edge/D
              Clock: (F) clk_i

                       Capture       Launch
         Clock Edge:+    5.000        0.000
         Drv Adjust:+    0.011        0.011
        Src Latency:+   -0.639       -0.137
        Net Latency:+    0.109 (P)    0.140 (P)
            Arrival:=    4.481        0.014

      Time Borrowed:+    0.000
        Uncertainty:-    0.205
        Cppr Adjust:+    0.033
      Required Time:=    4.308
       Launch Clock:=    0.014
          Data Path:+    0.374
              Slack:=    3.921
     Timing Path:

#-----------------------------------------------------------------------------------------------------------------------------
# Timing Point                             Net  Cell       Fanout   Load  Trans   Delay    Incr  Arrival  Edge  User    Power  
#                                                                   (pf)   (ns)    (ns)   Delay     (ns)        Derate  Domain  
#-----------------------------------------------------------------------------------------------------------------------------
  clk_i                                    -    (arrival)       1  0.004  0.050   0.000   0.000   -0.125  R     -       pd_aon  
  CTS_ccl_a_inv_00012/Y                    -    CLKINVX6        3  0.011  0.050   0.067   0.000   -0.058  F      1.030  pd_aon  
  CTS_ccl_a_inv_00007/Y                    -    CLKINVX6       24  0.014  0.067   0.072   0.000    0.014  R      1.030  pd_aon  
  operand_b_i_sr_reg_4/QN                  -    SDFFSRX2        1  0.001  0.068   0.374   0.000    0.388  R      1.079  pd_aon  
  DFT_matmul_sync_lockup_latch_neg_edge/D  -    TLATNXL         1  0.001  0.027   0.000   0.000    0.388  R      1.070  pd_aon  
#-----------------------------------------------------------------------------------------------------------------------------
     Other End Path:

#------------------------------------------------------------------------------------------------------------------------------
# Timing Point                              Net  Cell       Fanout   Load  Trans   Delay    Incr  Arrival  Edge  User    Power  
#                                                                    (pf)   (ns)    (ns)   Delay     (ns)        Derate  Domain  
#------------------------------------------------------------------------------------------------------------------------------
  clk_i                                     -    (arrival)       1  0.003  0.033   0.000   0.000    4.372  F     -       pd_aon  
  CTS_ccl_a_inv_00012/Y                     -    CLKINVX6        3  0.011  0.033   0.043   0.000    4.415  R      0.927  pd_aon  
  CTS_ccl_a_inv_00007/Y                     -    CLKINVX6       24  0.014  0.050   0.066   0.000    4.481  F      0.927  pd_aon  
  DFT_matmul_sync_lockup_latch_neg_edge/GN  -    TLATNXL        24  0.014  0.078   0.000   0.000    4.481  F      0.930  pd_aon  
#------------------------------------------------------------------------------------------------------------------------------
Path 132: MET (5.746 ns) Recovery Check with Pin operand_a_i_sr_reg_19/CK->RN
               View: slow_0p9v_125c_cmax_func
              Group: in2reg
         Startpoint: (R) rst_ni
              Clock: (R) clk_i_virtual
           Endpoint: (R) operand_a_i_sr_reg_19/RN
              Clock: (R) clk_i

                       Capture       Launch
         Clock Edge:+   10.000        0.000
         Drv Adjust:+    0.009        0.002
        Src Latency:+   -0.137        0.000
        Net Latency:+    0.107 (P)    0.000 (I)
            Arrival:=    9.980        0.002

           Recovery:-    0.154
        Uncertainty:-    0.055
        Cppr Adjust:+    0.000
      Required Time:=    9.770
       Launch Clock:=    0.002
        Input Delay:+    3.500
          Data Path:+    0.523
              Slack:=    5.746
     Timing Path:

#---------------------------------------------------------------------------------------------------------------
# Timing Point              Net  Cell        Fanout   Load  Trans   Delay    Incr  Arrival  Edge  User    Power  
#                                                     (pf)   (ns)    (ns)   Delay     (ns)        Derate  Domain  
#---------------------------------------------------------------------------------------------------------------
  rst_ni                    -    (arrival)        1  0.000  0.051   0.000   0.000    3.502  R     -       pd_aon  
  FE_OFC0_rst_ni/Y          -    INVXL            2  0.001  0.051   0.084   0.000    3.586  F      1.079  pd_aon  
  FE_OFC1_rst_ni/Y          -    INVX2           28  0.016  0.073   0.155   0.000    3.741  R      1.079  pd_aon  
  FE_OFC3_rst_ni/Y          -    BUFX2           27  0.015  0.181   0.283   0.000    4.024  R      1.079  pd_aon  
  operand_a_i_sr_reg_19/RN  -    SDFFSRHQX4      27  0.015  0.170   0.000   0.000    4.024  R      1.070  pd_aon  
#---------------------------------------------------------------------------------------------------------------
     Other End Path:

#---------------------------------------------------------------------------------------------------------------
# Timing Point              Net  Cell        Fanout   Load  Trans   Delay    Incr  Arrival  Edge  User    Power  
#                                                     (pf)   (ns)    (ns)   Delay     (ns)        Derate  Domain  
#---------------------------------------------------------------------------------------------------------------
  clk_i                     -    (arrival)        1  0.003  0.027   0.000   0.000    9.873  R     -       pd_aon  
  CTS_ccl_a_inv_00012/Y     -    CLKINVX6         3  0.011  0.027   0.047   0.000    9.920  F      0.927  pd_aon  
  CTS_ccl_a_inv_00009/Y     -    CLKINVX6        20  0.013  0.060   0.060   0.000    9.980  R      0.927  pd_aon  
  operand_a_i_sr_reg_19/CK  -    SDFFSRHQX4      20  0.013  0.063   0.000   0.000    9.980  R      0.930  pd_aon  
#---------------------------------------------------------------------------------------------------------------
Path 133: MET (5.746 ns) Recovery Check with Pin operand_a_i_sr_reg_14/CK->RN
               View: slow_0p9v_125c_cmax_func
              Group: in2reg
         Startpoint: (R) rst_ni
              Clock: (R) clk_i_virtual
           Endpoint: (R) operand_a_i_sr_reg_14/RN
              Clock: (R) clk_i

                       Capture       Launch
         Clock Edge:+   10.000        0.000
         Drv Adjust:+    0.009        0.002
        Src Latency:+   -0.137        0.000
        Net Latency:+    0.107 (P)    0.000 (I)
            Arrival:=    9.980        0.002

           Recovery:-    0.154
        Uncertainty:-    0.055
        Cppr Adjust:+    0.000
      Required Time:=    9.770
       Launch Clock:=    0.002
        Input Delay:+    3.500
          Data Path:+    0.523
              Slack:=    5.746
     Timing Path:

#---------------------------------------------------------------------------------------------------------------
# Timing Point              Net  Cell        Fanout   Load  Trans   Delay    Incr  Arrival  Edge  User    Power  
#                                                     (pf)   (ns)    (ns)   Delay     (ns)        Derate  Domain  
#---------------------------------------------------------------------------------------------------------------
  rst_ni                    -    (arrival)        1  0.000  0.051   0.000   0.000    3.502  R     -       pd_aon  
  FE_OFC0_rst_ni/Y          -    INVXL            2  0.001  0.051   0.084   0.000    3.586  F      1.079  pd_aon  
  FE_OFC1_rst_ni/Y          -    INVX2           28  0.016  0.073   0.155   0.000    3.741  R      1.079  pd_aon  
  FE_OFC3_rst_ni/Y          -    BUFX2           27  0.015  0.181   0.283   0.000    4.024  R      1.079  pd_aon  
  operand_a_i_sr_reg_14/RN  -    SDFFSRHQX4      27  0.015  0.170   0.000   0.000    4.024  R      1.070  pd_aon  
#---------------------------------------------------------------------------------------------------------------
     Other End Path:

#---------------------------------------------------------------------------------------------------------------
# Timing Point              Net  Cell        Fanout   Load  Trans   Delay    Incr  Arrival  Edge  User    Power  
#                                                     (pf)   (ns)    (ns)   Delay     (ns)        Derate  Domain  
#---------------------------------------------------------------------------------------------------------------
  clk_i                     -    (arrival)        1  0.003  0.027   0.000   0.000    9.873  R     -       pd_aon  
  CTS_ccl_a_inv_00012/Y     -    CLKINVX6         3  0.011  0.027   0.047   0.000    9.920  F      0.927  pd_aon  
  CTS_ccl_a_inv_00009/Y     -    CLKINVX6        20  0.013  0.060   0.060   0.000    9.980  R      0.927  pd_aon  
  operand_a_i_sr_reg_14/CK  -    SDFFSRHQX4      20  0.013  0.063   0.000   0.000    9.980  R      0.930  pd_aon  
#---------------------------------------------------------------------------------------------------------------
Path 134: MET (5.746 ns) Recovery Check with Pin operand_a_i_sr_reg_18/CK->RN
               View: slow_0p9v_125c_cmax_func
              Group: in2reg
         Startpoint: (R) rst_ni
              Clock: (R) clk_i_virtual
           Endpoint: (R) operand_a_i_sr_reg_18/RN
              Clock: (R) clk_i

                       Capture       Launch
         Clock Edge:+   10.000        0.000
         Drv Adjust:+    0.009        0.002
        Src Latency:+   -0.137        0.000
        Net Latency:+    0.107 (P)    0.000 (I)
            Arrival:=    9.980        0.002

           Recovery:-    0.154
        Uncertainty:-    0.055
        Cppr Adjust:+    0.000
      Required Time:=    9.770
       Launch Clock:=    0.002
        Input Delay:+    3.500
          Data Path:+    0.523
              Slack:=    5.746
     Timing Path:

#---------------------------------------------------------------------------------------------------------------
# Timing Point              Net  Cell        Fanout   Load  Trans   Delay    Incr  Arrival  Edge  User    Power  
#                                                     (pf)   (ns)    (ns)   Delay     (ns)        Derate  Domain  
#---------------------------------------------------------------------------------------------------------------
  rst_ni                    -    (arrival)        1  0.000  0.051   0.000   0.000    3.502  R     -       pd_aon  
  FE_OFC0_rst_ni/Y          -    INVXL            2  0.001  0.051   0.084   0.000    3.586  F      1.079  pd_aon  
  FE_OFC1_rst_ni/Y          -    INVX2           28  0.016  0.073   0.155   0.000    3.741  R      1.079  pd_aon  
  FE_OFC3_rst_ni/Y          -    BUFX2           27  0.015  0.181   0.283   0.000    4.024  R      1.079  pd_aon  
  operand_a_i_sr_reg_18/RN  -    SDFFSRHQX4      27  0.015  0.170   0.000   0.000    4.024  R      1.070  pd_aon  
#---------------------------------------------------------------------------------------------------------------
     Other End Path:

#---------------------------------------------------------------------------------------------------------------
# Timing Point              Net  Cell        Fanout   Load  Trans   Delay    Incr  Arrival  Edge  User    Power  
#                                                     (pf)   (ns)    (ns)   Delay     (ns)        Derate  Domain  
#---------------------------------------------------------------------------------------------------------------
  clk_i                     -    (arrival)        1  0.003  0.027   0.000   0.000    9.873  R     -       pd_aon  
  CTS_ccl_a_inv_00012/Y     -    CLKINVX6         3  0.011  0.027   0.047   0.000    9.920  F      0.927  pd_aon  
  CTS_ccl_a_inv_00009/Y     -    CLKINVX6        20  0.013  0.060   0.060   0.000    9.980  R      0.927  pd_aon  
  operand_a_i_sr_reg_18/CK  -    SDFFSRHQX4      20  0.013  0.063   0.000   0.000    9.980  R      0.930  pd_aon  
#---------------------------------------------------------------------------------------------------------------
Path 135: MET (5.746 ns) Recovery Check with Pin operand_a_i_sr_reg_20/CK->RN
               View: slow_0p9v_125c_cmax_func
              Group: in2reg
         Startpoint: (R) rst_ni
              Clock: (R) clk_i_virtual
           Endpoint: (R) operand_a_i_sr_reg_20/RN
              Clock: (R) clk_i

                       Capture       Launch
         Clock Edge:+   10.000        0.000
         Drv Adjust:+    0.009        0.002
        Src Latency:+   -0.137        0.000
        Net Latency:+    0.107 (P)    0.000 (I)
            Arrival:=    9.980        0.002

           Recovery:-    0.154
        Uncertainty:-    0.055
        Cppr Adjust:+    0.000
      Required Time:=    9.770
       Launch Clock:=    0.002
        Input Delay:+    3.500
          Data Path:+    0.523
              Slack:=    5.746
     Timing Path:

#---------------------------------------------------------------------------------------------------------------
# Timing Point              Net  Cell        Fanout   Load  Trans   Delay    Incr  Arrival  Edge  User    Power  
#                                                     (pf)   (ns)    (ns)   Delay     (ns)        Derate  Domain  
#---------------------------------------------------------------------------------------------------------------
  rst_ni                    -    (arrival)        1  0.000  0.051   0.000   0.000    3.502  R     -       pd_aon  
  FE_OFC0_rst_ni/Y          -    INVXL            2  0.001  0.051   0.084   0.000    3.586  F      1.079  pd_aon  
  FE_OFC1_rst_ni/Y          -    INVX2           28  0.016  0.073   0.155   0.000    3.741  R      1.079  pd_aon  
  FE_OFC3_rst_ni/Y          -    BUFX2           27  0.015  0.181   0.283   0.000    4.024  R      1.079  pd_aon  
  operand_a_i_sr_reg_20/RN  -    SDFFSRHQX4      27  0.015  0.170   0.000   0.000    4.024  R      1.070  pd_aon  
#---------------------------------------------------------------------------------------------------------------
     Other End Path:

#---------------------------------------------------------------------------------------------------------------
# Timing Point              Net  Cell        Fanout   Load  Trans   Delay    Incr  Arrival  Edge  User    Power  
#                                                     (pf)   (ns)    (ns)   Delay     (ns)        Derate  Domain  
#---------------------------------------------------------------------------------------------------------------
  clk_i                     -    (arrival)        1  0.003  0.027   0.000   0.000    9.873  R     -       pd_aon  
  CTS_ccl_a_inv_00012/Y     -    CLKINVX6         3  0.011  0.027   0.047   0.000    9.920  F      0.927  pd_aon  
  CTS_ccl_a_inv_00009/Y     -    CLKINVX6        20  0.013  0.060   0.060   0.000    9.980  R      0.927  pd_aon  
  operand_a_i_sr_reg_20/CK  -    SDFFSRHQX4      20  0.013  0.063   0.000   0.000    9.980  R      0.930  pd_aon  
#---------------------------------------------------------------------------------------------------------------
Path 136: MET (5.746 ns) Recovery Check with Pin operand_a_i_sr_reg_8/CK->RN
               View: slow_0p9v_125c_cmax_func
              Group: in2reg
         Startpoint: (R) rst_ni
              Clock: (R) clk_i_virtual
           Endpoint: (R) operand_a_i_sr_reg_8/RN
              Clock: (R) clk_i

                       Capture       Launch
         Clock Edge:+   10.000        0.000
         Drv Adjust:+    0.009        0.002
        Src Latency:+   -0.137        0.000
        Net Latency:+    0.107 (P)    0.000 (I)
            Arrival:=    9.980        0.002

           Recovery:-    0.154
        Uncertainty:-    0.055
        Cppr Adjust:+    0.000
      Required Time:=    9.771
       Launch Clock:=    0.002
        Input Delay:+    3.500
          Data Path:+    0.523
              Slack:=    5.746
     Timing Path:

#--------------------------------------------------------------------------------------------------------------
# Timing Point             Net  Cell        Fanout   Load  Trans   Delay    Incr  Arrival  Edge  User    Power  
#                                                    (pf)   (ns)    (ns)   Delay     (ns)        Derate  Domain  
#--------------------------------------------------------------------------------------------------------------
  rst_ni                   -    (arrival)        1  0.000  0.051   0.000   0.000    3.502  R     -       pd_aon  
  FE_OFC0_rst_ni/Y         -    INVXL            2  0.001  0.051   0.084   0.000    3.586  F      1.079  pd_aon  
  FE_OFC1_rst_ni/Y         -    INVX2           28  0.016  0.073   0.155   0.000    3.741  R      1.079  pd_aon  
  FE_OFC3_rst_ni/Y         -    BUFX2           27  0.015  0.181   0.283   0.000    4.024  R      1.079  pd_aon  
  operand_a_i_sr_reg_8/RN  -    SDFFSRHQX4      27  0.015  0.170   0.000   0.000    4.024  R      1.070  pd_aon  
#--------------------------------------------------------------------------------------------------------------
     Other End Path:

#--------------------------------------------------------------------------------------------------------------
# Timing Point             Net  Cell        Fanout   Load  Trans   Delay    Incr  Arrival  Edge  User    Power  
#                                                    (pf)   (ns)    (ns)   Delay     (ns)        Derate  Domain  
#--------------------------------------------------------------------------------------------------------------
  clk_i                    -    (arrival)        1  0.003  0.027   0.000   0.000    9.873  R     -       pd_aon  
  CTS_ccl_a_inv_00012/Y    -    CLKINVX6         3  0.011  0.027   0.047   0.000    9.920  F      0.927  pd_aon  
  CTS_ccl_a_inv_00009/Y    -    CLKINVX6        20  0.013  0.060   0.060   0.000    9.980  R      0.927  pd_aon  
  operand_a_i_sr_reg_8/CK  -    SDFFSRHQX4      20  0.013  0.063   0.000   0.000    9.980  R      0.930  pd_aon  
#--------------------------------------------------------------------------------------------------------------
Path 137: MET (5.746 ns) Recovery Check with Pin operand_a_i_sr_reg_2/CK->RN
               View: slow_0p9v_125c_cmax_func
              Group: in2reg
         Startpoint: (R) rst_ni
              Clock: (R) clk_i_virtual
           Endpoint: (R) operand_a_i_sr_reg_2/RN
              Clock: (R) clk_i

                       Capture       Launch
         Clock Edge:+   10.000        0.000
         Drv Adjust:+    0.009        0.002
        Src Latency:+   -0.137        0.000
        Net Latency:+    0.107 (P)    0.000 (I)
            Arrival:=    9.980        0.002

           Recovery:-    0.154
        Uncertainty:-    0.055
        Cppr Adjust:+    0.000
      Required Time:=    9.771
       Launch Clock:=    0.002
        Input Delay:+    3.500
          Data Path:+    0.523
              Slack:=    5.746
     Timing Path:

#--------------------------------------------------------------------------------------------------------------
# Timing Point             Net  Cell        Fanout   Load  Trans   Delay    Incr  Arrival  Edge  User    Power  
#                                                    (pf)   (ns)    (ns)   Delay     (ns)        Derate  Domain  
#--------------------------------------------------------------------------------------------------------------
  rst_ni                   -    (arrival)        1  0.000  0.051   0.000   0.000    3.502  R     -       pd_aon  
  FE_OFC0_rst_ni/Y         -    INVXL            2  0.001  0.051   0.084   0.000    3.586  F      1.079  pd_aon  
  FE_OFC1_rst_ni/Y         -    INVX2           28  0.016  0.073   0.155   0.000    3.741  R      1.079  pd_aon  
  FE_OFC3_rst_ni/Y         -    BUFX2           27  0.015  0.181   0.283   0.000    4.024  R      1.079  pd_aon  
  operand_a_i_sr_reg_2/RN  -    SDFFSRHQX4      27  0.015  0.170   0.000   0.000    4.024  R      1.070  pd_aon  
#--------------------------------------------------------------------------------------------------------------
     Other End Path:

#--------------------------------------------------------------------------------------------------------------
# Timing Point             Net  Cell        Fanout   Load  Trans   Delay    Incr  Arrival  Edge  User    Power  
#                                                    (pf)   (ns)    (ns)   Delay     (ns)        Derate  Domain  
#--------------------------------------------------------------------------------------------------------------
  clk_i                    -    (arrival)        1  0.003  0.027   0.000   0.000    9.873  R     -       pd_aon  
  CTS_ccl_a_inv_00012/Y    -    CLKINVX6         3  0.011  0.027   0.047   0.000    9.920  F      0.927  pd_aon  
  CTS_ccl_a_inv_00009/Y    -    CLKINVX6        20  0.013  0.060   0.060   0.000    9.980  R      0.927  pd_aon  
  operand_a_i_sr_reg_2/CK  -    SDFFSRHQX4      20  0.013  0.063   0.000   0.000    9.980  R      0.930  pd_aon  
#--------------------------------------------------------------------------------------------------------------
Path 138: MET (5.746 ns) Recovery Check with Pin operand_b_i_sr_reg_26/CK->RN
               View: slow_0p9v_125c_cmax_func
              Group: in2reg
         Startpoint: (R) rst_ni
              Clock: (R) clk_i_virtual
           Endpoint: (R) operand_b_i_sr_reg_26/RN
              Clock: (R) clk_i

                       Capture       Launch
         Clock Edge:+   10.000        0.000
         Drv Adjust:+    0.009        0.002
        Src Latency:+   -0.137        0.000
        Net Latency:+    0.107 (P)    0.000 (I)
            Arrival:=    9.980        0.002

           Recovery:-    0.154
        Uncertainty:-    0.055
        Cppr Adjust:+    0.000
      Required Time:=    9.771
       Launch Clock:=    0.002
        Input Delay:+    3.500
          Data Path:+    0.523
              Slack:=    5.746
     Timing Path:

#---------------------------------------------------------------------------------------------------------------
# Timing Point              Net  Cell        Fanout   Load  Trans   Delay    Incr  Arrival  Edge  User    Power  
#                                                     (pf)   (ns)    (ns)   Delay     (ns)        Derate  Domain  
#---------------------------------------------------------------------------------------------------------------
  rst_ni                    -    (arrival)        1  0.000  0.051   0.000   0.000    3.502  R     -       pd_aon  
  FE_OFC0_rst_ni/Y          -    INVXL            2  0.001  0.051   0.084   0.000    3.586  F      1.079  pd_aon  
  FE_OFC1_rst_ni/Y          -    INVX2           28  0.016  0.073   0.155   0.000    3.741  R      1.079  pd_aon  
  FE_OFC3_rst_ni/Y          -    BUFX2           27  0.015  0.181   0.283   0.000    4.024  R      1.079  pd_aon  
  operand_b_i_sr_reg_26/RN  -    SDFFSRHQX4      27  0.015  0.170   0.000   0.000    4.024  R      1.070  pd_aon  
#---------------------------------------------------------------------------------------------------------------
     Other End Path:

#---------------------------------------------------------------------------------------------------------------
# Timing Point              Net  Cell        Fanout   Load  Trans   Delay    Incr  Arrival  Edge  User    Power  
#                                                     (pf)   (ns)    (ns)   Delay     (ns)        Derate  Domain  
#---------------------------------------------------------------------------------------------------------------
  clk_i                     -    (arrival)        1  0.003  0.027   0.000   0.000    9.873  R     -       pd_aon  
  CTS_ccl_a_inv_00012/Y     -    CLKINVX6         3  0.011  0.027   0.047   0.000    9.920  F      0.927  pd_aon  
  CTS_ccl_a_inv_00009/Y     -    CLKINVX6        20  0.013  0.060   0.060   0.000    9.980  R      0.927  pd_aon  
  operand_b_i_sr_reg_26/CK  -    SDFFSRHQX4      20  0.013  0.063   0.000   0.000    9.980  R      0.930  pd_aon  
#---------------------------------------------------------------------------------------------------------------
Path 139: MET (5.746 ns) Recovery Check with Pin operand_a_i_sr_reg_13/CK->RN
               View: slow_0p9v_125c_cmax_func
              Group: in2reg
         Startpoint: (R) rst_ni
              Clock: (R) clk_i_virtual
           Endpoint: (R) operand_a_i_sr_reg_13/RN
              Clock: (R) clk_i

                       Capture       Launch
         Clock Edge:+   10.000        0.000
         Drv Adjust:+    0.009        0.002
        Src Latency:+   -0.137        0.000
        Net Latency:+    0.107 (P)    0.000 (I)
            Arrival:=    9.980        0.002

           Recovery:-    0.154
        Uncertainty:-    0.055
        Cppr Adjust:+    0.000
      Required Time:=    9.771
       Launch Clock:=    0.002
        Input Delay:+    3.500
          Data Path:+    0.523
              Slack:=    5.746
     Timing Path:

#---------------------------------------------------------------------------------------------------------------
# Timing Point              Net  Cell        Fanout   Load  Trans   Delay    Incr  Arrival  Edge  User    Power  
#                                                     (pf)   (ns)    (ns)   Delay     (ns)        Derate  Domain  
#---------------------------------------------------------------------------------------------------------------
  rst_ni                    -    (arrival)        1  0.000  0.051   0.000   0.000    3.502  R     -       pd_aon  
  FE_OFC0_rst_ni/Y          -    INVXL            2  0.001  0.051   0.084   0.000    3.586  F      1.079  pd_aon  
  FE_OFC1_rst_ni/Y          -    INVX2           28  0.016  0.073   0.155   0.000    3.741  R      1.079  pd_aon  
  FE_OFC3_rst_ni/Y          -    BUFX2           27  0.015  0.181   0.283   0.000    4.024  R      1.079  pd_aon  
  operand_a_i_sr_reg_13/RN  -    SDFFSRHQX4      27  0.015  0.170   0.000   0.000    4.024  R      1.070  pd_aon  
#---------------------------------------------------------------------------------------------------------------
     Other End Path:

#---------------------------------------------------------------------------------------------------------------
# Timing Point              Net  Cell        Fanout   Load  Trans   Delay    Incr  Arrival  Edge  User    Power  
#                                                     (pf)   (ns)    (ns)   Delay     (ns)        Derate  Domain  
#---------------------------------------------------------------------------------------------------------------
  clk_i                     -    (arrival)        1  0.003  0.027   0.000   0.000    9.873  R     -       pd_aon  
  CTS_ccl_a_inv_00012/Y     -    CLKINVX6         3  0.011  0.027   0.047   0.000    9.920  F      0.927  pd_aon  
  CTS_ccl_a_inv_00009/Y     -    CLKINVX6        20  0.013  0.060   0.060   0.000    9.980  R      0.927  pd_aon  
  operand_a_i_sr_reg_13/CK  -    SDFFSRHQX4      20  0.013  0.063   0.000   0.000    9.980  R      0.930  pd_aon  
#---------------------------------------------------------------------------------------------------------------
Path 140: MET (5.746 ns) Recovery Check with Pin operand_a_i_sr_reg_7/CK->RN
               View: slow_0p9v_125c_cmax_func
              Group: in2reg
         Startpoint: (R) rst_ni
              Clock: (R) clk_i_virtual
           Endpoint: (R) operand_a_i_sr_reg_7/RN
              Clock: (R) clk_i

                       Capture       Launch
         Clock Edge:+   10.000        0.000
         Drv Adjust:+    0.009        0.002
        Src Latency:+   -0.137        0.000
        Net Latency:+    0.107 (P)    0.000 (I)
            Arrival:=    9.980        0.002

           Recovery:-    0.154
        Uncertainty:-    0.055
        Cppr Adjust:+    0.000
      Required Time:=    9.771
       Launch Clock:=    0.002
        Input Delay:+    3.500
          Data Path:+    0.523
              Slack:=    5.746
     Timing Path:

#--------------------------------------------------------------------------------------------------------------
# Timing Point             Net  Cell        Fanout   Load  Trans   Delay    Incr  Arrival  Edge  User    Power  
#                                                    (pf)   (ns)    (ns)   Delay     (ns)        Derate  Domain  
#--------------------------------------------------------------------------------------------------------------
  rst_ni                   -    (arrival)        1  0.000  0.051   0.000   0.000    3.502  R     -       pd_aon  
  FE_OFC0_rst_ni/Y         -    INVXL            2  0.001  0.051   0.084   0.000    3.586  F      1.079  pd_aon  
  FE_OFC1_rst_ni/Y         -    INVX2           28  0.016  0.073   0.155   0.000    3.741  R      1.079  pd_aon  
  FE_OFC3_rst_ni/Y         -    BUFX2           27  0.015  0.181   0.283   0.000    4.024  R      1.079  pd_aon  
  operand_a_i_sr_reg_7/RN  -    SDFFSRHQX4      27  0.015  0.170   0.000   0.000    4.024  R      1.070  pd_aon  
#--------------------------------------------------------------------------------------------------------------
     Other End Path:

#--------------------------------------------------------------------------------------------------------------
# Timing Point             Net  Cell        Fanout   Load  Trans   Delay    Incr  Arrival  Edge  User    Power  
#                                                    (pf)   (ns)    (ns)   Delay     (ns)        Derate  Domain  
#--------------------------------------------------------------------------------------------------------------
  clk_i                    -    (arrival)        1  0.003  0.027   0.000   0.000    9.873  R     -       pd_aon  
  CTS_ccl_a_inv_00012/Y    -    CLKINVX6         3  0.011  0.027   0.047   0.000    9.920  F      0.927  pd_aon  
  CTS_ccl_a_inv_00009/Y    -    CLKINVX6        20  0.013  0.060   0.060   0.000    9.980  R      0.927  pd_aon  
  operand_a_i_sr_reg_7/CK  -    SDFFSRHQX4      20  0.013  0.063   0.000   0.000    9.980  R      0.930  pd_aon  
#--------------------------------------------------------------------------------------------------------------
Path 141: MET (5.746 ns) Recovery Check with Pin operand_a_i_sr_reg_6/CK->RN
               View: slow_0p9v_125c_cmax_func
              Group: in2reg
         Startpoint: (R) rst_ni
              Clock: (R) clk_i_virtual
           Endpoint: (R) operand_a_i_sr_reg_6/RN
              Clock: (R) clk_i

                       Capture       Launch
         Clock Edge:+   10.000        0.000
         Drv Adjust:+    0.009        0.002
        Src Latency:+   -0.137        0.000
        Net Latency:+    0.107 (P)    0.000 (I)
            Arrival:=    9.980        0.002

           Recovery:-    0.154
        Uncertainty:-    0.055
        Cppr Adjust:+    0.000
      Required Time:=    9.771
       Launch Clock:=    0.002
        Input Delay:+    3.500
          Data Path:+    0.523
              Slack:=    5.746
     Timing Path:

#--------------------------------------------------------------------------------------------------------------
# Timing Point             Net  Cell        Fanout   Load  Trans   Delay    Incr  Arrival  Edge  User    Power  
#                                                    (pf)   (ns)    (ns)   Delay     (ns)        Derate  Domain  
#--------------------------------------------------------------------------------------------------------------
  rst_ni                   -    (arrival)        1  0.000  0.051   0.000   0.000    3.502  R     -       pd_aon  
  FE_OFC0_rst_ni/Y         -    INVXL            2  0.001  0.051   0.084   0.000    3.586  F      1.079  pd_aon  
  FE_OFC1_rst_ni/Y         -    INVX2           28  0.016  0.073   0.155   0.000    3.741  R      1.079  pd_aon  
  FE_OFC3_rst_ni/Y         -    BUFX2           27  0.015  0.181   0.283   0.000    4.024  R      1.079  pd_aon  
  operand_a_i_sr_reg_6/RN  -    SDFFSRHQX4      27  0.015  0.170   0.000   0.000    4.024  R      1.070  pd_aon  
#--------------------------------------------------------------------------------------------------------------
     Other End Path:

#--------------------------------------------------------------------------------------------------------------
# Timing Point             Net  Cell        Fanout   Load  Trans   Delay    Incr  Arrival  Edge  User    Power  
#                                                    (pf)   (ns)    (ns)   Delay     (ns)        Derate  Domain  
#--------------------------------------------------------------------------------------------------------------
  clk_i                    -    (arrival)        1  0.003  0.027   0.000   0.000    9.873  R     -       pd_aon  
  CTS_ccl_a_inv_00012/Y    -    CLKINVX6         3  0.011  0.027   0.047   0.000    9.920  F      0.927  pd_aon  
  CTS_ccl_a_inv_00009/Y    -    CLKINVX6        20  0.013  0.060   0.060   0.000    9.980  R      0.927  pd_aon  
  operand_a_i_sr_reg_6/CK  -    SDFFSRHQX4      20  0.013  0.063   0.000   0.000    9.980  R      0.930  pd_aon  
#--------------------------------------------------------------------------------------------------------------
Path 142: MET (5.746 ns) Recovery Check with Pin operand_a_i_sr_reg_4/CK->RN
               View: slow_0p9v_125c_cmax_func
              Group: in2reg
         Startpoint: (R) rst_ni
              Clock: (R) clk_i_virtual
           Endpoint: (R) operand_a_i_sr_reg_4/RN
              Clock: (R) clk_i

                       Capture       Launch
         Clock Edge:+   10.000        0.000
         Drv Adjust:+    0.009        0.002
        Src Latency:+   -0.137        0.000
        Net Latency:+    0.107 (P)    0.000 (I)
            Arrival:=    9.980        0.002

           Recovery:-    0.154
        Uncertainty:-    0.055
        Cppr Adjust:+    0.000
      Required Time:=    9.771
       Launch Clock:=    0.002
        Input Delay:+    3.500
          Data Path:+    0.523
              Slack:=    5.746
     Timing Path:

#--------------------------------------------------------------------------------------------------------------
# Timing Point             Net  Cell        Fanout   Load  Trans   Delay    Incr  Arrival  Edge  User    Power  
#                                                    (pf)   (ns)    (ns)   Delay     (ns)        Derate  Domain  
#--------------------------------------------------------------------------------------------------------------
  rst_ni                   -    (arrival)        1  0.000  0.051   0.000   0.000    3.502  R     -       pd_aon  
  FE_OFC0_rst_ni/Y         -    INVXL            2  0.001  0.051   0.084   0.000    3.586  F      1.079  pd_aon  
  FE_OFC1_rst_ni/Y         -    INVX2           28  0.016  0.073   0.155   0.000    3.741  R      1.079  pd_aon  
  FE_OFC3_rst_ni/Y         -    BUFX2           27  0.015  0.181   0.283   0.000    4.024  R      1.079  pd_aon  
  operand_a_i_sr_reg_4/RN  -    SDFFSRHQX4      27  0.015  0.170   0.000   0.000    4.024  R      1.070  pd_aon  
#--------------------------------------------------------------------------------------------------------------
     Other End Path:

#--------------------------------------------------------------------------------------------------------------
# Timing Point             Net  Cell        Fanout   Load  Trans   Delay    Incr  Arrival  Edge  User    Power  
#                                                    (pf)   (ns)    (ns)   Delay     (ns)        Derate  Domain  
#--------------------------------------------------------------------------------------------------------------
  clk_i                    -    (arrival)        1  0.003  0.027   0.000   0.000    9.873  R     -       pd_aon  
  CTS_ccl_a_inv_00012/Y    -    CLKINVX6         3  0.011  0.027   0.047   0.000    9.920  F      0.927  pd_aon  
  CTS_ccl_a_inv_00009/Y    -    CLKINVX6        20  0.013  0.060   0.060   0.000    9.980  R      0.927  pd_aon  
  operand_a_i_sr_reg_4/CK  -    SDFFSRHQX4      20  0.013  0.063   0.000   0.000    9.980  R      0.930  pd_aon  
#--------------------------------------------------------------------------------------------------------------
Path 143: MET (5.746 ns) Recovery Check with Pin operand_a_i_sr_reg_5/CK->RN
               View: slow_0p9v_125c_cmax_func
              Group: in2reg
         Startpoint: (R) rst_ni
              Clock: (R) clk_i_virtual
           Endpoint: (R) operand_a_i_sr_reg_5/RN
              Clock: (R) clk_i

                       Capture       Launch
         Clock Edge:+   10.000        0.000
         Drv Adjust:+    0.009        0.002
        Src Latency:+   -0.137        0.000
        Net Latency:+    0.107 (P)    0.000 (I)
            Arrival:=    9.980        0.002

           Recovery:-    0.154
        Uncertainty:-    0.055
        Cppr Adjust:+    0.000
      Required Time:=    9.771
       Launch Clock:=    0.002
        Input Delay:+    3.500
          Data Path:+    0.523
              Slack:=    5.746
     Timing Path:

#--------------------------------------------------------------------------------------------------------------
# Timing Point             Net  Cell        Fanout   Load  Trans   Delay    Incr  Arrival  Edge  User    Power  
#                                                    (pf)   (ns)    (ns)   Delay     (ns)        Derate  Domain  
#--------------------------------------------------------------------------------------------------------------
  rst_ni                   -    (arrival)        1  0.000  0.051   0.000   0.000    3.502  R     -       pd_aon  
  FE_OFC0_rst_ni/Y         -    INVXL            2  0.001  0.051   0.084   0.000    3.586  F      1.079  pd_aon  
  FE_OFC1_rst_ni/Y         -    INVX2           28  0.016  0.073   0.155   0.000    3.741  R      1.079  pd_aon  
  FE_OFC3_rst_ni/Y         -    BUFX2           27  0.015  0.181   0.283   0.000    4.024  R      1.079  pd_aon  
  operand_a_i_sr_reg_5/RN  -    SDFFSRHQX4      27  0.015  0.170   0.000   0.000    4.024  R      1.070  pd_aon  
#--------------------------------------------------------------------------------------------------------------
     Other End Path:

#--------------------------------------------------------------------------------------------------------------
# Timing Point             Net  Cell        Fanout   Load  Trans   Delay    Incr  Arrival  Edge  User    Power  
#                                                    (pf)   (ns)    (ns)   Delay     (ns)        Derate  Domain  
#--------------------------------------------------------------------------------------------------------------
  clk_i                    -    (arrival)        1  0.003  0.027   0.000   0.000    9.873  R     -       pd_aon  
  CTS_ccl_a_inv_00012/Y    -    CLKINVX6         3  0.011  0.027   0.047   0.000    9.920  F      0.927  pd_aon  
  CTS_ccl_a_inv_00009/Y    -    CLKINVX6        20  0.013  0.060   0.060   0.000    9.980  R      0.927  pd_aon  
  operand_a_i_sr_reg_5/CK  -    SDFFSRHQX4      20  0.013  0.063   0.000   0.000    9.980  R      0.930  pd_aon  
#--------------------------------------------------------------------------------------------------------------
Path 144: MET (5.746 ns) Recovery Check with Pin operand_b_i_sr_reg_28/CK->RN
               View: slow_0p9v_125c_cmax_func
              Group: in2reg
         Startpoint: (R) rst_ni
              Clock: (R) clk_i_virtual
           Endpoint: (R) operand_b_i_sr_reg_28/RN
              Clock: (R) clk_i

                       Capture       Launch
         Clock Edge:+   10.000        0.000
         Drv Adjust:+    0.009        0.002
        Src Latency:+   -0.137        0.000
        Net Latency:+    0.107 (P)    0.000 (I)
            Arrival:=    9.980        0.002

           Recovery:-    0.154
        Uncertainty:-    0.055
        Cppr Adjust:+    0.000
      Required Time:=    9.771
       Launch Clock:=    0.002
        Input Delay:+    3.500
          Data Path:+    0.523
              Slack:=    5.746
     Timing Path:

#---------------------------------------------------------------------------------------------------------------
# Timing Point              Net  Cell        Fanout   Load  Trans   Delay    Incr  Arrival  Edge  User    Power  
#                                                     (pf)   (ns)    (ns)   Delay     (ns)        Derate  Domain  
#---------------------------------------------------------------------------------------------------------------
  rst_ni                    -    (arrival)        1  0.000  0.051   0.000   0.000    3.502  R     -       pd_aon  
  FE_OFC0_rst_ni/Y          -    INVXL            2  0.001  0.051   0.084   0.000    3.586  F      1.079  pd_aon  
  FE_OFC1_rst_ni/Y          -    INVX2           28  0.016  0.073   0.155   0.000    3.741  R      1.079  pd_aon  
  FE_OFC3_rst_ni/Y          -    BUFX2           27  0.015  0.181   0.283   0.000    4.024  R      1.079  pd_aon  
  operand_b_i_sr_reg_28/RN  -    SDFFSRHQX4      27  0.015  0.170   0.000   0.000    4.024  R      1.070  pd_aon  
#---------------------------------------------------------------------------------------------------------------
     Other End Path:

#---------------------------------------------------------------------------------------------------------------
# Timing Point              Net  Cell        Fanout   Load  Trans   Delay    Incr  Arrival  Edge  User    Power  
#                                                     (pf)   (ns)    (ns)   Delay     (ns)        Derate  Domain  
#---------------------------------------------------------------------------------------------------------------
  clk_i                     -    (arrival)        1  0.003  0.027   0.000   0.000    9.873  R     -       pd_aon  
  CTS_ccl_a_inv_00012/Y     -    CLKINVX6         3  0.011  0.027   0.047   0.000    9.920  F      0.927  pd_aon  
  CTS_ccl_a_inv_00009/Y     -    CLKINVX6        20  0.013  0.060   0.060   0.000    9.980  R      0.927  pd_aon  
  operand_b_i_sr_reg_28/CK  -    SDFFSRHQX4      20  0.013  0.063   0.000   0.000    9.980  R      0.930  pd_aon  
#---------------------------------------------------------------------------------------------------------------
Path 145: MET (5.746 ns) Recovery Check with Pin operand_a_i_sr_reg_9/CK->RN
               View: slow_0p9v_125c_cmax_func
              Group: in2reg
         Startpoint: (R) rst_ni
              Clock: (R) clk_i_virtual
           Endpoint: (R) operand_a_i_sr_reg_9/RN
              Clock: (R) clk_i

                       Capture       Launch
         Clock Edge:+   10.000        0.000
         Drv Adjust:+    0.009        0.002
        Src Latency:+   -0.137        0.000
        Net Latency:+    0.107 (P)    0.000 (I)
            Arrival:=    9.980        0.002

           Recovery:-    0.154
        Uncertainty:-    0.055
        Cppr Adjust:+    0.000
      Required Time:=    9.771
       Launch Clock:=    0.002
        Input Delay:+    3.500
          Data Path:+    0.523
              Slack:=    5.746
     Timing Path:

#--------------------------------------------------------------------------------------------------------------
# Timing Point             Net  Cell        Fanout   Load  Trans   Delay    Incr  Arrival  Edge  User    Power  
#                                                    (pf)   (ns)    (ns)   Delay     (ns)        Derate  Domain  
#--------------------------------------------------------------------------------------------------------------
  rst_ni                   -    (arrival)        1  0.000  0.051   0.000   0.000    3.502  R     -       pd_aon  
  FE_OFC0_rst_ni/Y         -    INVXL            2  0.001  0.051   0.084   0.000    3.586  F      1.079  pd_aon  
  FE_OFC1_rst_ni/Y         -    INVX2           28  0.016  0.073   0.155   0.000    3.741  R      1.079  pd_aon  
  FE_OFC3_rst_ni/Y         -    BUFX2           27  0.015  0.181   0.283   0.000    4.024  R      1.079  pd_aon  
  operand_a_i_sr_reg_9/RN  -    SDFFSRHQX4      27  0.015  0.170   0.000   0.000    4.024  R      1.070  pd_aon  
#--------------------------------------------------------------------------------------------------------------
     Other End Path:

#--------------------------------------------------------------------------------------------------------------
# Timing Point             Net  Cell        Fanout   Load  Trans   Delay    Incr  Arrival  Edge  User    Power  
#                                                    (pf)   (ns)    (ns)   Delay     (ns)        Derate  Domain  
#--------------------------------------------------------------------------------------------------------------
  clk_i                    -    (arrival)        1  0.003  0.027   0.000   0.000    9.873  R     -       pd_aon  
  CTS_ccl_a_inv_00012/Y    -    CLKINVX6         3  0.011  0.027   0.047   0.000    9.920  F      0.927  pd_aon  
  CTS_ccl_a_inv_00009/Y    -    CLKINVX6        20  0.013  0.060   0.060   0.000    9.980  R      0.927  pd_aon  
  operand_a_i_sr_reg_9/CK  -    SDFFSRHQX4      20  0.013  0.063   0.000   0.000    9.980  R      0.930  pd_aon  
#--------------------------------------------------------------------------------------------------------------
Path 146: MET (5.749 ns) Recovery Check with Pin operand_b_i_sr_reg_27/CK->RN
               View: slow_0p9v_125c_cmax_func
              Group: in2reg
         Startpoint: (R) rst_ni
              Clock: (R) clk_i_virtual
           Endpoint: (R) operand_b_i_sr_reg_27/RN
              Clock: (R) clk_i

                       Capture       Launch
         Clock Edge:+   10.000        0.000
         Drv Adjust:+    0.009        0.002
        Src Latency:+   -0.137        0.000
        Net Latency:+    0.109 (P)    0.000 (I)
            Arrival:=    9.981        0.002

           Recovery:-    0.153
        Uncertainty:-    0.055
        Cppr Adjust:+    0.000
      Required Time:=    9.773
       Launch Clock:=    0.002
        Input Delay:+    3.500
          Data Path:+    0.522
              Slack:=    5.749
     Timing Path:

#---------------------------------------------------------------------------------------------------------------
# Timing Point              Net  Cell        Fanout   Load  Trans   Delay    Incr  Arrival  Edge  User    Power  
#                                                     (pf)   (ns)    (ns)   Delay     (ns)        Derate  Domain  
#---------------------------------------------------------------------------------------------------------------
  rst_ni                    -    (arrival)        1  0.000  0.051   0.000   0.000    3.502  R     -       pd_aon  
  FE_OFC0_rst_ni/Y          -    INVXL            2  0.001  0.051   0.084   0.000    3.586  F      1.079  pd_aon  
  FE_OFC1_rst_ni/Y          -    INVX2           28  0.016  0.073   0.155   0.000    3.741  R      1.079  pd_aon  
  FE_OFC3_rst_ni/Y          -    BUFX2           27  0.015  0.181   0.283   0.000    4.024  R      1.079  pd_aon  
  operand_b_i_sr_reg_27/RN  -    SDFFSRHQX4      27  0.015  0.170   0.000   0.000    4.024  R      1.070  pd_aon  
#---------------------------------------------------------------------------------------------------------------
     Other End Path:

#---------------------------------------------------------------------------------------------------------------
# Timing Point              Net  Cell        Fanout   Load  Trans   Delay    Incr  Arrival  Edge  User    Power  
#                                                     (pf)   (ns)    (ns)   Delay     (ns)        Derate  Domain  
#---------------------------------------------------------------------------------------------------------------
  clk_i                     -    (arrival)        1  0.003  0.027   0.000   0.000    9.873  R     -       pd_aon  
  CTS_ccl_a_inv_00012/Y     -    CLKINVX6         3  0.011  0.027   0.047   0.000    9.920  F      0.927  pd_aon  
  CTS_ccl_a_inv_00007/Y     -    CLKINVX6        24  0.014  0.060   0.061   0.000    9.981  R      0.927  pd_aon  
  operand_b_i_sr_reg_27/CK  -    SDFFSRHQX4      24  0.014  0.066   0.000   0.000    9.981  R      0.930  pd_aon  
#---------------------------------------------------------------------------------------------------------------
Path 147: MET (5.749 ns) Recovery Check with Pin operand_b_i_sr_reg_10/CK->RN
               View: slow_0p9v_125c_cmax_func
              Group: in2reg
         Startpoint: (R) rst_ni
              Clock: (R) clk_i_virtual
           Endpoint: (R) operand_b_i_sr_reg_10/RN
              Clock: (R) clk_i

                       Capture       Launch
         Clock Edge:+   10.000        0.000
         Drv Adjust:+    0.009        0.002
        Src Latency:+   -0.137        0.000
        Net Latency:+    0.109 (P)    0.000 (I)
            Arrival:=    9.981        0.002

           Recovery:-    0.153
        Uncertainty:-    0.055
        Cppr Adjust:+    0.000
      Required Time:=    9.773
       Launch Clock:=    0.002
        Input Delay:+    3.500
          Data Path:+    0.522
              Slack:=    5.749
     Timing Path:

#---------------------------------------------------------------------------------------------------------------
# Timing Point              Net  Cell        Fanout   Load  Trans   Delay    Incr  Arrival  Edge  User    Power  
#                                                     (pf)   (ns)    (ns)   Delay     (ns)        Derate  Domain  
#---------------------------------------------------------------------------------------------------------------
  rst_ni                    -    (arrival)        1  0.000  0.051   0.000   0.000    3.502  R     -       pd_aon  
  FE_OFC0_rst_ni/Y          -    INVXL            2  0.001  0.051   0.084   0.000    3.586  F      1.079  pd_aon  
  FE_OFC1_rst_ni/Y          -    INVX2           28  0.016  0.073   0.155   0.000    3.741  R      1.079  pd_aon  
  FE_OFC3_rst_ni/Y          -    BUFX2           27  0.015  0.181   0.283   0.000    4.024  R      1.079  pd_aon  
  operand_b_i_sr_reg_10/RN  -    SDFFSRHQX4      27  0.015  0.170   0.000   0.000    4.024  R      1.070  pd_aon  
#---------------------------------------------------------------------------------------------------------------
     Other End Path:

#---------------------------------------------------------------------------------------------------------------
# Timing Point              Net  Cell        Fanout   Load  Trans   Delay    Incr  Arrival  Edge  User    Power  
#                                                     (pf)   (ns)    (ns)   Delay     (ns)        Derate  Domain  
#---------------------------------------------------------------------------------------------------------------
  clk_i                     -    (arrival)        1  0.003  0.027   0.000   0.000    9.873  R     -       pd_aon  
  CTS_ccl_a_inv_00012/Y     -    CLKINVX6         3  0.011  0.027   0.047   0.000    9.920  F      0.927  pd_aon  
  CTS_ccl_a_inv_00007/Y     -    CLKINVX6        24  0.014  0.060   0.061   0.000    9.981  R      0.927  pd_aon  
  operand_b_i_sr_reg_10/CK  -    SDFFSRHQX4      24  0.014  0.066   0.000   0.000    9.981  R      0.930  pd_aon  
#---------------------------------------------------------------------------------------------------------------
Path 148: MET (5.749 ns) Recovery Check with Pin operand_b_i_sr_reg_9/CK->RN
               View: slow_0p9v_125c_cmax_func
              Group: in2reg
         Startpoint: (R) rst_ni
              Clock: (R) clk_i_virtual
           Endpoint: (R) operand_b_i_sr_reg_9/RN
              Clock: (R) clk_i

                       Capture       Launch
         Clock Edge:+   10.000        0.000
         Drv Adjust:+    0.009        0.002
        Src Latency:+   -0.137        0.000
        Net Latency:+    0.109 (P)    0.000 (I)
            Arrival:=    9.981        0.002

           Recovery:-    0.153
        Uncertainty:-    0.055
        Cppr Adjust:+    0.000
      Required Time:=    9.773
       Launch Clock:=    0.002
        Input Delay:+    3.500
          Data Path:+    0.522
              Slack:=    5.749
     Timing Path:

#--------------------------------------------------------------------------------------------------------------
# Timing Point             Net  Cell        Fanout   Load  Trans   Delay    Incr  Arrival  Edge  User    Power  
#                                                    (pf)   (ns)    (ns)   Delay     (ns)        Derate  Domain  
#--------------------------------------------------------------------------------------------------------------
  rst_ni                   -    (arrival)        1  0.000  0.051   0.000   0.000    3.502  R     -       pd_aon  
  FE_OFC0_rst_ni/Y         -    INVXL            2  0.001  0.051   0.084   0.000    3.586  F      1.079  pd_aon  
  FE_OFC1_rst_ni/Y         -    INVX2           28  0.016  0.073   0.155   0.000    3.741  R      1.079  pd_aon  
  FE_OFC3_rst_ni/Y         -    BUFX2           27  0.015  0.181   0.283   0.000    4.024  R      1.079  pd_aon  
  operand_b_i_sr_reg_9/RN  -    SDFFSRHQX4      27  0.015  0.170   0.000   0.000    4.024  R      1.070  pd_aon  
#--------------------------------------------------------------------------------------------------------------
     Other End Path:

#--------------------------------------------------------------------------------------------------------------
# Timing Point             Net  Cell        Fanout   Load  Trans   Delay    Incr  Arrival  Edge  User    Power  
#                                                    (pf)   (ns)    (ns)   Delay     (ns)        Derate  Domain  
#--------------------------------------------------------------------------------------------------------------
  clk_i                    -    (arrival)        1  0.003  0.027   0.000   0.000    9.873  R     -       pd_aon  
  CTS_ccl_a_inv_00012/Y    -    CLKINVX6         3  0.011  0.027   0.047   0.000    9.920  F      0.927  pd_aon  
  CTS_ccl_a_inv_00007/Y    -    CLKINVX6        24  0.014  0.060   0.061   0.000    9.981  R      0.927  pd_aon  
  operand_b_i_sr_reg_9/CK  -    SDFFSRHQX4      24  0.014  0.066   0.000   0.000    9.981  R      0.930  pd_aon  
#--------------------------------------------------------------------------------------------------------------
Path 149: MET (5.749 ns) Recovery Check with Pin operand_b_i_sr_reg_11/CK->RN
               View: slow_0p9v_125c_cmax_func
              Group: in2reg
         Startpoint: (R) rst_ni
              Clock: (R) clk_i_virtual
           Endpoint: (R) operand_b_i_sr_reg_11/RN
              Clock: (R) clk_i

                       Capture       Launch
         Clock Edge:+   10.000        0.000
         Drv Adjust:+    0.009        0.002
        Src Latency:+   -0.137        0.000
        Net Latency:+    0.109 (P)    0.000 (I)
            Arrival:=    9.981        0.002

           Recovery:-    0.153
        Uncertainty:-    0.055
        Cppr Adjust:+    0.000
      Required Time:=    9.773
       Launch Clock:=    0.002
        Input Delay:+    3.500
          Data Path:+    0.522
              Slack:=    5.749
     Timing Path:

#---------------------------------------------------------------------------------------------------------------
# Timing Point              Net  Cell        Fanout   Load  Trans   Delay    Incr  Arrival  Edge  User    Power  
#                                                     (pf)   (ns)    (ns)   Delay     (ns)        Derate  Domain  
#---------------------------------------------------------------------------------------------------------------
  rst_ni                    -    (arrival)        1  0.000  0.051   0.000   0.000    3.502  R     -       pd_aon  
  FE_OFC0_rst_ni/Y          -    INVXL            2  0.001  0.051   0.084   0.000    3.586  F      1.079  pd_aon  
  FE_OFC1_rst_ni/Y          -    INVX2           28  0.016  0.073   0.155   0.000    3.741  R      1.079  pd_aon  
  FE_OFC3_rst_ni/Y          -    BUFX2           27  0.015  0.181   0.283   0.000    4.024  R      1.079  pd_aon  
  operand_b_i_sr_reg_11/RN  -    SDFFSRHQX4      27  0.015  0.170   0.000   0.000    4.024  R      1.070  pd_aon  
#---------------------------------------------------------------------------------------------------------------
     Other End Path:

#---------------------------------------------------------------------------------------------------------------
# Timing Point              Net  Cell        Fanout   Load  Trans   Delay    Incr  Arrival  Edge  User    Power  
#                                                     (pf)   (ns)    (ns)   Delay     (ns)        Derate  Domain  
#---------------------------------------------------------------------------------------------------------------
  clk_i                     -    (arrival)        1  0.003  0.027   0.000   0.000    9.873  R     -       pd_aon  
  CTS_ccl_a_inv_00012/Y     -    CLKINVX6         3  0.011  0.027   0.047   0.000    9.920  F      0.927  pd_aon  
  CTS_ccl_a_inv_00007/Y     -    CLKINVX6        24  0.014  0.060   0.061   0.000    9.981  R      0.927  pd_aon  
  operand_b_i_sr_reg_11/CK  -    SDFFSRHQX4      24  0.014  0.066   0.000   0.000    9.981  R      0.930  pd_aon  
#---------------------------------------------------------------------------------------------------------------
Path 150: MET (5.749 ns) Recovery Check with Pin operand_b_i_sr_reg_16/CK->RN
               View: slow_0p9v_125c_cmax_func
              Group: in2reg
         Startpoint: (R) rst_ni
              Clock: (R) clk_i_virtual
           Endpoint: (R) operand_b_i_sr_reg_16/RN
              Clock: (R) clk_i

                       Capture       Launch
         Clock Edge:+   10.000        0.000
         Drv Adjust:+    0.009        0.002
        Src Latency:+   -0.137        0.000
        Net Latency:+    0.109 (P)    0.000 (I)
            Arrival:=    9.981        0.002

           Recovery:-    0.153
        Uncertainty:-    0.055
        Cppr Adjust:+    0.000
      Required Time:=    9.773
       Launch Clock:=    0.002
        Input Delay:+    3.500
          Data Path:+    0.522
              Slack:=    5.749
     Timing Path:

#---------------------------------------------------------------------------------------------------------------
# Timing Point              Net  Cell        Fanout   Load  Trans   Delay    Incr  Arrival  Edge  User    Power  
#                                                     (pf)   (ns)    (ns)   Delay     (ns)        Derate  Domain  
#---------------------------------------------------------------------------------------------------------------
  rst_ni                    -    (arrival)        1  0.000  0.051   0.000   0.000    3.502  R     -       pd_aon  
  FE_OFC0_rst_ni/Y          -    INVXL            2  0.001  0.051   0.084   0.000    3.586  F      1.079  pd_aon  
  FE_OFC1_rst_ni/Y          -    INVX2           28  0.016  0.073   0.155   0.000    3.741  R      1.079  pd_aon  
  FE_OFC3_rst_ni/Y          -    BUFX2           27  0.015  0.181   0.283   0.000    4.024  R      1.079  pd_aon  
  operand_b_i_sr_reg_16/RN  -    SDFFSRHQX4      27  0.015  0.170   0.000   0.000    4.024  R      1.070  pd_aon  
#---------------------------------------------------------------------------------------------------------------
     Other End Path:

#---------------------------------------------------------------------------------------------------------------
# Timing Point              Net  Cell        Fanout   Load  Trans   Delay    Incr  Arrival  Edge  User    Power  
#                                                     (pf)   (ns)    (ns)   Delay     (ns)        Derate  Domain  
#---------------------------------------------------------------------------------------------------------------
  clk_i                     -    (arrival)        1  0.003  0.027   0.000   0.000    9.873  R     -       pd_aon  
  CTS_ccl_a_inv_00012/Y     -    CLKINVX6         3  0.011  0.027   0.047   0.000    9.920  F      0.927  pd_aon  
  CTS_ccl_a_inv_00007/Y     -    CLKINVX6        24  0.014  0.060   0.061   0.000    9.981  R      0.927  pd_aon  
  operand_b_i_sr_reg_16/CK  -    SDFFSRHQX4      24  0.014  0.066   0.000   0.000    9.981  R      0.930  pd_aon  
#---------------------------------------------------------------------------------------------------------------
Path 151: MET (5.749 ns) Recovery Check with Pin operand_b_i_sr_reg_17/CK->RN
               View: slow_0p9v_125c_cmax_func
              Group: in2reg
         Startpoint: (R) rst_ni
              Clock: (R) clk_i_virtual
           Endpoint: (R) operand_b_i_sr_reg_17/RN
              Clock: (R) clk_i

                       Capture       Launch
         Clock Edge:+   10.000        0.000
         Drv Adjust:+    0.009        0.002
        Src Latency:+   -0.137        0.000
        Net Latency:+    0.109 (P)    0.000 (I)
            Arrival:=    9.981        0.002

           Recovery:-    0.153
        Uncertainty:-    0.055
        Cppr Adjust:+    0.000
      Required Time:=    9.773
       Launch Clock:=    0.002
        Input Delay:+    3.500
          Data Path:+    0.522
              Slack:=    5.749
     Timing Path:

#---------------------------------------------------------------------------------------------------------------
# Timing Point              Net  Cell        Fanout   Load  Trans   Delay    Incr  Arrival  Edge  User    Power  
#                                                     (pf)   (ns)    (ns)   Delay     (ns)        Derate  Domain  
#---------------------------------------------------------------------------------------------------------------
  rst_ni                    -    (arrival)        1  0.000  0.051   0.000   0.000    3.502  R     -       pd_aon  
  FE_OFC0_rst_ni/Y          -    INVXL            2  0.001  0.051   0.084   0.000    3.586  F      1.079  pd_aon  
  FE_OFC1_rst_ni/Y          -    INVX2           28  0.016  0.073   0.155   0.000    3.741  R      1.079  pd_aon  
  FE_OFC3_rst_ni/Y          -    BUFX2           27  0.015  0.181   0.283   0.000    4.024  R      1.079  pd_aon  
  operand_b_i_sr_reg_17/RN  -    SDFFSRHQX4      27  0.015  0.170   0.000   0.000    4.024  R      1.070  pd_aon  
#---------------------------------------------------------------------------------------------------------------
     Other End Path:

#---------------------------------------------------------------------------------------------------------------
# Timing Point              Net  Cell        Fanout   Load  Trans   Delay    Incr  Arrival  Edge  User    Power  
#                                                     (pf)   (ns)    (ns)   Delay     (ns)        Derate  Domain  
#---------------------------------------------------------------------------------------------------------------
  clk_i                     -    (arrival)        1  0.003  0.027   0.000   0.000    9.873  R     -       pd_aon  
  CTS_ccl_a_inv_00012/Y     -    CLKINVX6         3  0.011  0.027   0.047   0.000    9.920  F      0.927  pd_aon  
  CTS_ccl_a_inv_00007/Y     -    CLKINVX6        24  0.014  0.060   0.061   0.000    9.981  R      0.927  pd_aon  
  operand_b_i_sr_reg_17/CK  -    SDFFSRHQX4      24  0.014  0.066   0.000   0.000    9.981  R      0.930  pd_aon  
#---------------------------------------------------------------------------------------------------------------
Path 152: MET (5.749 ns) Recovery Check with Pin operand_b_i_sr_reg_5/CK->RN
               View: slow_0p9v_125c_cmax_func
              Group: in2reg
         Startpoint: (R) rst_ni
              Clock: (R) clk_i_virtual
           Endpoint: (R) operand_b_i_sr_reg_5/RN
              Clock: (R) clk_i

                       Capture       Launch
         Clock Edge:+   10.000        0.000
         Drv Adjust:+    0.009        0.002
        Src Latency:+   -0.137        0.000
        Net Latency:+    0.109 (P)    0.000 (I)
            Arrival:=    9.981        0.002

           Recovery:-    0.153
        Uncertainty:-    0.055
        Cppr Adjust:+    0.000
      Required Time:=    9.773
       Launch Clock:=    0.002
        Input Delay:+    3.500
          Data Path:+    0.522
              Slack:=    5.749
     Timing Path:

#--------------------------------------------------------------------------------------------------------------
# Timing Point             Net  Cell        Fanout   Load  Trans   Delay    Incr  Arrival  Edge  User    Power  
#                                                    (pf)   (ns)    (ns)   Delay     (ns)        Derate  Domain  
#--------------------------------------------------------------------------------------------------------------
  rst_ni                   -    (arrival)        1  0.000  0.051   0.000   0.000    3.502  R     -       pd_aon  
  FE_OFC0_rst_ni/Y         -    INVXL            2  0.001  0.051   0.084   0.000    3.586  F      1.079  pd_aon  
  FE_OFC1_rst_ni/Y         -    INVX2           28  0.016  0.073   0.155   0.000    3.741  R      1.079  pd_aon  
  FE_OFC3_rst_ni/Y         -    BUFX2           27  0.015  0.181   0.283   0.000    4.024  R      1.079  pd_aon  
  operand_b_i_sr_reg_5/RN  -    SDFFSRHQX4      27  0.015  0.170   0.000   0.000    4.024  R      1.070  pd_aon  
#--------------------------------------------------------------------------------------------------------------
     Other End Path:

#--------------------------------------------------------------------------------------------------------------
# Timing Point             Net  Cell        Fanout   Load  Trans   Delay    Incr  Arrival  Edge  User    Power  
#                                                    (pf)   (ns)    (ns)   Delay     (ns)        Derate  Domain  
#--------------------------------------------------------------------------------------------------------------
  clk_i                    -    (arrival)        1  0.003  0.027   0.000   0.000    9.873  R     -       pd_aon  
  CTS_ccl_a_inv_00012/Y    -    CLKINVX6         3  0.011  0.027   0.047   0.000    9.920  F      0.927  pd_aon  
  CTS_ccl_a_inv_00007/Y    -    CLKINVX6        24  0.014  0.060   0.061   0.000    9.981  R      0.927  pd_aon  
  operand_b_i_sr_reg_5/CK  -    SDFFSRHQX4      24  0.014  0.066   0.000   0.000    9.981  R      0.930  pd_aon  
#--------------------------------------------------------------------------------------------------------------
Path 153: MET (5.749 ns) Recovery Check with Pin operand_b_i_sr_reg_8/CK->RN
               View: slow_0p9v_125c_cmax_func
              Group: in2reg
         Startpoint: (R) rst_ni
              Clock: (R) clk_i_virtual
           Endpoint: (R) operand_b_i_sr_reg_8/RN
              Clock: (R) clk_i

                       Capture       Launch
         Clock Edge:+   10.000        0.000
         Drv Adjust:+    0.009        0.002
        Src Latency:+   -0.137        0.000
        Net Latency:+    0.109 (P)    0.000 (I)
            Arrival:=    9.981        0.002

           Recovery:-    0.153
        Uncertainty:-    0.055
        Cppr Adjust:+    0.000
      Required Time:=    9.773
       Launch Clock:=    0.002
        Input Delay:+    3.500
          Data Path:+    0.522
              Slack:=    5.749
     Timing Path:

#--------------------------------------------------------------------------------------------------------------
# Timing Point             Net  Cell        Fanout   Load  Trans   Delay    Incr  Arrival  Edge  User    Power  
#                                                    (pf)   (ns)    (ns)   Delay     (ns)        Derate  Domain  
#--------------------------------------------------------------------------------------------------------------
  rst_ni                   -    (arrival)        1  0.000  0.051   0.000   0.000    3.502  R     -       pd_aon  
  FE_OFC0_rst_ni/Y         -    INVXL            2  0.001  0.051   0.084   0.000    3.586  F      1.079  pd_aon  
  FE_OFC1_rst_ni/Y         -    INVX2           28  0.016  0.073   0.155   0.000    3.741  R      1.079  pd_aon  
  FE_OFC3_rst_ni/Y         -    BUFX2           27  0.015  0.181   0.283   0.000    4.024  R      1.079  pd_aon  
  operand_b_i_sr_reg_8/RN  -    SDFFSRHQX4      27  0.015  0.170   0.000   0.000    4.024  R      1.070  pd_aon  
#--------------------------------------------------------------------------------------------------------------
     Other End Path:

#--------------------------------------------------------------------------------------------------------------
# Timing Point             Net  Cell        Fanout   Load  Trans   Delay    Incr  Arrival  Edge  User    Power  
#                                                    (pf)   (ns)    (ns)   Delay     (ns)        Derate  Domain  
#--------------------------------------------------------------------------------------------------------------
  clk_i                    -    (arrival)        1  0.003  0.027   0.000   0.000    9.873  R     -       pd_aon  
  CTS_ccl_a_inv_00012/Y    -    CLKINVX6         3  0.011  0.027   0.047   0.000    9.920  F      0.927  pd_aon  
  CTS_ccl_a_inv_00007/Y    -    CLKINVX6        24  0.014  0.060   0.061   0.000    9.981  R      0.927  pd_aon  
  operand_b_i_sr_reg_8/CK  -    SDFFSRHQX4      24  0.014  0.066   0.000   0.000    9.981  R      0.930  pd_aon  
#--------------------------------------------------------------------------------------------------------------
Path 154: MET (5.751 ns) Recovery Check with Pin operand_a_i_sr_reg_0/CK->RN
               View: slow_0p9v_125c_cmax_func
              Group: in2reg
         Startpoint: (R) rst_ni
              Clock: (R) clk_i_virtual
           Endpoint: (R) operand_a_i_sr_reg_0/RN
              Clock: (R) clk_i

                       Capture       Launch
         Clock Edge:+   10.000        0.000
         Drv Adjust:+    0.009        0.002
        Src Latency:+   -0.137        0.000
        Net Latency:+    0.110 (P)    0.000 (I)
            Arrival:=    9.982        0.002

           Recovery:-    0.152
        Uncertainty:-    0.055
        Cppr Adjust:+    0.000
      Required Time:=    9.775
       Launch Clock:=    0.002
        Input Delay:+    3.500
          Data Path:+    0.522
              Slack:=    5.751
     Timing Path:

#--------------------------------------------------------------------------------------------------------------
# Timing Point             Net  Cell        Fanout   Load  Trans   Delay    Incr  Arrival  Edge  User    Power  
#                                                    (pf)   (ns)    (ns)   Delay     (ns)        Derate  Domain  
#--------------------------------------------------------------------------------------------------------------
  rst_ni                   -    (arrival)        1  0.000  0.051   0.000   0.000    3.502  R     -       pd_aon  
  FE_OFC0_rst_ni/Y         -    INVXL            2  0.001  0.051   0.084   0.000    3.586  F      1.079  pd_aon  
  FE_OFC1_rst_ni/Y         -    INVX2           28  0.016  0.073   0.155   0.000    3.741  R      1.079  pd_aon  
  FE_OFC3_rst_ni/Y         -    BUFX2           27  0.015  0.181   0.283   0.000    4.024  R      1.079  pd_aon  
  operand_a_i_sr_reg_0/RN  -    SDFFSRHQX4      27  0.015  0.170   0.000   0.000    4.024  R      1.070  pd_aon  
#--------------------------------------------------------------------------------------------------------------
     Other End Path:

#--------------------------------------------------------------------------------------------------------------
# Timing Point             Net  Cell        Fanout   Load  Trans   Delay    Incr  Arrival  Edge  User    Power  
#                                                    (pf)   (ns)    (ns)   Delay     (ns)        Derate  Domain  
#--------------------------------------------------------------------------------------------------------------
  clk_i                    -    (arrival)        1  0.003  0.027   0.000   0.000    9.873  R     -       pd_aon  
  CTS_ccl_a_inv_00012/Y    -    CLKINVX6         3  0.011  0.027   0.047   0.000    9.920  F      0.927  pd_aon  
  CTS_ccl_a_inv_00008/Y    -    CLKINVX6        21  0.015  0.060   0.062   0.000    9.982  R      0.927  pd_aon  
  operand_a_i_sr_reg_0/CK  -    SDFFSRHQX4      21  0.015  0.067   0.000   0.000    9.982  R      0.930  pd_aon  
#--------------------------------------------------------------------------------------------------------------
Path 155: MET (5.752 ns) Recovery Check with Pin operand_a_i_sr_reg_3/CK->RN
               View: slow_0p9v_125c_cmax_func
              Group: in2reg
         Startpoint: (R) rst_ni
              Clock: (R) clk_i_virtual
           Endpoint: (R) operand_a_i_sr_reg_3/RN
              Clock: (R) clk_i

                       Capture       Launch
         Clock Edge:+   10.000        0.000
         Drv Adjust:+    0.009        0.002
        Src Latency:+   -0.137        0.000
        Net Latency:+    0.107 (P)    0.000 (I)
            Arrival:=    9.980        0.002

           Recovery:-    0.148
        Uncertainty:-    0.055
        Cppr Adjust:+    0.000
      Required Time:=    9.777
       Launch Clock:=    0.002
        Input Delay:+    3.500
          Data Path:+    0.523
              Slack:=    5.752
     Timing Path:

#--------------------------------------------------------------------------------------------------------------
# Timing Point             Net  Cell        Fanout   Load  Trans   Delay    Incr  Arrival  Edge  User    Power  
#                                                    (pf)   (ns)    (ns)   Delay     (ns)        Derate  Domain  
#--------------------------------------------------------------------------------------------------------------
  rst_ni                   -    (arrival)        1  0.000  0.051   0.000   0.000    3.502  R     -       pd_aon  
  FE_OFC0_rst_ni/Y         -    INVXL            2  0.001  0.051   0.084   0.000    3.586  F      1.079  pd_aon  
  FE_OFC1_rst_ni/Y         -    INVX2           28  0.016  0.073   0.155   0.000    3.741  R      1.079  pd_aon  
  FE_OFC3_rst_ni/Y         -    BUFX2           27  0.015  0.181   0.283   0.000    4.024  R      1.079  pd_aon  
  operand_a_i_sr_reg_3/RN  -    SDFFSRHQX1      27  0.015  0.170   0.000   0.000    4.024  R      1.070  pd_aon  
#--------------------------------------------------------------------------------------------------------------
     Other End Path:

#--------------------------------------------------------------------------------------------------------------
# Timing Point             Net  Cell        Fanout   Load  Trans   Delay    Incr  Arrival  Edge  User    Power  
#                                                    (pf)   (ns)    (ns)   Delay     (ns)        Derate  Domain  
#--------------------------------------------------------------------------------------------------------------
  clk_i                    -    (arrival)        1  0.003  0.027   0.000   0.000    9.873  R     -       pd_aon  
  CTS_ccl_a_inv_00012/Y    -    CLKINVX6         3  0.011  0.027   0.047   0.000    9.920  F      0.927  pd_aon  
  CTS_ccl_a_inv_00009/Y    -    CLKINVX6        20  0.013  0.060   0.060   0.000    9.980  R      0.927  pd_aon  
  operand_a_i_sr_reg_3/CK  -    SDFFSRHQX1      20  0.013  0.063   0.000   0.000    9.980  R      0.930  pd_aon  
#--------------------------------------------------------------------------------------------------------------
Path 156: MET (5.758 ns) Recovery Check with Pin operand_b_i_sr_reg_4/CK->RN
               View: slow_0p9v_125c_cmax_func
              Group: in2reg
         Startpoint: (R) rst_ni
              Clock: (R) clk_i_virtual
           Endpoint: (R) operand_b_i_sr_reg_4/RN
              Clock: (R) clk_i

                       Capture       Launch
         Clock Edge:+   10.000        0.000
         Drv Adjust:+    0.009        0.002
        Src Latency:+   -0.137        0.000
        Net Latency:+    0.109 (P)    0.000 (I)
            Arrival:=    9.981        0.002

           Recovery:-    0.144
        Uncertainty:-    0.055
        Cppr Adjust:+    0.000
      Required Time:=    9.782
       Launch Clock:=    0.002
        Input Delay:+    3.500
          Data Path:+    0.522
              Slack:=    5.758
     Timing Path:

#-------------------------------------------------------------------------------------------------------------
# Timing Point             Net  Cell       Fanout   Load  Trans   Delay    Incr  Arrival  Edge  User    Power  
#                                                   (pf)   (ns)    (ns)   Delay     (ns)        Derate  Domain  
#-------------------------------------------------------------------------------------------------------------
  rst_ni                   -    (arrival)       1  0.000  0.051   0.000   0.000    3.502  R     -       pd_aon  
  FE_OFC0_rst_ni/Y         -    INVXL           2  0.001  0.051   0.084   0.000    3.586  F      1.079  pd_aon  
  FE_OFC1_rst_ni/Y         -    INVX2          28  0.016  0.073   0.155   0.000    3.741  R      1.079  pd_aon  
  FE_OFC3_rst_ni/Y         -    BUFX2          27  0.015  0.181   0.283   0.000    4.024  R      1.079  pd_aon  
  operand_b_i_sr_reg_4/RN  -    SDFFSRX2       27  0.015  0.170   0.000   0.000    4.024  R      1.070  pd_aon  
#-------------------------------------------------------------------------------------------------------------
     Other End Path:

#-------------------------------------------------------------------------------------------------------------
# Timing Point             Net  Cell       Fanout   Load  Trans   Delay    Incr  Arrival  Edge  User    Power  
#                                                   (pf)   (ns)    (ns)   Delay     (ns)        Derate  Domain  
#-------------------------------------------------------------------------------------------------------------
  clk_i                    -    (arrival)       1  0.003  0.027   0.000   0.000    9.873  R     -       pd_aon  
  CTS_ccl_a_inv_00012/Y    -    CLKINVX6        3  0.011  0.027   0.047   0.000    9.920  F      0.927  pd_aon  
  CTS_ccl_a_inv_00007/Y    -    CLKINVX6       24  0.014  0.060   0.061   0.000    9.981  R      0.927  pd_aon  
  operand_b_i_sr_reg_4/CK  -    SDFFSRX2       24  0.014  0.066   0.000   0.000    9.981  R      0.930  pd_aon  
#-------------------------------------------------------------------------------------------------------------
Path 157: MET (5.760 ns) Recovery Check with Pin operand_b_i_sr_reg_12/CK->RN
               View: slow_0p9v_125c_cmax_func
              Group: in2reg
         Startpoint: (R) rst_ni
              Clock: (R) clk_i_virtual
           Endpoint: (R) operand_b_i_sr_reg_12/RN
              Clock: (R) clk_i

                       Capture       Launch
         Clock Edge:+   10.000        0.000
         Drv Adjust:+    0.009        0.002
        Src Latency:+   -0.137        0.000
        Net Latency:+    0.110 (P)    0.000 (I)
            Arrival:=    9.982        0.002

           Recovery:-    0.143
        Uncertainty:-    0.055
        Cppr Adjust:+    0.000
      Required Time:=    9.784
       Launch Clock:=    0.002
        Input Delay:+    3.500
          Data Path:+    0.522
              Slack:=    5.760
     Timing Path:

#--------------------------------------------------------------------------------------------------------------
# Timing Point              Net  Cell       Fanout   Load  Trans   Delay    Incr  Arrival  Edge  User    Power  
#                                                    (pf)   (ns)    (ns)   Delay     (ns)        Derate  Domain  
#--------------------------------------------------------------------------------------------------------------
  rst_ni                    -    (arrival)       1  0.000  0.051   0.000   0.000    3.502  R     -       pd_aon  
  FE_OFC0_rst_ni/Y          -    INVXL           2  0.001  0.051   0.084   0.000    3.586  F      1.079  pd_aon  
  FE_OFC1_rst_ni/Y          -    INVX2          28  0.016  0.073   0.155   0.000    3.741  R      1.079  pd_aon  
  FE_OFC3_rst_ni/Y          -    BUFX2          27  0.015  0.181   0.283   0.000    4.024  R      1.079  pd_aon  
  operand_b_i_sr_reg_12/RN  -    SDFFSRX2       27  0.015  0.170   0.000   0.000    4.024  R      1.070  pd_aon  
#--------------------------------------------------------------------------------------------------------------
     Other End Path:

#--------------------------------------------------------------------------------------------------------------
# Timing Point              Net  Cell       Fanout   Load  Trans   Delay    Incr  Arrival  Edge  User    Power  
#                                                    (pf)   (ns)    (ns)   Delay     (ns)        Derate  Domain  
#--------------------------------------------------------------------------------------------------------------
  clk_i                     -    (arrival)       1  0.003  0.027   0.000   0.000    9.873  R     -       pd_aon  
  CTS_ccl_a_inv_00012/Y     -    CLKINVX6        3  0.011  0.027   0.047   0.000    9.920  F      0.927  pd_aon  
  CTS_ccl_a_inv_00008/Y     -    CLKINVX6       21  0.015  0.060   0.062   0.000    9.982  R      0.927  pd_aon  
  operand_b_i_sr_reg_12/CK  -    SDFFSRX2       21  0.015  0.067   0.000   0.000    9.982  R      0.930  pd_aon  
#--------------------------------------------------------------------------------------------------------------
Path 158: MET (5.965 ns) Recovery Check with Pin operand_a_i_sr_reg_1/CK->RN
               View: slow_0p9v_125c_cmax_func
              Group: in2reg
         Startpoint: (R) rst_ni
              Clock: (R) clk_i_virtual
           Endpoint: (R) operand_a_i_sr_reg_1/RN
              Clock: (R) clk_i

                       Capture       Launch
         Clock Edge:+   10.000        0.000
         Drv Adjust:+    0.009        0.002
        Src Latency:+   -0.137        0.000
        Net Latency:+    0.110 (P)    0.000 (I)
            Arrival:=    9.982        0.002

           Recovery:-   -0.062
        Uncertainty:-    0.055
        Cppr Adjust:+    0.000
      Required Time:=    9.989
       Launch Clock:=    0.002
        Input Delay:+    3.500
          Data Path:+    0.523
              Slack:=    5.965
     Timing Path:

#-------------------------------------------------------------------------------------------------------------
# Timing Point             Net  Cell       Fanout   Load  Trans   Delay    Incr  Arrival  Edge  User    Power  
#                                                   (pf)   (ns)    (ns)   Delay     (ns)        Derate  Domain  
#-------------------------------------------------------------------------------------------------------------
  rst_ni                   -    (arrival)       1  0.000  0.051   0.000   0.000    3.502  R     -       pd_aon  
  FE_OFC0_rst_ni/Y         -    INVXL           2  0.001  0.051   0.084   0.000    3.586  F      1.079  pd_aon  
  FE_OFC1_rst_ni/Y         -    INVX2          28  0.016  0.073   0.155   0.000    3.741  R      1.079  pd_aon  
  FE_OFC3_rst_ni/Y         -    BUFX2          27  0.015  0.181   0.283   0.000    4.024  R      1.079  pd_aon  
  operand_a_i_sr_reg_1/RN  -    SDFFRHQX4      27  0.015  0.170   0.000   0.000    4.024  R      1.070  pd_aon  
#-------------------------------------------------------------------------------------------------------------
     Other End Path:

#-------------------------------------------------------------------------------------------------------------
# Timing Point             Net  Cell       Fanout   Load  Trans   Delay    Incr  Arrival  Edge  User    Power  
#                                                   (pf)   (ns)    (ns)   Delay     (ns)        Derate  Domain  
#-------------------------------------------------------------------------------------------------------------
  clk_i                    -    (arrival)       1  0.003  0.027   0.000   0.000    9.873  R     -       pd_aon  
  CTS_ccl_a_inv_00012/Y    -    CLKINVX6        3  0.011  0.027   0.047   0.000    9.920  F      0.927  pd_aon  
  CTS_ccl_a_inv_00008/Y    -    CLKINVX6       21  0.015  0.060   0.062   0.000    9.982  R      0.927  pd_aon  
  operand_a_i_sr_reg_1/CK  -    SDFFRHQX4      21  0.015  0.067   0.000   0.000    9.982  R      0.930  pd_aon  
#-------------------------------------------------------------------------------------------------------------
Path 159: MET (5.994 ns) Recovery Check with Pin operand_a_i_sr_reg_31/CK->RN
               View: slow_0p9v_125c_cmax_func
              Group: in2reg
         Startpoint: (R) rst_ni
              Clock: (R) clk_i_virtual
           Endpoint: (R) operand_a_i_sr_reg_31/RN
              Clock: (R) clk_i

                       Capture       Launch
         Clock Edge:+   10.000        0.000
         Drv Adjust:+    0.009        0.002
        Src Latency:+   -0.137        0.000
        Net Latency:+    0.107 (P)    0.000 (I)
            Arrival:=    9.980        0.002

           Recovery:-    0.170
        Uncertainty:-    0.055
        Cppr Adjust:+    0.000
      Required Time:=    9.754
       Launch Clock:=    0.002
        Input Delay:+    3.500
          Data Path:+    0.259
              Slack:=    5.994
     Timing Path:

#---------------------------------------------------------------------------------------------------------------
# Timing Point              Net  Cell        Fanout   Load  Trans   Delay    Incr  Arrival  Edge  User    Power  
#                                                     (pf)   (ns)    (ns)   Delay     (ns)        Derate  Domain  
#---------------------------------------------------------------------------------------------------------------
  rst_ni                    -    (arrival)        1  0.000  0.051   0.000   0.000    3.502  R     -       pd_aon  
  FE_OFC0_rst_ni/Y          -    INVXL            2  0.001  0.051   0.084   0.000    3.586  F      1.079  pd_aon  
  FE_OFC2_rst_ni/Y          -    INVXL           10  0.005  0.073   0.174   0.000    3.760  R      1.079  pd_aon  
  operand_a_i_sr_reg_31/RN  -    SDFFSRHQX4      10  0.005  0.202   0.000   0.000    3.760  R      1.070  pd_aon  
#---------------------------------------------------------------------------------------------------------------
     Other End Path:

#---------------------------------------------------------------------------------------------------------------
# Timing Point              Net  Cell        Fanout   Load  Trans   Delay    Incr  Arrival  Edge  User    Power  
#                                                     (pf)   (ns)    (ns)   Delay     (ns)        Derate  Domain  
#---------------------------------------------------------------------------------------------------------------
  clk_i                     -    (arrival)        1  0.003  0.027   0.000   0.000    9.873  R     -       pd_aon  
  CTS_ccl_a_inv_00012/Y     -    CLKINVX6         3  0.011  0.027   0.047   0.000    9.920  F      0.927  pd_aon  
  CTS_ccl_a_inv_00009/Y     -    CLKINVX6        20  0.013  0.060   0.060   0.000    9.980  R      0.927  pd_aon  
  operand_a_i_sr_reg_31/CK  -    SDFFSRHQX4      20  0.013  0.063   0.000   0.000    9.980  R      0.930  pd_aon  
#---------------------------------------------------------------------------------------------------------------
Path 160: MET (5.994 ns) Recovery Check with Pin operand_a_i_sr_reg_26/CK->RN
               View: slow_0p9v_125c_cmax_func
              Group: in2reg
         Startpoint: (R) rst_ni
              Clock: (R) clk_i_virtual
           Endpoint: (R) operand_a_i_sr_reg_26/RN
              Clock: (R) clk_i

                       Capture       Launch
         Clock Edge:+   10.000        0.000
         Drv Adjust:+    0.009        0.002
        Src Latency:+   -0.137        0.000
        Net Latency:+    0.107 (P)    0.000 (I)
            Arrival:=    9.980        0.002

           Recovery:-    0.170
        Uncertainty:-    0.055
        Cppr Adjust:+    0.000
      Required Time:=    9.754
       Launch Clock:=    0.002
        Input Delay:+    3.500
          Data Path:+    0.259
              Slack:=    5.994
     Timing Path:

#---------------------------------------------------------------------------------------------------------------
# Timing Point              Net  Cell        Fanout   Load  Trans   Delay    Incr  Arrival  Edge  User    Power  
#                                                     (pf)   (ns)    (ns)   Delay     (ns)        Derate  Domain  
#---------------------------------------------------------------------------------------------------------------
  rst_ni                    -    (arrival)        1  0.000  0.051   0.000   0.000    3.502  R     -       pd_aon  
  FE_OFC0_rst_ni/Y          -    INVXL            2  0.001  0.051   0.084   0.000    3.586  F      1.079  pd_aon  
  FE_OFC2_rst_ni/Y          -    INVXL           10  0.005  0.073   0.174   0.000    3.760  R      1.079  pd_aon  
  operand_a_i_sr_reg_26/RN  -    SDFFSRHQX4      10  0.005  0.202   0.000   0.000    3.760  R      1.070  pd_aon  
#---------------------------------------------------------------------------------------------------------------
     Other End Path:

#---------------------------------------------------------------------------------------------------------------
# Timing Point              Net  Cell        Fanout   Load  Trans   Delay    Incr  Arrival  Edge  User    Power  
#                                                     (pf)   (ns)    (ns)   Delay     (ns)        Derate  Domain  
#---------------------------------------------------------------------------------------------------------------
  clk_i                     -    (arrival)        1  0.003  0.027   0.000   0.000    9.873  R     -       pd_aon  
  CTS_ccl_a_inv_00012/Y     -    CLKINVX6         3  0.011  0.027   0.047   0.000    9.920  F      0.927  pd_aon  
  CTS_ccl_a_inv_00009/Y     -    CLKINVX6        20  0.013  0.060   0.060   0.000    9.980  R      0.927  pd_aon  
  operand_a_i_sr_reg_26/CK  -    SDFFSRHQX4      20  0.013  0.063   0.000   0.000    9.980  R      0.930  pd_aon  
#---------------------------------------------------------------------------------------------------------------
Path 161: MET (5.994 ns) Recovery Check with Pin operand_a_i_sr_reg_21/CK->RN
               View: slow_0p9v_125c_cmax_func
              Group: in2reg
         Startpoint: (R) rst_ni
              Clock: (R) clk_i_virtual
           Endpoint: (R) operand_a_i_sr_reg_21/RN
              Clock: (R) clk_i

                       Capture       Launch
         Clock Edge:+   10.000        0.000
         Drv Adjust:+    0.009        0.002
        Src Latency:+   -0.137        0.000
        Net Latency:+    0.107 (P)    0.000 (I)
            Arrival:=    9.980        0.002

           Recovery:-    0.170
        Uncertainty:-    0.055
        Cppr Adjust:+    0.000
      Required Time:=    9.755
       Launch Clock:=    0.002
        Input Delay:+    3.500
          Data Path:+    0.259
              Slack:=    5.994
     Timing Path:

#---------------------------------------------------------------------------------------------------------------
# Timing Point              Net  Cell        Fanout   Load  Trans   Delay    Incr  Arrival  Edge  User    Power  
#                                                     (pf)   (ns)    (ns)   Delay     (ns)        Derate  Domain  
#---------------------------------------------------------------------------------------------------------------
  rst_ni                    -    (arrival)        1  0.000  0.051   0.000   0.000    3.502  R     -       pd_aon  
  FE_OFC0_rst_ni/Y          -    INVXL            2  0.001  0.051   0.084   0.000    3.586  F      1.079  pd_aon  
  FE_OFC2_rst_ni/Y          -    INVXL           10  0.005  0.073   0.174   0.000    3.760  R      1.079  pd_aon  
  operand_a_i_sr_reg_21/RN  -    SDFFSRHQX4      10  0.005  0.202   0.000   0.000    3.760  R      1.070  pd_aon  
#---------------------------------------------------------------------------------------------------------------
     Other End Path:

#---------------------------------------------------------------------------------------------------------------
# Timing Point              Net  Cell        Fanout   Load  Trans   Delay    Incr  Arrival  Edge  User    Power  
#                                                     (pf)   (ns)    (ns)   Delay     (ns)        Derate  Domain  
#---------------------------------------------------------------------------------------------------------------
  clk_i                     -    (arrival)        1  0.003  0.027   0.000   0.000    9.873  R     -       pd_aon  
  CTS_ccl_a_inv_00012/Y     -    CLKINVX6         3  0.011  0.027   0.047   0.000    9.920  F      0.927  pd_aon  
  CTS_ccl_a_inv_00009/Y     -    CLKINVX6        20  0.013  0.060   0.060   0.000    9.980  R      0.927  pd_aon  
  operand_a_i_sr_reg_21/CK  -    SDFFSRHQX4      20  0.013  0.063   0.000   0.000    9.980  R      0.930  pd_aon  
#---------------------------------------------------------------------------------------------------------------
Path 162: MET (5.994 ns) Recovery Check with Pin operand_a_i_sr_reg_22/CK->RN
               View: slow_0p9v_125c_cmax_func
              Group: in2reg
         Startpoint: (R) rst_ni
              Clock: (R) clk_i_virtual
           Endpoint: (R) operand_a_i_sr_reg_22/RN
              Clock: (R) clk_i

                       Capture       Launch
         Clock Edge:+   10.000        0.000
         Drv Adjust:+    0.009        0.002
        Src Latency:+   -0.137        0.000
        Net Latency:+    0.107 (P)    0.000 (I)
            Arrival:=    9.980        0.002

           Recovery:-    0.170
        Uncertainty:-    0.055
        Cppr Adjust:+    0.000
      Required Time:=    9.755
       Launch Clock:=    0.002
        Input Delay:+    3.500
          Data Path:+    0.259
              Slack:=    5.994
     Timing Path:

#---------------------------------------------------------------------------------------------------------------
# Timing Point              Net  Cell        Fanout   Load  Trans   Delay    Incr  Arrival  Edge  User    Power  
#                                                     (pf)   (ns)    (ns)   Delay     (ns)        Derate  Domain  
#---------------------------------------------------------------------------------------------------------------
  rst_ni                    -    (arrival)        1  0.000  0.051   0.000   0.000    3.502  R     -       pd_aon  
  FE_OFC0_rst_ni/Y          -    INVXL            2  0.001  0.051   0.084   0.000    3.586  F      1.079  pd_aon  
  FE_OFC2_rst_ni/Y          -    INVXL           10  0.005  0.073   0.174   0.000    3.760  R      1.079  pd_aon  
  operand_a_i_sr_reg_22/RN  -    SDFFSRHQX4      10  0.005  0.202   0.000   0.000    3.760  R      1.070  pd_aon  
#---------------------------------------------------------------------------------------------------------------
     Other End Path:

#---------------------------------------------------------------------------------------------------------------
# Timing Point              Net  Cell        Fanout   Load  Trans   Delay    Incr  Arrival  Edge  User    Power  
#                                                     (pf)   (ns)    (ns)   Delay     (ns)        Derate  Domain  
#---------------------------------------------------------------------------------------------------------------
  clk_i                     -    (arrival)        1  0.003  0.027   0.000   0.000    9.873  R     -       pd_aon  
  CTS_ccl_a_inv_00012/Y     -    CLKINVX6         3  0.011  0.027   0.047   0.000    9.920  F      0.927  pd_aon  
  CTS_ccl_a_inv_00009/Y     -    CLKINVX6        20  0.013  0.060   0.060   0.000    9.980  R      0.927  pd_aon  
  operand_a_i_sr_reg_22/CK  -    SDFFSRHQX4      20  0.013  0.063   0.000   0.000    9.980  R      0.930  pd_aon  
#---------------------------------------------------------------------------------------------------------------
Path 163: MET (5.999 ns) Recovery Check with Pin operand_a_i_sr_reg_23/CK->RN
               View: slow_0p9v_125c_cmax_func
              Group: in2reg
         Startpoint: (R) rst_ni
              Clock: (R) clk_i_virtual
           Endpoint: (R) operand_a_i_sr_reg_23/RN
              Clock: (R) clk_i

                       Capture       Launch
         Clock Edge:+   10.000        0.000
         Drv Adjust:+    0.009        0.002
        Src Latency:+   -0.137        0.000
        Net Latency:+    0.109 (P)    0.000 (I)
            Arrival:=    9.982        0.002

           Recovery:-    0.168
        Uncertainty:-    0.055
        Cppr Adjust:+    0.000
      Required Time:=    9.759
       Launch Clock:=    0.002
        Input Delay:+    3.500
          Data Path:+    0.259
              Slack:=    5.999
     Timing Path:

#---------------------------------------------------------------------------------------------------------------
# Timing Point              Net  Cell        Fanout   Load  Trans   Delay    Incr  Arrival  Edge  User    Power  
#                                                     (pf)   (ns)    (ns)   Delay     (ns)        Derate  Domain  
#---------------------------------------------------------------------------------------------------------------
  rst_ni                    -    (arrival)        1  0.000  0.051   0.000   0.000    3.502  R     -       pd_aon  
  FE_OFC0_rst_ni/Y          -    INVXL            2  0.001  0.051   0.084   0.000    3.586  F      1.079  pd_aon  
  FE_OFC2_rst_ni/Y          -    INVXL           10  0.005  0.073   0.174   0.000    3.760  R      1.079  pd_aon  
  operand_a_i_sr_reg_23/RN  -    SDFFSRHQX4      10  0.005  0.202   0.000   0.000    3.760  R      1.070  pd_aon  
#---------------------------------------------------------------------------------------------------------------
     Other End Path:

#---------------------------------------------------------------------------------------------------------------
# Timing Point              Net  Cell        Fanout   Load  Trans   Delay    Incr  Arrival  Edge  User    Power  
#                                                     (pf)   (ns)    (ns)   Delay     (ns)        Derate  Domain  
#---------------------------------------------------------------------------------------------------------------
  clk_i                     -    (arrival)        1  0.003  0.027   0.000   0.000    9.873  R     -       pd_aon  
  CTS_ccl_a_inv_00012/Y     -    CLKINVX6         3  0.011  0.027   0.047   0.000    9.920  F      0.927  pd_aon  
  CTS_ccl_a_inv_00008/Y     -    CLKINVX6        21  0.015  0.060   0.062   0.000    9.982  R      0.927  pd_aon  
  operand_a_i_sr_reg_23/CK  -    SDFFSRHQX4      21  0.015  0.067   0.000   0.000    9.982  R      0.930  pd_aon  
#---------------------------------------------------------------------------------------------------------------
Path 164: MET (5.999 ns) Recovery Check with Pin operand_a_i_sr_reg_30/CK->RN
               View: slow_0p9v_125c_cmax_func
              Group: in2reg
         Startpoint: (R) rst_ni
              Clock: (R) clk_i_virtual
           Endpoint: (R) operand_a_i_sr_reg_30/RN
              Clock: (R) clk_i

                       Capture       Launch
         Clock Edge:+   10.000        0.000
         Drv Adjust:+    0.009        0.002
        Src Latency:+   -0.137        0.000
        Net Latency:+    0.109 (P)    0.000 (I)
            Arrival:=    9.982        0.002

           Recovery:-    0.168
        Uncertainty:-    0.055
        Cppr Adjust:+    0.000
      Required Time:=    9.759
       Launch Clock:=    0.002
        Input Delay:+    3.500
          Data Path:+    0.259
              Slack:=    5.999
     Timing Path:

#---------------------------------------------------------------------------------------------------------------
# Timing Point              Net  Cell        Fanout   Load  Trans   Delay    Incr  Arrival  Edge  User    Power  
#                                                     (pf)   (ns)    (ns)   Delay     (ns)        Derate  Domain  
#---------------------------------------------------------------------------------------------------------------
  rst_ni                    -    (arrival)        1  0.000  0.051   0.000   0.000    3.502  R     -       pd_aon  
  FE_OFC0_rst_ni/Y          -    INVXL            2  0.001  0.051   0.084   0.000    3.586  F      1.079  pd_aon  
  FE_OFC2_rst_ni/Y          -    INVXL           10  0.005  0.073   0.174   0.000    3.760  R      1.079  pd_aon  
  operand_a_i_sr_reg_30/RN  -    SDFFSRHQX4      10  0.005  0.202   0.000   0.000    3.760  R      1.070  pd_aon  
#---------------------------------------------------------------------------------------------------------------
     Other End Path:

#---------------------------------------------------------------------------------------------------------------
# Timing Point              Net  Cell        Fanout   Load  Trans   Delay    Incr  Arrival  Edge  User    Power  
#                                                     (pf)   (ns)    (ns)   Delay     (ns)        Derate  Domain  
#---------------------------------------------------------------------------------------------------------------
  clk_i                     -    (arrival)        1  0.003  0.027   0.000   0.000    9.873  R     -       pd_aon  
  CTS_ccl_a_inv_00012/Y     -    CLKINVX6         3  0.011  0.027   0.047   0.000    9.920  F      0.927  pd_aon  
  CTS_ccl_a_inv_00008/Y     -    CLKINVX6        21  0.015  0.060   0.062   0.000    9.982  R      0.927  pd_aon  
  operand_a_i_sr_reg_30/CK  -    SDFFSRHQX4      21  0.015  0.067   0.000   0.000    9.982  R      0.930  pd_aon  
#---------------------------------------------------------------------------------------------------------------
Path 165: MET (5.999 ns) Recovery Check with Pin operand_a_i_sr_reg_29/CK->RN
               View: slow_0p9v_125c_cmax_func
              Group: in2reg
         Startpoint: (R) rst_ni
              Clock: (R) clk_i_virtual
           Endpoint: (R) operand_a_i_sr_reg_29/RN
              Clock: (R) clk_i

                       Capture       Launch
         Clock Edge:+   10.000        0.000
         Drv Adjust:+    0.009        0.002
        Src Latency:+   -0.137        0.000
        Net Latency:+    0.109 (P)    0.000 (I)
            Arrival:=    9.982        0.002

           Recovery:-    0.168
        Uncertainty:-    0.055
        Cppr Adjust:+    0.000
      Required Time:=    9.759
       Launch Clock:=    0.002
        Input Delay:+    3.500
          Data Path:+    0.259
              Slack:=    5.999
     Timing Path:

#---------------------------------------------------------------------------------------------------------------
# Timing Point              Net  Cell        Fanout   Load  Trans   Delay    Incr  Arrival  Edge  User    Power  
#                                                     (pf)   (ns)    (ns)   Delay     (ns)        Derate  Domain  
#---------------------------------------------------------------------------------------------------------------
  rst_ni                    -    (arrival)        1  0.000  0.051   0.000   0.000    3.502  R     -       pd_aon  
  FE_OFC0_rst_ni/Y          -    INVXL            2  0.001  0.051   0.084   0.000    3.586  F      1.079  pd_aon  
  FE_OFC2_rst_ni/Y          -    INVXL           10  0.005  0.073   0.174   0.000    3.760  R      1.079  pd_aon  
  operand_a_i_sr_reg_29/RN  -    SDFFSRHQX4      10  0.005  0.202   0.000   0.000    3.760  R      1.070  pd_aon  
#---------------------------------------------------------------------------------------------------------------
     Other End Path:

#---------------------------------------------------------------------------------------------------------------
# Timing Point              Net  Cell        Fanout   Load  Trans   Delay    Incr  Arrival  Edge  User    Power  
#                                                     (pf)   (ns)    (ns)   Delay     (ns)        Derate  Domain  
#---------------------------------------------------------------------------------------------------------------
  clk_i                     -    (arrival)        1  0.003  0.027   0.000   0.000    9.873  R     -       pd_aon  
  CTS_ccl_a_inv_00012/Y     -    CLKINVX6         3  0.011  0.027   0.047   0.000    9.920  F      0.927  pd_aon  
  CTS_ccl_a_inv_00008/Y     -    CLKINVX6        21  0.015  0.060   0.062   0.000    9.982  R      0.927  pd_aon  
  operand_a_i_sr_reg_29/CK  -    SDFFSRHQX4      21  0.015  0.067   0.000   0.000    9.982  R      0.930  pd_aon  
#---------------------------------------------------------------------------------------------------------------
Path 166: MET (5.999 ns) Recovery Check with Pin operand_a_i_sr_reg_28/CK->RN
               View: slow_0p9v_125c_cmax_func
              Group: in2reg
         Startpoint: (R) rst_ni
              Clock: (R) clk_i_virtual
           Endpoint: (R) operand_a_i_sr_reg_28/RN
              Clock: (R) clk_i

                       Capture       Launch
         Clock Edge:+   10.000        0.000
         Drv Adjust:+    0.009        0.002
        Src Latency:+   -0.137        0.000
        Net Latency:+    0.109 (P)    0.000 (I)
            Arrival:=    9.982        0.002

           Recovery:-    0.168
        Uncertainty:-    0.055
        Cppr Adjust:+    0.000
      Required Time:=    9.759
       Launch Clock:=    0.002
        Input Delay:+    3.500
          Data Path:+    0.259
              Slack:=    5.999
     Timing Path:

#---------------------------------------------------------------------------------------------------------------
# Timing Point              Net  Cell        Fanout   Load  Trans   Delay    Incr  Arrival  Edge  User    Power  
#                                                     (pf)   (ns)    (ns)   Delay     (ns)        Derate  Domain  
#---------------------------------------------------------------------------------------------------------------
  rst_ni                    -    (arrival)        1  0.000  0.051   0.000   0.000    3.502  R     -       pd_aon  
  FE_OFC0_rst_ni/Y          -    INVXL            2  0.001  0.051   0.084   0.000    3.586  F      1.079  pd_aon  
  FE_OFC2_rst_ni/Y          -    INVXL           10  0.005  0.073   0.174   0.000    3.760  R      1.079  pd_aon  
  operand_a_i_sr_reg_28/RN  -    SDFFSRHQX4      10  0.005  0.202   0.000   0.000    3.760  R      1.070  pd_aon  
#---------------------------------------------------------------------------------------------------------------
     Other End Path:

#---------------------------------------------------------------------------------------------------------------
# Timing Point              Net  Cell        Fanout   Load  Trans   Delay    Incr  Arrival  Edge  User    Power  
#                                                     (pf)   (ns)    (ns)   Delay     (ns)        Derate  Domain  
#---------------------------------------------------------------------------------------------------------------
  clk_i                     -    (arrival)        1  0.003  0.027   0.000   0.000    9.873  R     -       pd_aon  
  CTS_ccl_a_inv_00012/Y     -    CLKINVX6         3  0.011  0.027   0.047   0.000    9.920  F      0.927  pd_aon  
  CTS_ccl_a_inv_00008/Y     -    CLKINVX6        21  0.015  0.060   0.062   0.000    9.982  R      0.927  pd_aon  
  operand_a_i_sr_reg_28/CK  -    SDFFSRHQX4      21  0.015  0.067   0.000   0.000    9.982  R      0.930  pd_aon  
#---------------------------------------------------------------------------------------------------------------
Path 167: MET (5.999 ns) Recovery Check with Pin operand_a_i_sr_reg_15/CK->RN
               View: slow_0p9v_125c_cmax_func
              Group: in2reg
         Startpoint: (R) rst_ni
              Clock: (R) clk_i_virtual
           Endpoint: (R) operand_a_i_sr_reg_15/RN
              Clock: (R) clk_i

                       Capture       Launch
         Clock Edge:+   10.000        0.000
         Drv Adjust:+    0.009        0.002
        Src Latency:+   -0.137        0.000
        Net Latency:+    0.109 (P)    0.000 (I)
            Arrival:=    9.982        0.002

           Recovery:-    0.168
        Uncertainty:-    0.055
        Cppr Adjust:+    0.000
      Required Time:=    9.759
       Launch Clock:=    0.002
        Input Delay:+    3.500
          Data Path:+    0.259
              Slack:=    5.999
     Timing Path:

#---------------------------------------------------------------------------------------------------------------
# Timing Point              Net  Cell        Fanout   Load  Trans   Delay    Incr  Arrival  Edge  User    Power  
#                                                     (pf)   (ns)    (ns)   Delay     (ns)        Derate  Domain  
#---------------------------------------------------------------------------------------------------------------
  rst_ni                    -    (arrival)        1  0.000  0.051   0.000   0.000    3.502  R     -       pd_aon  
  FE_OFC0_rst_ni/Y          -    INVXL            2  0.001  0.051   0.084   0.000    3.586  F      1.079  pd_aon  
  FE_OFC2_rst_ni/Y          -    INVXL           10  0.005  0.073   0.174   0.000    3.760  R      1.079  pd_aon  
  operand_a_i_sr_reg_15/RN  -    SDFFSRHQX4      10  0.005  0.202   0.000   0.000    3.760  R      1.070  pd_aon  
#---------------------------------------------------------------------------------------------------------------
     Other End Path:

#---------------------------------------------------------------------------------------------------------------
# Timing Point              Net  Cell        Fanout   Load  Trans   Delay    Incr  Arrival  Edge  User    Power  
#                                                     (pf)   (ns)    (ns)   Delay     (ns)        Derate  Domain  
#---------------------------------------------------------------------------------------------------------------
  clk_i                     -    (arrival)        1  0.003  0.027   0.000   0.000    9.873  R     -       pd_aon  
  CTS_ccl_a_inv_00012/Y     -    CLKINVX6         3  0.011  0.027   0.047   0.000    9.920  F      0.927  pd_aon  
  CTS_ccl_a_inv_00008/Y     -    CLKINVX6        21  0.015  0.060   0.062   0.000    9.982  R      0.927  pd_aon  
  operand_a_i_sr_reg_15/CK  -    SDFFSRHQX4      21  0.015  0.067   0.000   0.000    9.982  R      0.930  pd_aon  
#---------------------------------------------------------------------------------------------------------------
Path 168: MET (6.000 ns) Recovery Check with Pin operand_a_i_sr_reg_27/CK->RN
               View: slow_0p9v_125c_cmax_func
              Group: in2reg
         Startpoint: (R) rst_ni
              Clock: (R) clk_i_virtual
           Endpoint: (R) operand_a_i_sr_reg_27/RN
              Clock: (R) clk_i

                       Capture       Launch
         Clock Edge:+   10.000        0.000
         Drv Adjust:+    0.009        0.002
        Src Latency:+   -0.137        0.000
        Net Latency:+    0.107 (P)    0.000 (I)
            Arrival:=    9.980        0.002

           Recovery:-    0.164
        Uncertainty:-    0.055
        Cppr Adjust:+    0.000
      Required Time:=    9.761
       Launch Clock:=    0.002
        Input Delay:+    3.500
          Data Path:+    0.259
              Slack:=    6.000
     Timing Path:

#---------------------------------------------------------------------------------------------------------------
# Timing Point              Net  Cell        Fanout   Load  Trans   Delay    Incr  Arrival  Edge  User    Power  
#                                                     (pf)   (ns)    (ns)   Delay     (ns)        Derate  Domain  
#---------------------------------------------------------------------------------------------------------------
  rst_ni                    -    (arrival)        1  0.000  0.051   0.000   0.000    3.502  R     -       pd_aon  
  FE_OFC0_rst_ni/Y          -    INVXL            2  0.001  0.051   0.084   0.000    3.586  F      1.079  pd_aon  
  FE_OFC2_rst_ni/Y          -    INVXL           10  0.005  0.073   0.174   0.000    3.760  R      1.079  pd_aon  
  operand_a_i_sr_reg_27/RN  -    SDFFSRHQX1      10  0.005  0.202   0.000   0.000    3.760  R      1.070  pd_aon  
#---------------------------------------------------------------------------------------------------------------
     Other End Path:

#---------------------------------------------------------------------------------------------------------------
# Timing Point              Net  Cell        Fanout   Load  Trans   Delay    Incr  Arrival  Edge  User    Power  
#                                                     (pf)   (ns)    (ns)   Delay     (ns)        Derate  Domain  
#---------------------------------------------------------------------------------------------------------------
  clk_i                     -    (arrival)        1  0.003  0.027   0.000   0.000    9.873  R     -       pd_aon  
  CTS_ccl_a_inv_00012/Y     -    CLKINVX6         3  0.011  0.027   0.047   0.000    9.920  F      0.927  pd_aon  
  CTS_ccl_a_inv_00009/Y     -    CLKINVX6        20  0.013  0.060   0.060   0.000    9.980  R      0.927  pd_aon  
  operand_a_i_sr_reg_27/CK  -    SDFFSRHQX1      20  0.013  0.063   0.000   0.000    9.980  R      0.930  pd_aon  
#---------------------------------------------------------------------------------------------------------------
Path 169: MET (6.026 ns) Recovery Check with Pin operand_b_i_sr_reg_18/CK->RN
               View: slow_0p9v_125c_cmax_func
              Group: in2reg
         Startpoint: (R) rst_ni
              Clock: (R) clk_i_virtual
           Endpoint: (R) operand_b_i_sr_reg_18/RN
              Clock: (R) clk_i

                       Capture       Launch
         Clock Edge:+   10.000        0.000
         Drv Adjust:+    0.009        0.002
        Src Latency:+   -0.137        0.000
        Net Latency:+    0.109 (P)    0.000 (I)
            Arrival:=    9.981        0.002

           Recovery:-    0.159
        Uncertainty:-    0.055
        Cppr Adjust:+    0.000
      Required Time:=    9.768
       Launch Clock:=    0.002
        Input Delay:+    3.500
          Data Path:+    0.240
              Slack:=    6.026
     Timing Path:

#---------------------------------------------------------------------------------------------------------------
# Timing Point              Net  Cell        Fanout   Load  Trans   Delay    Incr  Arrival  Edge  User    Power  
#                                                     (pf)   (ns)    (ns)   Delay     (ns)        Derate  Domain  
#---------------------------------------------------------------------------------------------------------------
  rst_ni                    -    (arrival)        1  0.000  0.051   0.000   0.000    3.502  R     -       pd_aon  
  FE_OFC0_rst_ni/Y          -    INVXL            2  0.001  0.051   0.084   0.000    3.586  F      1.079  pd_aon  
  FE_OFC1_rst_ni/Y          -    INVX2           28  0.016  0.073   0.156   0.000    3.741  R      1.079  pd_aon  
  operand_b_i_sr_reg_18/RN  -    SDFFSRHQX4      28  0.016  0.181   0.000   0.000    3.741  R      1.070  pd_aon  
#---------------------------------------------------------------------------------------------------------------
     Other End Path:

#---------------------------------------------------------------------------------------------------------------
# Timing Point              Net  Cell        Fanout   Load  Trans   Delay    Incr  Arrival  Edge  User    Power  
#                                                     (pf)   (ns)    (ns)   Delay     (ns)        Derate  Domain  
#---------------------------------------------------------------------------------------------------------------
  clk_i                     -    (arrival)        1  0.003  0.027   0.000   0.000    9.873  R     -       pd_aon  
  CTS_ccl_a_inv_00012/Y     -    CLKINVX6         3  0.011  0.027   0.047   0.000    9.920  F      0.927  pd_aon  
  CTS_ccl_a_inv_00007/Y     -    CLKINVX6        24  0.014  0.060   0.061   0.000    9.981  R      0.927  pd_aon  
  operand_b_i_sr_reg_18/CK  -    SDFFSRHQX4      24  0.014  0.066   0.000   0.000    9.981  R      0.930  pd_aon  
#---------------------------------------------------------------------------------------------------------------
Path 170: MET (6.026 ns) Recovery Check with Pin operand_b_i_sr_reg_19/CK->RN
               View: slow_0p9v_125c_cmax_func
              Group: in2reg
         Startpoint: (R) rst_ni
              Clock: (R) clk_i_virtual
           Endpoint: (R) operand_b_i_sr_reg_19/RN
              Clock: (R) clk_i

                       Capture       Launch
         Clock Edge:+   10.000        0.000
         Drv Adjust:+    0.009        0.002
        Src Latency:+   -0.137        0.000
        Net Latency:+    0.109 (P)    0.000 (I)
            Arrival:=    9.981        0.002

           Recovery:-    0.159
        Uncertainty:-    0.055
        Cppr Adjust:+    0.000
      Required Time:=    9.768
       Launch Clock:=    0.002
        Input Delay:+    3.500
          Data Path:+    0.240
              Slack:=    6.026
     Timing Path:

#---------------------------------------------------------------------------------------------------------------
# Timing Point              Net  Cell        Fanout   Load  Trans   Delay    Incr  Arrival  Edge  User    Power  
#                                                     (pf)   (ns)    (ns)   Delay     (ns)        Derate  Domain  
#---------------------------------------------------------------------------------------------------------------
  rst_ni                    -    (arrival)        1  0.000  0.051   0.000   0.000    3.502  R     -       pd_aon  
  FE_OFC0_rst_ni/Y          -    INVXL            2  0.001  0.051   0.084   0.000    3.586  F      1.079  pd_aon  
  FE_OFC1_rst_ni/Y          -    INVX2           28  0.016  0.073   0.156   0.000    3.741  R      1.079  pd_aon  
  operand_b_i_sr_reg_19/RN  -    SDFFSRHQX4      28  0.016  0.181   0.000   0.000    3.741  R      1.070  pd_aon  
#---------------------------------------------------------------------------------------------------------------
     Other End Path:

#---------------------------------------------------------------------------------------------------------------
# Timing Point              Net  Cell        Fanout   Load  Trans   Delay    Incr  Arrival  Edge  User    Power  
#                                                     (pf)   (ns)    (ns)   Delay     (ns)        Derate  Domain  
#---------------------------------------------------------------------------------------------------------------
  clk_i                     -    (arrival)        1  0.003  0.027   0.000   0.000    9.873  R     -       pd_aon  
  CTS_ccl_a_inv_00012/Y     -    CLKINVX6         3  0.011  0.027   0.047   0.000    9.920  F      0.927  pd_aon  
  CTS_ccl_a_inv_00007/Y     -    CLKINVX6        24  0.014  0.060   0.061   0.000    9.981  R      0.927  pd_aon  
  operand_b_i_sr_reg_19/CK  -    SDFFSRHQX4      24  0.014  0.066   0.000   0.000    9.981  R      0.930  pd_aon  
#---------------------------------------------------------------------------------------------------------------
Path 171: MET (6.026 ns) Recovery Check with Pin operand_b_i_sr_reg_20/CK->RN
               View: slow_0p9v_125c_cmax_func
              Group: in2reg
         Startpoint: (R) rst_ni
              Clock: (R) clk_i_virtual
           Endpoint: (R) operand_b_i_sr_reg_20/RN
              Clock: (R) clk_i

                       Capture       Launch
         Clock Edge:+   10.000        0.000
         Drv Adjust:+    0.009        0.002
        Src Latency:+   -0.137        0.000
        Net Latency:+    0.109 (P)    0.000 (I)
            Arrival:=    9.981        0.002

           Recovery:-    0.159
        Uncertainty:-    0.055
        Cppr Adjust:+    0.000
      Required Time:=    9.768
       Launch Clock:=    0.002
        Input Delay:+    3.500
          Data Path:+    0.240
              Slack:=    6.026
     Timing Path:

#---------------------------------------------------------------------------------------------------------------
# Timing Point              Net  Cell        Fanout   Load  Trans   Delay    Incr  Arrival  Edge  User    Power  
#                                                     (pf)   (ns)    (ns)   Delay     (ns)        Derate  Domain  
#---------------------------------------------------------------------------------------------------------------
  rst_ni                    -    (arrival)        1  0.000  0.051   0.000   0.000    3.502  R     -       pd_aon  
  FE_OFC0_rst_ni/Y          -    INVXL            2  0.001  0.051   0.084   0.000    3.586  F      1.079  pd_aon  
  FE_OFC1_rst_ni/Y          -    INVX2           28  0.016  0.073   0.155   0.000    3.741  R      1.079  pd_aon  
  operand_b_i_sr_reg_20/RN  -    SDFFSRHQX4      28  0.016  0.181   0.000   0.000    3.741  R      1.070  pd_aon  
#---------------------------------------------------------------------------------------------------------------
     Other End Path:

#---------------------------------------------------------------------------------------------------------------
# Timing Point              Net  Cell        Fanout   Load  Trans   Delay    Incr  Arrival  Edge  User    Power  
#                                                     (pf)   (ns)    (ns)   Delay     (ns)        Derate  Domain  
#---------------------------------------------------------------------------------------------------------------
  clk_i                     -    (arrival)        1  0.003  0.027   0.000   0.000    9.873  R     -       pd_aon  
  CTS_ccl_a_inv_00012/Y     -    CLKINVX6         3  0.011  0.027   0.047   0.000    9.920  F      0.927  pd_aon  
  CTS_ccl_a_inv_00007/Y     -    CLKINVX6        24  0.014  0.060   0.061   0.000    9.981  R      0.927  pd_aon  
  operand_b_i_sr_reg_20/CK  -    SDFFSRHQX4      24  0.014  0.066   0.000   0.000    9.981  R      0.930  pd_aon  
#---------------------------------------------------------------------------------------------------------------
Path 172: MET (6.026 ns) Recovery Check with Pin operand_b_i_sr_reg_2/CK->RN
               View: slow_0p9v_125c_cmax_func
              Group: in2reg
         Startpoint: (R) rst_ni
              Clock: (R) clk_i_virtual
           Endpoint: (R) operand_b_i_sr_reg_2/RN
              Clock: (R) clk_i

                       Capture       Launch
         Clock Edge:+   10.000        0.000
         Drv Adjust:+    0.009        0.002
        Src Latency:+   -0.137        0.000
        Net Latency:+    0.109 (P)    0.000 (I)
            Arrival:=    9.981        0.002

           Recovery:-    0.159
        Uncertainty:-    0.055
        Cppr Adjust:+    0.000
      Required Time:=    9.768
       Launch Clock:=    0.002
        Input Delay:+    3.500
          Data Path:+    0.240
              Slack:=    6.026
     Timing Path:

#--------------------------------------------------------------------------------------------------------------
# Timing Point             Net  Cell        Fanout   Load  Trans   Delay    Incr  Arrival  Edge  User    Power  
#                                                    (pf)   (ns)    (ns)   Delay     (ns)        Derate  Domain  
#--------------------------------------------------------------------------------------------------------------
  rst_ni                   -    (arrival)        1  0.000  0.051   0.000   0.000    3.502  R     -       pd_aon  
  FE_OFC0_rst_ni/Y         -    INVXL            2  0.001  0.051   0.084   0.000    3.586  F      1.079  pd_aon  
  FE_OFC1_rst_ni/Y         -    INVX2           28  0.016  0.073   0.155   0.000    3.741  R      1.079  pd_aon  
  operand_b_i_sr_reg_2/RN  -    SDFFSRHQX4      28  0.016  0.181   0.000   0.000    3.741  R      1.070  pd_aon  
#--------------------------------------------------------------------------------------------------------------
     Other End Path:

#--------------------------------------------------------------------------------------------------------------
# Timing Point             Net  Cell        Fanout   Load  Trans   Delay    Incr  Arrival  Edge  User    Power  
#                                                    (pf)   (ns)    (ns)   Delay     (ns)        Derate  Domain  
#--------------------------------------------------------------------------------------------------------------
  clk_i                    -    (arrival)        1  0.003  0.027   0.000   0.000    9.873  R     -       pd_aon  
  CTS_ccl_a_inv_00012/Y    -    CLKINVX6         3  0.011  0.027   0.047   0.000    9.920  F      0.927  pd_aon  
  CTS_ccl_a_inv_00007/Y    -    CLKINVX6        24  0.014  0.060   0.061   0.000    9.981  R      0.927  pd_aon  
  operand_b_i_sr_reg_2/CK  -    SDFFSRHQX4      24  0.014  0.066   0.000   0.000    9.981  R      0.930  pd_aon  
#--------------------------------------------------------------------------------------------------------------
Path 173: MET (6.026 ns) Recovery Check with Pin operand_b_i_sr_reg_0/CK->RN
               View: slow_0p9v_125c_cmax_func
              Group: in2reg
         Startpoint: (R) rst_ni
              Clock: (R) clk_i_virtual
           Endpoint: (R) operand_b_i_sr_reg_0/RN
              Clock: (R) clk_i

                       Capture       Launch
         Clock Edge:+   10.000        0.000
         Drv Adjust:+    0.009        0.002
        Src Latency:+   -0.137        0.000
        Net Latency:+    0.109 (P)    0.000 (I)
            Arrival:=    9.981        0.002

           Recovery:-    0.159
        Uncertainty:-    0.055
        Cppr Adjust:+    0.000
      Required Time:=    9.768
       Launch Clock:=    0.002
        Input Delay:+    3.500
          Data Path:+    0.240
              Slack:=    6.026
     Timing Path:

#--------------------------------------------------------------------------------------------------------------
# Timing Point             Net  Cell        Fanout   Load  Trans   Delay    Incr  Arrival  Edge  User    Power  
#                                                    (pf)   (ns)    (ns)   Delay     (ns)        Derate  Domain  
#--------------------------------------------------------------------------------------------------------------
  rst_ni                   -    (arrival)        1  0.000  0.051   0.000   0.000    3.502  R     -       pd_aon  
  FE_OFC0_rst_ni/Y         -    INVXL            2  0.001  0.051   0.084   0.000    3.586  F      1.079  pd_aon  
  FE_OFC1_rst_ni/Y         -    INVX2           28  0.016  0.073   0.155   0.000    3.741  R      1.079  pd_aon  
  operand_b_i_sr_reg_0/RN  -    SDFFSRHQX4      28  0.016  0.181   0.000   0.000    3.741  R      1.070  pd_aon  
#--------------------------------------------------------------------------------------------------------------
     Other End Path:

#--------------------------------------------------------------------------------------------------------------
# Timing Point             Net  Cell        Fanout   Load  Trans   Delay    Incr  Arrival  Edge  User    Power  
#                                                    (pf)   (ns)    (ns)   Delay     (ns)        Derate  Domain  
#--------------------------------------------------------------------------------------------------------------
  clk_i                    -    (arrival)        1  0.003  0.027   0.000   0.000    9.873  R     -       pd_aon  
  CTS_ccl_a_inv_00012/Y    -    CLKINVX6         3  0.011  0.027   0.047   0.000    9.920  F      0.927  pd_aon  
  CTS_ccl_a_inv_00007/Y    -    CLKINVX6        24  0.014  0.060   0.061   0.000    9.981  R      0.927  pd_aon  
  operand_b_i_sr_reg_0/CK  -    SDFFSRHQX4      24  0.014  0.066   0.000   0.000    9.981  R      0.930  pd_aon  
#--------------------------------------------------------------------------------------------------------------
Path 174: MET (6.026 ns) Recovery Check with Pin operand_b_i_sr_reg_23/CK->RN
               View: slow_0p9v_125c_cmax_func
              Group: in2reg
         Startpoint: (R) rst_ni
              Clock: (R) clk_i_virtual
           Endpoint: (R) operand_b_i_sr_reg_23/RN
              Clock: (R) clk_i

                       Capture       Launch
         Clock Edge:+   10.000        0.000
         Drv Adjust:+    0.009        0.002
        Src Latency:+   -0.137        0.000
        Net Latency:+    0.109 (P)    0.000 (I)
            Arrival:=    9.981        0.002

           Recovery:-    0.159
        Uncertainty:-    0.055
        Cppr Adjust:+    0.000
      Required Time:=    9.768
       Launch Clock:=    0.002
        Input Delay:+    3.500
          Data Path:+    0.240
              Slack:=    6.026
     Timing Path:

#---------------------------------------------------------------------------------------------------------------
# Timing Point              Net  Cell        Fanout   Load  Trans   Delay    Incr  Arrival  Edge  User    Power  
#                                                     (pf)   (ns)    (ns)   Delay     (ns)        Derate  Domain  
#---------------------------------------------------------------------------------------------------------------
  rst_ni                    -    (arrival)        1  0.000  0.051   0.000   0.000    3.502  R     -       pd_aon  
  FE_OFC0_rst_ni/Y          -    INVXL            2  0.001  0.051   0.084   0.000    3.586  F      1.079  pd_aon  
  FE_OFC1_rst_ni/Y          -    INVX2           28  0.016  0.073   0.155   0.000    3.741  R      1.079  pd_aon  
  operand_b_i_sr_reg_23/RN  -    SDFFSRHQX4      28  0.016  0.181   0.000   0.000    3.741  R      1.070  pd_aon  
#---------------------------------------------------------------------------------------------------------------
     Other End Path:

#---------------------------------------------------------------------------------------------------------------
# Timing Point              Net  Cell        Fanout   Load  Trans   Delay    Incr  Arrival  Edge  User    Power  
#                                                     (pf)   (ns)    (ns)   Delay     (ns)        Derate  Domain  
#---------------------------------------------------------------------------------------------------------------
  clk_i                     -    (arrival)        1  0.003  0.027   0.000   0.000    9.873  R     -       pd_aon  
  CTS_ccl_a_inv_00012/Y     -    CLKINVX6         3  0.011  0.027   0.047   0.000    9.920  F      0.927  pd_aon  
  CTS_ccl_a_inv_00007/Y     -    CLKINVX6        24  0.014  0.060   0.061   0.000    9.981  R      0.927  pd_aon  
  operand_b_i_sr_reg_23/CK  -    SDFFSRHQX4      24  0.014  0.066   0.000   0.000    9.981  R      0.930  pd_aon  
#---------------------------------------------------------------------------------------------------------------
Path 175: MET (6.026 ns) Recovery Check with Pin operand_b_i_sr_reg_3/CK->RN
               View: slow_0p9v_125c_cmax_func
              Group: in2reg
         Startpoint: (R) rst_ni
              Clock: (R) clk_i_virtual
           Endpoint: (R) operand_b_i_sr_reg_3/RN
              Clock: (R) clk_i

                       Capture       Launch
         Clock Edge:+   10.000        0.000
         Drv Adjust:+    0.009        0.002
        Src Latency:+   -0.137        0.000
        Net Latency:+    0.109 (P)    0.000 (I)
            Arrival:=    9.981        0.002

           Recovery:-    0.159
        Uncertainty:-    0.055
        Cppr Adjust:+    0.000
      Required Time:=    9.768
       Launch Clock:=    0.002
        Input Delay:+    3.500
          Data Path:+    0.240
              Slack:=    6.026
     Timing Path:

#--------------------------------------------------------------------------------------------------------------
# Timing Point             Net  Cell        Fanout   Load  Trans   Delay    Incr  Arrival  Edge  User    Power  
#                                                    (pf)   (ns)    (ns)   Delay     (ns)        Derate  Domain  
#--------------------------------------------------------------------------------------------------------------
  rst_ni                   -    (arrival)        1  0.000  0.051   0.000   0.000    3.502  R     -       pd_aon  
  FE_OFC0_rst_ni/Y         -    INVXL            2  0.001  0.051   0.084   0.000    3.586  F      1.079  pd_aon  
  FE_OFC1_rst_ni/Y         -    INVX2           28  0.016  0.073   0.155   0.000    3.741  R      1.079  pd_aon  
  operand_b_i_sr_reg_3/RN  -    SDFFSRHQX4      28  0.016  0.181   0.000   0.000    3.741  R      1.070  pd_aon  
#--------------------------------------------------------------------------------------------------------------
     Other End Path:

#--------------------------------------------------------------------------------------------------------------
# Timing Point             Net  Cell        Fanout   Load  Trans   Delay    Incr  Arrival  Edge  User    Power  
#                                                    (pf)   (ns)    (ns)   Delay     (ns)        Derate  Domain  
#--------------------------------------------------------------------------------------------------------------
  clk_i                    -    (arrival)        1  0.003  0.027   0.000   0.000    9.873  R     -       pd_aon  
  CTS_ccl_a_inv_00012/Y    -    CLKINVX6         3  0.011  0.027   0.047   0.000    9.920  F      0.927  pd_aon  
  CTS_ccl_a_inv_00007/Y    -    CLKINVX6        24  0.014  0.060   0.061   0.000    9.981  R      0.927  pd_aon  
  operand_b_i_sr_reg_3/CK  -    SDFFSRHQX4      24  0.014  0.066   0.000   0.000    9.981  R      0.930  pd_aon  
#--------------------------------------------------------------------------------------------------------------
Path 176: MET (6.026 ns) Recovery Check with Pin operand_b_i_sr_reg_22/CK->RN
               View: slow_0p9v_125c_cmax_func
              Group: in2reg
         Startpoint: (R) rst_ni
              Clock: (R) clk_i_virtual
           Endpoint: (R) operand_b_i_sr_reg_22/RN
              Clock: (R) clk_i

                       Capture       Launch
         Clock Edge:+   10.000        0.000
         Drv Adjust:+    0.009        0.002
        Src Latency:+   -0.137        0.000
        Net Latency:+    0.109 (P)    0.000 (I)
            Arrival:=    9.981        0.002

           Recovery:-    0.159
        Uncertainty:-    0.055
        Cppr Adjust:+    0.000
      Required Time:=    9.768
       Launch Clock:=    0.002
        Input Delay:+    3.500
          Data Path:+    0.240
              Slack:=    6.026
     Timing Path:

#---------------------------------------------------------------------------------------------------------------
# Timing Point              Net  Cell        Fanout   Load  Trans   Delay    Incr  Arrival  Edge  User    Power  
#                                                     (pf)   (ns)    (ns)   Delay     (ns)        Derate  Domain  
#---------------------------------------------------------------------------------------------------------------
  rst_ni                    -    (arrival)        1  0.000  0.051   0.000   0.000    3.502  R     -       pd_aon  
  FE_OFC0_rst_ni/Y          -    INVXL            2  0.001  0.051   0.084   0.000    3.586  F      1.079  pd_aon  
  FE_OFC1_rst_ni/Y          -    INVX2           28  0.016  0.073   0.155   0.000    3.741  R      1.079  pd_aon  
  operand_b_i_sr_reg_22/RN  -    SDFFSRHQX4      28  0.016  0.181   0.000   0.000    3.741  R      1.070  pd_aon  
#---------------------------------------------------------------------------------------------------------------
     Other End Path:

#---------------------------------------------------------------------------------------------------------------
# Timing Point              Net  Cell        Fanout   Load  Trans   Delay    Incr  Arrival  Edge  User    Power  
#                                                     (pf)   (ns)    (ns)   Delay     (ns)        Derate  Domain  
#---------------------------------------------------------------------------------------------------------------
  clk_i                     -    (arrival)        1  0.003  0.027   0.000   0.000    9.873  R     -       pd_aon  
  CTS_ccl_a_inv_00012/Y     -    CLKINVX6         3  0.011  0.027   0.047   0.000    9.920  F      0.927  pd_aon  
  CTS_ccl_a_inv_00007/Y     -    CLKINVX6        24  0.014  0.060   0.061   0.000    9.981  R      0.927  pd_aon  
  operand_b_i_sr_reg_22/CK  -    SDFFSRHQX4      24  0.014  0.066   0.000   0.000    9.981  R      0.930  pd_aon  
#---------------------------------------------------------------------------------------------------------------
Path 177: MET (6.026 ns) Recovery Check with Pin operand_b_i_sr_reg_21/CK->RN
               View: slow_0p9v_125c_cmax_func
              Group: in2reg
         Startpoint: (R) rst_ni
              Clock: (R) clk_i_virtual
           Endpoint: (R) operand_b_i_sr_reg_21/RN
              Clock: (R) clk_i

                       Capture       Launch
         Clock Edge:+   10.000        0.000
         Drv Adjust:+    0.009        0.002
        Src Latency:+   -0.137        0.000
        Net Latency:+    0.109 (P)    0.000 (I)
            Arrival:=    9.981        0.002

           Recovery:-    0.159
        Uncertainty:-    0.055
        Cppr Adjust:+    0.000
      Required Time:=    9.768
       Launch Clock:=    0.002
        Input Delay:+    3.500
          Data Path:+    0.240
              Slack:=    6.026
     Timing Path:

#---------------------------------------------------------------------------------------------------------------
# Timing Point              Net  Cell        Fanout   Load  Trans   Delay    Incr  Arrival  Edge  User    Power  
#                                                     (pf)   (ns)    (ns)   Delay     (ns)        Derate  Domain  
#---------------------------------------------------------------------------------------------------------------
  rst_ni                    -    (arrival)        1  0.000  0.051   0.000   0.000    3.502  R     -       pd_aon  
  FE_OFC0_rst_ni/Y          -    INVXL            2  0.001  0.051   0.084   0.000    3.586  F      1.079  pd_aon  
  FE_OFC1_rst_ni/Y          -    INVX2           28  0.016  0.073   0.155   0.000    3.741  R      1.079  pd_aon  
  operand_b_i_sr_reg_21/RN  -    SDFFSRHQX4      28  0.016  0.181   0.000   0.000    3.741  R      1.070  pd_aon  
#---------------------------------------------------------------------------------------------------------------
     Other End Path:

#---------------------------------------------------------------------------------------------------------------
# Timing Point              Net  Cell        Fanout   Load  Trans   Delay    Incr  Arrival  Edge  User    Power  
#                                                     (pf)   (ns)    (ns)   Delay     (ns)        Derate  Domain  
#---------------------------------------------------------------------------------------------------------------
  clk_i                     -    (arrival)        1  0.003  0.027   0.000   0.000    9.873  R     -       pd_aon  
  CTS_ccl_a_inv_00012/Y     -    CLKINVX6         3  0.011  0.027   0.047   0.000    9.920  F      0.927  pd_aon  
  CTS_ccl_a_inv_00007/Y     -    CLKINVX6        24  0.014  0.060   0.061   0.000    9.981  R      0.927  pd_aon  
  operand_b_i_sr_reg_21/CK  -    SDFFSRHQX4      24  0.014  0.066   0.000   0.000    9.981  R      0.930  pd_aon  
#---------------------------------------------------------------------------------------------------------------
Path 178: MET (6.026 ns) Recovery Check with Pin operand_b_i_sr_reg_24/CK->RN
               View: slow_0p9v_125c_cmax_func
              Group: in2reg
         Startpoint: (R) rst_ni
              Clock: (R) clk_i_virtual
           Endpoint: (R) operand_b_i_sr_reg_24/RN
              Clock: (R) clk_i

                       Capture       Launch
         Clock Edge:+   10.000        0.000
         Drv Adjust:+    0.009        0.002
        Src Latency:+   -0.137        0.000
        Net Latency:+    0.109 (P)    0.000 (I)
            Arrival:=    9.981        0.002

           Recovery:-    0.159
        Uncertainty:-    0.055
        Cppr Adjust:+    0.000
      Required Time:=    9.768
       Launch Clock:=    0.002
        Input Delay:+    3.500
          Data Path:+    0.240
              Slack:=    6.026
     Timing Path:

#---------------------------------------------------------------------------------------------------------------
# Timing Point              Net  Cell        Fanout   Load  Trans   Delay    Incr  Arrival  Edge  User    Power  
#                                                     (pf)   (ns)    (ns)   Delay     (ns)        Derate  Domain  
#---------------------------------------------------------------------------------------------------------------
  rst_ni                    -    (arrival)        1  0.000  0.051   0.000   0.000    3.502  R     -       pd_aon  
  FE_OFC0_rst_ni/Y          -    INVXL            2  0.001  0.051   0.084   0.000    3.586  F      1.079  pd_aon  
  FE_OFC1_rst_ni/Y          -    INVX2           28  0.016  0.073   0.155   0.000    3.741  R      1.079  pd_aon  
  operand_b_i_sr_reg_24/RN  -    SDFFSRHQX4      28  0.016  0.181   0.000   0.000    3.741  R      1.070  pd_aon  
#---------------------------------------------------------------------------------------------------------------
     Other End Path:

#---------------------------------------------------------------------------------------------------------------
# Timing Point              Net  Cell        Fanout   Load  Trans   Delay    Incr  Arrival  Edge  User    Power  
#                                                     (pf)   (ns)    (ns)   Delay     (ns)        Derate  Domain  
#---------------------------------------------------------------------------------------------------------------
  clk_i                     -    (arrival)        1  0.003  0.027   0.000   0.000    9.873  R     -       pd_aon  
  CTS_ccl_a_inv_00012/Y     -    CLKINVX6         3  0.011  0.027   0.047   0.000    9.920  F      0.927  pd_aon  
  CTS_ccl_a_inv_00007/Y     -    CLKINVX6        24  0.014  0.060   0.061   0.000    9.981  R      0.927  pd_aon  
  operand_b_i_sr_reg_24/CK  -    SDFFSRHQX4      24  0.014  0.066   0.000   0.000    9.981  R      0.930  pd_aon  
#---------------------------------------------------------------------------------------------------------------
Path 179: MET (6.026 ns) Recovery Check with Pin operand_b_i_sr_reg_25/CK->RN
               View: slow_0p9v_125c_cmax_func
              Group: in2reg
         Startpoint: (R) rst_ni
              Clock: (R) clk_i_virtual
           Endpoint: (R) operand_b_i_sr_reg_25/RN
              Clock: (R) clk_i

                       Capture       Launch
         Clock Edge:+   10.000        0.000
         Drv Adjust:+    0.009        0.002
        Src Latency:+   -0.137        0.000
        Net Latency:+    0.109 (P)    0.000 (I)
            Arrival:=    9.981        0.002

           Recovery:-    0.159
        Uncertainty:-    0.055
        Cppr Adjust:+    0.000
      Required Time:=    9.768
       Launch Clock:=    0.002
        Input Delay:+    3.500
          Data Path:+    0.240
              Slack:=    6.026
     Timing Path:

#---------------------------------------------------------------------------------------------------------------
# Timing Point              Net  Cell        Fanout   Load  Trans   Delay    Incr  Arrival  Edge  User    Power  
#                                                     (pf)   (ns)    (ns)   Delay     (ns)        Derate  Domain  
#---------------------------------------------------------------------------------------------------------------
  rst_ni                    -    (arrival)        1  0.000  0.051   0.000   0.000    3.502  R     -       pd_aon  
  FE_OFC0_rst_ni/Y          -    INVXL            2  0.001  0.051   0.084   0.000    3.586  F      1.079  pd_aon  
  FE_OFC1_rst_ni/Y          -    INVX2           28  0.016  0.073   0.155   0.000    3.741  R      1.079  pd_aon  
  operand_b_i_sr_reg_25/RN  -    SDFFSRHQX4      28  0.016  0.181   0.000   0.000    3.741  R      1.070  pd_aon  
#---------------------------------------------------------------------------------------------------------------
     Other End Path:

#---------------------------------------------------------------------------------------------------------------
# Timing Point              Net  Cell        Fanout   Load  Trans   Delay    Incr  Arrival  Edge  User    Power  
#                                                     (pf)   (ns)    (ns)   Delay     (ns)        Derate  Domain  
#---------------------------------------------------------------------------------------------------------------
  clk_i                     -    (arrival)        1  0.003  0.027   0.000   0.000    9.873  R     -       pd_aon  
  CTS_ccl_a_inv_00012/Y     -    CLKINVX6         3  0.011  0.027   0.047   0.000    9.920  F      0.927  pd_aon  
  CTS_ccl_a_inv_00007/Y     -    CLKINVX6        24  0.014  0.060   0.061   0.000    9.981  R      0.927  pd_aon  
  operand_b_i_sr_reg_25/CK  -    SDFFSRHQX4      24  0.014  0.066   0.000   0.000    9.981  R      0.930  pd_aon  
#---------------------------------------------------------------------------------------------------------------
Path 180: MET (6.027 ns) Recovery Check with Pin operand_b_i_sr_reg_1/CK->RN
               View: slow_0p9v_125c_cmax_func
              Group: in2reg
         Startpoint: (R) rst_ni
              Clock: (R) clk_i_virtual
           Endpoint: (R) operand_b_i_sr_reg_1/RN
              Clock: (R) clk_i

                       Capture       Launch
         Clock Edge:+   10.000        0.000
         Drv Adjust:+    0.009        0.002
        Src Latency:+   -0.137        0.000
        Net Latency:+    0.109 (P)    0.000 (I)
            Arrival:=    9.981        0.002

           Recovery:-    0.158
        Uncertainty:-    0.055
        Cppr Adjust:+    0.000
      Required Time:=    9.769
       Launch Clock:=    0.002
        Input Delay:+    3.500
          Data Path:+    0.240
              Slack:=    6.027
     Timing Path:

#--------------------------------------------------------------------------------------------------------------
# Timing Point             Net  Cell        Fanout   Load  Trans   Delay    Incr  Arrival  Edge  User    Power  
#                                                    (pf)   (ns)    (ns)   Delay     (ns)        Derate  Domain  
#--------------------------------------------------------------------------------------------------------------
  rst_ni                   -    (arrival)        1  0.000  0.051   0.000   0.000    3.502  R     -       pd_aon  
  FE_OFC0_rst_ni/Y         -    INVXL            2  0.001  0.051   0.084   0.000    3.586  F      1.079  pd_aon  
  FE_OFC1_rst_ni/Y         -    INVX2           28  0.016  0.073   0.155   0.000    3.741  R      1.079  pd_aon  
  operand_b_i_sr_reg_1/RN  -    SDFFSRHQX2      28  0.016  0.181   0.000   0.000    3.741  R      1.070  pd_aon  
#--------------------------------------------------------------------------------------------------------------
     Other End Path:

#--------------------------------------------------------------------------------------------------------------
# Timing Point             Net  Cell        Fanout   Load  Trans   Delay    Incr  Arrival  Edge  User    Power  
#                                                    (pf)   (ns)    (ns)   Delay     (ns)        Derate  Domain  
#--------------------------------------------------------------------------------------------------------------
  clk_i                    -    (arrival)        1  0.003  0.027   0.000   0.000    9.873  R     -       pd_aon  
  CTS_ccl_a_inv_00012/Y    -    CLKINVX6         3  0.011  0.027   0.047   0.000    9.920  F      0.927  pd_aon  
  CTS_ccl_a_inv_00007/Y    -    CLKINVX6        24  0.014  0.060   0.061   0.000    9.981  R      0.927  pd_aon  
  operand_b_i_sr_reg_1/CK  -    SDFFSRHQX2      24  0.014  0.066   0.000   0.000    9.981  R      0.930  pd_aon  
#--------------------------------------------------------------------------------------------------------------
Path 181: MET (6.028 ns) Recovery Check with Pin operand_b_i_sr_reg_13/CK->RN
               View: slow_0p9v_125c_cmax_func
              Group: in2reg
         Startpoint: (R) rst_ni
              Clock: (R) clk_i_virtual
           Endpoint: (R) operand_b_i_sr_reg_13/RN
              Clock: (R) clk_i

                       Capture       Launch
         Clock Edge:+   10.000        0.000
         Drv Adjust:+    0.009        0.002
        Src Latency:+   -0.137        0.000
        Net Latency:+    0.110 (P)    0.000 (I)
            Arrival:=    9.982        0.002

           Recovery:-    0.158
        Uncertainty:-    0.055
        Cppr Adjust:+    0.000
      Required Time:=    9.769
       Launch Clock:=    0.002
        Input Delay:+    3.500
          Data Path:+    0.240
              Slack:=    6.028
     Timing Path:

#---------------------------------------------------------------------------------------------------------------
# Timing Point              Net  Cell        Fanout   Load  Trans   Delay    Incr  Arrival  Edge  User    Power  
#                                                     (pf)   (ns)    (ns)   Delay     (ns)        Derate  Domain  
#---------------------------------------------------------------------------------------------------------------
  rst_ni                    -    (arrival)        1  0.000  0.051   0.000   0.000    3.502  R     -       pd_aon  
  FE_OFC0_rst_ni/Y          -    INVXL            2  0.001  0.051   0.084   0.000    3.586  F      1.079  pd_aon  
  FE_OFC1_rst_ni/Y          -    INVX2           28  0.016  0.073   0.155   0.000    3.741  R      1.079  pd_aon  
  operand_b_i_sr_reg_13/RN  -    SDFFSRHQX4      28  0.016  0.181   0.000   0.000    3.741  R      1.070  pd_aon  
#---------------------------------------------------------------------------------------------------------------
     Other End Path:

#---------------------------------------------------------------------------------------------------------------
# Timing Point              Net  Cell        Fanout   Load  Trans   Delay    Incr  Arrival  Edge  User    Power  
#                                                     (pf)   (ns)    (ns)   Delay     (ns)        Derate  Domain  
#---------------------------------------------------------------------------------------------------------------
  clk_i                     -    (arrival)        1  0.003  0.027   0.000   0.000    9.873  R     -       pd_aon  
  CTS_ccl_a_inv_00012/Y     -    CLKINVX6         3  0.011  0.027   0.047   0.000    9.920  F      0.927  pd_aon  
  CTS_ccl_a_inv_00008/Y     -    CLKINVX6        21  0.015  0.060   0.062   0.000    9.982  R      0.927  pd_aon  
  operand_b_i_sr_reg_13/CK  -    SDFFSRHQX4      21  0.015  0.067   0.000   0.000    9.982  R      0.930  pd_aon  
#---------------------------------------------------------------------------------------------------------------
Path 182: MET (6.028 ns) Recovery Check with Pin operand_a_i_sr_reg_10/CK->RN
               View: slow_0p9v_125c_cmax_func
              Group: in2reg
         Startpoint: (R) rst_ni
              Clock: (R) clk_i_virtual
           Endpoint: (R) operand_a_i_sr_reg_10/RN
              Clock: (R) clk_i

                       Capture       Launch
         Clock Edge:+   10.000        0.000
         Drv Adjust:+    0.009        0.002
        Src Latency:+   -0.137        0.000
        Net Latency:+    0.109 (P)    0.000 (I)
            Arrival:=    9.982        0.002

           Recovery:-    0.158
        Uncertainty:-    0.055
        Cppr Adjust:+    0.000
      Required Time:=    9.769
       Launch Clock:=    0.002
        Input Delay:+    3.500
          Data Path:+    0.239
              Slack:=    6.028
     Timing Path:

#---------------------------------------------------------------------------------------------------------------
# Timing Point              Net  Cell        Fanout   Load  Trans   Delay    Incr  Arrival  Edge  User    Power  
#                                                     (pf)   (ns)    (ns)   Delay     (ns)        Derate  Domain  
#---------------------------------------------------------------------------------------------------------------
  rst_ni                    -    (arrival)        1  0.000  0.051   0.000   0.000    3.502  R     -       pd_aon  
  FE_OFC0_rst_ni/Y          -    INVXL            2  0.001  0.051   0.084   0.000    3.586  F      1.079  pd_aon  
  FE_OFC1_rst_ni/Y          -    INVX2           28  0.016  0.073   0.155   0.000    3.741  R      1.079  pd_aon  
  operand_a_i_sr_reg_10/RN  -    SDFFSRHQX4      28  0.016  0.181   0.000   0.000    3.741  R      1.070  pd_aon  
#---------------------------------------------------------------------------------------------------------------
     Other End Path:

#---------------------------------------------------------------------------------------------------------------
# Timing Point              Net  Cell        Fanout   Load  Trans   Delay    Incr  Arrival  Edge  User    Power  
#                                                     (pf)   (ns)    (ns)   Delay     (ns)        Derate  Domain  
#---------------------------------------------------------------------------------------------------------------
  clk_i                     -    (arrival)        1  0.003  0.027   0.000   0.000    9.873  R     -       pd_aon  
  CTS_ccl_a_inv_00012/Y     -    CLKINVX6         3  0.011  0.027   0.047   0.000    9.920  F      0.927  pd_aon  
  CTS_ccl_a_inv_00008/Y     -    CLKINVX6        21  0.015  0.060   0.062   0.000    9.982  R      0.927  pd_aon  
  operand_a_i_sr_reg_10/CK  -    SDFFSRHQX4      21  0.015  0.067   0.000   0.000    9.982  R      0.930  pd_aon  
#---------------------------------------------------------------------------------------------------------------
Path 183: MET (6.028 ns) Recovery Check with Pin operand_b_i_sr_reg_30/CK->RN
               View: slow_0p9v_125c_cmax_func
              Group: in2reg
         Startpoint: (R) rst_ni
              Clock: (R) clk_i_virtual
           Endpoint: (R) operand_b_i_sr_reg_30/RN
              Clock: (R) clk_i

                       Capture       Launch
         Clock Edge:+   10.000        0.000
         Drv Adjust:+    0.009        0.002
        Src Latency:+   -0.137        0.000
        Net Latency:+    0.110 (P)    0.000 (I)
            Arrival:=    9.982        0.002

           Recovery:-    0.158
        Uncertainty:-    0.055
        Cppr Adjust:+    0.000
      Required Time:=    9.769
       Launch Clock:=    0.002
        Input Delay:+    3.500
          Data Path:+    0.239
              Slack:=    6.028
     Timing Path:

#---------------------------------------------------------------------------------------------------------------
# Timing Point              Net  Cell        Fanout   Load  Trans   Delay    Incr  Arrival  Edge  User    Power  
#                                                     (pf)   (ns)    (ns)   Delay     (ns)        Derate  Domain  
#---------------------------------------------------------------------------------------------------------------
  rst_ni                    -    (arrival)        1  0.000  0.051   0.000   0.000    3.502  R     -       pd_aon  
  FE_OFC0_rst_ni/Y          -    INVXL            2  0.001  0.051   0.084   0.000    3.586  F      1.079  pd_aon  
  FE_OFC1_rst_ni/Y          -    INVX2           28  0.016  0.073   0.155   0.000    3.741  R      1.079  pd_aon  
  operand_b_i_sr_reg_30/RN  -    SDFFSRHQX4      28  0.016  0.181   0.000   0.000    3.741  R      1.070  pd_aon  
#---------------------------------------------------------------------------------------------------------------
     Other End Path:

#---------------------------------------------------------------------------------------------------------------
# Timing Point              Net  Cell        Fanout   Load  Trans   Delay    Incr  Arrival  Edge  User    Power  
#                                                     (pf)   (ns)    (ns)   Delay     (ns)        Derate  Domain  
#---------------------------------------------------------------------------------------------------------------
  clk_i                     -    (arrival)        1  0.003  0.027   0.000   0.000    9.873  R     -       pd_aon  
  CTS_ccl_a_inv_00012/Y     -    CLKINVX6         3  0.011  0.027   0.047   0.000    9.920  F      0.927  pd_aon  
  CTS_ccl_a_inv_00008/Y     -    CLKINVX6        21  0.015  0.060   0.062   0.000    9.982  R      0.927  pd_aon  
  operand_b_i_sr_reg_30/CK  -    SDFFSRHQX4      21  0.015  0.067   0.000   0.000    9.982  R      0.930  pd_aon  
#---------------------------------------------------------------------------------------------------------------
Path 184: MET (6.028 ns) Recovery Check with Pin operand_b_i_sr_reg_29/CK->RN
               View: slow_0p9v_125c_cmax_func
              Group: in2reg
         Startpoint: (R) rst_ni
              Clock: (R) clk_i_virtual
           Endpoint: (R) operand_b_i_sr_reg_29/RN
              Clock: (R) clk_i

                       Capture       Launch
         Clock Edge:+   10.000        0.000
         Drv Adjust:+    0.009        0.002
        Src Latency:+   -0.137        0.000
        Net Latency:+    0.110 (P)    0.000 (I)
            Arrival:=    9.982        0.002

           Recovery:-    0.158
        Uncertainty:-    0.055
        Cppr Adjust:+    0.000
      Required Time:=    9.769
       Launch Clock:=    0.002
        Input Delay:+    3.500
          Data Path:+    0.239
              Slack:=    6.028
     Timing Path:

#---------------------------------------------------------------------------------------------------------------
# Timing Point              Net  Cell        Fanout   Load  Trans   Delay    Incr  Arrival  Edge  User    Power  
#                                                     (pf)   (ns)    (ns)   Delay     (ns)        Derate  Domain  
#---------------------------------------------------------------------------------------------------------------
  rst_ni                    -    (arrival)        1  0.000  0.051   0.000   0.000    3.502  R     -       pd_aon  
  FE_OFC0_rst_ni/Y          -    INVXL            2  0.001  0.051   0.084   0.000    3.586  F      1.079  pd_aon  
  FE_OFC1_rst_ni/Y          -    INVX2           28  0.016  0.073   0.155   0.000    3.741  R      1.079  pd_aon  
  operand_b_i_sr_reg_29/RN  -    SDFFSRHQX4      28  0.016  0.181   0.000   0.000    3.741  R      1.070  pd_aon  
#---------------------------------------------------------------------------------------------------------------
     Other End Path:

#---------------------------------------------------------------------------------------------------------------
# Timing Point              Net  Cell        Fanout   Load  Trans   Delay    Incr  Arrival  Edge  User    Power  
#                                                     (pf)   (ns)    (ns)   Delay     (ns)        Derate  Domain  
#---------------------------------------------------------------------------------------------------------------
  clk_i                     -    (arrival)        1  0.003  0.027   0.000   0.000    9.873  R     -       pd_aon  
  CTS_ccl_a_inv_00012/Y     -    CLKINVX6         3  0.011  0.027   0.047   0.000    9.920  F      0.927  pd_aon  
  CTS_ccl_a_inv_00008/Y     -    CLKINVX6        21  0.015  0.060   0.062   0.000    9.982  R      0.927  pd_aon  
  operand_b_i_sr_reg_29/CK  -    SDFFSRHQX4      21  0.015  0.067   0.000   0.000    9.982  R      0.930  pd_aon  
#---------------------------------------------------------------------------------------------------------------
Path 185: MET (6.029 ns) Recovery Check with Pin operand_a_i_sr_reg_11/CK->RN
               View: slow_0p9v_125c_cmax_func
              Group: in2reg
         Startpoint: (R) rst_ni
              Clock: (R) clk_i_virtual
           Endpoint: (R) operand_a_i_sr_reg_11/RN
              Clock: (R) clk_i

                       Capture       Launch
         Clock Edge:+   10.000        0.000
         Drv Adjust:+    0.009        0.002
        Src Latency:+   -0.137        0.000
        Net Latency:+    0.109 (P)    0.000 (I)
            Arrival:=    9.982        0.002

           Recovery:-    0.158
        Uncertainty:-    0.055
        Cppr Adjust:+    0.000
      Required Time:=    9.769
       Launch Clock:=    0.002
        Input Delay:+    3.500
          Data Path:+    0.239
              Slack:=    6.029
     Timing Path:

#---------------------------------------------------------------------------------------------------------------
# Timing Point              Net  Cell        Fanout   Load  Trans   Delay    Incr  Arrival  Edge  User    Power  
#                                                     (pf)   (ns)    (ns)   Delay     (ns)        Derate  Domain  
#---------------------------------------------------------------------------------------------------------------
  rst_ni                    -    (arrival)        1  0.000  0.051   0.000   0.000    3.502  R     -       pd_aon  
  FE_OFC0_rst_ni/Y          -    INVXL            2  0.001  0.051   0.084   0.000    3.586  F      1.079  pd_aon  
  FE_OFC1_rst_ni/Y          -    INVX2           28  0.016  0.073   0.155   0.000    3.741  R      1.079  pd_aon  
  operand_a_i_sr_reg_11/RN  -    SDFFSRHQX4      28  0.016  0.181   0.000   0.000    3.741  R      1.070  pd_aon  
#---------------------------------------------------------------------------------------------------------------
     Other End Path:

#---------------------------------------------------------------------------------------------------------------
# Timing Point              Net  Cell        Fanout   Load  Trans   Delay    Incr  Arrival  Edge  User    Power  
#                                                     (pf)   (ns)    (ns)   Delay     (ns)        Derate  Domain  
#---------------------------------------------------------------------------------------------------------------
  clk_i                     -    (arrival)        1  0.003  0.027   0.000   0.000    9.873  R     -       pd_aon  
  CTS_ccl_a_inv_00012/Y     -    CLKINVX6         3  0.011  0.027   0.047   0.000    9.920  F      0.927  pd_aon  
  CTS_ccl_a_inv_00008/Y     -    CLKINVX6        21  0.015  0.060   0.062   0.000    9.982  R      0.927  pd_aon  
  operand_a_i_sr_reg_11/CK  -    SDFFSRHQX4      21  0.015  0.067   0.000   0.000    9.982  R      0.930  pd_aon  
#---------------------------------------------------------------------------------------------------------------
Path 186: MET (6.029 ns) Recovery Check with Pin operand_b_i_sr_reg_31/CK->RN
               View: slow_0p9v_125c_cmax_func
              Group: in2reg
         Startpoint: (R) rst_ni
              Clock: (R) clk_i_virtual
           Endpoint: (R) operand_b_i_sr_reg_31/RN
              Clock: (R) clk_i

                       Capture       Launch
         Clock Edge:+   10.000        0.000
         Drv Adjust:+    0.009        0.002
        Src Latency:+   -0.137        0.000
        Net Latency:+    0.109 (P)    0.000 (I)
            Arrival:=    9.982        0.002

           Recovery:-    0.158
        Uncertainty:-    0.055
        Cppr Adjust:+    0.000
      Required Time:=    9.769
       Launch Clock:=    0.002
        Input Delay:+    3.500
          Data Path:+    0.239
              Slack:=    6.029
     Timing Path:

#---------------------------------------------------------------------------------------------------------------
# Timing Point              Net  Cell        Fanout   Load  Trans   Delay    Incr  Arrival  Edge  User    Power  
#                                                     (pf)   (ns)    (ns)   Delay     (ns)        Derate  Domain  
#---------------------------------------------------------------------------------------------------------------
  rst_ni                    -    (arrival)        1  0.000  0.051   0.000   0.000    3.502  R     -       pd_aon  
  FE_OFC0_rst_ni/Y          -    INVXL            2  0.001  0.051   0.084   0.000    3.586  F      1.079  pd_aon  
  FE_OFC1_rst_ni/Y          -    INVX2           28  0.016  0.073   0.155   0.000    3.741  R      1.079  pd_aon  
  operand_b_i_sr_reg_31/RN  -    SDFFSRHQX4      28  0.016  0.181   0.000   0.000    3.741  R      1.070  pd_aon  
#---------------------------------------------------------------------------------------------------------------
     Other End Path:

#---------------------------------------------------------------------------------------------------------------
# Timing Point              Net  Cell        Fanout   Load  Trans   Delay    Incr  Arrival  Edge  User    Power  
#                                                     (pf)   (ns)    (ns)   Delay     (ns)        Derate  Domain  
#---------------------------------------------------------------------------------------------------------------
  clk_i                     -    (arrival)        1  0.003  0.027   0.000   0.000    9.873  R     -       pd_aon  
  CTS_ccl_a_inv_00012/Y     -    CLKINVX6         3  0.011  0.027   0.047   0.000    9.920  F      0.927  pd_aon  
  CTS_ccl_a_inv_00008/Y     -    CLKINVX6        21  0.015  0.060   0.062   0.000    9.982  R      0.927  pd_aon  
  operand_b_i_sr_reg_31/CK  -    SDFFSRHQX4      21  0.015  0.067   0.000   0.000    9.982  R      0.930  pd_aon  
#---------------------------------------------------------------------------------------------------------------
Path 187: MET (6.029 ns) Recovery Check with Pin operand_a_i_sr_reg_16/CK->RN
               View: slow_0p9v_125c_cmax_func
              Group: in2reg
         Startpoint: (R) rst_ni
              Clock: (R) clk_i_virtual
           Endpoint: (R) operand_a_i_sr_reg_16/RN
              Clock: (R) clk_i

                       Capture       Launch
         Clock Edge:+   10.000        0.000
         Drv Adjust:+    0.009        0.002
        Src Latency:+   -0.137        0.000
        Net Latency:+    0.109 (P)    0.000 (I)
            Arrival:=    9.982        0.002

           Recovery:-    0.158
        Uncertainty:-    0.055
        Cppr Adjust:+    0.000
      Required Time:=    9.769
       Launch Clock:=    0.002
        Input Delay:+    3.500
          Data Path:+    0.239
              Slack:=    6.029
     Timing Path:

#---------------------------------------------------------------------------------------------------------------
# Timing Point              Net  Cell        Fanout   Load  Trans   Delay    Incr  Arrival  Edge  User    Power  
#                                                     (pf)   (ns)    (ns)   Delay     (ns)        Derate  Domain  
#---------------------------------------------------------------------------------------------------------------
  rst_ni                    -    (arrival)        1  0.000  0.051   0.000   0.000    3.502  R     -       pd_aon  
  FE_OFC0_rst_ni/Y          -    INVXL            2  0.001  0.051   0.084   0.000    3.586  F      1.079  pd_aon  
  FE_OFC1_rst_ni/Y          -    INVX2           28  0.016  0.073   0.155   0.000    3.741  R      1.079  pd_aon  
  operand_a_i_sr_reg_16/RN  -    SDFFSRHQX4      28  0.016  0.181   0.000   0.000    3.741  R      1.070  pd_aon  
#---------------------------------------------------------------------------------------------------------------
     Other End Path:

#---------------------------------------------------------------------------------------------------------------
# Timing Point              Net  Cell        Fanout   Load  Trans   Delay    Incr  Arrival  Edge  User    Power  
#                                                     (pf)   (ns)    (ns)   Delay     (ns)        Derate  Domain  
#---------------------------------------------------------------------------------------------------------------
  clk_i                     -    (arrival)        1  0.003  0.027   0.000   0.000    9.873  R     -       pd_aon  
  CTS_ccl_a_inv_00012/Y     -    CLKINVX6         3  0.011  0.027   0.047   0.000    9.920  F      0.927  pd_aon  
  CTS_ccl_a_inv_00008/Y     -    CLKINVX6        21  0.015  0.060   0.062   0.000    9.982  R      0.927  pd_aon  
  operand_a_i_sr_reg_16/CK  -    SDFFSRHQX4      21  0.015  0.067   0.000   0.000    9.982  R      0.930  pd_aon  
#---------------------------------------------------------------------------------------------------------------
Path 188: MET (6.029 ns) Recovery Check with Pin operand_a_i_sr_reg_12/CK->RN
               View: slow_0p9v_125c_cmax_func
              Group: in2reg
         Startpoint: (R) rst_ni
              Clock: (R) clk_i_virtual
           Endpoint: (R) operand_a_i_sr_reg_12/RN
              Clock: (R) clk_i

                       Capture       Launch
         Clock Edge:+   10.000        0.000
         Drv Adjust:+    0.009        0.002
        Src Latency:+   -0.137        0.000
        Net Latency:+    0.109 (P)    0.000 (I)
            Arrival:=    9.982        0.002

           Recovery:-    0.158
        Uncertainty:-    0.055
        Cppr Adjust:+    0.000
      Required Time:=    9.769
       Launch Clock:=    0.002
        Input Delay:+    3.500
          Data Path:+    0.239
              Slack:=    6.029
     Timing Path:

#---------------------------------------------------------------------------------------------------------------
# Timing Point              Net  Cell        Fanout   Load  Trans   Delay    Incr  Arrival  Edge  User    Power  
#                                                     (pf)   (ns)    (ns)   Delay     (ns)        Derate  Domain  
#---------------------------------------------------------------------------------------------------------------
  rst_ni                    -    (arrival)        1  0.000  0.051   0.000   0.000    3.502  R     -       pd_aon  
  FE_OFC0_rst_ni/Y          -    INVXL            2  0.001  0.051   0.084   0.000    3.586  F      1.079  pd_aon  
  FE_OFC1_rst_ni/Y          -    INVX2           28  0.016  0.073   0.155   0.000    3.741  R      1.079  pd_aon  
  operand_a_i_sr_reg_12/RN  -    SDFFSRHQX4      28  0.016  0.181   0.000   0.000    3.741  R      1.070  pd_aon  
#---------------------------------------------------------------------------------------------------------------
     Other End Path:

#---------------------------------------------------------------------------------------------------------------
# Timing Point              Net  Cell        Fanout   Load  Trans   Delay    Incr  Arrival  Edge  User    Power  
#                                                     (pf)   (ns)    (ns)   Delay     (ns)        Derate  Domain  
#---------------------------------------------------------------------------------------------------------------
  clk_i                     -    (arrival)        1  0.003  0.027   0.000   0.000    9.873  R     -       pd_aon  
  CTS_ccl_a_inv_00012/Y     -    CLKINVX6         3  0.011  0.027   0.047   0.000    9.920  F      0.927  pd_aon  
  CTS_ccl_a_inv_00008/Y     -    CLKINVX6        21  0.015  0.060   0.062   0.000    9.982  R      0.927  pd_aon  
  operand_a_i_sr_reg_12/CK  -    SDFFSRHQX4      21  0.015  0.067   0.000   0.000    9.982  R      0.930  pd_aon  
#---------------------------------------------------------------------------------------------------------------
Path 189: MET (6.029 ns) Recovery Check with Pin operand_a_i_sr_reg_24/CK->RN
               View: slow_0p9v_125c_cmax_func
              Group: in2reg
         Startpoint: (R) rst_ni
              Clock: (R) clk_i_virtual
           Endpoint: (R) operand_a_i_sr_reg_24/RN
              Clock: (R) clk_i

                       Capture       Launch
         Clock Edge:+   10.000        0.000
         Drv Adjust:+    0.009        0.002
        Src Latency:+   -0.137        0.000
        Net Latency:+    0.109 (P)    0.000 (I)
            Arrival:=    9.982        0.002

           Recovery:-    0.158
        Uncertainty:-    0.055
        Cppr Adjust:+    0.000
      Required Time:=    9.769
       Launch Clock:=    0.002
        Input Delay:+    3.500
          Data Path:+    0.239
              Slack:=    6.029
     Timing Path:

#---------------------------------------------------------------------------------------------------------------
# Timing Point              Net  Cell        Fanout   Load  Trans   Delay    Incr  Arrival  Edge  User    Power  
#                                                     (pf)   (ns)    (ns)   Delay     (ns)        Derate  Domain  
#---------------------------------------------------------------------------------------------------------------
  rst_ni                    -    (arrival)        1  0.000  0.051   0.000   0.000    3.502  R     -       pd_aon  
  FE_OFC0_rst_ni/Y          -    INVXL            2  0.001  0.051   0.084   0.000    3.586  F      1.079  pd_aon  
  FE_OFC1_rst_ni/Y          -    INVX2           28  0.016  0.073   0.155   0.000    3.741  R      1.079  pd_aon  
  operand_a_i_sr_reg_24/RN  -    SDFFSRHQX4      28  0.016  0.181   0.000   0.000    3.741  R      1.070  pd_aon  
#---------------------------------------------------------------------------------------------------------------
     Other End Path:

#---------------------------------------------------------------------------------------------------------------
# Timing Point              Net  Cell        Fanout   Load  Trans   Delay    Incr  Arrival  Edge  User    Power  
#                                                     (pf)   (ns)    (ns)   Delay     (ns)        Derate  Domain  
#---------------------------------------------------------------------------------------------------------------
  clk_i                     -    (arrival)        1  0.003  0.027   0.000   0.000    9.873  R     -       pd_aon  
  CTS_ccl_a_inv_00012/Y     -    CLKINVX6         3  0.011  0.027   0.047   0.000    9.920  F      0.927  pd_aon  
  CTS_ccl_a_inv_00008/Y     -    CLKINVX6        21  0.015  0.060   0.062   0.000    9.982  R      0.927  pd_aon  
  operand_a_i_sr_reg_24/CK  -    SDFFSRHQX4      21  0.015  0.067   0.000   0.000    9.982  R      0.930  pd_aon  
#---------------------------------------------------------------------------------------------------------------
Path 190: MET (6.030 ns) Recovery Check with Pin operand_a_i_sr_reg_25/CK->RN
               View: slow_0p9v_125c_cmax_func
              Group: in2reg
         Startpoint: (R) rst_ni
              Clock: (R) clk_i_virtual
           Endpoint: (R) operand_a_i_sr_reg_25/RN
              Clock: (R) clk_i

                       Capture       Launch
         Clock Edge:+   10.000        0.000
         Drv Adjust:+    0.009        0.002
        Src Latency:+   -0.137        0.000
        Net Latency:+    0.109 (P)    0.000 (I)
            Arrival:=    9.982        0.002

           Recovery:-    0.157
        Uncertainty:-    0.055
        Cppr Adjust:+    0.000
      Required Time:=    9.770
       Launch Clock:=    0.002
        Input Delay:+    3.500
          Data Path:+    0.239
              Slack:=    6.030
     Timing Path:

#---------------------------------------------------------------------------------------------------------------
# Timing Point              Net  Cell        Fanout   Load  Trans   Delay    Incr  Arrival  Edge  User    Power  
#                                                     (pf)   (ns)    (ns)   Delay     (ns)        Derate  Domain  
#---------------------------------------------------------------------------------------------------------------
  rst_ni                    -    (arrival)        1  0.000  0.051   0.000   0.000    3.502  R     -       pd_aon  
  FE_OFC0_rst_ni/Y          -    INVXL            2  0.001  0.051   0.084   0.000    3.586  F      1.079  pd_aon  
  FE_OFC1_rst_ni/Y          -    INVX2           28  0.016  0.073   0.155   0.000    3.741  R      1.079  pd_aon  
  operand_a_i_sr_reg_25/RN  -    SDFFSRHQX2      28  0.016  0.181   0.000   0.000    3.741  R      1.070  pd_aon  
#---------------------------------------------------------------------------------------------------------------
     Other End Path:

#---------------------------------------------------------------------------------------------------------------
# Timing Point              Net  Cell        Fanout   Load  Trans   Delay    Incr  Arrival  Edge  User    Power  
#                                                     (pf)   (ns)    (ns)   Delay     (ns)        Derate  Domain  
#---------------------------------------------------------------------------------------------------------------
  clk_i                     -    (arrival)        1  0.003  0.027   0.000   0.000    9.873  R     -       pd_aon  
  CTS_ccl_a_inv_00012/Y     -    CLKINVX6         3  0.011  0.027   0.047   0.000    9.920  F      0.927  pd_aon  
  CTS_ccl_a_inv_00008/Y     -    CLKINVX6        21  0.015  0.060   0.062   0.000    9.982  R      0.927  pd_aon  
  operand_a_i_sr_reg_25/CK  -    SDFFSRHQX2      21  0.015  0.067   0.000   0.000    9.982  R      0.930  pd_aon  
#---------------------------------------------------------------------------------------------------------------
Path 191: MET (6.035 ns) Recovery Check with Pin operand_b_i_sr_reg_6/CK->RN
               View: slow_0p9v_125c_cmax_func
              Group: in2reg
         Startpoint: (R) rst_ni
              Clock: (R) clk_i_virtual
           Endpoint: (R) operand_b_i_sr_reg_6/RN
              Clock: (R) clk_i

                       Capture       Launch
         Clock Edge:+   10.000        0.000
         Drv Adjust:+    0.009        0.002
        Src Latency:+   -0.137        0.000
        Net Latency:+    0.109 (P)    0.000 (I)
            Arrival:=    9.981        0.002

           Recovery:-    0.149
        Uncertainty:-    0.055
        Cppr Adjust:+    0.000
      Required Time:=    9.777
       Launch Clock:=    0.002
        Input Delay:+    3.500
          Data Path:+    0.240
              Slack:=    6.035
     Timing Path:

#-------------------------------------------------------------------------------------------------------------
# Timing Point             Net  Cell       Fanout   Load  Trans   Delay    Incr  Arrival  Edge  User    Power  
#                                                   (pf)   (ns)    (ns)   Delay     (ns)        Derate  Domain  
#-------------------------------------------------------------------------------------------------------------
  rst_ni                   -    (arrival)       1  0.000  0.051   0.000   0.000    3.502  R     -       pd_aon  
  FE_OFC0_rst_ni/Y         -    INVXL           2  0.001  0.051   0.084   0.000    3.586  F      1.079  pd_aon  
  FE_OFC1_rst_ni/Y         -    INVX2          28  0.016  0.073   0.156   0.000    3.741  R      1.079  pd_aon  
  operand_b_i_sr_reg_6/RN  -    SDFFSRX2       28  0.016  0.181   0.000   0.000    3.741  R      1.070  pd_aon  
#-------------------------------------------------------------------------------------------------------------
     Other End Path:

#-------------------------------------------------------------------------------------------------------------
# Timing Point             Net  Cell       Fanout   Load  Trans   Delay    Incr  Arrival  Edge  User    Power  
#                                                   (pf)   (ns)    (ns)   Delay     (ns)        Derate  Domain  
#-------------------------------------------------------------------------------------------------------------
  clk_i                    -    (arrival)       1  0.003  0.027   0.000   0.000    9.873  R     -       pd_aon  
  CTS_ccl_a_inv_00012/Y    -    CLKINVX6        3  0.011  0.027   0.047   0.000    9.920  F      0.927  pd_aon  
  CTS_ccl_a_inv_00007/Y    -    CLKINVX6       24  0.014  0.060   0.061   0.000    9.981  R      0.927  pd_aon  
  operand_b_i_sr_reg_6/CK  -    SDFFSRX2       24  0.014  0.066   0.000   0.000    9.981  R      0.930  pd_aon  
#-------------------------------------------------------------------------------------------------------------
Path 192: MET (6.037 ns) Recovery Check with Pin operand_b_i_sr_reg_14/CK->RN
               View: slow_0p9v_125c_cmax_func
              Group: in2reg
         Startpoint: (R) rst_ni
              Clock: (R) clk_i_virtual
           Endpoint: (R) operand_b_i_sr_reg_14/RN
              Clock: (R) clk_i

                       Capture       Launch
         Clock Edge:+   10.000        0.000
         Drv Adjust:+    0.009        0.002
        Src Latency:+   -0.137        0.000
        Net Latency:+    0.110 (P)    0.000 (I)
            Arrival:=    9.982        0.002

           Recovery:-    0.149
        Uncertainty:-    0.055
        Cppr Adjust:+    0.000
      Required Time:=    9.778
       Launch Clock:=    0.002
        Input Delay:+    3.500
          Data Path:+    0.239
              Slack:=    6.037
     Timing Path:

#--------------------------------------------------------------------------------------------------------------
# Timing Point              Net  Cell       Fanout   Load  Trans   Delay    Incr  Arrival  Edge  User    Power  
#                                                    (pf)   (ns)    (ns)   Delay     (ns)        Derate  Domain  
#--------------------------------------------------------------------------------------------------------------
  rst_ni                    -    (arrival)       1  0.000  0.051   0.000   0.000    3.502  R     -       pd_aon  
  FE_OFC0_rst_ni/Y          -    INVXL           2  0.001  0.051   0.084   0.000    3.586  F      1.079  pd_aon  
  FE_OFC1_rst_ni/Y          -    INVX2          28  0.016  0.073   0.155   0.000    3.741  R      1.079  pd_aon  
  operand_b_i_sr_reg_14/RN  -    SDFFSRX4       28  0.016  0.181   0.000   0.000    3.741  R      1.070  pd_aon  
#--------------------------------------------------------------------------------------------------------------
     Other End Path:

#--------------------------------------------------------------------------------------------------------------
# Timing Point              Net  Cell       Fanout   Load  Trans   Delay    Incr  Arrival  Edge  User    Power  
#                                                    (pf)   (ns)    (ns)   Delay     (ns)        Derate  Domain  
#--------------------------------------------------------------------------------------------------------------
  clk_i                     -    (arrival)       1  0.003  0.027   0.000   0.000    9.873  R     -       pd_aon  
  CTS_ccl_a_inv_00012/Y     -    CLKINVX6        3  0.011  0.027   0.047   0.000    9.920  F      0.927  pd_aon  
  CTS_ccl_a_inv_00008/Y     -    CLKINVX6       21  0.015  0.060   0.062   0.000    9.982  R      0.927  pd_aon  
  operand_b_i_sr_reg_14/CK  -    SDFFSRX4       21  0.015  0.067   0.000   0.000    9.982  R      0.930  pd_aon  
#--------------------------------------------------------------------------------------------------------------
Path 193: MET (6.241 ns) Recovery Check with Pin operand_b_i_sr_reg_7/CK->RN
               View: slow_0p9v_125c_cmax_func
              Group: in2reg
         Startpoint: (R) rst_ni
              Clock: (R) clk_i_virtual
           Endpoint: (R) operand_b_i_sr_reg_7/RN
              Clock: (R) clk_i

                       Capture       Launch
         Clock Edge:+   10.000        0.000
         Drv Adjust:+    0.009        0.002
        Src Latency:+   -0.137        0.000
        Net Latency:+    0.109 (P)    0.000 (I)
            Arrival:=    9.981        0.002

           Recovery:-   -0.056
        Uncertainty:-    0.055
        Cppr Adjust:+    0.000
      Required Time:=    9.982
       Launch Clock:=    0.002
        Input Delay:+    3.500
          Data Path:+    0.240
              Slack:=    6.241
     Timing Path:

#-------------------------------------------------------------------------------------------------------------
# Timing Point             Net  Cell       Fanout   Load  Trans   Delay    Incr  Arrival  Edge  User    Power  
#                                                   (pf)   (ns)    (ns)   Delay     (ns)        Derate  Domain  
#-------------------------------------------------------------------------------------------------------------
  rst_ni                   -    (arrival)       1  0.000  0.051   0.000   0.000    3.502  R     -       pd_aon  
  FE_OFC0_rst_ni/Y         -    INVXL           2  0.001  0.051   0.084   0.000    3.586  F      1.079  pd_aon  
  FE_OFC1_rst_ni/Y         -    INVX2          28  0.016  0.073   0.156   0.000    3.741  R      1.079  pd_aon  
  operand_b_i_sr_reg_7/RN  -    SDFFRHQX1      28  0.016  0.181   0.000   0.000    3.741  R      1.070  pd_aon  
#-------------------------------------------------------------------------------------------------------------
     Other End Path:

#-------------------------------------------------------------------------------------------------------------
# Timing Point             Net  Cell       Fanout   Load  Trans   Delay    Incr  Arrival  Edge  User    Power  
#                                                   (pf)   (ns)    (ns)   Delay     (ns)        Derate  Domain  
#-------------------------------------------------------------------------------------------------------------
  clk_i                    -    (arrival)       1  0.003  0.027   0.000   0.000    9.873  R     -       pd_aon  
  CTS_ccl_a_inv_00012/Y    -    CLKINVX6        3  0.011  0.027   0.047   0.000    9.920  F      0.927  pd_aon  
  CTS_ccl_a_inv_00007/Y    -    CLKINVX6       24  0.014  0.060   0.061   0.000    9.981  R      0.927  pd_aon  
  operand_b_i_sr_reg_7/CK  -    SDFFRHQX1      24  0.014  0.066   0.000   0.000    9.981  R      0.930  pd_aon  
#-------------------------------------------------------------------------------------------------------------
Path 194: MET (6.246 ns) Recovery Check with Pin operand_b_i_sr_reg_15/CK->RN
               View: slow_0p9v_125c_cmax_func
              Group: in2reg
         Startpoint: (R) rst_ni
              Clock: (R) clk_i_virtual
           Endpoint: (R) operand_b_i_sr_reg_15/RN
              Clock: (R) clk_i

                       Capture       Launch
         Clock Edge:+   10.000        0.000
         Drv Adjust:+    0.009        0.002
        Src Latency:+   -0.137        0.000
        Net Latency:+    0.110 (P)    0.000 (I)
            Arrival:=    9.982        0.002

           Recovery:-   -0.060
        Uncertainty:-    0.055
        Cppr Adjust:+    0.000
      Required Time:=    9.987
       Launch Clock:=    0.002
        Input Delay:+    3.500
          Data Path:+    0.239
              Slack:=    6.246
     Timing Path:

#--------------------------------------------------------------------------------------------------------------
# Timing Point              Net  Cell       Fanout   Load  Trans   Delay    Incr  Arrival  Edge  User    Power  
#                                                    (pf)   (ns)    (ns)   Delay     (ns)        Derate  Domain  
#--------------------------------------------------------------------------------------------------------------
  rst_ni                    -    (arrival)       1  0.000  0.051   0.000   0.000    3.502  R     -       pd_aon  
  FE_OFC0_rst_ni/Y          -    INVXL           2  0.001  0.051   0.084   0.000    3.586  F      1.079  pd_aon  
  FE_OFC1_rst_ni/Y          -    INVX2          28  0.016  0.073   0.155   0.000    3.741  R      1.079  pd_aon  
  operand_b_i_sr_reg_15/RN  -    SDFFRHQX4      28  0.016  0.181   0.000   0.000    3.741  R      1.070  pd_aon  
#--------------------------------------------------------------------------------------------------------------
     Other End Path:

#--------------------------------------------------------------------------------------------------------------
# Timing Point              Net  Cell       Fanout   Load  Trans   Delay    Incr  Arrival  Edge  User    Power  
#                                                    (pf)   (ns)    (ns)   Delay     (ns)        Derate  Domain  
#--------------------------------------------------------------------------------------------------------------
  clk_i                     -    (arrival)       1  0.003  0.027   0.000   0.000    9.873  R     -       pd_aon  
  CTS_ccl_a_inv_00012/Y     -    CLKINVX6        3  0.011  0.027   0.047   0.000    9.920  F      0.927  pd_aon  
  CTS_ccl_a_inv_00008/Y     -    CLKINVX6       21  0.015  0.060   0.062   0.000    9.982  R      0.927  pd_aon  
  operand_b_i_sr_reg_15/CK  -    SDFFRHQX4      21  0.015  0.067   0.000   0.000    9.982  R      0.930  pd_aon  
#--------------------------------------------------------------------------------------------------------------
Path 195: MET (6.246 ns) Recovery Check with Pin operand_a_i_sr_reg_17/CK->RN
               View: slow_0p9v_125c_cmax_func
              Group: in2reg
         Startpoint: (R) rst_ni
              Clock: (R) clk_i_virtual
           Endpoint: (R) operand_a_i_sr_reg_17/RN
              Clock: (R) clk_i

                       Capture       Launch
         Clock Edge:+   10.000        0.000
         Drv Adjust:+    0.009        0.002
        Src Latency:+   -0.137        0.000
        Net Latency:+    0.110 (P)    0.000 (I)
            Arrival:=    9.982        0.002

           Recovery:-   -0.060
        Uncertainty:-    0.055
        Cppr Adjust:+    0.000
      Required Time:=    9.987
       Launch Clock:=    0.002
        Input Delay:+    3.500
          Data Path:+    0.239
              Slack:=    6.246
     Timing Path:

#--------------------------------------------------------------------------------------------------------------
# Timing Point              Net  Cell       Fanout   Load  Trans   Delay    Incr  Arrival  Edge  User    Power  
#                                                    (pf)   (ns)    (ns)   Delay     (ns)        Derate  Domain  
#--------------------------------------------------------------------------------------------------------------
  rst_ni                    -    (arrival)       1  0.000  0.051   0.000   0.000    3.502  R     -       pd_aon  
  FE_OFC0_rst_ni/Y          -    INVXL           2  0.001  0.051   0.084   0.000    3.586  F      1.079  pd_aon  
  FE_OFC1_rst_ni/Y          -    INVX2          28  0.016  0.073   0.155   0.000    3.741  R      1.079  pd_aon  
  operand_a_i_sr_reg_17/RN  -    SDFFRHQX4      28  0.016  0.181   0.000   0.000    3.741  R      1.070  pd_aon  
#--------------------------------------------------------------------------------------------------------------
     Other End Path:

#--------------------------------------------------------------------------------------------------------------
# Timing Point              Net  Cell       Fanout   Load  Trans   Delay    Incr  Arrival  Edge  User    Power  
#                                                    (pf)   (ns)    (ns)   Delay     (ns)        Derate  Domain  
#--------------------------------------------------------------------------------------------------------------
  clk_i                     -    (arrival)       1  0.003  0.027   0.000   0.000    9.873  R     -       pd_aon  
  CTS_ccl_a_inv_00012/Y     -    CLKINVX6        3  0.011  0.027   0.047   0.000    9.920  F      0.927  pd_aon  
  CTS_ccl_a_inv_00008/Y     -    CLKINVX6       21  0.015  0.060   0.062   0.000    9.982  R      0.927  pd_aon  
  operand_a_i_sr_reg_17/CK  -    SDFFRHQX4      21  0.015  0.067   0.000   0.000    9.982  R      0.930  pd_aon  
#--------------------------------------------------------------------------------------------------------------
Path 196: MET (9.028 ns) Setup Check with Pin operand_b_i_sr_reg_23/CK->SI
               View: slow_0p9v_125c_cmax_scan_shift
              Group: reg2reg
         Startpoint: (R) operand_b_i_sr_reg_7/CK
              Clock: (R) clk_i
           Endpoint: (R) operand_b_i_sr_reg_23/SI
              Clock: (R) clk_i

                       Capture       Launch
         Clock Edge:+   10.000        0.000
         Drv Adjust:+    0.009        0.011
        Src Latency:+   -0.137       -0.137
        Net Latency:+    0.109 (P)    0.140 (P)
            Arrival:=    9.981        0.014

              Setup:-    0.252
        Uncertainty:-    0.205
        Cppr Adjust:+    0.033
      Required Time:=    9.557
       Launch Clock:=    0.014
          Data Path:+    0.514
              Slack:=    9.028
     Timing Path:

#-------------------------------------------------------------------------------------------------------------------
# Timing Point                  Net  Cell        Fanout   Load  Trans   Delay    Incr  Arrival  Edge  User    Power  
#                                                         (pf)   (ns)    (ns)   Delay     (ns)        Derate  Domain  
#-------------------------------------------------------------------------------------------------------------------
  clk_i                         -    (arrival)        1  0.004  0.050   0.000   0.000   -0.125  R     -       pd_aon  
  CTS_ccl_a_inv_00012/Y         -    CLKINVX6         3  0.011  0.050   0.067   0.000   -0.058  F      1.030  pd_aon  
  CTS_ccl_a_inv_00007/Y         -    CLKINVX6        24  0.014  0.067   0.072   0.000    0.014  R      1.030  pd_aon  
  operand_b_i_sr_reg_7/Q        -    SDFFRHQX1        1  0.001  0.068   0.304   0.000    0.318  R      1.079  pd_aon  
  FE_OFC161_operand_b_i_sr_7/Y  -    INVX2            8  0.006  0.040   0.086   0.000    0.404  F      1.079  pd_aon  
  prects_FE_OFC70_n_981/Y       -    INVX1            6  0.004  0.097   0.125   0.000    0.529  R      1.079  pd_aon  
  operand_b_i_sr_reg_23/SI      -    SDFFSRHQX4       6  0.004  0.101   0.000   0.000    0.529  R      1.070  pd_aon  
#-------------------------------------------------------------------------------------------------------------------
     Other End Path:

#---------------------------------------------------------------------------------------------------------------
# Timing Point              Net  Cell        Fanout   Load  Trans   Delay    Incr  Arrival  Edge  User    Power  
#                                                     (pf)   (ns)    (ns)   Delay     (ns)        Derate  Domain  
#---------------------------------------------------------------------------------------------------------------
  clk_i                     -    (arrival)        1  0.003  0.027   0.000   0.000    9.873  R     -       pd_aon  
  CTS_ccl_a_inv_00012/Y     -    CLKINVX6         3  0.011  0.027   0.047   0.000    9.920  F      0.927  pd_aon  
  CTS_ccl_a_inv_00007/Y     -    CLKINVX6        24  0.014  0.060   0.061   0.000    9.981  R      0.927  pd_aon  
  operand_b_i_sr_reg_23/CK  -    SDFFSRHQX4      24  0.014  0.066   0.000   0.000    9.981  R      0.930  pd_aon  
#---------------------------------------------------------------------------------------------------------------
Path 197: MET (9.131 ns) Setup Check with Pin operand_a_i_sr_reg_15/CK->SI
               View: slow_0p9v_125c_cmax_scan_shift
              Group: reg2reg
         Startpoint: (R) operand_a_i_sr_reg_25/CK
              Clock: (R) clk_i
           Endpoint: (R) operand_a_i_sr_reg_15/SI
              Clock: (R) clk_i

                       Capture       Launch
         Clock Edge:+   10.000        0.000
         Drv Adjust:+    0.009        0.011
        Src Latency:+   -0.137       -0.137
        Net Latency:+    0.109 (P)    0.140 (P)
            Arrival:=    9.982        0.015

              Setup:-    0.220
        Uncertainty:-    0.205
        Cppr Adjust:+    0.033
      Required Time:=    9.590
       Launch Clock:=    0.015
          Data Path:+    0.444
              Slack:=    9.131
     Timing Path:

#--------------------------------------------------------------------------------------------------------------------
# Timing Point                   Net  Cell        Fanout   Load  Trans   Delay    Incr  Arrival  Edge  User    Power  
#                                                          (pf)   (ns)    (ns)   Delay     (ns)        Derate  Domain  
#--------------------------------------------------------------------------------------------------------------------
  clk_i                          -    (arrival)        1  0.004  0.050   0.000   0.000   -0.125  R     -       pd_aon  
  CTS_ccl_a_inv_00012/Y          -    CLKINVX6         3  0.011  0.050   0.067   0.000   -0.058  F      1.030  pd_aon  
  CTS_ccl_a_inv_00008/Y          -    CLKINVX6        21  0.015  0.067   0.073   0.000    0.015  R      1.030  pd_aon  
  operand_a_i_sr_reg_25/Q        -    SDFFSRHQX2       1  0.004  0.069   0.295   0.000    0.310  R      1.079  pd_aon  
  FE_OFC170_operand_a_i_sr_25/Y  -    CLKINVX8        17  0.015  0.056   0.074   0.000    0.383  F      1.079  pd_aon  
  FE_OFC171_operand_a_i_sr_25/Y  -    INVXL            1  0.001  0.070   0.075   0.000    0.459  R      1.079  pd_aon  
  operand_a_i_sr_reg_15/SI       -    SDFFSRHQX4       1  0.001  0.040   0.000   0.000    0.459  R      1.070  pd_aon  
#--------------------------------------------------------------------------------------------------------------------
     Other End Path:

#---------------------------------------------------------------------------------------------------------------
# Timing Point              Net  Cell        Fanout   Load  Trans   Delay    Incr  Arrival  Edge  User    Power  
#                                                     (pf)   (ns)    (ns)   Delay     (ns)        Derate  Domain  
#---------------------------------------------------------------------------------------------------------------
  clk_i                     -    (arrival)        1  0.003  0.027   0.000   0.000    9.873  R     -       pd_aon  
  CTS_ccl_a_inv_00012/Y     -    CLKINVX6         3  0.011  0.027   0.047   0.000    9.920  F      0.927  pd_aon  
  CTS_ccl_a_inv_00008/Y     -    CLKINVX6        21  0.015  0.060   0.062   0.000    9.982  R      0.927  pd_aon  
  operand_a_i_sr_reg_15/CK  -    SDFFSRHQX4      21  0.015  0.067   0.000   0.000    9.982  R      0.930  pd_aon  
#---------------------------------------------------------------------------------------------------------------
Path 198: MET (9.164 ns) Setup Check with Pin operand_b_i_sr_reg_30/CK->SI
               View: slow_0p9v_125c_cmax_scan_shift
              Group: reg2reg
         Startpoint: (R) operand_b_i_sr_reg_14/CK
              Clock: (R) clk_i
           Endpoint: (R) operand_b_i_sr_reg_30/SI
              Clock: (R) clk_i

                       Capture       Launch
         Clock Edge:+   10.000        0.000
         Drv Adjust:+    0.009        0.011
        Src Latency:+   -0.137       -0.137
        Net Latency:+    0.110 (P)    0.141 (P)
            Arrival:=    9.982        0.015

              Setup:-    0.212
        Uncertainty:-    0.205
        Cppr Adjust:+    0.033
      Required Time:=    9.598
       Launch Clock:=    0.015
          Data Path:+    0.418
              Slack:=    9.164
     Timing Path:

#---------------------------------------------------------------------------------------------------------------
# Timing Point              Net  Cell        Fanout   Load  Trans   Delay    Incr  Arrival  Edge  User    Power  
#                                                     (pf)   (ns)    (ns)   Delay     (ns)        Derate  Domain  
#---------------------------------------------------------------------------------------------------------------
  clk_i                     -    (arrival)        1  0.004  0.050   0.000   0.000   -0.125  R     -       pd_aon  
  CTS_ccl_a_inv_00012/Y     -    CLKINVX6         3  0.011  0.050   0.067   0.000   -0.058  F      1.030  pd_aon  
  CTS_ccl_a_inv_00008/Y     -    CLKINVX6        21  0.015  0.067   0.073   0.000    0.015  R      1.030  pd_aon  
  operand_b_i_sr_reg_14/QN  -    SDFFSRX4         1  0.001  0.069   0.418   0.000    0.433  R      1.079  pd_aon  
  operand_b_i_sr_reg_30/SI  -    SDFFSRHQX4       1  0.001  0.025   0.000   0.000    0.433  R      1.070  pd_aon  
#---------------------------------------------------------------------------------------------------------------
     Other End Path:

#---------------------------------------------------------------------------------------------------------------
# Timing Point              Net  Cell        Fanout   Load  Trans   Delay    Incr  Arrival  Edge  User    Power  
#                                                     (pf)   (ns)    (ns)   Delay     (ns)        Derate  Domain  
#---------------------------------------------------------------------------------------------------------------
  clk_i                     -    (arrival)        1  0.003  0.027   0.000   0.000    9.873  R     -       pd_aon  
  CTS_ccl_a_inv_00012/Y     -    CLKINVX6         3  0.011  0.027   0.047   0.000    9.920  F      0.927  pd_aon  
  CTS_ccl_a_inv_00008/Y     -    CLKINVX6        21  0.015  0.060   0.062   0.000    9.982  R      0.927  pd_aon  
  operand_b_i_sr_reg_30/CK  -    SDFFSRHQX4      21  0.015  0.067   0.000   0.000    9.982  R      0.930  pd_aon  
#---------------------------------------------------------------------------------------------------------------
Path 199: MET (9.171 ns) Setup Check with Pin operand_b_i_sr_reg_14/CK->SI
               View: slow_0p9v_125c_cmax_scan_shift
              Group: reg2reg
         Startpoint: (R) operand_b_i_sr_reg_13/CK
              Clock: (R) clk_i
           Endpoint: (R) operand_b_i_sr_reg_14/SI
              Clock: (R) clk_i

                       Capture       Launch
         Clock Edge:+   10.000        0.000
         Drv Adjust:+    0.009        0.011
        Src Latency:+   -0.137       -0.137
        Net Latency:+    0.110 (P)    0.141 (P)
            Arrival:=    9.982        0.015

              Setup:-    0.284
        Uncertainty:-    0.205
        Cppr Adjust:+    0.033
      Required Time:=    9.526
       Launch Clock:=    0.015
          Data Path:+    0.340
              Slack:=    9.171
     Timing Path:

#---------------------------------------------------------------------------------------------------------------
# Timing Point              Net  Cell        Fanout   Load  Trans   Delay    Incr  Arrival  Edge  User    Power  
#                                                     (pf)   (ns)    (ns)   Delay     (ns)        Derate  Domain  
#---------------------------------------------------------------------------------------------------------------
  clk_i                     -    (arrival)        1  0.004  0.050   0.000   0.000   -0.125  R     -       pd_aon  
  CTS_ccl_a_inv_00012/Y     -    CLKINVX6         3  0.011  0.050   0.067   0.000   -0.058  F      1.030  pd_aon  
  CTS_ccl_a_inv_00008/Y     -    CLKINVX6        21  0.015  0.067   0.073   0.000    0.015  R      1.030  pd_aon  
  operand_b_i_sr_reg_13/Q   -    SDFFSRHQX4      17  0.015  0.069   0.340   0.000    0.355  R      1.079  pd_aon  
  operand_b_i_sr_reg_14/SI  -    SDFFSRX4        17  0.015  0.092   0.000   0.000    0.355  R      1.070  pd_aon  
#---------------------------------------------------------------------------------------------------------------
     Other End Path:

#--------------------------------------------------------------------------------------------------------------
# Timing Point              Net  Cell       Fanout   Load  Trans   Delay    Incr  Arrival  Edge  User    Power  
#                                                    (pf)   (ns)    (ns)   Delay     (ns)        Derate  Domain  
#--------------------------------------------------------------------------------------------------------------
  clk_i                     -    (arrival)       1  0.003  0.027   0.000   0.000    9.873  R     -       pd_aon  
  CTS_ccl_a_inv_00012/Y     -    CLKINVX6        3  0.011  0.027   0.047   0.000    9.920  F      0.927  pd_aon  
  CTS_ccl_a_inv_00008/Y     -    CLKINVX6       21  0.015  0.060   0.062   0.000    9.982  R      0.927  pd_aon  
  operand_b_i_sr_reg_14/CK  -    SDFFSRX4       21  0.015  0.067   0.000   0.000    9.982  R      0.930  pd_aon  
#--------------------------------------------------------------------------------------------------------------
Path 200: MET (9.174 ns) Setup Check with Pin operand_b_i_sr_reg_4/CK->SI
               View: slow_0p9v_125c_cmax_scan_shift
              Group: reg2reg
         Startpoint: (R) operand_b_i_sr_reg_5/CK
              Clock: (R) clk_i
           Endpoint: (R) operand_b_i_sr_reg_4/SI
              Clock: (R) clk_i

                       Capture       Launch
         Clock Edge:+   10.000        0.000
         Drv Adjust:+    0.009        0.011
        Src Latency:+   -0.137       -0.137
        Net Latency:+    0.109 (P)    0.140 (P)
            Arrival:=    9.981        0.014

              Setup:-    0.284
        Uncertainty:-    0.205
        Cppr Adjust:+    0.033
      Required Time:=    9.525
       Launch Clock:=    0.014
          Data Path:+    0.338
              Slack:=    9.174
     Timing Path:

#--------------------------------------------------------------------------------------------------------------
# Timing Point             Net  Cell        Fanout   Load  Trans   Delay    Incr  Arrival  Edge  User    Power  
#                                                    (pf)   (ns)    (ns)   Delay     (ns)        Derate  Domain  
#--------------------------------------------------------------------------------------------------------------
  clk_i                    -    (arrival)        1  0.004  0.050   0.000   0.000   -0.125  R     -       pd_aon  
  CTS_ccl_a_inv_00012/Y    -    CLKINVX6         3  0.011  0.050   0.067   0.000   -0.058  F      1.030  pd_aon  
  CTS_ccl_a_inv_00007/Y    -    CLKINVX6        24  0.014  0.067   0.072   0.000    0.014  R      1.030  pd_aon  
  operand_b_i_sr_reg_5/Q   -    SDFFSRHQX4      17  0.015  0.068   0.338   0.000    0.352  R      1.079  pd_aon  
  operand_b_i_sr_reg_4/SI  -    SDFFSRX2        17  0.015  0.091   0.000   0.000    0.352  R      1.070  pd_aon  
#--------------------------------------------------------------------------------------------------------------
     Other End Path:

#-------------------------------------------------------------------------------------------------------------
# Timing Point             Net  Cell       Fanout   Load  Trans   Delay    Incr  Arrival  Edge  User    Power  
#                                                   (pf)   (ns)    (ns)   Delay     (ns)        Derate  Domain  
#-------------------------------------------------------------------------------------------------------------
  clk_i                    -    (arrival)       1  0.003  0.027   0.000   0.000    9.873  R     -       pd_aon  
  CTS_ccl_a_inv_00012/Y    -    CLKINVX6        3  0.011  0.027   0.047   0.000    9.920  F      0.927  pd_aon  
  CTS_ccl_a_inv_00007/Y    -    CLKINVX6       24  0.014  0.060   0.061   0.000    9.981  R      0.927  pd_aon  
  operand_b_i_sr_reg_4/CK  -    SDFFSRX2       24  0.014  0.066   0.000   0.000    9.981  R      0.930  pd_aon  
#-------------------------------------------------------------------------------------------------------------
Path 201: MET (9.182 ns) Setup Check with Pin operand_b_i_sr_reg_27/CK->SI
               View: slow_0p9v_125c_cmax_scan_shift
              Group: reg2reg
         Startpoint: (R) operand_a_i_sr_reg_1/CK
              Clock: (R) clk_i
           Endpoint: (R) operand_b_i_sr_reg_27/SI
              Clock: (R) clk_i

                       Capture       Launch
         Clock Edge:+   10.000        0.000
         Drv Adjust:+    0.009        0.011
        Src Latency:+   -0.137       -0.137
        Net Latency:+    0.109 (P)    0.141 (P)
            Arrival:=    9.981        0.015

              Setup:-    0.243
        Uncertainty:-    0.205
        Cppr Adjust:+    0.021
      Required Time:=    9.554
       Launch Clock:=    0.015
          Data Path:+    0.357
              Slack:=    9.182
     Timing Path:

#---------------------------------------------------------------------------------------------------------------
# Timing Point              Net  Cell        Fanout   Load  Trans   Delay    Incr  Arrival  Edge  User    Power  
#                                                     (pf)   (ns)    (ns)   Delay     (ns)        Derate  Domain  
#---------------------------------------------------------------------------------------------------------------
  clk_i                     -    (arrival)        1  0.004  0.050   0.000   0.000   -0.125  R     -       pd_aon  
  CTS_ccl_a_inv_00012/Y     -    CLKINVX6         3  0.011  0.050   0.067   0.000   -0.058  F      1.030  pd_aon  
  CTS_ccl_a_inv_00008/Y     -    CLKINVX6        21  0.015  0.067   0.073   0.000    0.015  R      1.030  pd_aon  
  operand_a_i_sr_reg_1/Q    -    SDFFRHQX4        6  0.011  0.069   0.357   0.000    0.372  R      1.079  pd_aon  
  operand_b_i_sr_reg_27/SI  -    SDFFSRHQX4       6  0.011  0.083   0.000   0.000    0.372  R      1.070  pd_aon  
#---------------------------------------------------------------------------------------------------------------
     Other End Path:

#---------------------------------------------------------------------------------------------------------------
# Timing Point              Net  Cell        Fanout   Load  Trans   Delay    Incr  Arrival  Edge  User    Power  
#                                                     (pf)   (ns)    (ns)   Delay     (ns)        Derate  Domain  
#---------------------------------------------------------------------------------------------------------------
  clk_i                     -    (arrival)        1  0.003  0.027   0.000   0.000    9.873  R     -       pd_aon  
  CTS_ccl_a_inv_00012/Y     -    CLKINVX6         3  0.011  0.027   0.047   0.000    9.920  F      0.927  pd_aon  
  CTS_ccl_a_inv_00007/Y     -    CLKINVX6        24  0.014  0.060   0.061   0.000    9.981  R      0.927  pd_aon  
  operand_b_i_sr_reg_27/CK  -    SDFFSRHQX4      24  0.014  0.066   0.000   0.000    9.981  R      0.930  pd_aon  
#---------------------------------------------------------------------------------------------------------------
Path 202: MET (9.187 ns) Setup Check with Pin operand_a_i_sr_reg_31/CK->SI
               View: slow_0p9v_125c_cmax_scan_shift
              Group: reg2reg
         Startpoint: (R) operand_a_i_sr_reg_27/CK
              Clock: (R) clk_i
           Endpoint: (R) operand_a_i_sr_reg_31/SI
              Clock: (R) clk_i

                       Capture       Launch
         Clock Edge:+   10.000        0.000
         Drv Adjust:+    0.009        0.011
        Src Latency:+   -0.137       -0.137
        Net Latency:+    0.107 (P)    0.138 (P)
            Arrival:=    9.980        0.012

              Setup:-    0.235
        Uncertainty:-    0.205
        Cppr Adjust:+    0.032
      Required Time:=    9.572
       Launch Clock:=    0.012
          Data Path:+    0.372
              Slack:=    9.187
     Timing Path:

#-----------------------------------------------------------------------------------------------------------------------
# Timing Point                      Net  Cell        Fanout   Load  Trans   Delay    Incr  Arrival  Edge  User    Power  
#                                                             (pf)   (ns)    (ns)   Delay     (ns)        Derate  Domain  
#-----------------------------------------------------------------------------------------------------------------------
  clk_i                             -    (arrival)        1  0.004  0.050   0.000   0.000   -0.125  R     -       pd_aon  
  CTS_ccl_a_inv_00012/Y             -    CLKINVX6         3  0.011  0.050   0.067   0.000   -0.058  F      1.030  pd_aon  
  CTS_ccl_a_inv_00009/Y             -    CLKINVX6        20  0.013  0.067   0.071   0.000    0.012  R      1.030  pd_aon  
  operand_a_i_sr_reg_27/Q           -    SDFFSRHQX1       1  0.001  0.065   0.261   0.000    0.274  R      1.079  pd_aon  
  cts_FE_OFC61_operand_a_i_sr_27/Y  -    BUFX6           13  0.015  0.032   0.111   0.000    0.384  R      1.079  pd_aon  
  operand_a_i_sr_reg_31/SI          -    SDFFSRHQX4      13  0.015  0.066   0.000   0.000    0.384  R      1.070  pd_aon  
#-----------------------------------------------------------------------------------------------------------------------
     Other End Path:

#---------------------------------------------------------------------------------------------------------------
# Timing Point              Net  Cell        Fanout   Load  Trans   Delay    Incr  Arrival  Edge  User    Power  
#                                                     (pf)   (ns)    (ns)   Delay     (ns)        Derate  Domain  
#---------------------------------------------------------------------------------------------------------------
  clk_i                     -    (arrival)        1  0.003  0.027   0.000   0.000    9.873  R     -       pd_aon  
  CTS_ccl_a_inv_00012/Y     -    CLKINVX6         3  0.011  0.027   0.047   0.000    9.920  F      0.927  pd_aon  
  CTS_ccl_a_inv_00009/Y     -    CLKINVX6        20  0.013  0.060   0.060   0.000    9.980  R      0.927  pd_aon  
  operand_a_i_sr_reg_31/CK  -    SDFFSRHQX4      20  0.013  0.063   0.000   0.000    9.980  R      0.930  pd_aon  
#---------------------------------------------------------------------------------------------------------------
Path 203: MET (9.191 ns) Setup Check with Pin operand_a_i_sr_reg_10/CK->SI
               View: slow_0p9v_125c_cmax_scan_shift
              Group: reg2reg
         Startpoint: (R) operand_b_i_sr_reg_15/CK
              Clock: (R) clk_i
           Endpoint: (R) operand_a_i_sr_reg_10/SI
              Clock: (R) clk_i

                       Capture       Launch
         Clock Edge:+   10.000        0.000
         Drv Adjust:+    0.009        0.011
        Src Latency:+   -0.137       -0.137
        Net Latency:+    0.109 (P)    0.141 (P)
            Arrival:=    9.982        0.015

              Setup:-    0.245
        Uncertainty:-    0.205
        Cppr Adjust:+    0.033
      Required Time:=    9.565
       Launch Clock:=    0.015
          Data Path:+    0.359
              Slack:=    9.191
     Timing Path:

#---------------------------------------------------------------------------------------------------------------
# Timing Point              Net  Cell        Fanout   Load  Trans   Delay    Incr  Arrival  Edge  User    Power  
#                                                     (pf)   (ns)    (ns)   Delay     (ns)        Derate  Domain  
#---------------------------------------------------------------------------------------------------------------
  clk_i                     -    (arrival)        1  0.004  0.050   0.000   0.000   -0.125  R     -       pd_aon  
  CTS_ccl_a_inv_00012/Y     -    CLKINVX6         3  0.011  0.050   0.067   0.000   -0.058  F      1.030  pd_aon  
  CTS_ccl_a_inv_00008/Y     -    CLKINVX6        21  0.015  0.067   0.073   0.000    0.015  R      1.030  pd_aon  
  operand_b_i_sr_reg_15/Q   -    SDFFRHQX4       12  0.012  0.069   0.359   0.000    0.374  R      1.079  pd_aon  
  operand_a_i_sr_reg_10/SI  -    SDFFSRHQX4      12  0.012  0.087   0.000   0.000    0.374  R      1.070  pd_aon  
#---------------------------------------------------------------------------------------------------------------
     Other End Path:

#---------------------------------------------------------------------------------------------------------------
# Timing Point              Net  Cell        Fanout   Load  Trans   Delay    Incr  Arrival  Edge  User    Power  
#                                                     (pf)   (ns)    (ns)   Delay     (ns)        Derate  Domain  
#---------------------------------------------------------------------------------------------------------------
  clk_i                     -    (arrival)        1  0.003  0.027   0.000   0.000    9.873  R     -       pd_aon  
  CTS_ccl_a_inv_00012/Y     -    CLKINVX6         3  0.011  0.027   0.047   0.000    9.920  F      0.927  pd_aon  
  CTS_ccl_a_inv_00008/Y     -    CLKINVX6        21  0.015  0.060   0.062   0.000    9.982  R      0.927  pd_aon  
  operand_a_i_sr_reg_10/CK  -    SDFFSRHQX4      21  0.015  0.067   0.000   0.000    9.982  R      0.930  pd_aon  
#---------------------------------------------------------------------------------------------------------------
Path 204: MET (9.191 ns) Setup Check with Pin operand_b_i_sr_reg_6/CK->SI
               View: slow_0p9v_125c_cmax_scan_shift
              Group: reg2reg
         Startpoint: (R) operand_b_i_sr_reg_3/CK
              Clock: (R) clk_i
           Endpoint: (R) operand_b_i_sr_reg_6/SI
              Clock: (R) clk_i

                       Capture       Launch
         Clock Edge:+   10.000        0.000
         Drv Adjust:+    0.009        0.011
        Src Latency:+   -0.137       -0.137
        Net Latency:+    0.109 (P)    0.140 (P)
            Arrival:=    9.981        0.014

              Setup:-    0.275
        Uncertainty:-    0.205
        Cppr Adjust:+    0.033
      Required Time:=    9.534
       Launch Clock:=    0.014
          Data Path:+    0.328
              Slack:=    9.191
     Timing Path:

#--------------------------------------------------------------------------------------------------------------
# Timing Point             Net  Cell        Fanout   Load  Trans   Delay    Incr  Arrival  Edge  User    Power  
#                                                    (pf)   (ns)    (ns)   Delay     (ns)        Derate  Domain  
#--------------------------------------------------------------------------------------------------------------
  clk_i                    -    (arrival)        1  0.004  0.050   0.000   0.000   -0.125  R     -       pd_aon  
  CTS_ccl_a_inv_00012/Y    -    CLKINVX6         3  0.011  0.050   0.067   0.000   -0.058  F      1.030  pd_aon  
  CTS_ccl_a_inv_00007/Y    -    CLKINVX6        24  0.014  0.067   0.072   0.000    0.014  R      1.030  pd_aon  
  operand_b_i_sr_reg_3/Q   -    SDFFSRHQX4       6  0.011  0.068   0.328   0.000    0.342  R      1.079  pd_aon  
  operand_b_i_sr_reg_6/SI  -    SDFFSRX2         6  0.011  0.075   0.000   0.000    0.342  R      1.070  pd_aon  
#--------------------------------------------------------------------------------------------------------------
     Other End Path:

#-------------------------------------------------------------------------------------------------------------
# Timing Point             Net  Cell       Fanout   Load  Trans   Delay    Incr  Arrival  Edge  User    Power  
#                                                   (pf)   (ns)    (ns)   Delay     (ns)        Derate  Domain  
#-------------------------------------------------------------------------------------------------------------
  clk_i                    -    (arrival)       1  0.003  0.027   0.000   0.000    9.873  R     -       pd_aon  
  CTS_ccl_a_inv_00012/Y    -    CLKINVX6        3  0.011  0.027   0.047   0.000    9.920  F      0.927  pd_aon  
  CTS_ccl_a_inv_00007/Y    -    CLKINVX6       24  0.014  0.060   0.061   0.000    9.981  R      0.927  pd_aon  
  operand_b_i_sr_reg_6/CK  -    SDFFSRX2       24  0.014  0.066   0.000   0.000    9.981  R      0.930  pd_aon  
#-------------------------------------------------------------------------------------------------------------
Path 205: MET (9.193 ns) Setup Check with Pin operand_a_i_sr_reg_29/CK->SI
               View: slow_0p9v_125c_cmax_scan_shift
              Group: reg2reg
         Startpoint: (R) operand_a_i_sr_reg_23/CK
              Clock: (R) clk_i
           Endpoint: (F) operand_a_i_sr_reg_29/SI
              Clock: (R) clk_i

                       Capture       Launch
         Clock Edge:+   10.000        0.000
         Drv Adjust:+    0.009        0.011
        Src Latency:+   -0.137       -0.137
        Net Latency:+    0.109 (P)    0.140 (P)
            Arrival:=    9.982        0.015

              Setup:-    0.214
        Uncertainty:-    0.205
        Cppr Adjust:+    0.033
      Required Time:=    9.596
       Launch Clock:=    0.015
          Data Path:+    0.388
              Slack:=    9.193
     Timing Path:

#---------------------------------------------------------------------------------------------------------------
# Timing Point              Net  Cell        Fanout   Load  Trans   Delay    Incr  Arrival  Edge  User    Power  
#                                                     (pf)   (ns)    (ns)   Delay     (ns)        Derate  Domain  
#---------------------------------------------------------------------------------------------------------------
  clk_i                     -    (arrival)        1  0.004  0.050   0.000   0.000   -0.125  R     -       pd_aon  
  CTS_ccl_a_inv_00012/Y     -    CLKINVX6         3  0.011  0.050   0.067   0.000   -0.058  F      1.030  pd_aon  
  CTS_ccl_a_inv_00008/Y     -    CLKINVX6        21  0.015  0.067   0.073   0.000    0.015  R      1.030  pd_aon  
  operand_a_i_sr_reg_23/Q   -    SDFFSRHQX4      17  0.017  0.069   0.388   0.000    0.403  F      1.079  pd_aon  
  operand_a_i_sr_reg_29/SI  -    SDFFSRHQX4      17  0.017  0.125   0.000   0.000    0.403  F      1.070  pd_aon  
#---------------------------------------------------------------------------------------------------------------
     Other End Path:

#---------------------------------------------------------------------------------------------------------------
# Timing Point              Net  Cell        Fanout   Load  Trans   Delay    Incr  Arrival  Edge  User    Power  
#                                                     (pf)   (ns)    (ns)   Delay     (ns)        Derate  Domain  
#---------------------------------------------------------------------------------------------------------------
  clk_i                     -    (arrival)        1  0.003  0.027   0.000   0.000    9.873  R     -       pd_aon  
  CTS_ccl_a_inv_00012/Y     -    CLKINVX6         3  0.011  0.027   0.047   0.000    9.920  F      0.927  pd_aon  
  CTS_ccl_a_inv_00008/Y     -    CLKINVX6        21  0.015  0.060   0.062   0.000    9.982  R      0.927  pd_aon  
  operand_a_i_sr_reg_29/CK  -    SDFFSRHQX4      21  0.015  0.067   0.000   0.000    9.982  R      0.930  pd_aon  
#---------------------------------------------------------------------------------------------------------------
Path 206: MET (9.199 ns) Setup Check with Pin operand_b_i_sr_reg_11/CK->SI
               View: slow_0p9v_125c_cmax_scan_shift
              Group: reg2reg
         Startpoint: (R) operand_b_i_sr_reg_12/CK
              Clock: (R) clk_i
           Endpoint: (R) operand_b_i_sr_reg_11/SI
              Clock: (R) clk_i

                       Capture       Launch
         Clock Edge:+   10.000        0.000
         Drv Adjust:+    0.009        0.011
        Src Latency:+   -0.137       -0.137
        Net Latency:+    0.109 (P)    0.141 (P)
            Arrival:=    9.981        0.015

              Setup:-    0.212
        Uncertainty:-    0.205
        Cppr Adjust:+    0.021
      Required Time:=    9.586
       Launch Clock:=    0.015
          Data Path:+    0.372
              Slack:=    9.199
     Timing Path:

#---------------------------------------------------------------------------------------------------------------
# Timing Point              Net  Cell        Fanout   Load  Trans   Delay    Incr  Arrival  Edge  User    Power  
#                                                     (pf)   (ns)    (ns)   Delay     (ns)        Derate  Domain  
#---------------------------------------------------------------------------------------------------------------
  clk_i                     -    (arrival)        1  0.004  0.050   0.000   0.000   -0.125  R     -       pd_aon  
  CTS_ccl_a_inv_00012/Y     -    CLKINVX6         3  0.011  0.050   0.067   0.000   -0.058  F      1.030  pd_aon  
  CTS_ccl_a_inv_00008/Y     -    CLKINVX6        21  0.015  0.067   0.073   0.000    0.015  R      1.030  pd_aon  
  operand_b_i_sr_reg_12/QN  -    SDFFSRX2         1  0.001  0.069   0.372   0.000    0.387  R      1.079  pd_aon  
  operand_b_i_sr_reg_11/SI  -    SDFFSRHQX4       1  0.001  0.022   0.000   0.000    0.387  R      1.070  pd_aon  
#---------------------------------------------------------------------------------------------------------------
     Other End Path:

#---------------------------------------------------------------------------------------------------------------
# Timing Point              Net  Cell        Fanout   Load  Trans   Delay    Incr  Arrival  Edge  User    Power  
#                                                     (pf)   (ns)    (ns)   Delay     (ns)        Derate  Domain  
#---------------------------------------------------------------------------------------------------------------
  clk_i                     -    (arrival)        1  0.003  0.027   0.000   0.000    9.873  R     -       pd_aon  
  CTS_ccl_a_inv_00012/Y     -    CLKINVX6         3  0.011  0.027   0.047   0.000    9.920  F      0.927  pd_aon  
  CTS_ccl_a_inv_00007/Y     -    CLKINVX6        24  0.014  0.060   0.061   0.000    9.981  R      0.927  pd_aon  
  operand_b_i_sr_reg_11/CK  -    SDFFSRHQX4      24  0.014  0.066   0.000   0.000    9.981  R      0.930  pd_aon  
#---------------------------------------------------------------------------------------------------------------
Path 207: MET (9.204 ns) Setup Check with Pin operand_a_i_sr_reg_18/CK->SI
               View: slow_0p9v_125c_cmax_scan_shift
              Group: reg2reg
         Startpoint: (R) operand_a_i_sr_reg_7/CK
              Clock: (R) clk_i
           Endpoint: (F) operand_a_i_sr_reg_18/SI
              Clock: (R) clk_i

                       Capture       Launch
         Clock Edge:+   10.000        0.000
         Drv Adjust:+    0.009        0.011
        Src Latency:+   -0.137       -0.137
        Net Latency:+    0.107 (P)    0.138 (P)
            Arrival:=    9.980        0.012

              Setup:-    0.212
        Uncertainty:-    0.205
        Cppr Adjust:+    0.032
      Required Time:=    9.596
       Launch Clock:=    0.012
          Data Path:+    0.379
              Slack:=    9.204
     Timing Path:

#---------------------------------------------------------------------------------------------------------------
# Timing Point              Net  Cell        Fanout   Load  Trans   Delay    Incr  Arrival  Edge  User    Power  
#                                                     (pf)   (ns)    (ns)   Delay     (ns)        Derate  Domain  
#---------------------------------------------------------------------------------------------------------------
  clk_i                     -    (arrival)        1  0.004  0.050   0.000   0.000   -0.125  R     -       pd_aon  
  CTS_ccl_a_inv_00012/Y     -    CLKINVX6         3  0.011  0.050   0.067   0.000   -0.058  F      1.030  pd_aon  
  CTS_ccl_a_inv_00009/Y     -    CLKINVX6        20  0.013  0.067   0.071   0.000    0.012  R      1.030  pd_aon  
  operand_a_i_sr_reg_7/Q    -    SDFFSRHQX4      17  0.015  0.065   0.379   0.000    0.392  F      1.079  pd_aon  
  operand_a_i_sr_reg_18/SI  -    SDFFSRHQX4      17  0.015  0.115   0.000   0.000    0.392  F      1.070  pd_aon  
#---------------------------------------------------------------------------------------------------------------
     Other End Path:

#---------------------------------------------------------------------------------------------------------------
# Timing Point              Net  Cell        Fanout   Load  Trans   Delay    Incr  Arrival  Edge  User    Power  
#                                                     (pf)   (ns)    (ns)   Delay     (ns)        Derate  Domain  
#---------------------------------------------------------------------------------------------------------------
  clk_i                     -    (arrival)        1  0.003  0.027   0.000   0.000    9.873  R     -       pd_aon  
  CTS_ccl_a_inv_00012/Y     -    CLKINVX6         3  0.011  0.027   0.047   0.000    9.920  F      0.927  pd_aon  
  CTS_ccl_a_inv_00009/Y     -    CLKINVX6        20  0.013  0.060   0.060   0.000    9.980  R      0.927  pd_aon  
  operand_a_i_sr_reg_18/CK  -    SDFFSRHQX4      20  0.013  0.063   0.000   0.000    9.980  R      0.930  pd_aon  
#---------------------------------------------------------------------------------------------------------------
Path 208: MET (9.204 ns) Setup Check with Pin operand_a_i_sr_reg_0/CK->SI
               View: slow_0p9v_125c_cmax_scan_shift
              Group: reg2reg
         Startpoint: (R) operand_b_i_sr_reg_27/CK
              Clock: (R) clk_i
           Endpoint: (R) operand_a_i_sr_reg_0/SI
              Clock: (R) clk_i

                       Capture       Launch
         Clock Edge:+   10.000        0.000
         Drv Adjust:+    0.009        0.011
        Src Latency:+   -0.137       -0.137
        Net Latency:+    0.110 (P)    0.139 (P)
            Arrival:=    9.982        0.014

              Setup:-    0.245
        Uncertainty:-    0.205
        Cppr Adjust:+    0.021
      Required Time:=    9.554
       Launch Clock:=    0.014
          Data Path:+    0.336
              Slack:=    9.204
     Timing Path:

#--------------------------------------------------------------------------------------------------------------
# Timing Point             Net  Cell        Fanout   Load  Trans   Delay    Incr  Arrival  Edge  User    Power  
#                                                    (pf)   (ns)    (ns)   Delay     (ns)        Derate  Domain  
#--------------------------------------------------------------------------------------------------------------
  clk_i                    -    (arrival)        1  0.004  0.050   0.000   0.000   -0.125  R     -       pd_aon  
  CTS_ccl_a_inv_00012/Y    -    CLKINVX6         3  0.011  0.050   0.067   0.000   -0.058  F      1.030  pd_aon  
  CTS_ccl_a_inv_00007/Y    -    CLKINVX6        24  0.014  0.067   0.072   0.000    0.014  R      1.030  pd_aon  
  operand_b_i_sr_reg_27/Q  -    SDFFSRHQX4      14  0.014  0.068   0.336   0.000    0.350  R      1.079  pd_aon  
  operand_a_i_sr_reg_0/SI  -    SDFFSRHQX4      14  0.014  0.088   0.000   0.000    0.350  R      1.070  pd_aon  
#--------------------------------------------------------------------------------------------------------------
     Other End Path:

#--------------------------------------------------------------------------------------------------------------
# Timing Point             Net  Cell        Fanout   Load  Trans   Delay    Incr  Arrival  Edge  User    Power  
#                                                    (pf)   (ns)    (ns)   Delay     (ns)        Derate  Domain  
#--------------------------------------------------------------------------------------------------------------
  clk_i                    -    (arrival)        1  0.003  0.027   0.000   0.000    9.873  R     -       pd_aon  
  CTS_ccl_a_inv_00012/Y    -    CLKINVX6         3  0.011  0.027   0.047   0.000    9.920  F      0.927  pd_aon  
  CTS_ccl_a_inv_00008/Y    -    CLKINVX6        21  0.015  0.060   0.062   0.000    9.982  R      0.927  pd_aon  
  operand_a_i_sr_reg_0/CK  -    SDFFSRHQX4      21  0.015  0.067   0.000   0.000    9.982  R      0.930  pd_aon  
#--------------------------------------------------------------------------------------------------------------
Path 209: MET (9.206 ns) Setup Check with Pin operand_b_i_sr_reg_12/CK->SI
               View: slow_0p9v_125c_cmax_scan_shift
              Group: reg2reg
         Startpoint: (R) operand_a_i_sr_reg_0/CK
              Clock: (R) clk_i
           Endpoint: (R) operand_b_i_sr_reg_12/SI
              Clock: (R) clk_i

                       Capture       Launch
         Clock Edge:+   10.000        0.000
         Drv Adjust:+    0.009        0.011
        Src Latency:+   -0.137       -0.137
        Net Latency:+    0.110 (P)    0.141 (P)
            Arrival:=    9.982        0.015

              Setup:-    0.268
        Uncertainty:-    0.205
        Cppr Adjust:+    0.033
      Required Time:=    9.542
       Launch Clock:=    0.015
          Data Path:+    0.322
              Slack:=    9.206
     Timing Path:

#---------------------------------------------------------------------------------------------------------------
# Timing Point              Net  Cell        Fanout   Load  Trans   Delay    Incr  Arrival  Edge  User    Power  
#                                                     (pf)   (ns)    (ns)   Delay     (ns)        Derate  Domain  
#---------------------------------------------------------------------------------------------------------------
  clk_i                     -    (arrival)        1  0.004  0.050   0.000   0.000   -0.125  R     -       pd_aon  
  CTS_ccl_a_inv_00012/Y     -    CLKINVX6         3  0.011  0.050   0.067   0.000   -0.058  F      1.030  pd_aon  
  CTS_ccl_a_inv_00008/Y     -    CLKINVX6        21  0.015  0.067   0.073   0.000    0.015  R      1.030  pd_aon  
  operand_a_i_sr_reg_0/Q    -    SDFFSRHQX4       6  0.009  0.069   0.322   0.000    0.337  R      1.079  pd_aon  
  operand_b_i_sr_reg_12/SI  -    SDFFSRX2         6  0.009  0.062   0.000   0.000    0.337  R      1.070  pd_aon  
#---------------------------------------------------------------------------------------------------------------
     Other End Path:

#--------------------------------------------------------------------------------------------------------------
# Timing Point              Net  Cell       Fanout   Load  Trans   Delay    Incr  Arrival  Edge  User    Power  
#                                                    (pf)   (ns)    (ns)   Delay     (ns)        Derate  Domain  
#--------------------------------------------------------------------------------------------------------------
  clk_i                     -    (arrival)       1  0.003  0.027   0.000   0.000    9.873  R     -       pd_aon  
  CTS_ccl_a_inv_00012/Y     -    CLKINVX6        3  0.011  0.027   0.047   0.000    9.920  F      0.927  pd_aon  
  CTS_ccl_a_inv_00008/Y     -    CLKINVX6       21  0.015  0.060   0.062   0.000    9.982  R      0.927  pd_aon  
  operand_b_i_sr_reg_12/CK  -    SDFFSRX2       21  0.015  0.067   0.000   0.000    9.982  R      0.930  pd_aon  
#--------------------------------------------------------------------------------------------------------------
Path 210: MET (9.207 ns) Setup Check with Pin operand_a_i_sr_reg_11/CK->SI
               View: slow_0p9v_125c_cmax_scan_shift
              Group: reg2reg
         Startpoint: (R) operand_a_i_sr_reg_17/CK
              Clock: (R) clk_i
           Endpoint: (R) operand_a_i_sr_reg_11/SI
              Clock: (R) clk_i

                       Capture       Launch
         Clock Edge:+   10.000        0.000
         Drv Adjust:+    0.009        0.011
        Src Latency:+   -0.137       -0.137
        Net Latency:+    0.109 (P)    0.141 (P)
            Arrival:=    9.982        0.015

              Setup:-    0.237
        Uncertainty:-    0.205
        Cppr Adjust:+    0.033
      Required Time:=    9.573
       Launch Clock:=    0.015
          Data Path:+    0.351
              Slack:=    9.207
     Timing Path:

#---------------------------------------------------------------------------------------------------------------
# Timing Point              Net  Cell        Fanout   Load  Trans   Delay    Incr  Arrival  Edge  User    Power  
#                                                     (pf)   (ns)    (ns)   Delay     (ns)        Derate  Domain  
#---------------------------------------------------------------------------------------------------------------
  clk_i                     -    (arrival)        1  0.004  0.050   0.000   0.000   -0.125  R     -       pd_aon  
  CTS_ccl_a_inv_00012/Y     -    CLKINVX6         3  0.011  0.050   0.067   0.000   -0.058  F      1.030  pd_aon  
  CTS_ccl_a_inv_00008/Y     -    CLKINVX6        21  0.015  0.067   0.073   0.000    0.015  R      1.030  pd_aon  
  operand_a_i_sr_reg_17/Q   -    SDFFRHQX4        7  0.009  0.069   0.351   0.000    0.366  R      1.079  pd_aon  
  operand_a_i_sr_reg_11/SI  -    SDFFSRHQX4       7  0.009  0.073   0.000   0.000    0.366  R      1.070  pd_aon  
#---------------------------------------------------------------------------------------------------------------
     Other End Path:

#---------------------------------------------------------------------------------------------------------------
# Timing Point              Net  Cell        Fanout   Load  Trans   Delay    Incr  Arrival  Edge  User    Power  
#                                                     (pf)   (ns)    (ns)   Delay     (ns)        Derate  Domain  
#---------------------------------------------------------------------------------------------------------------
  clk_i                     -    (arrival)        1  0.003  0.027   0.000   0.000    9.873  R     -       pd_aon  
  CTS_ccl_a_inv_00012/Y     -    CLKINVX6         3  0.011  0.027   0.047   0.000    9.920  F      0.927  pd_aon  
  CTS_ccl_a_inv_00008/Y     -    CLKINVX6        21  0.015  0.060   0.062   0.000    9.982  R      0.927  pd_aon  
  operand_a_i_sr_reg_11/CK  -    SDFFSRHQX4      21  0.015  0.067   0.000   0.000    9.982  R      0.930  pd_aon  
#---------------------------------------------------------------------------------------------------------------
Path 211: MET (9.207 ns) Setup Check with Pin operand_a_i_sr_reg_16/CK->SI
               View: slow_0p9v_125c_cmax_scan_shift
              Group: reg2reg
         Startpoint: (R) operand_a_i_sr_reg_10/CK
              Clock: (R) clk_i
           Endpoint: (R) operand_a_i_sr_reg_16/SI
              Clock: (R) clk_i

                       Capture       Launch
         Clock Edge:+   10.000        0.000
         Drv Adjust:+    0.009        0.011
        Src Latency:+   -0.137       -0.137
        Net Latency:+    0.109 (P)    0.140 (P)
            Arrival:=    9.982        0.015

              Setup:-    0.247
        Uncertainty:-    0.205
        Cppr Adjust:+    0.033
      Required Time:=    9.562
       Launch Clock:=    0.015
          Data Path:+    0.340
              Slack:=    9.207
     Timing Path:

#---------------------------------------------------------------------------------------------------------------
# Timing Point              Net  Cell        Fanout   Load  Trans   Delay    Incr  Arrival  Edge  User    Power  
#                                                     (pf)   (ns)    (ns)   Delay     (ns)        Derate  Domain  
#---------------------------------------------------------------------------------------------------------------
  clk_i                     -    (arrival)        1  0.004  0.050   0.000   0.000   -0.125  R     -       pd_aon  
  CTS_ccl_a_inv_00012/Y     -    CLKINVX6         3  0.011  0.050   0.067   0.000   -0.058  F      1.030  pd_aon  
  CTS_ccl_a_inv_00008/Y     -    CLKINVX6        21  0.015  0.067   0.073   0.000    0.015  R      1.030  pd_aon  
  operand_a_i_sr_reg_10/Q   -    SDFFSRHQX4      12  0.015  0.069   0.340   0.000    0.355  R      1.079  pd_aon  
  operand_a_i_sr_reg_16/SI  -    SDFFSRHQX4      12  0.015  0.093   0.000   0.000    0.355  R      1.070  pd_aon  
#---------------------------------------------------------------------------------------------------------------
     Other End Path:

#---------------------------------------------------------------------------------------------------------------
# Timing Point              Net  Cell        Fanout   Load  Trans   Delay    Incr  Arrival  Edge  User    Power  
#                                                     (pf)   (ns)    (ns)   Delay     (ns)        Derate  Domain  
#---------------------------------------------------------------------------------------------------------------
  clk_i                     -    (arrival)        1  0.003  0.027   0.000   0.000    9.873  R     -       pd_aon  
  CTS_ccl_a_inv_00012/Y     -    CLKINVX6         3  0.011  0.027   0.047   0.000    9.920  F      0.927  pd_aon  
  CTS_ccl_a_inv_00008/Y     -    CLKINVX6        21  0.015  0.060   0.062   0.000    9.982  R      0.927  pd_aon  
  operand_a_i_sr_reg_16/CK  -    SDFFSRHQX4      21  0.015  0.067   0.000   0.000    9.982  R      0.930  pd_aon  
#---------------------------------------------------------------------------------------------------------------
Path 212: MET (9.209 ns) Setup Check with Pin operand_a_i_sr_reg_23/CK->SI
               View: slow_0p9v_125c_cmax_scan_shift
              Group: reg2reg
         Startpoint: (R) operand_a_i_sr_reg_15/CK
              Clock: (R) clk_i
           Endpoint: (R) operand_a_i_sr_reg_23/SI
              Clock: (R) clk_i

                       Capture       Launch
         Clock Edge:+   10.000        0.000
         Drv Adjust:+    0.009        0.011
        Src Latency:+   -0.137       -0.137
        Net Latency:+    0.109 (P)    0.140 (P)
            Arrival:=    9.982        0.015

              Setup:-    0.247
        Uncertainty:-    0.205
        Cppr Adjust:+    0.033
      Required Time:=    9.563
       Launch Clock:=    0.015
          Data Path:+    0.339
              Slack:=    9.209
     Timing Path:

#---------------------------------------------------------------------------------------------------------------
# Timing Point              Net  Cell        Fanout   Load  Trans   Delay    Incr  Arrival  Edge  User    Power  
#                                                     (pf)   (ns)    (ns)   Delay     (ns)        Derate  Domain  
#---------------------------------------------------------------------------------------------------------------
  clk_i                     -    (arrival)        1  0.004  0.050   0.000   0.000   -0.125  R     -       pd_aon  
  CTS_ccl_a_inv_00012/Y     -    CLKINVX6         3  0.011  0.050   0.067   0.000   -0.058  F      1.030  pd_aon  
  CTS_ccl_a_inv_00008/Y     -    CLKINVX6        21  0.015  0.067   0.073   0.000    0.015  R      1.030  pd_aon  
  operand_a_i_sr_reg_15/Q   -    SDFFSRHQX4      14  0.015  0.069   0.339   0.000    0.354  R      1.079  pd_aon  
  operand_a_i_sr_reg_23/SI  -    SDFFSRHQX4      14  0.015  0.092   0.000   0.000    0.354  R      1.070  pd_aon  
#---------------------------------------------------------------------------------------------------------------
     Other End Path:

#---------------------------------------------------------------------------------------------------------------
# Timing Point              Net  Cell        Fanout   Load  Trans   Delay    Incr  Arrival  Edge  User    Power  
#                                                     (pf)   (ns)    (ns)   Delay     (ns)        Derate  Domain  
#---------------------------------------------------------------------------------------------------------------
  clk_i                     -    (arrival)        1  0.003  0.027   0.000   0.000    9.873  R     -       pd_aon  
  CTS_ccl_a_inv_00012/Y     -    CLKINVX6         3  0.011  0.027   0.047   0.000    9.920  F      0.927  pd_aon  
  CTS_ccl_a_inv_00008/Y     -    CLKINVX6        21  0.015  0.060   0.062   0.000    9.982  R      0.927  pd_aon  
  operand_a_i_sr_reg_23/CK  -    SDFFSRHQX4      21  0.015  0.067   0.000   0.000    9.982  R      0.930  pd_aon  
#---------------------------------------------------------------------------------------------------------------
Path 213: MET (9.212 ns) Setup Check with Pin operand_a_i_sr_reg_19/CK->SI
               View: slow_0p9v_125c_cmax_scan_shift
              Group: reg2reg
         Startpoint: (R) operand_a_i_sr_reg_20/CK
              Clock: (R) clk_i
           Endpoint: (R) operand_a_i_sr_reg_19/SI
              Clock: (R) clk_i

                       Capture       Launch
         Clock Edge:+   10.000        0.000
         Drv Adjust:+    0.009        0.011
        Src Latency:+   -0.137       -0.137
        Net Latency:+    0.107 (P)    0.138 (P)
            Arrival:=    9.980        0.012

              Setup:-    0.248
        Uncertainty:-    0.205
        Cppr Adjust:+    0.032
      Required Time:=    9.560
       Launch Clock:=    0.012
          Data Path:+    0.335
              Slack:=    9.212
     Timing Path:

#---------------------------------------------------------------------------------------------------------------
# Timing Point              Net  Cell        Fanout   Load  Trans   Delay    Incr  Arrival  Edge  User    Power  
#                                                     (pf)   (ns)    (ns)   Delay     (ns)        Derate  Domain  
#---------------------------------------------------------------------------------------------------------------
  clk_i                     -    (arrival)        1  0.004  0.050   0.000   0.000   -0.125  R     -       pd_aon  
  CTS_ccl_a_inv_00012/Y     -    CLKINVX6         3  0.011  0.050   0.067   0.000   -0.058  F      1.030  pd_aon  
  CTS_ccl_a_inv_00009/Y     -    CLKINVX6        20  0.013  0.067   0.071   0.000    0.012  R      1.030  pd_aon  
  operand_a_i_sr_reg_20/Q   -    SDFFSRHQX4      14  0.014  0.065   0.335   0.000    0.348  R      1.079  pd_aon  
  operand_a_i_sr_reg_19/SI  -    SDFFSRHQX4      14  0.014  0.090   0.000   0.000    0.348  R      1.070  pd_aon  
#---------------------------------------------------------------------------------------------------------------
     Other End Path:

#---------------------------------------------------------------------------------------------------------------
# Timing Point              Net  Cell        Fanout   Load  Trans   Delay    Incr  Arrival  Edge  User    Power  
#                                                     (pf)   (ns)    (ns)   Delay     (ns)        Derate  Domain  
#---------------------------------------------------------------------------------------------------------------
  clk_i                     -    (arrival)        1  0.003  0.027   0.000   0.000    9.873  R     -       pd_aon  
  CTS_ccl_a_inv_00012/Y     -    CLKINVX6         3  0.011  0.027   0.047   0.000    9.920  F      0.927  pd_aon  
  CTS_ccl_a_inv_00009/Y     -    CLKINVX6        20  0.013  0.060   0.060   0.000    9.980  R      0.927  pd_aon  
  operand_a_i_sr_reg_19/CK  -    SDFFSRHQX4      20  0.013  0.063   0.000   0.000    9.980  R      0.930  pd_aon  
#---------------------------------------------------------------------------------------------------------------
Path 214: MET (9.212 ns) Setup Check with Pin operand_a_i_sr_reg_6/CK->SI
               View: slow_0p9v_125c_cmax_scan_shift
              Group: reg2reg
         Startpoint: (R) operand_a_i_sr_reg_13/CK
              Clock: (R) clk_i
           Endpoint: (F) operand_a_i_sr_reg_6/SI
              Clock: (R) clk_i

                       Capture       Launch
         Clock Edge:+   10.000        0.000
         Drv Adjust:+    0.009        0.011
        Src Latency:+   -0.137       -0.137
        Net Latency:+    0.107 (P)    0.138 (P)
            Arrival:=    9.980        0.012

              Setup:-    0.208
        Uncertainty:-    0.205
        Cppr Adjust:+    0.032
      Required Time:=    9.599
       Launch Clock:=    0.012
          Data Path:+    0.375
              Slack:=    9.212
     Timing Path:

#--------------------------------------------------------------------------------------------------------------
# Timing Point             Net  Cell        Fanout   Load  Trans   Delay    Incr  Arrival  Edge  User    Power  
#                                                    (pf)   (ns)    (ns)   Delay     (ns)        Derate  Domain  
#--------------------------------------------------------------------------------------------------------------
  clk_i                    -    (arrival)        1  0.004  0.050   0.000   0.000   -0.125  R     -       pd_aon  
  CTS_ccl_a_inv_00012/Y    -    CLKINVX6         3  0.011  0.050   0.067   0.000   -0.058  F      1.030  pd_aon  
  CTS_ccl_a_inv_00009/Y    -    CLKINVX6        20  0.013  0.067   0.071   0.000    0.012  R      1.030  pd_aon  
  operand_a_i_sr_reg_13/Q  -    SDFFSRHQX4      14  0.014  0.065   0.375   0.000    0.387  F      1.079  pd_aon  
  operand_a_i_sr_reg_6/SI  -    SDFFSRHQX4      14  0.014  0.107   0.000   0.000    0.387  F      1.070  pd_aon  
#--------------------------------------------------------------------------------------------------------------
     Other End Path:

#--------------------------------------------------------------------------------------------------------------
# Timing Point             Net  Cell        Fanout   Load  Trans   Delay    Incr  Arrival  Edge  User    Power  
#                                                    (pf)   (ns)    (ns)   Delay     (ns)        Derate  Domain  
#--------------------------------------------------------------------------------------------------------------
  clk_i                    -    (arrival)        1  0.003  0.027   0.000   0.000    9.873  R     -       pd_aon  
  CTS_ccl_a_inv_00012/Y    -    CLKINVX6         3  0.011  0.027   0.047   0.000    9.920  F      0.927  pd_aon  
  CTS_ccl_a_inv_00009/Y    -    CLKINVX6        20  0.013  0.060   0.060   0.000    9.980  R      0.927  pd_aon  
  operand_a_i_sr_reg_6/CK  -    SDFFSRHQX4      20  0.013  0.063   0.000   0.000    9.980  R      0.930  pd_aon  
#--------------------------------------------------------------------------------------------------------------
Path 215: MET (9.213 ns) Setup Check with Pin operand_b_i_sr_reg_24/CK->SI
               View: slow_0p9v_125c_cmax_scan_shift
              Group: reg2reg
         Startpoint: (R) operand_b_i_sr_reg_22/CK
              Clock: (R) clk_i
           Endpoint: (R) operand_b_i_sr_reg_24/SI
              Clock: (R) clk_i

                       Capture       Launch
         Clock Edge:+   10.000        0.000
         Drv Adjust:+    0.009        0.011
        Src Latency:+   -0.137       -0.137
        Net Latency:+    0.109 (P)    0.139 (P)
            Arrival:=    9.981        0.014

              Setup:-    0.246
        Uncertainty:-    0.205
        Cppr Adjust:+    0.033
      Required Time:=    9.563
       Launch Clock:=    0.014
          Data Path:+    0.336
              Slack:=    9.213
     Timing Path:

#---------------------------------------------------------------------------------------------------------------
# Timing Point              Net  Cell        Fanout   Load  Trans   Delay    Incr  Arrival  Edge  User    Power  
#                                                     (pf)   (ns)    (ns)   Delay     (ns)        Derate  Domain  
#---------------------------------------------------------------------------------------------------------------
  clk_i                     -    (arrival)        1  0.004  0.050   0.000   0.000   -0.125  R     -       pd_aon  
  CTS_ccl_a_inv_00012/Y     -    CLKINVX6         3  0.011  0.050   0.067   0.000   -0.058  F      1.030  pd_aon  
  CTS_ccl_a_inv_00007/Y     -    CLKINVX6        24  0.014  0.067   0.072   0.000    0.014  R      1.030  pd_aon  
  operand_b_i_sr_reg_22/Q   -    SDFFSRHQX4      17  0.014  0.068   0.336   0.000    0.350  R      1.079  pd_aon  
  operand_b_i_sr_reg_24/SI  -    SDFFSRHQX4      17  0.014  0.089   0.000   0.000    0.350  R      1.070  pd_aon  
#---------------------------------------------------------------------------------------------------------------
     Other End Path:

#---------------------------------------------------------------------------------------------------------------
# Timing Point              Net  Cell        Fanout   Load  Trans   Delay    Incr  Arrival  Edge  User    Power  
#                                                     (pf)   (ns)    (ns)   Delay     (ns)        Derate  Domain  
#---------------------------------------------------------------------------------------------------------------
  clk_i                     -    (arrival)        1  0.003  0.027   0.000   0.000    9.873  R     -       pd_aon  
  CTS_ccl_a_inv_00012/Y     -    CLKINVX6         3  0.011  0.027   0.047   0.000    9.920  F      0.927  pd_aon  
  CTS_ccl_a_inv_00007/Y     -    CLKINVX6        24  0.014  0.060   0.061   0.000    9.981  R      0.927  pd_aon  
  operand_b_i_sr_reg_24/CK  -    SDFFSRHQX4      24  0.014  0.066   0.000   0.000    9.981  R      0.930  pd_aon  
#---------------------------------------------------------------------------------------------------------------
Path 216: MET (9.213 ns) Setup Check with Pin operand_b_i_sr_reg_29/CK->SI
               View: slow_0p9v_125c_cmax_scan_shift
              Group: reg2reg
         Startpoint: (R) operand_b_i_sr_reg_30/CK
              Clock: (R) clk_i
           Endpoint: (R) operand_b_i_sr_reg_29/SI
              Clock: (R) clk_i

                       Capture       Launch
         Clock Edge:+   10.000        0.000
         Drv Adjust:+    0.009        0.011
        Src Latency:+   -0.137       -0.137
        Net Latency:+    0.110 (P)    0.141 (P)
            Arrival:=    9.982        0.015

              Setup:-    0.245
        Uncertainty:-    0.205
        Cppr Adjust:+    0.033
      Required Time:=    9.565
       Launch Clock:=    0.015
          Data Path:+    0.337
              Slack:=    9.213
     Timing Path:

#---------------------------------------------------------------------------------------------------------------
# Timing Point              Net  Cell        Fanout   Load  Trans   Delay    Incr  Arrival  Edge  User    Power  
#                                                     (pf)   (ns)    (ns)   Delay     (ns)        Derate  Domain  
#---------------------------------------------------------------------------------------------------------------
  clk_i                     -    (arrival)        1  0.004  0.050   0.000   0.000   -0.125  R     -       pd_aon  
  CTS_ccl_a_inv_00012/Y     -    CLKINVX6         3  0.011  0.050   0.067   0.000   -0.058  F      1.030  pd_aon  
  CTS_ccl_a_inv_00008/Y     -    CLKINVX6        21  0.015  0.067   0.073   0.000    0.015  R      1.030  pd_aon  
  operand_b_i_sr_reg_30/Q   -    SDFFSRHQX4      17  0.014  0.069   0.337   0.000    0.352  R      1.079  pd_aon  
  operand_b_i_sr_reg_29/SI  -    SDFFSRHQX4      17  0.014  0.088   0.000   0.000    0.352  R      1.070  pd_aon  
#---------------------------------------------------------------------------------------------------------------
     Other End Path:

#---------------------------------------------------------------------------------------------------------------
# Timing Point              Net  Cell        Fanout   Load  Trans   Delay    Incr  Arrival  Edge  User    Power  
#                                                     (pf)   (ns)    (ns)   Delay     (ns)        Derate  Domain  
#---------------------------------------------------------------------------------------------------------------
  clk_i                     -    (arrival)        1  0.003  0.027   0.000   0.000    9.873  R     -       pd_aon  
  CTS_ccl_a_inv_00012/Y     -    CLKINVX6         3  0.011  0.027   0.047   0.000    9.920  F      0.927  pd_aon  
  CTS_ccl_a_inv_00008/Y     -    CLKINVX6        21  0.015  0.060   0.062   0.000    9.982  R      0.927  pd_aon  
  operand_b_i_sr_reg_29/CK  -    SDFFSRHQX4      21  0.015  0.067   0.000   0.000    9.982  R      0.930  pd_aon  
#---------------------------------------------------------------------------------------------------------------
Path 217: MET (9.216 ns) Setup Check with Pin operand_b_i_sr_reg_22/CK->SI
               View: slow_0p9v_125c_cmax_scan_shift
              Group: reg2reg
         Startpoint: (R) operand_b_i_sr_reg_21/CK
              Clock: (R) clk_i
           Endpoint: (R) operand_b_i_sr_reg_22/SI
              Clock: (R) clk_i

                       Capture       Launch
         Clock Edge:+   10.000        0.000
         Drv Adjust:+    0.009        0.011
        Src Latency:+   -0.137       -0.137
        Net Latency:+    0.109 (P)    0.139 (P)
            Arrival:=    9.981        0.014

              Setup:-    0.245
        Uncertainty:-    0.205
        Cppr Adjust:+    0.033
      Required Time:=    9.564
       Launch Clock:=    0.014
          Data Path:+    0.335
              Slack:=    9.216
     Timing Path:

#---------------------------------------------------------------------------------------------------------------
# Timing Point              Net  Cell        Fanout   Load  Trans   Delay    Incr  Arrival  Edge  User    Power  
#                                                     (pf)   (ns)    (ns)   Delay     (ns)        Derate  Domain  
#---------------------------------------------------------------------------------------------------------------
  clk_i                     -    (arrival)        1  0.004  0.050   0.000   0.000   -0.125  R     -       pd_aon  
  CTS_ccl_a_inv_00012/Y     -    CLKINVX6         3  0.011  0.050   0.067   0.000   -0.058  F      1.030  pd_aon  
  CTS_ccl_a_inv_00007/Y     -    CLKINVX6        24  0.014  0.067   0.072   0.000    0.014  R      1.030  pd_aon  
  operand_b_i_sr_reg_21/Q   -    SDFFSRHQX4      13  0.014  0.068   0.335   0.000    0.349  R      1.079  pd_aon  
  operand_b_i_sr_reg_22/SI  -    SDFFSRHQX4      13  0.014  0.086   0.000   0.000    0.349  R      1.070  pd_aon  
#---------------------------------------------------------------------------------------------------------------
     Other End Path:

#---------------------------------------------------------------------------------------------------------------
# Timing Point              Net  Cell        Fanout   Load  Trans   Delay    Incr  Arrival  Edge  User    Power  
#                                                     (pf)   (ns)    (ns)   Delay     (ns)        Derate  Domain  
#---------------------------------------------------------------------------------------------------------------
  clk_i                     -    (arrival)        1  0.003  0.027   0.000   0.000    9.873  R     -       pd_aon  
  CTS_ccl_a_inv_00012/Y     -    CLKINVX6         3  0.011  0.027   0.047   0.000    9.920  F      0.927  pd_aon  
  CTS_ccl_a_inv_00007/Y     -    CLKINVX6        24  0.014  0.060   0.061   0.000    9.981  R      0.927  pd_aon  
  operand_b_i_sr_reg_22/CK  -    SDFFSRHQX4      24  0.014  0.066   0.000   0.000    9.981  R      0.930  pd_aon  
#---------------------------------------------------------------------------------------------------------------
Path 218: MET (9.216 ns) Setup Check with Pin operand_b_i_sr_reg_13/CK->SI
               View: slow_0p9v_125c_cmax_scan_shift
              Group: reg2reg
         Startpoint: (R) operand_b_i_sr_reg_25/CK
              Clock: (R) clk_i
           Endpoint: (R) operand_b_i_sr_reg_13/SI
              Clock: (R) clk_i

                       Capture       Launch
         Clock Edge:+   10.000        0.000
         Drv Adjust:+    0.009        0.011
        Src Latency:+   -0.137       -0.137
        Net Latency:+    0.110 (P)    0.139 (P)
            Arrival:=    9.982        0.014

              Setup:-    0.239
        Uncertainty:-    0.205
        Cppr Adjust:+    0.021
      Required Time:=    9.559
       Launch Clock:=    0.014
          Data Path:+    0.330
              Slack:=    9.216
     Timing Path:

#---------------------------------------------------------------------------------------------------------------
# Timing Point              Net  Cell        Fanout   Load  Trans   Delay    Incr  Arrival  Edge  User    Power  
#                                                     (pf)   (ns)    (ns)   Delay     (ns)        Derate  Domain  
#---------------------------------------------------------------------------------------------------------------
  clk_i                     -    (arrival)        1  0.004  0.050   0.000   0.000   -0.125  R     -       pd_aon  
  CTS_ccl_a_inv_00012/Y     -    CLKINVX6         3  0.011  0.050   0.067   0.000   -0.058  F      1.030  pd_aon  
  CTS_ccl_a_inv_00007/Y     -    CLKINVX6        24  0.014  0.067   0.072   0.000    0.014  R      1.030  pd_aon  
  operand_b_i_sr_reg_25/Q   -    SDFFSRHQX4       8  0.012  0.068   0.330   0.000    0.343  R      1.079  pd_aon  
  operand_b_i_sr_reg_13/SI  -    SDFFSRHQX4       8  0.012  0.077   0.000   0.000    0.343  R      1.070  pd_aon  
#---------------------------------------------------------------------------------------------------------------
     Other End Path:

#---------------------------------------------------------------------------------------------------------------
# Timing Point              Net  Cell        Fanout   Load  Trans   Delay    Incr  Arrival  Edge  User    Power  
#                                                     (pf)   (ns)    (ns)   Delay     (ns)        Derate  Domain  
#---------------------------------------------------------------------------------------------------------------
  clk_i                     -    (arrival)        1  0.003  0.027   0.000   0.000    9.873  R     -       pd_aon  
  CTS_ccl_a_inv_00012/Y     -    CLKINVX6         3  0.011  0.027   0.047   0.000    9.920  F      0.927  pd_aon  
  CTS_ccl_a_inv_00008/Y     -    CLKINVX6        21  0.015  0.060   0.062   0.000    9.982  R      0.927  pd_aon  
  operand_b_i_sr_reg_13/CK  -    SDFFSRHQX4      21  0.015  0.067   0.000   0.000    9.982  R      0.930  pd_aon  
#---------------------------------------------------------------------------------------------------------------
Path 219: MET (9.216 ns) Setup Check with Pin operand_a_i_sr_reg_20/CK->SI
               View: slow_0p9v_125c_cmax_scan_shift
              Group: reg2reg
         Startpoint: (R) operand_a_i_sr_reg_26/CK
              Clock: (R) clk_i
           Endpoint: (R) operand_a_i_sr_reg_20/SI
              Clock: (R) clk_i

                       Capture       Launch
         Clock Edge:+   10.000        0.000
         Drv Adjust:+    0.009        0.011
        Src Latency:+   -0.137       -0.137
        Net Latency:+    0.107 (P)    0.138 (P)
            Arrival:=    9.980        0.012

              Setup:-    0.246
        Uncertainty:-    0.205
        Cppr Adjust:+    0.032
      Required Time:=    9.562
       Launch Clock:=    0.012
          Data Path:+    0.333
              Slack:=    9.216
     Timing Path:

#---------------------------------------------------------------------------------------------------------------
# Timing Point              Net  Cell        Fanout   Load  Trans   Delay    Incr  Arrival  Edge  User    Power  
#                                                     (pf)   (ns)    (ns)   Delay     (ns)        Derate  Domain  
#---------------------------------------------------------------------------------------------------------------
  clk_i                     -    (arrival)        1  0.004  0.050   0.000   0.000   -0.125  R     -       pd_aon  
  CTS_ccl_a_inv_00012/Y     -    CLKINVX6         3  0.011  0.050   0.067   0.000   -0.058  F      1.030  pd_aon  
  CTS_ccl_a_inv_00009/Y     -    CLKINVX6        20  0.013  0.067   0.071   0.000    0.012  R      1.030  pd_aon  
  operand_a_i_sr_reg_26/Q   -    SDFFSRHQX4      13  0.014  0.065   0.333   0.000    0.345  R      1.079  pd_aon  
  operand_a_i_sr_reg_20/SI  -    SDFFSRHQX4      13  0.014  0.086   0.000   0.000    0.345  R      1.070  pd_aon  
#---------------------------------------------------------------------------------------------------------------
     Other End Path:

#---------------------------------------------------------------------------------------------------------------
# Timing Point              Net  Cell        Fanout   Load  Trans   Delay    Incr  Arrival  Edge  User    Power  
#                                                     (pf)   (ns)    (ns)   Delay     (ns)        Derate  Domain  
#---------------------------------------------------------------------------------------------------------------
  clk_i                     -    (arrival)        1  0.003  0.027   0.000   0.000    9.873  R     -       pd_aon  
  CTS_ccl_a_inv_00012/Y     -    CLKINVX6         3  0.011  0.027   0.047   0.000    9.920  F      0.927  pd_aon  
  CTS_ccl_a_inv_00009/Y     -    CLKINVX6        20  0.013  0.060   0.060   0.000    9.980  R      0.927  pd_aon  
  operand_a_i_sr_reg_20/CK  -    SDFFSRHQX4      20  0.013  0.063   0.000   0.000    9.980  R      0.930  pd_aon  
#---------------------------------------------------------------------------------------------------------------
Path 220: MET (9.218 ns) Setup Check with Pin operand_a_i_sr_reg_21/CK->SI
               View: slow_0p9v_125c_cmax_scan_shift
              Group: reg2reg
         Startpoint: (R) operand_a_i_sr_reg_31/CK
              Clock: (R) clk_i
           Endpoint: (R) operand_a_i_sr_reg_21/SI
              Clock: (R) clk_i

                       Capture       Launch
         Clock Edge:+   10.000        0.000
         Drv Adjust:+    0.009        0.011
        Src Latency:+   -0.137       -0.137
        Net Latency:+    0.107 (P)    0.138 (P)
            Arrival:=    9.980        0.012

              Setup:-    0.244
        Uncertainty:-    0.205
        Cppr Adjust:+    0.032
      Required Time:=    9.563
       Launch Clock:=    0.012
          Data Path:+    0.334
              Slack:=    9.218
     Timing Path:

#---------------------------------------------------------------------------------------------------------------
# Timing Point              Net  Cell        Fanout   Load  Trans   Delay    Incr  Arrival  Edge  User    Power  
#                                                     (pf)   (ns)    (ns)   Delay     (ns)        Derate  Domain  
#---------------------------------------------------------------------------------------------------------------
  clk_i                     -    (arrival)        1  0.004  0.050   0.000   0.000   -0.125  R     -       pd_aon  
  CTS_ccl_a_inv_00012/Y     -    CLKINVX6         3  0.011  0.050   0.067   0.000   -0.058  F      1.030  pd_aon  
  CTS_ccl_a_inv_00009/Y     -    CLKINVX6        20  0.013  0.067   0.071   0.000    0.012  R      1.030  pd_aon  
  operand_a_i_sr_reg_31/Q   -    SDFFSRHQX4      14  0.013  0.065   0.334   0.003    0.346  R      1.079  pd_aon  
  operand_a_i_sr_reg_21/SI  -    SDFFSRHQX4      14  0.013  0.083   0.000   0.000    0.346  R      1.070  pd_aon  
#---------------------------------------------------------------------------------------------------------------
     Other End Path:

#---------------------------------------------------------------------------------------------------------------
# Timing Point              Net  Cell        Fanout   Load  Trans   Delay    Incr  Arrival  Edge  User    Power  
#                                                     (pf)   (ns)    (ns)   Delay     (ns)        Derate  Domain  
#---------------------------------------------------------------------------------------------------------------
  clk_i                     -    (arrival)        1  0.003  0.027   0.000   0.000    9.873  R     -       pd_aon  
  CTS_ccl_a_inv_00012/Y     -    CLKINVX6         3  0.011  0.027   0.047   0.000    9.920  F      0.927  pd_aon  
  CTS_ccl_a_inv_00009/Y     -    CLKINVX6        20  0.013  0.060   0.060   0.000    9.980  R      0.927  pd_aon  
  operand_a_i_sr_reg_21/CK  -    SDFFSRHQX4      20  0.013  0.063   0.000   0.000    9.980  R      0.930  pd_aon  
#---------------------------------------------------------------------------------------------------------------
Path 221: MET (9.218 ns) Setup Check with Pin operand_a_i_sr_reg_24/CK->SI
               View: slow_0p9v_125c_cmax_scan_shift
              Group: reg2reg
         Startpoint: (R) operand_a_i_sr_reg_12/CK
              Clock: (R) clk_i
           Endpoint: (R) operand_a_i_sr_reg_24/SI
              Clock: (R) clk_i

                       Capture       Launch
         Clock Edge:+   10.000        0.000
         Drv Adjust:+    0.009        0.011
        Src Latency:+   -0.137       -0.137
        Net Latency:+    0.109 (P)    0.140 (P)
            Arrival:=    9.982        0.015

              Setup:-    0.243
        Uncertainty:-    0.205
        Cppr Adjust:+    0.033
      Required Time:=    9.567
       Launch Clock:=    0.015
          Data Path:+    0.335
              Slack:=    9.218
     Timing Path:

#---------------------------------------------------------------------------------------------------------------
# Timing Point              Net  Cell        Fanout   Load  Trans   Delay    Incr  Arrival  Edge  User    Power  
#                                                     (pf)   (ns)    (ns)   Delay     (ns)        Derate  Domain  
#---------------------------------------------------------------------------------------------------------------
  clk_i                     -    (arrival)        1  0.004  0.050   0.000   0.000   -0.125  R     -       pd_aon  
  CTS_ccl_a_inv_00012/Y     -    CLKINVX6         3  0.011  0.050   0.067   0.000   -0.058  F      1.030  pd_aon  
  CTS_ccl_a_inv_00008/Y     -    CLKINVX6        21  0.015  0.067   0.073   0.000    0.015  R      1.030  pd_aon  
  operand_a_i_sr_reg_12/Q   -    SDFFSRHQX4      13  0.013  0.069   0.335   0.000    0.349  R      1.079  pd_aon  
  operand_a_i_sr_reg_24/SI  -    SDFFSRHQX4      13  0.013  0.084   0.000   0.000    0.349  R      1.070  pd_aon  
#---------------------------------------------------------------------------------------------------------------
     Other End Path:

#---------------------------------------------------------------------------------------------------------------
# Timing Point              Net  Cell        Fanout   Load  Trans   Delay    Incr  Arrival  Edge  User    Power  
#                                                     (pf)   (ns)    (ns)   Delay     (ns)        Derate  Domain  
#---------------------------------------------------------------------------------------------------------------
  clk_i                     -    (arrival)        1  0.003  0.027   0.000   0.000    9.873  R     -       pd_aon  
  CTS_ccl_a_inv_00012/Y     -    CLKINVX6         3  0.011  0.027   0.047   0.000    9.920  F      0.927  pd_aon  
  CTS_ccl_a_inv_00008/Y     -    CLKINVX6        21  0.015  0.060   0.062   0.000    9.982  R      0.927  pd_aon  
  operand_a_i_sr_reg_24/CK  -    SDFFSRHQX4      21  0.015  0.067   0.000   0.000    9.982  R      0.930  pd_aon  
#---------------------------------------------------------------------------------------------------------------
Path 222: MET (9.218 ns) Setup Check with Pin operand_a_i_sr_reg_30/CK->SI
               View: slow_0p9v_125c_cmax_scan_shift
              Group: reg2reg
         Startpoint: (R) operand_a_i_sr_reg_29/CK
              Clock: (R) clk_i
           Endpoint: (R) operand_a_i_sr_reg_30/SI
              Clock: (R) clk_i

                       Capture       Launch
         Clock Edge:+   10.000        0.000
         Drv Adjust:+    0.009        0.011
        Src Latency:+   -0.137       -0.137
        Net Latency:+    0.109 (P)    0.140 (P)
            Arrival:=    9.982        0.015

              Setup:-    0.243
        Uncertainty:-    0.205
        Cppr Adjust:+    0.033
      Required Time:=    9.567
       Launch Clock:=    0.015
          Data Path:+    0.334
              Slack:=    9.218
     Timing Path:

#---------------------------------------------------------------------------------------------------------------
# Timing Point              Net  Cell        Fanout   Load  Trans   Delay    Incr  Arrival  Edge  User    Power  
#                                                     (pf)   (ns)    (ns)   Delay     (ns)        Derate  Domain  
#---------------------------------------------------------------------------------------------------------------
  clk_i                     -    (arrival)        1  0.004  0.050   0.000   0.000   -0.125  R     -       pd_aon  
  CTS_ccl_a_inv_00012/Y     -    CLKINVX6         3  0.011  0.050   0.067   0.000   -0.058  F      1.030  pd_aon  
  CTS_ccl_a_inv_00008/Y     -    CLKINVX6        21  0.015  0.067   0.073   0.000    0.015  R      1.030  pd_aon  
  operand_a_i_sr_reg_29/Q   -    SDFFSRHQX4      14  0.013  0.069   0.334   0.000    0.349  R      1.079  pd_aon  
  operand_a_i_sr_reg_30/SI  -    SDFFSRHQX4      14  0.013  0.084   0.000   0.000    0.349  R      1.070  pd_aon  
#---------------------------------------------------------------------------------------------------------------
     Other End Path:

#---------------------------------------------------------------------------------------------------------------
# Timing Point              Net  Cell        Fanout   Load  Trans   Delay    Incr  Arrival  Edge  User    Power  
#                                                     (pf)   (ns)    (ns)   Delay     (ns)        Derate  Domain  
#---------------------------------------------------------------------------------------------------------------
  clk_i                     -    (arrival)        1  0.003  0.027   0.000   0.000    9.873  R     -       pd_aon  
  CTS_ccl_a_inv_00012/Y     -    CLKINVX6         3  0.011  0.027   0.047   0.000    9.920  F      0.927  pd_aon  
  CTS_ccl_a_inv_00008/Y     -    CLKINVX6        21  0.015  0.060   0.062   0.000    9.982  R      0.927  pd_aon  
  operand_a_i_sr_reg_30/CK  -    SDFFSRHQX4      21  0.015  0.067   0.000   0.000    9.982  R      0.930  pd_aon  
#---------------------------------------------------------------------------------------------------------------
Path 223: MET (9.221 ns) Setup Check with Pin operand_a_i_sr_reg_26/CK->SI
               View: slow_0p9v_125c_cmax_scan_shift
              Group: reg2reg
         Startpoint: (R) operand_a_i_sr_reg_22/CK
              Clock: (R) clk_i
           Endpoint: (R) operand_a_i_sr_reg_26/SI
              Clock: (R) clk_i

                       Capture       Launch
         Clock Edge:+   10.000        0.000
         Drv Adjust:+    0.009        0.011
        Src Latency:+   -0.137       -0.137
        Net Latency:+    0.107 (P)    0.138 (P)
            Arrival:=    9.980        0.012

              Setup:-    0.244
        Uncertainty:-    0.205
        Cppr Adjust:+    0.032
      Required Time:=    9.564
       Launch Clock:=    0.012
          Data Path:+    0.331
              Slack:=    9.221
     Timing Path:

#---------------------------------------------------------------------------------------------------------------
# Timing Point              Net  Cell        Fanout   Load  Trans   Delay    Incr  Arrival  Edge  User    Power  
#                                                     (pf)   (ns)    (ns)   Delay     (ns)        Derate  Domain  
#---------------------------------------------------------------------------------------------------------------
  clk_i                     -    (arrival)        1  0.004  0.050   0.000   0.000   -0.125  R     -       pd_aon  
  CTS_ccl_a_inv_00012/Y     -    CLKINVX6         3  0.011  0.050   0.067   0.000   -0.058  F      1.030  pd_aon  
  CTS_ccl_a_inv_00009/Y     -    CLKINVX6        20  0.013  0.067   0.071   0.000    0.012  R      1.030  pd_aon  
  operand_a_i_sr_reg_22/Q   -    SDFFSRHQX4      12  0.013  0.065   0.331   0.000    0.343  R      1.079  pd_aon  
  operand_a_i_sr_reg_26/SI  -    SDFFSRHQX4      12  0.013  0.082   0.000   0.000    0.343  R      1.070  pd_aon  
#---------------------------------------------------------------------------------------------------------------
     Other End Path:

#---------------------------------------------------------------------------------------------------------------
# Timing Point              Net  Cell        Fanout   Load  Trans   Delay    Incr  Arrival  Edge  User    Power  
#                                                     (pf)   (ns)    (ns)   Delay     (ns)        Derate  Domain  
#---------------------------------------------------------------------------------------------------------------
  clk_i                     -    (arrival)        1  0.003  0.027   0.000   0.000    9.873  R     -       pd_aon  
  CTS_ccl_a_inv_00012/Y     -    CLKINVX6         3  0.011  0.027   0.047   0.000    9.920  F      0.927  pd_aon  
  CTS_ccl_a_inv_00009/Y     -    CLKINVX6        20  0.013  0.060   0.060   0.000    9.980  R      0.927  pd_aon  
  operand_a_i_sr_reg_26/CK  -    SDFFSRHQX4      20  0.013  0.063   0.000   0.000    9.980  R      0.930  pd_aon  
#---------------------------------------------------------------------------------------------------------------
Path 224: MET (9.221 ns) Setup Check with Pin operand_a_i_sr_reg_12/CK->SI
               View: slow_0p9v_125c_cmax_scan_shift
              Group: reg2reg
         Startpoint: (R) operand_a_i_sr_reg_11/CK
              Clock: (R) clk_i
           Endpoint: (R) operand_a_i_sr_reg_12/SI
              Clock: (R) clk_i

                       Capture       Launch
         Clock Edge:+   10.000        0.000
         Drv Adjust:+    0.009        0.011
        Src Latency:+   -0.137       -0.137
        Net Latency:+    0.109 (P)    0.140 (P)
            Arrival:=    9.982        0.015

              Setup:-    0.241
        Uncertainty:-    0.205
        Cppr Adjust:+    0.033
      Required Time:=    9.568
       Launch Clock:=    0.015
          Data Path:+    0.333
              Slack:=    9.221
     Timing Path:

#---------------------------------------------------------------------------------------------------------------
# Timing Point              Net  Cell        Fanout   Load  Trans   Delay    Incr  Arrival  Edge  User    Power  
#                                                     (pf)   (ns)    (ns)   Delay     (ns)        Derate  Domain  
#---------------------------------------------------------------------------------------------------------------
  clk_i                     -    (arrival)        1  0.004  0.050   0.000   0.000   -0.125  R     -       pd_aon  
  CTS_ccl_a_inv_00012/Y     -    CLKINVX6         3  0.011  0.050   0.067   0.000   -0.058  F      1.030  pd_aon  
  CTS_ccl_a_inv_00008/Y     -    CLKINVX6        21  0.015  0.067   0.073   0.000    0.015  R      1.030  pd_aon  
  operand_a_i_sr_reg_11/Q   -    SDFFSRHQX4      10  0.013  0.069   0.333   0.000    0.348  R      1.079  pd_aon  
  operand_a_i_sr_reg_12/SI  -    SDFFSRHQX4      10  0.013  0.081   0.000   0.000    0.348  R      1.070  pd_aon  
#---------------------------------------------------------------------------------------------------------------
     Other End Path:

#---------------------------------------------------------------------------------------------------------------
# Timing Point              Net  Cell        Fanout   Load  Trans   Delay    Incr  Arrival  Edge  User    Power  
#                                                     (pf)   (ns)    (ns)   Delay     (ns)        Derate  Domain  
#---------------------------------------------------------------------------------------------------------------
  clk_i                     -    (arrival)        1  0.003  0.027   0.000   0.000    9.873  R     -       pd_aon  
  CTS_ccl_a_inv_00012/Y     -    CLKINVX6         3  0.011  0.027   0.047   0.000    9.920  F      0.927  pd_aon  
  CTS_ccl_a_inv_00008/Y     -    CLKINVX6        21  0.015  0.060   0.062   0.000    9.982  R      0.927  pd_aon  
  operand_a_i_sr_reg_12/CK  -    SDFFSRHQX4      21  0.015  0.067   0.000   0.000    9.982  R      0.930  pd_aon  
#---------------------------------------------------------------------------------------------------------------
Path 225: MET (9.225 ns) Setup Check with Pin operand_b_i_sr_reg_21/CK->SI
               View: slow_0p9v_125c_cmax_scan_shift
              Group: reg2reg
         Startpoint: (R) operand_b_i_sr_reg_19/CK
              Clock: (R) clk_i
           Endpoint: (R) operand_b_i_sr_reg_21/SI
              Clock: (R) clk_i

                       Capture       Launch
         Clock Edge:+   10.000        0.000
         Drv Adjust:+    0.009        0.011
        Src Latency:+   -0.137       -0.137
        Net Latency:+    0.109 (P)    0.139 (P)
            Arrival:=    9.981        0.014

              Setup:-    0.240
        Uncertainty:-    0.205
        Cppr Adjust:+    0.033
      Required Time:=    9.569
       Launch Clock:=    0.014
          Data Path:+    0.330
              Slack:=    9.225
     Timing Path:

#---------------------------------------------------------------------------------------------------------------
# Timing Point              Net  Cell        Fanout   Load  Trans   Delay    Incr  Arrival  Edge  User    Power  
#                                                     (pf)   (ns)    (ns)   Delay     (ns)        Derate  Domain  
#---------------------------------------------------------------------------------------------------------------
  clk_i                     -    (arrival)        1  0.004  0.050   0.000   0.000   -0.125  R     -       pd_aon  
  CTS_ccl_a_inv_00012/Y     -    CLKINVX6         3  0.011  0.050   0.067   0.000   -0.058  F      1.030  pd_aon  
  CTS_ccl_a_inv_00007/Y     -    CLKINVX6        24  0.014  0.067   0.072   0.000    0.014  R      1.030  pd_aon  
  operand_b_i_sr_reg_19/Q   -    SDFFSRHQX4      14  0.012  0.068   0.330   0.000    0.344  R      1.079  pd_aon  
  operand_b_i_sr_reg_21/SI  -    SDFFSRHQX4      14  0.012  0.078   0.000   0.000    0.344  R      1.070  pd_aon  
#---------------------------------------------------------------------------------------------------------------
     Other End Path:

#---------------------------------------------------------------------------------------------------------------
# Timing Point              Net  Cell        Fanout   Load  Trans   Delay    Incr  Arrival  Edge  User    Power  
#                                                     (pf)   (ns)    (ns)   Delay     (ns)        Derate  Domain  
#---------------------------------------------------------------------------------------------------------------
  clk_i                     -    (arrival)        1  0.003  0.027   0.000   0.000    9.873  R     -       pd_aon  
  CTS_ccl_a_inv_00012/Y     -    CLKINVX6         3  0.011  0.027   0.047   0.000    9.920  F      0.927  pd_aon  
  CTS_ccl_a_inv_00007/Y     -    CLKINVX6        24  0.014  0.060   0.061   0.000    9.981  R      0.927  pd_aon  
  operand_b_i_sr_reg_21/CK  -    SDFFSRHQX4      24  0.014  0.066   0.000   0.000    9.981  R      0.930  pd_aon  
#---------------------------------------------------------------------------------------------------------------
Path 226: MET (9.225 ns) Setup Check with Pin operand_a_i_sr_reg_4/CK->SI
               View: slow_0p9v_125c_cmax_scan_shift
              Group: reg2reg
         Startpoint: (R) operand_a_i_sr_reg_8/CK
              Clock: (R) clk_i
           Endpoint: (R) operand_a_i_sr_reg_4/SI
              Clock: (R) clk_i

                       Capture       Launch
         Clock Edge:+   10.000        0.000
         Drv Adjust:+    0.009        0.011
        Src Latency:+   -0.137       -0.137
        Net Latency:+    0.107 (P)    0.138 (P)
            Arrival:=    9.980        0.012

              Setup:-    0.242
        Uncertainty:-    0.205
        Cppr Adjust:+    0.032
      Required Time:=    9.566
       Launch Clock:=    0.012
          Data Path:+    0.328
              Slack:=    9.225
     Timing Path:

#--------------------------------------------------------------------------------------------------------------
# Timing Point             Net  Cell        Fanout   Load  Trans   Delay    Incr  Arrival  Edge  User    Power  
#                                                    (pf)   (ns)    (ns)   Delay     (ns)        Derate  Domain  
#--------------------------------------------------------------------------------------------------------------
  clk_i                    -    (arrival)        1  0.004  0.050   0.000   0.000   -0.125  R     -       pd_aon  
  CTS_ccl_a_inv_00012/Y    -    CLKINVX6         3  0.011  0.050   0.067   0.000   -0.058  F      1.030  pd_aon  
  CTS_ccl_a_inv_00009/Y    -    CLKINVX6        20  0.013  0.067   0.071   0.000    0.012  R      1.030  pd_aon  
  operand_a_i_sr_reg_8/Q   -    SDFFSRHQX4      10  0.012  0.065   0.328   0.000    0.341  R      1.079  pd_aon  
  operand_a_i_sr_reg_4/SI  -    SDFFSRHQX4      10  0.012  0.078   0.000   0.000    0.341  R      1.070  pd_aon  
#--------------------------------------------------------------------------------------------------------------
     Other End Path:

#--------------------------------------------------------------------------------------------------------------
# Timing Point             Net  Cell        Fanout   Load  Trans   Delay    Incr  Arrival  Edge  User    Power  
#                                                    (pf)   (ns)    (ns)   Delay     (ns)        Derate  Domain  
#--------------------------------------------------------------------------------------------------------------
  clk_i                    -    (arrival)        1  0.003  0.027   0.000   0.000    9.873  R     -       pd_aon  
  CTS_ccl_a_inv_00012/Y    -    CLKINVX6         3  0.011  0.027   0.047   0.000    9.920  F      0.927  pd_aon  
  CTS_ccl_a_inv_00009/Y    -    CLKINVX6        20  0.013  0.060   0.060   0.000    9.980  R      0.927  pd_aon  
  operand_a_i_sr_reg_4/CK  -    SDFFSRHQX4      20  0.013  0.063   0.000   0.000    9.980  R      0.930  pd_aon  
#--------------------------------------------------------------------------------------------------------------
Path 227: MET (9.225 ns) Setup Check with Pin operand_a_i_sr_reg_28/CK->SI
               View: slow_0p9v_125c_cmax_scan_shift
              Group: reg2reg
         Startpoint: (R) operand_a_i_sr_reg_30/CK
              Clock: (R) clk_i
           Endpoint: (R) operand_a_i_sr_reg_28/SI
              Clock: (R) clk_i

                       Capture       Launch
         Clock Edge:+   10.000        0.000
         Drv Adjust:+    0.009        0.011
        Src Latency:+   -0.137       -0.137
        Net Latency:+    0.109 (P)    0.140 (P)
            Arrival:=    9.982        0.015

              Setup:-    0.238
        Uncertainty:-    0.205
        Cppr Adjust:+    0.033
      Required Time:=    9.572
       Launch Clock:=    0.015
          Data Path:+    0.332
              Slack:=    9.225
     Timing Path:

#---------------------------------------------------------------------------------------------------------------
# Timing Point              Net  Cell        Fanout   Load  Trans   Delay    Incr  Arrival  Edge  User    Power  
#                                                     (pf)   (ns)    (ns)   Delay     (ns)        Derate  Domain  
#---------------------------------------------------------------------------------------------------------------
  clk_i                     -    (arrival)        1  0.004  0.050   0.000   0.000   -0.125  R     -       pd_aon  
  CTS_ccl_a_inv_00012/Y     -    CLKINVX6         3  0.011  0.050   0.067   0.000   -0.058  F      1.030  pd_aon  
  CTS_ccl_a_inv_00008/Y     -    CLKINVX6        21  0.015  0.067   0.073   0.000    0.015  R      1.030  pd_aon  
  operand_a_i_sr_reg_30/Q   -    SDFFSRHQX4      12  0.011  0.069   0.332   0.002    0.347  R      1.079  pd_aon  
  operand_a_i_sr_reg_28/SI  -    SDFFSRHQX4      12  0.011  0.075   0.000   0.000    0.347  R      1.070  pd_aon  
#---------------------------------------------------------------------------------------------------------------
     Other End Path:

#---------------------------------------------------------------------------------------------------------------
# Timing Point              Net  Cell        Fanout   Load  Trans   Delay    Incr  Arrival  Edge  User    Power  
#                                                     (pf)   (ns)    (ns)   Delay     (ns)        Derate  Domain  
#---------------------------------------------------------------------------------------------------------------
  clk_i                     -    (arrival)        1  0.003  0.027   0.000   0.000    9.873  R     -       pd_aon  
  CTS_ccl_a_inv_00012/Y     -    CLKINVX6         3  0.011  0.027   0.047   0.000    9.920  F      0.927  pd_aon  
  CTS_ccl_a_inv_00008/Y     -    CLKINVX6        21  0.015  0.060   0.062   0.000    9.982  R      0.927  pd_aon  
  operand_a_i_sr_reg_28/CK  -    SDFFSRHQX4      21  0.015  0.067   0.000   0.000    9.982  R      0.930  pd_aon  
#---------------------------------------------------------------------------------------------------------------
Path 228: MET (9.227 ns) Setup Check with Pin operand_a_i_sr_reg_13/CK->SI
               View: slow_0p9v_125c_cmax_scan_shift
              Group: reg2reg
         Startpoint: (R) operand_a_i_sr_reg_14/CK
              Clock: (R) clk_i
           Endpoint: (R) operand_a_i_sr_reg_13/SI
              Clock: (R) clk_i

                       Capture       Launch
         Clock Edge:+   10.000        0.000
         Drv Adjust:+    0.009        0.011
        Src Latency:+   -0.137       -0.137
        Net Latency:+    0.107 (P)    0.138 (P)
            Arrival:=    9.980        0.012

              Setup:-    0.241
        Uncertainty:-    0.205
        Cppr Adjust:+    0.032
      Required Time:=    9.567
       Launch Clock:=    0.012
          Data Path:+    0.327
              Slack:=    9.227
     Timing Path:

#---------------------------------------------------------------------------------------------------------------
# Timing Point              Net  Cell        Fanout   Load  Trans   Delay    Incr  Arrival  Edge  User    Power  
#                                                     (pf)   (ns)    (ns)   Delay     (ns)        Derate  Domain  
#---------------------------------------------------------------------------------------------------------------
  clk_i                     -    (arrival)        1  0.004  0.050   0.000   0.000   -0.125  R     -       pd_aon  
  CTS_ccl_a_inv_00012/Y     -    CLKINVX6         3  0.011  0.050   0.067   0.000   -0.058  F      1.030  pd_aon  
  CTS_ccl_a_inv_00009/Y     -    CLKINVX6        20  0.013  0.067   0.071   0.000    0.012  R      1.030  pd_aon  
  operand_a_i_sr_reg_14/Q   -    SDFFSRHQX4       8  0.012  0.065   0.327   0.000    0.340  R      1.079  pd_aon  
  operand_a_i_sr_reg_13/SI  -    SDFFSRHQX4       8  0.012  0.077   0.000   0.000    0.340  R      1.070  pd_aon  
#---------------------------------------------------------------------------------------------------------------
     Other End Path:

#---------------------------------------------------------------------------------------------------------------
# Timing Point              Net  Cell        Fanout   Load  Trans   Delay    Incr  Arrival  Edge  User    Power  
#                                                     (pf)   (ns)    (ns)   Delay     (ns)        Derate  Domain  
#---------------------------------------------------------------------------------------------------------------
  clk_i                     -    (arrival)        1  0.003  0.027   0.000   0.000    9.873  R     -       pd_aon  
  CTS_ccl_a_inv_00012/Y     -    CLKINVX6         3  0.011  0.027   0.047   0.000    9.920  F      0.927  pd_aon  
  CTS_ccl_a_inv_00009/Y     -    CLKINVX6        20  0.013  0.060   0.060   0.000    9.980  R      0.927  pd_aon  
  operand_a_i_sr_reg_13/CK  -    SDFFSRHQX4      20  0.013  0.063   0.000   0.000    9.980  R      0.930  pd_aon  
#---------------------------------------------------------------------------------------------------------------
Path 229: MET (9.227 ns) Setup Check with Pin operand_b_i_sr_reg_31/CK->SI
               View: slow_0p9v_125c_cmax_scan_shift
              Group: reg2reg
         Startpoint: (R) operand_a_i_sr_reg_24/CK
              Clock: (R) clk_i
           Endpoint: (R) operand_b_i_sr_reg_31/SI
              Clock: (R) clk_i

                       Capture       Launch
         Clock Edge:+   10.000        0.000
         Drv Adjust:+    0.009        0.011
        Src Latency:+   -0.137       -0.137
        Net Latency:+    0.109 (P)    0.140 (P)
            Arrival:=    9.982        0.015

              Setup:-    0.238
        Uncertainty:-    0.205
        Cppr Adjust:+    0.033
      Required Time:=    9.571
       Launch Clock:=    0.015
          Data Path:+    0.330
              Slack:=    9.227
     Timing Path:

#---------------------------------------------------------------------------------------------------------------
# Timing Point              Net  Cell        Fanout   Load  Trans   Delay    Incr  Arrival  Edge  User    Power  
#                                                     (pf)   (ns)    (ns)   Delay     (ns)        Derate  Domain  
#---------------------------------------------------------------------------------------------------------------
  clk_i                     -    (arrival)        1  0.004  0.050   0.000   0.000   -0.125  R     -       pd_aon  
  CTS_ccl_a_inv_00012/Y     -    CLKINVX6         3  0.011  0.050   0.067   0.000   -0.058  F      1.030  pd_aon  
  CTS_ccl_a_inv_00008/Y     -    CLKINVX6        21  0.015  0.067   0.073   0.000    0.015  R      1.030  pd_aon  
  operand_a_i_sr_reg_24/Q   -    SDFFSRHQX4      10  0.011  0.069   0.330   0.000    0.344  R      1.079  pd_aon  
  operand_b_i_sr_reg_31/SI  -    SDFFSRHQX4      10  0.011  0.075   0.000   0.000    0.344  R      1.070  pd_aon  
#---------------------------------------------------------------------------------------------------------------
     Other End Path:

#---------------------------------------------------------------------------------------------------------------
# Timing Point              Net  Cell        Fanout   Load  Trans   Delay    Incr  Arrival  Edge  User    Power  
#                                                     (pf)   (ns)    (ns)   Delay     (ns)        Derate  Domain  
#---------------------------------------------------------------------------------------------------------------
  clk_i                     -    (arrival)        1  0.003  0.027   0.000   0.000    9.873  R     -       pd_aon  
  CTS_ccl_a_inv_00012/Y     -    CLKINVX6         3  0.011  0.027   0.047   0.000    9.920  F      0.927  pd_aon  
  CTS_ccl_a_inv_00008/Y     -    CLKINVX6        21  0.015  0.060   0.062   0.000    9.982  R      0.927  pd_aon  
  operand_b_i_sr_reg_31/CK  -    SDFFSRHQX4      21  0.015  0.067   0.000   0.000    9.982  R      0.930  pd_aon  
#---------------------------------------------------------------------------------------------------------------
Path 230: MET (9.228 ns) Setup Check with Pin operand_b_i_sr_reg_17/CK->SI
               View: slow_0p9v_125c_cmax_scan_shift
              Group: reg2reg
         Startpoint: (R) operand_b_i_sr_reg_8/CK
              Clock: (R) clk_i
           Endpoint: (R) operand_b_i_sr_reg_17/SI
              Clock: (R) clk_i

                       Capture       Launch
         Clock Edge:+   10.000        0.000
         Drv Adjust:+    0.009        0.011
        Src Latency:+   -0.137       -0.137
        Net Latency:+    0.109 (P)    0.140 (P)
            Arrival:=    9.981        0.014

              Setup:-    0.239
        Uncertainty:-    0.205
        Cppr Adjust:+    0.033
      Required Time:=    9.570
       Launch Clock:=    0.014
          Data Path:+    0.328
              Slack:=    9.228
     Timing Path:

#---------------------------------------------------------------------------------------------------------------
# Timing Point              Net  Cell        Fanout   Load  Trans   Delay    Incr  Arrival  Edge  User    Power  
#                                                     (pf)   (ns)    (ns)   Delay     (ns)        Derate  Domain  
#---------------------------------------------------------------------------------------------------------------
  clk_i                     -    (arrival)        1  0.004  0.050   0.000   0.000   -0.125  R     -       pd_aon  
  CTS_ccl_a_inv_00012/Y     -    CLKINVX6         3  0.011  0.050   0.067   0.000   -0.058  F      1.030  pd_aon  
  CTS_ccl_a_inv_00007/Y     -    CLKINVX6        24  0.014  0.067   0.072   0.000    0.014  R      1.030  pd_aon  
  operand_b_i_sr_reg_8/Q    -    SDFFSRHQX4      10  0.011  0.068   0.328   0.000    0.342  R      1.079  pd_aon  
  operand_b_i_sr_reg_17/SI  -    SDFFSRHQX4      10  0.011  0.075   0.000   0.000    0.342  R      1.070  pd_aon  
#---------------------------------------------------------------------------------------------------------------
     Other End Path:

#---------------------------------------------------------------------------------------------------------------
# Timing Point              Net  Cell        Fanout   Load  Trans   Delay    Incr  Arrival  Edge  User    Power  
#                                                     (pf)   (ns)    (ns)   Delay     (ns)        Derate  Domain  
#---------------------------------------------------------------------------------------------------------------
  clk_i                     -    (arrival)        1  0.003  0.027   0.000   0.000    9.873  R     -       pd_aon  
  CTS_ccl_a_inv_00012/Y     -    CLKINVX6         3  0.011  0.027   0.047   0.000    9.920  F      0.927  pd_aon  
  CTS_ccl_a_inv_00007/Y     -    CLKINVX6        24  0.014  0.060   0.061   0.000    9.981  R      0.927  pd_aon  
  operand_b_i_sr_reg_17/CK  -    SDFFSRHQX4      24  0.014  0.066   0.000   0.000    9.981  R      0.930  pd_aon  
#---------------------------------------------------------------------------------------------------------------
Path 231: MET (9.230 ns) Setup Check with Pin operand_b_i_sr_reg_16/CK->SI
               View: slow_0p9v_125c_cmax_scan_shift
              Group: reg2reg
         Startpoint: (R) operand_b_i_sr_reg_17/CK
              Clock: (R) clk_i
           Endpoint: (R) operand_b_i_sr_reg_16/SI
              Clock: (R) clk_i

                       Capture       Launch
         Clock Edge:+   10.000        0.000
         Drv Adjust:+    0.009        0.011
        Src Latency:+   -0.137       -0.137
        Net Latency:+    0.109 (P)    0.140 (P)
            Arrival:=    9.981        0.014

              Setup:-    0.238
        Uncertainty:-    0.205
        Cppr Adjust:+    0.033
      Required Time:=    9.571
       Launch Clock:=    0.014
          Data Path:+    0.327
              Slack:=    9.230
     Timing Path:

#---------------------------------------------------------------------------------------------------------------
# Timing Point              Net  Cell        Fanout   Load  Trans   Delay    Incr  Arrival  Edge  User    Power  
#                                                     (pf)   (ns)    (ns)   Delay     (ns)        Derate  Domain  
#---------------------------------------------------------------------------------------------------------------
  clk_i                     -    (arrival)        1  0.004  0.050   0.000   0.000   -0.125  R     -       pd_aon  
  CTS_ccl_a_inv_00012/Y     -    CLKINVX6         3  0.011  0.050   0.067   0.000   -0.058  F      1.030  pd_aon  
  CTS_ccl_a_inv_00007/Y     -    CLKINVX6        24  0.014  0.067   0.072   0.000    0.014  R      1.030  pd_aon  
  operand_b_i_sr_reg_17/Q   -    SDFFSRHQX4       8  0.011  0.068   0.327   0.000    0.341  R      1.079  pd_aon  
  operand_b_i_sr_reg_16/SI  -    SDFFSRHQX4       8  0.011  0.073   0.000   0.000    0.341  R      1.070  pd_aon  
#---------------------------------------------------------------------------------------------------------------
     Other End Path:

#---------------------------------------------------------------------------------------------------------------
# Timing Point              Net  Cell        Fanout   Load  Trans   Delay    Incr  Arrival  Edge  User    Power  
#                                                     (pf)   (ns)    (ns)   Delay     (ns)        Derate  Domain  
#---------------------------------------------------------------------------------------------------------------
  clk_i                     -    (arrival)        1  0.003  0.027   0.000   0.000    9.873  R     -       pd_aon  
  CTS_ccl_a_inv_00012/Y     -    CLKINVX6         3  0.011  0.027   0.047   0.000    9.920  F      0.927  pd_aon  
  CTS_ccl_a_inv_00007/Y     -    CLKINVX6        24  0.014  0.060   0.061   0.000    9.981  R      0.927  pd_aon  
  operand_b_i_sr_reg_16/CK  -    SDFFSRHQX4      24  0.014  0.066   0.000   0.000    9.981  R      0.930  pd_aon  
#---------------------------------------------------------------------------------------------------------------
Path 232: MET (9.231 ns) Setup Check with Pin operand_b_i_sr_reg_9/CK->SI
               View: slow_0p9v_125c_cmax_scan_shift
              Group: reg2reg
         Startpoint: (R) operand_b_i_sr_reg_10/CK
              Clock: (R) clk_i
           Endpoint: (R) operand_b_i_sr_reg_9/SI
              Clock: (R) clk_i

                       Capture       Launch
         Clock Edge:+   10.000        0.000
         Drv Adjust:+    0.009        0.011
        Src Latency:+   -0.137       -0.137
        Net Latency:+    0.109 (P)    0.139 (P)
            Arrival:=    9.981        0.014

              Setup:-    0.238
        Uncertainty:-    0.205
        Cppr Adjust:+    0.033
      Required Time:=    9.571
       Launch Clock:=    0.014
          Data Path:+    0.327
              Slack:=    9.231
     Timing Path:

#--------------------------------------------------------------------------------------------------------------
# Timing Point             Net  Cell        Fanout   Load  Trans   Delay    Incr  Arrival  Edge  User    Power  
#                                                    (pf)   (ns)    (ns)   Delay     (ns)        Derate  Domain  
#--------------------------------------------------------------------------------------------------------------
  clk_i                    -    (arrival)        1  0.004  0.050   0.000   0.000   -0.125  R     -       pd_aon  
  CTS_ccl_a_inv_00012/Y    -    CLKINVX6         3  0.011  0.050   0.067   0.000   -0.058  F      1.030  pd_aon  
  CTS_ccl_a_inv_00007/Y    -    CLKINVX6        24  0.014  0.067   0.072   0.000    0.014  R      1.030  pd_aon  
  operand_b_i_sr_reg_10/Q  -    SDFFSRHQX4       6  0.011  0.068   0.327   0.000    0.341  R      1.079  pd_aon  
  operand_b_i_sr_reg_9/SI  -    SDFFSRHQX4       6  0.011  0.072   0.000   0.000    0.341  R      1.070  pd_aon  
#--------------------------------------------------------------------------------------------------------------
     Other End Path:

#--------------------------------------------------------------------------------------------------------------
# Timing Point             Net  Cell        Fanout   Load  Trans   Delay    Incr  Arrival  Edge  User    Power  
#                                                    (pf)   (ns)    (ns)   Delay     (ns)        Derate  Domain  
#--------------------------------------------------------------------------------------------------------------
  clk_i                    -    (arrival)        1  0.003  0.027   0.000   0.000    9.873  R     -       pd_aon  
  CTS_ccl_a_inv_00012/Y    -    CLKINVX6         3  0.011  0.027   0.047   0.000    9.920  F      0.927  pd_aon  
  CTS_ccl_a_inv_00007/Y    -    CLKINVX6        24  0.014  0.060   0.061   0.000    9.981  R      0.927  pd_aon  
  operand_b_i_sr_reg_9/CK  -    SDFFSRHQX4      24  0.014  0.066   0.000   0.000    9.981  R      0.930  pd_aon  
#--------------------------------------------------------------------------------------------------------------
Path 233: MET (9.231 ns) Setup Check with Pin operand_a_i_sr_reg_27/CK->SI
               View: slow_0p9v_125c_cmax_scan_shift
              Group: reg2reg
         Startpoint: (R) operand_a_i_sr_reg_28/CK
              Clock: (R) clk_i
           Endpoint: (R) operand_a_i_sr_reg_27/SI
              Clock: (R) clk_i

                       Capture       Launch
         Clock Edge:+   10.000        0.000
         Drv Adjust:+    0.009        0.011
        Src Latency:+   -0.137       -0.137
        Net Latency:+    0.107 (P)    0.140 (P)
            Arrival:=    9.980        0.015

              Setup:-    0.228
        Uncertainty:-    0.205
        Cppr Adjust:+    0.021
      Required Time:=    9.568
       Launch Clock:=    0.015
          Data Path:+    0.322
              Slack:=    9.231
     Timing Path:

#---------------------------------------------------------------------------------------------------------------
# Timing Point              Net  Cell        Fanout   Load  Trans   Delay    Incr  Arrival  Edge  User    Power  
#                                                     (pf)   (ns)    (ns)   Delay     (ns)        Derate  Domain  
#---------------------------------------------------------------------------------------------------------------
  clk_i                     -    (arrival)        1  0.004  0.050   0.000   0.000   -0.125  R     -       pd_aon  
  CTS_ccl_a_inv_00012/Y     -    CLKINVX6         3  0.011  0.050   0.067   0.000   -0.058  F      1.030  pd_aon  
  CTS_ccl_a_inv_00008/Y     -    CLKINVX6        21  0.015  0.067   0.073   0.000    0.015  R      1.030  pd_aon  
  operand_a_i_sr_reg_28/Q   -    SDFFSRHQX4       7  0.009  0.069   0.322   0.000    0.337  R      1.079  pd_aon  
  operand_a_i_sr_reg_27/SI  -    SDFFSRHQX1       7  0.009  0.063   0.000   0.000    0.337  R      1.070  pd_aon  
#---------------------------------------------------------------------------------------------------------------
     Other End Path:

#---------------------------------------------------------------------------------------------------------------
# Timing Point              Net  Cell        Fanout   Load  Trans   Delay    Incr  Arrival  Edge  User    Power  
#                                                     (pf)   (ns)    (ns)   Delay     (ns)        Derate  Domain  
#---------------------------------------------------------------------------------------------------------------
  clk_i                     -    (arrival)        1  0.003  0.027   0.000   0.000    9.873  R     -       pd_aon  
  CTS_ccl_a_inv_00012/Y     -    CLKINVX6         3  0.011  0.027   0.047   0.000    9.920  F      0.927  pd_aon  
  CTS_ccl_a_inv_00009/Y     -    CLKINVX6        20  0.013  0.060   0.060   0.000    9.980  R      0.927  pd_aon  
  operand_a_i_sr_reg_27/CK  -    SDFFSRHQX1      20  0.013  0.063   0.000   0.000    9.980  R      0.930  pd_aon  
#---------------------------------------------------------------------------------------------------------------
Path 234: MET (9.231 ns) Setup Check with Pin operand_b_i_sr_reg_19/CK->SI
               View: slow_0p9v_125c_cmax_scan_shift
              Group: reg2reg
         Startpoint: (R) operand_b_i_sr_reg_18/CK
              Clock: (R) clk_i
           Endpoint: (R) operand_b_i_sr_reg_19/SI
              Clock: (R) clk_i

                       Capture       Launch
         Clock Edge:+   10.000        0.000
         Drv Adjust:+    0.009        0.011
        Src Latency:+   -0.137       -0.137
        Net Latency:+    0.109 (P)    0.139 (P)
            Arrival:=    9.981        0.014

              Setup:-    0.237
        Uncertainty:-    0.205
        Cppr Adjust:+    0.033
      Required Time:=    9.572
       Launch Clock:=    0.014
          Data Path:+    0.326
              Slack:=    9.231
     Timing Path:

#---------------------------------------------------------------------------------------------------------------
# Timing Point              Net  Cell        Fanout   Load  Trans   Delay    Incr  Arrival  Edge  User    Power  
#                                                     (pf)   (ns)    (ns)   Delay     (ns)        Derate  Domain  
#---------------------------------------------------------------------------------------------------------------
  clk_i                     -    (arrival)        1  0.004  0.050   0.000   0.000   -0.125  R     -       pd_aon  
  CTS_ccl_a_inv_00012/Y     -    CLKINVX6         3  0.011  0.050   0.067   0.000   -0.058  F      1.030  pd_aon  
  CTS_ccl_a_inv_00007/Y     -    CLKINVX6        24  0.014  0.067   0.072   0.000    0.014  R      1.030  pd_aon  
  operand_b_i_sr_reg_18/Q   -    SDFFSRHQX4       6  0.011  0.068   0.326   0.000    0.340  R      1.079  pd_aon  
  operand_b_i_sr_reg_19/SI  -    SDFFSRHQX4       6  0.011  0.072   0.000   0.000    0.340  R      1.070  pd_aon  
#---------------------------------------------------------------------------------------------------------------
     Other End Path:

#---------------------------------------------------------------------------------------------------------------
# Timing Point              Net  Cell        Fanout   Load  Trans   Delay    Incr  Arrival  Edge  User    Power  
#                                                     (pf)   (ns)    (ns)   Delay     (ns)        Derate  Domain  
#---------------------------------------------------------------------------------------------------------------
  clk_i                     -    (arrival)        1  0.003  0.027   0.000   0.000    9.873  R     -       pd_aon  
  CTS_ccl_a_inv_00012/Y     -    CLKINVX6         3  0.011  0.027   0.047   0.000    9.920  F      0.927  pd_aon  
  CTS_ccl_a_inv_00007/Y     -    CLKINVX6        24  0.014  0.060   0.061   0.000    9.981  R      0.927  pd_aon  
  operand_b_i_sr_reg_19/CK  -    SDFFSRHQX4      24  0.014  0.066   0.000   0.000    9.981  R      0.930  pd_aon  
#---------------------------------------------------------------------------------------------------------------
Path 235: MET (9.231 ns) Setup Check with Pin operand_b_i_sr_reg_5/CK->SI
               View: slow_0p9v_125c_cmax_scan_shift
              Group: reg2reg
         Startpoint: (R) operand_b_i_sr_reg_16/CK
              Clock: (R) clk_i
           Endpoint: (R) operand_b_i_sr_reg_5/SI
              Clock: (R) clk_i

                       Capture       Launch
         Clock Edge:+   10.000        0.000
         Drv Adjust:+    0.009        0.011
        Src Latency:+   -0.137       -0.137
        Net Latency:+    0.109 (P)    0.140 (P)
            Arrival:=    9.981        0.014

              Setup:-    0.237
        Uncertainty:-    0.205
        Cppr Adjust:+    0.033
      Required Time:=    9.572
       Launch Clock:=    0.014
          Data Path:+    0.326
              Slack:=    9.231
     Timing Path:

#--------------------------------------------------------------------------------------------------------------
# Timing Point             Net  Cell        Fanout   Load  Trans   Delay    Incr  Arrival  Edge  User    Power  
#                                                    (pf)   (ns)    (ns)   Delay     (ns)        Derate  Domain  
#--------------------------------------------------------------------------------------------------------------
  clk_i                    -    (arrival)        1  0.004  0.050   0.000   0.000   -0.125  R     -       pd_aon  
  CTS_ccl_a_inv_00012/Y    -    CLKINVX6         3  0.011  0.050   0.067   0.000   -0.058  F      1.030  pd_aon  
  CTS_ccl_a_inv_00007/Y    -    CLKINVX6        24  0.014  0.067   0.072   0.000    0.014  R      1.030  pd_aon  
  operand_b_i_sr_reg_16/Q  -    SDFFSRHQX4      10  0.011  0.068   0.326   0.000    0.340  R      1.079  pd_aon  
  operand_b_i_sr_reg_5/SI  -    SDFFSRHQX4      10  0.011  0.072   0.000   0.000    0.340  R      1.070  pd_aon  
#--------------------------------------------------------------------------------------------------------------
     Other End Path:

#--------------------------------------------------------------------------------------------------------------
# Timing Point             Net  Cell        Fanout   Load  Trans   Delay    Incr  Arrival  Edge  User    Power  
#                                                    (pf)   (ns)    (ns)   Delay     (ns)        Derate  Domain  
#--------------------------------------------------------------------------------------------------------------
  clk_i                    -    (arrival)        1  0.003  0.027   0.000   0.000    9.873  R     -       pd_aon  
  CTS_ccl_a_inv_00012/Y    -    CLKINVX6         3  0.011  0.027   0.047   0.000    9.920  F      0.927  pd_aon  
  CTS_ccl_a_inv_00007/Y    -    CLKINVX6        24  0.014  0.060   0.061   0.000    9.981  R      0.927  pd_aon  
  operand_b_i_sr_reg_5/CK  -    SDFFSRHQX4      24  0.014  0.066   0.000   0.000    9.981  R      0.930  pd_aon  
#--------------------------------------------------------------------------------------------------------------
Path 236: MET (9.232 ns) Setup Check with Pin operand_a_i_sr_reg_5/CK->SI
               View: slow_0p9v_125c_cmax_scan_shift
              Group: reg2reg
         Startpoint: (R) operand_b_i_sr_reg_28/CK
              Clock: (R) clk_i
           Endpoint: (R) operand_a_i_sr_reg_5/SI
              Clock: (R) clk_i

                       Capture       Launch
         Clock Edge:+   10.000        0.000
         Drv Adjust:+    0.009        0.011
        Src Latency:+   -0.137       -0.137
        Net Latency:+    0.107 (P)    0.138 (P)
            Arrival:=    9.980        0.012

              Setup:-    0.239
        Uncertainty:-    0.205
        Cppr Adjust:+    0.032
      Required Time:=    9.569
       Launch Clock:=    0.012
          Data Path:+    0.325
              Slack:=    9.232
     Timing Path:

#--------------------------------------------------------------------------------------------------------------
# Timing Point             Net  Cell        Fanout   Load  Trans   Delay    Incr  Arrival  Edge  User    Power  
#                                                    (pf)   (ns)    (ns)   Delay     (ns)        Derate  Domain  
#--------------------------------------------------------------------------------------------------------------
  clk_i                    -    (arrival)        1  0.004  0.050   0.000   0.000   -0.125  R     -       pd_aon  
  CTS_ccl_a_inv_00012/Y    -    CLKINVX6         3  0.011  0.050   0.067   0.000   -0.058  F      1.030  pd_aon  
  CTS_ccl_a_inv_00009/Y    -    CLKINVX6        20  0.013  0.067   0.071   0.000    0.012  R      1.030  pd_aon  
  operand_b_i_sr_reg_28/Q  -    SDFFSRHQX4      10  0.011  0.065   0.325   0.000    0.337  R      1.079  pd_aon  
  operand_a_i_sr_reg_5/SI  -    SDFFSRHQX4      10  0.011  0.072   0.000   0.000    0.337  R      1.070  pd_aon  
#--------------------------------------------------------------------------------------------------------------
     Other End Path:

#--------------------------------------------------------------------------------------------------------------
# Timing Point             Net  Cell        Fanout   Load  Trans   Delay    Incr  Arrival  Edge  User    Power  
#                                                    (pf)   (ns)    (ns)   Delay     (ns)        Derate  Domain  
#--------------------------------------------------------------------------------------------------------------
  clk_i                    -    (arrival)        1  0.003  0.027   0.000   0.000    9.873  R     -       pd_aon  
  CTS_ccl_a_inv_00012/Y    -    CLKINVX6         3  0.011  0.027   0.047   0.000    9.920  F      0.927  pd_aon  
  CTS_ccl_a_inv_00009/Y    -    CLKINVX6        20  0.013  0.060   0.060   0.000    9.980  R      0.927  pd_aon  
  operand_a_i_sr_reg_5/CK  -    SDFFSRHQX4      20  0.013  0.063   0.000   0.000    9.980  R      0.930  pd_aon  
#--------------------------------------------------------------------------------------------------------------
Path 237: MET (9.235 ns) Setup Check with Pin operand_b_i_sr_reg_20/CK->SI
               View: slow_0p9v_125c_cmax_scan_shift
              Group: reg2reg
         Startpoint: (R) operand_b_i_sr_reg_23/CK
              Clock: (R) clk_i
           Endpoint: (R) operand_b_i_sr_reg_20/SI
              Clock: (R) clk_i

                       Capture       Launch
         Clock Edge:+   10.000        0.000
         Drv Adjust:+    0.009        0.011
        Src Latency:+   -0.137       -0.137
        Net Latency:+    0.109 (P)    0.140 (P)
            Arrival:=    9.981        0.014

              Setup:-    0.235
        Uncertainty:-    0.205
        Cppr Adjust:+    0.033
      Required Time:=    9.574
       Launch Clock:=    0.014
          Data Path:+    0.324
              Slack:=    9.235
     Timing Path:

#---------------------------------------------------------------------------------------------------------------
# Timing Point              Net  Cell        Fanout   Load  Trans   Delay    Incr  Arrival  Edge  User    Power  
#                                                     (pf)   (ns)    (ns)   Delay     (ns)        Derate  Domain  
#---------------------------------------------------------------------------------------------------------------
  clk_i                     -    (arrival)        1  0.004  0.050   0.000   0.000   -0.125  R     -       pd_aon  
  CTS_ccl_a_inv_00012/Y     -    CLKINVX6         3  0.011  0.050   0.067   0.000   -0.058  F      1.030  pd_aon  
  CTS_ccl_a_inv_00007/Y     -    CLKINVX6        24  0.014  0.067   0.072   0.000    0.014  R      1.030  pd_aon  
  operand_b_i_sr_reg_23/Q   -    SDFFSRHQX4      12  0.010  0.068   0.324   0.000    0.338  R      1.079  pd_aon  
  operand_b_i_sr_reg_20/SI  -    SDFFSRHQX4      12  0.010  0.068   0.000   0.000    0.338  R      1.070  pd_aon  
#---------------------------------------------------------------------------------------------------------------
     Other End Path:

#---------------------------------------------------------------------------------------------------------------
# Timing Point              Net  Cell        Fanout   Load  Trans   Delay    Incr  Arrival  Edge  User    Power  
#                                                     (pf)   (ns)    (ns)   Delay     (ns)        Derate  Domain  
#---------------------------------------------------------------------------------------------------------------
  clk_i                     -    (arrival)        1  0.003  0.027   0.000   0.000    9.873  R     -       pd_aon  
  CTS_ccl_a_inv_00012/Y     -    CLKINVX6         3  0.011  0.027   0.047   0.000    9.920  F      0.927  pd_aon  
  CTS_ccl_a_inv_00007/Y     -    CLKINVX6        24  0.014  0.060   0.061   0.000    9.981  R      0.927  pd_aon  
  operand_b_i_sr_reg_20/CK  -    SDFFSRHQX4      24  0.014  0.066   0.000   0.000    9.981  R      0.930  pd_aon  
#---------------------------------------------------------------------------------------------------------------
Path 238: MET (9.237 ns) Setup Check with Pin operand_a_i_sr_reg_8/CK->SI
               View: slow_0p9v_125c_cmax_scan_shift
              Group: reg2reg
         Startpoint: (R) operand_a_i_sr_reg_9/CK
              Clock: (R) clk_i
           Endpoint: (R) operand_a_i_sr_reg_8/SI
              Clock: (R) clk_i

                       Capture       Launch
         Clock Edge:+   10.000        0.000
         Drv Adjust:+    0.009        0.011
        Src Latency:+   -0.137       -0.137
        Net Latency:+    0.107 (P)    0.138 (P)
            Arrival:=    9.980        0.012

              Setup:-    0.235
        Uncertainty:-    0.205
        Cppr Adjust:+    0.032
      Required Time:=    9.572
       Launch Clock:=    0.012
          Data Path:+    0.323
              Slack:=    9.237
     Timing Path:

#--------------------------------------------------------------------------------------------------------------
# Timing Point             Net  Cell        Fanout   Load  Trans   Delay    Incr  Arrival  Edge  User    Power  
#                                                    (pf)   (ns)    (ns)   Delay     (ns)        Derate  Domain  
#--------------------------------------------------------------------------------------------------------------
  clk_i                    -    (arrival)        1  0.004  0.050   0.000   0.000   -0.125  R     -       pd_aon  
  CTS_ccl_a_inv_00012/Y    -    CLKINVX6         3  0.011  0.050   0.067   0.000   -0.058  F      1.030  pd_aon  
  CTS_ccl_a_inv_00009/Y    -    CLKINVX6        20  0.013  0.067   0.071   0.000    0.012  R      1.030  pd_aon  
  operand_a_i_sr_reg_9/Q   -    SDFFSRHQX4       6  0.009  0.065   0.323   0.002    0.335  R      1.079  pd_aon  
  operand_a_i_sr_reg_8/SI  -    SDFFSRHQX4       6  0.009  0.065   0.000   0.000    0.335  R      1.070  pd_aon  
#--------------------------------------------------------------------------------------------------------------
     Other End Path:

#--------------------------------------------------------------------------------------------------------------
# Timing Point             Net  Cell        Fanout   Load  Trans   Delay    Incr  Arrival  Edge  User    Power  
#                                                    (pf)   (ns)    (ns)   Delay     (ns)        Derate  Domain  
#--------------------------------------------------------------------------------------------------------------
  clk_i                    -    (arrival)        1  0.003  0.027   0.000   0.000    9.873  R     -       pd_aon  
  CTS_ccl_a_inv_00012/Y    -    CLKINVX6         3  0.011  0.027   0.047   0.000    9.920  F      0.927  pd_aon  
  CTS_ccl_a_inv_00009/Y    -    CLKINVX6        20  0.013  0.060   0.060   0.000    9.980  R      0.927  pd_aon  
  operand_a_i_sr_reg_8/CK  -    SDFFSRHQX4      20  0.013  0.063   0.000   0.000    9.980  R      0.930  pd_aon  
#--------------------------------------------------------------------------------------------------------------
Path 239: MET (9.238 ns) Setup Check with Pin operand_b_i_sr_reg_1/CK->SI
               View: slow_0p9v_125c_cmax_scan_shift
              Group: reg2reg
         Startpoint: (R) operand_b_i_sr_reg_0/CK
              Clock: (R) clk_i
           Endpoint: (R) operand_b_i_sr_reg_1/SI
              Clock: (R) clk_i

                       Capture       Launch
         Clock Edge:+   10.000        0.000
         Drv Adjust:+    0.009        0.011
        Src Latency:+   -0.137       -0.137
        Net Latency:+    0.109 (P)    0.140 (P)
            Arrival:=    9.981        0.014

              Setup:-    0.233
        Uncertainty:-    0.205
        Cppr Adjust:+    0.033
      Required Time:=    9.576
       Launch Clock:=    0.014
          Data Path:+    0.323
              Slack:=    9.238
     Timing Path:

#--------------------------------------------------------------------------------------------------------------
# Timing Point             Net  Cell        Fanout   Load  Trans   Delay    Incr  Arrival  Edge  User    Power  
#                                                    (pf)   (ns)    (ns)   Delay     (ns)        Derate  Domain  
#--------------------------------------------------------------------------------------------------------------
  clk_i                    -    (arrival)        1  0.004  0.050   0.000   0.000   -0.125  R     -       pd_aon  
  CTS_ccl_a_inv_00012/Y    -    CLKINVX6         3  0.011  0.050   0.067   0.000   -0.058  F      1.030  pd_aon  
  CTS_ccl_a_inv_00007/Y    -    CLKINVX6        24  0.014  0.067   0.072   0.000    0.014  R      1.030  pd_aon  
  operand_b_i_sr_reg_0/Q   -    SDFFSRHQX4      10  0.010  0.068   0.323   0.000    0.337  R      1.079  pd_aon  
  operand_b_i_sr_reg_1/SI  -    SDFFSRHQX2      10  0.010  0.067   0.000   0.000    0.337  R      1.070  pd_aon  
#--------------------------------------------------------------------------------------------------------------
     Other End Path:

#--------------------------------------------------------------------------------------------------------------
# Timing Point             Net  Cell        Fanout   Load  Trans   Delay    Incr  Arrival  Edge  User    Power  
#                                                    (pf)   (ns)    (ns)   Delay     (ns)        Derate  Domain  
#--------------------------------------------------------------------------------------------------------------
  clk_i                    -    (arrival)        1  0.003  0.027   0.000   0.000    9.873  R     -       pd_aon  
  CTS_ccl_a_inv_00012/Y    -    CLKINVX6         3  0.011  0.027   0.047   0.000    9.920  F      0.927  pd_aon  
  CTS_ccl_a_inv_00007/Y    -    CLKINVX6        24  0.014  0.060   0.061   0.000    9.981  R      0.927  pd_aon  
  operand_b_i_sr_reg_1/CK  -    SDFFSRHQX2      24  0.014  0.066   0.000   0.000    9.981  R      0.930  pd_aon  
#--------------------------------------------------------------------------------------------------------------
Path 240: MET (9.238 ns) Setup Check with Pin operand_b_i_sr_reg_25/CK->SI
               View: slow_0p9v_125c_cmax_scan_shift
              Group: reg2reg
         Startpoint: (R) operand_b_i_sr_reg_24/CK
              Clock: (R) clk_i
           Endpoint: (R) operand_b_i_sr_reg_25/SI
              Clock: (R) clk_i

                       Capture       Launch
         Clock Edge:+   10.000        0.000
         Drv Adjust:+    0.009        0.011
        Src Latency:+   -0.137       -0.137
        Net Latency:+    0.109 (P)    0.139 (P)
            Arrival:=    9.981        0.014

              Setup:-    0.234
        Uncertainty:-    0.205
        Cppr Adjust:+    0.033
      Required Time:=    9.575
       Launch Clock:=    0.014
          Data Path:+    0.323
              Slack:=    9.238
     Timing Path:

#---------------------------------------------------------------------------------------------------------------
# Timing Point              Net  Cell        Fanout   Load  Trans   Delay    Incr  Arrival  Edge  User    Power  
#                                                     (pf)   (ns)    (ns)   Delay     (ns)        Derate  Domain  
#---------------------------------------------------------------------------------------------------------------
  clk_i                     -    (arrival)        1  0.004  0.050   0.000   0.000   -0.125  R     -       pd_aon  
  CTS_ccl_a_inv_00012/Y     -    CLKINVX6         3  0.011  0.050   0.067   0.000   -0.058  F      1.030  pd_aon  
  CTS_ccl_a_inv_00007/Y     -    CLKINVX6        24  0.014  0.067   0.072   0.000    0.014  R      1.030  pd_aon  
  operand_b_i_sr_reg_24/Q   -    SDFFSRHQX4      10  0.009  0.068   0.323   0.000    0.337  R      1.079  pd_aon  
  operand_b_i_sr_reg_25/SI  -    SDFFSRHQX4      10  0.009  0.066   0.000   0.000    0.337  R      1.070  pd_aon  
#---------------------------------------------------------------------------------------------------------------
     Other End Path:

#---------------------------------------------------------------------------------------------------------------
# Timing Point              Net  Cell        Fanout   Load  Trans   Delay    Incr  Arrival  Edge  User    Power  
#                                                     (pf)   (ns)    (ns)   Delay     (ns)        Derate  Domain  
#---------------------------------------------------------------------------------------------------------------
  clk_i                     -    (arrival)        1  0.003  0.027   0.000   0.000    9.873  R     -       pd_aon  
  CTS_ccl_a_inv_00012/Y     -    CLKINVX6         3  0.011  0.027   0.047   0.000    9.920  F      0.927  pd_aon  
  CTS_ccl_a_inv_00007/Y     -    CLKINVX6        24  0.014  0.060   0.061   0.000    9.981  R      0.927  pd_aon  
  operand_b_i_sr_reg_25/CK  -    SDFFSRHQX4      24  0.014  0.066   0.000   0.000    9.981  R      0.930  pd_aon  
#---------------------------------------------------------------------------------------------------------------
Path 241: MET (9.239 ns) Setup Check with Pin operand_b_i_sr_reg_7/CK->SI
               View: slow_0p9v_125c_cmax_scan_shift
              Group: reg2reg
         Startpoint: (R) operand_b_i_sr_reg_6/CK
              Clock: (R) clk_i
           Endpoint: (R) operand_b_i_sr_reg_7/SI
              Clock: (R) clk_i

                       Capture       Launch
         Clock Edge:+   10.000        0.000
         Drv Adjust:+    0.009        0.011
        Src Latency:+   -0.137       -0.137
        Net Latency:+    0.109 (P)    0.140 (P)
            Arrival:=    9.981        0.014

              Setup:-    0.183
        Uncertainty:-    0.205
        Cppr Adjust:+    0.033
      Required Time:=    9.626
       Launch Clock:=    0.014
          Data Path:+    0.373
              Slack:=    9.239
     Timing Path:

#-------------------------------------------------------------------------------------------------------------
# Timing Point             Net  Cell       Fanout   Load  Trans   Delay    Incr  Arrival  Edge  User    Power  
#                                                   (pf)   (ns)    (ns)   Delay     (ns)        Derate  Domain  
#-------------------------------------------------------------------------------------------------------------
  clk_i                    -    (arrival)       1  0.004  0.050   0.000   0.000   -0.125  R     -       pd_aon  
  CTS_ccl_a_inv_00012/Y    -    CLKINVX6        3  0.011  0.050   0.067   0.000   -0.058  F      1.030  pd_aon  
  CTS_ccl_a_inv_00007/Y    -    CLKINVX6       24  0.014  0.067   0.072   0.000    0.014  R      1.030  pd_aon  
  operand_b_i_sr_reg_6/QN  -    SDFFSRX2        1  0.001  0.068   0.373   0.000    0.387  R      1.079  pd_aon  
  operand_b_i_sr_reg_7/SI  -    SDFFRHQX1       1  0.001  0.026   0.000   0.000    0.387  R      1.070  pd_aon  
#-------------------------------------------------------------------------------------------------------------
     Other End Path:

#-------------------------------------------------------------------------------------------------------------
# Timing Point             Net  Cell       Fanout   Load  Trans   Delay    Incr  Arrival  Edge  User    Power  
#                                                   (pf)   (ns)    (ns)   Delay     (ns)        Derate  Domain  
#-------------------------------------------------------------------------------------------------------------
  clk_i                    -    (arrival)       1  0.003  0.027   0.000   0.000    9.873  R     -       pd_aon  
  CTS_ccl_a_inv_00012/Y    -    CLKINVX6        3  0.011  0.027   0.047   0.000    9.920  F      0.927  pd_aon  
  CTS_ccl_a_inv_00007/Y    -    CLKINVX6       24  0.014  0.060   0.061   0.000    9.981  R      0.927  pd_aon  
  operand_b_i_sr_reg_7/CK  -    SDFFRHQX1      24  0.014  0.066   0.000   0.000    9.981  R      0.930  pd_aon  
#-------------------------------------------------------------------------------------------------------------
Path 242: MET (9.242 ns) Setup Check with Pin operand_b_i_sr_reg_18/CK->SI
               View: slow_0p9v_125c_cmax_scan_shift
              Group: reg2reg
         Startpoint: (R) operand_b_i_sr_reg_20/CK
              Clock: (R) clk_i
           Endpoint: (R) operand_b_i_sr_reg_18/SI
              Clock: (R) clk_i

                       Capture       Launch
         Clock Edge:+   10.000        0.000
         Drv Adjust:+    0.009        0.011
        Src Latency:+   -0.137       -0.137
        Net Latency:+    0.109 (P)    0.140 (P)
            Arrival:=    9.981        0.014

              Setup:-    0.232
        Uncertainty:-    0.205
        Cppr Adjust:+    0.033
      Required Time:=    9.577
       Launch Clock:=    0.014
          Data Path:+    0.321
              Slack:=    9.242
     Timing Path:

#---------------------------------------------------------------------------------------------------------------
# Timing Point              Net  Cell        Fanout   Load  Trans   Delay    Incr  Arrival  Edge  User    Power  
#                                                     (pf)   (ns)    (ns)   Delay     (ns)        Derate  Domain  
#---------------------------------------------------------------------------------------------------------------
  clk_i                     -    (arrival)        1  0.004  0.050   0.000   0.000   -0.125  R     -       pd_aon  
  CTS_ccl_a_inv_00012/Y     -    CLKINVX6         3  0.011  0.050   0.067   0.000   -0.058  F      1.030  pd_aon  
  CTS_ccl_a_inv_00007/Y     -    CLKINVX6        24  0.014  0.067   0.072   0.000    0.014  R      1.030  pd_aon  
  operand_b_i_sr_reg_20/Q   -    SDFFSRHQX4      10  0.009  0.068   0.321   0.000    0.335  R      1.079  pd_aon  
  operand_b_i_sr_reg_18/SI  -    SDFFSRHQX4      10  0.009  0.062   0.000   0.000    0.335  R      1.070  pd_aon  
#---------------------------------------------------------------------------------------------------------------
     Other End Path:

#---------------------------------------------------------------------------------------------------------------
# Timing Point              Net  Cell        Fanout   Load  Trans   Delay    Incr  Arrival  Edge  User    Power  
#                                                     (pf)   (ns)    (ns)   Delay     (ns)        Derate  Domain  
#---------------------------------------------------------------------------------------------------------------
  clk_i                     -    (arrival)        1  0.003  0.027   0.000   0.000    9.873  R     -       pd_aon  
  CTS_ccl_a_inv_00012/Y     -    CLKINVX6         3  0.011  0.027   0.047   0.000    9.920  F      0.927  pd_aon  
  CTS_ccl_a_inv_00007/Y     -    CLKINVX6        24  0.014  0.060   0.061   0.000    9.981  R      0.927  pd_aon  
  operand_b_i_sr_reg_18/CK  -    SDFFSRHQX4      24  0.014  0.066   0.000   0.000    9.981  R      0.930  pd_aon  
#---------------------------------------------------------------------------------------------------------------
Path 243: MET (9.242 ns) Setup Check with Pin operand_a_i_sr_reg_25/CK->SI
               View: slow_0p9v_125c_cmax_scan_shift
              Group: reg2reg
         Startpoint: (R) operand_b_i_sr_reg_31/CK
              Clock: (R) clk_i
           Endpoint: (R) operand_a_i_sr_reg_25/SI
              Clock: (R) clk_i

                       Capture       Launch
         Clock Edge:+   10.000        0.000
         Drv Adjust:+    0.009        0.011
        Src Latency:+   -0.137       -0.137
        Net Latency:+    0.109 (P)    0.140 (P)
            Arrival:=    9.982        0.015

              Setup:-    0.231
        Uncertainty:-    0.205
        Cppr Adjust:+    0.033
      Required Time:=    9.579
       Launch Clock:=    0.015
          Data Path:+    0.322
              Slack:=    9.242
     Timing Path:

#---------------------------------------------------------------------------------------------------------------
# Timing Point              Net  Cell        Fanout   Load  Trans   Delay    Incr  Arrival  Edge  User    Power  
#                                                     (pf)   (ns)    (ns)   Delay     (ns)        Derate  Domain  
#---------------------------------------------------------------------------------------------------------------
  clk_i                     -    (arrival)        1  0.004  0.050   0.000   0.000   -0.125  R     -       pd_aon  
  CTS_ccl_a_inv_00012/Y     -    CLKINVX6         3  0.011  0.050   0.067   0.000   -0.058  F      1.030  pd_aon  
  CTS_ccl_a_inv_00008/Y     -    CLKINVX6        21  0.015  0.067   0.073   0.000    0.015  R      1.030  pd_aon  
  operand_b_i_sr_reg_31/Q   -    SDFFSRHQX4      12  0.009  0.069   0.322   0.000    0.337  R      1.079  pd_aon  
  operand_a_i_sr_reg_25/SI  -    SDFFSRHQX2      12  0.009  0.063   0.000   0.000    0.337  R      1.070  pd_aon  
#---------------------------------------------------------------------------------------------------------------
     Other End Path:

#---------------------------------------------------------------------------------------------------------------
# Timing Point              Net  Cell        Fanout   Load  Trans   Delay    Incr  Arrival  Edge  User    Power  
#                                                     (pf)   (ns)    (ns)   Delay     (ns)        Derate  Domain  
#---------------------------------------------------------------------------------------------------------------
  clk_i                     -    (arrival)        1  0.003  0.027   0.000   0.000    9.873  R     -       pd_aon  
  CTS_ccl_a_inv_00012/Y     -    CLKINVX6         3  0.011  0.027   0.047   0.000    9.920  F      0.927  pd_aon  
  CTS_ccl_a_inv_00008/Y     -    CLKINVX6        21  0.015  0.060   0.062   0.000    9.982  R      0.927  pd_aon  
  operand_a_i_sr_reg_25/CK  -    SDFFSRHQX2      21  0.015  0.067   0.000   0.000    9.982  R      0.930  pd_aon  
#---------------------------------------------------------------------------------------------------------------
Path 244: MET (9.242 ns) Setup Check with Pin operand_a_i_sr_reg_7/CK->SI
               View: slow_0p9v_125c_cmax_scan_shift
              Group: reg2reg
         Startpoint: (R) operand_a_i_sr_reg_6/CK
              Clock: (R) clk_i
           Endpoint: (R) operand_a_i_sr_reg_7/SI
              Clock: (R) clk_i

                       Capture       Launch
         Clock Edge:+   10.000        0.000
         Drv Adjust:+    0.009        0.011
        Src Latency:+   -0.137       -0.137
        Net Latency:+    0.107 (P)    0.138 (P)
            Arrival:=    9.980        0.012

              Setup:-    0.233
        Uncertainty:-    0.205
        Cppr Adjust:+    0.032
      Required Time:=    9.575
       Launch Clock:=    0.012
          Data Path:+    0.320
              Slack:=    9.242
     Timing Path:

#--------------------------------------------------------------------------------------------------------------
# Timing Point             Net  Cell        Fanout   Load  Trans   Delay    Incr  Arrival  Edge  User    Power  
#                                                    (pf)   (ns)    (ns)   Delay     (ns)        Derate  Domain  
#--------------------------------------------------------------------------------------------------------------
  clk_i                    -    (arrival)        1  0.004  0.050   0.000   0.000   -0.125  R     -       pd_aon  
  CTS_ccl_a_inv_00012/Y    -    CLKINVX6         3  0.011  0.050   0.067   0.000   -0.058  F      1.030  pd_aon  
  CTS_ccl_a_inv_00009/Y    -    CLKINVX6        20  0.013  0.067   0.071   0.000    0.012  R      1.030  pd_aon  
  operand_a_i_sr_reg_6/Q   -    SDFFSRHQX4       7  0.009  0.065   0.320   0.002    0.332  R      1.079  pd_aon  
  operand_a_i_sr_reg_7/SI  -    SDFFSRHQX4       7  0.009  0.061   0.000   0.000    0.332  R      1.070  pd_aon  
#--------------------------------------------------------------------------------------------------------------
     Other End Path:

#--------------------------------------------------------------------------------------------------------------
# Timing Point             Net  Cell        Fanout   Load  Trans   Delay    Incr  Arrival  Edge  User    Power  
#                                                    (pf)   (ns)    (ns)   Delay     (ns)        Derate  Domain  
#--------------------------------------------------------------------------------------------------------------
  clk_i                    -    (arrival)        1  0.003  0.027   0.000   0.000    9.873  R     -       pd_aon  
  CTS_ccl_a_inv_00012/Y    -    CLKINVX6         3  0.011  0.027   0.047   0.000    9.920  F      0.927  pd_aon  
  CTS_ccl_a_inv_00009/Y    -    CLKINVX6        20  0.013  0.060   0.060   0.000    9.980  R      0.927  pd_aon  
  operand_a_i_sr_reg_7/CK  -    SDFFSRHQX4      20  0.013  0.063   0.000   0.000    9.980  R      0.930  pd_aon  
#--------------------------------------------------------------------------------------------------------------
Path 245: MET (9.246 ns) Setup Check with Pin operand_b_i_sr_reg_3/CK->SI
               View: slow_0p9v_125c_cmax_scan_shift
              Group: reg2reg
         Startpoint: (R) operand_b_i_sr_reg_2/CK
              Clock: (R) clk_i
           Endpoint: (R) operand_b_i_sr_reg_3/SI
              Clock: (R) clk_i

                       Capture       Launch
         Clock Edge:+   10.000        0.000
         Drv Adjust:+    0.009        0.011
        Src Latency:+   -0.137       -0.137
        Net Latency:+    0.109 (P)    0.140 (P)
            Arrival:=    9.981        0.014

              Setup:-    0.231
        Uncertainty:-    0.205
        Cppr Adjust:+    0.033
      Required Time:=    9.578
       Launch Clock:=    0.014
          Data Path:+    0.319
              Slack:=    9.246
     Timing Path:

#--------------------------------------------------------------------------------------------------------------
# Timing Point             Net  Cell        Fanout   Load  Trans   Delay    Incr  Arrival  Edge  User    Power  
#                                                    (pf)   (ns)    (ns)   Delay     (ns)        Derate  Domain  
#--------------------------------------------------------------------------------------------------------------
  clk_i                    -    (arrival)        1  0.004  0.050   0.000   0.000   -0.125  R     -       pd_aon  
  CTS_ccl_a_inv_00012/Y    -    CLKINVX6         3  0.011  0.050   0.067   0.000   -0.058  F      1.030  pd_aon  
  CTS_ccl_a_inv_00007/Y    -    CLKINVX6        24  0.014  0.067   0.072   0.000    0.014  R      1.030  pd_aon  
  operand_b_i_sr_reg_2/Q   -    SDFFSRHQX4       7  0.008  0.068   0.319   0.000    0.333  R      1.079  pd_aon  
  operand_b_i_sr_reg_3/SI  -    SDFFSRHQX4       7  0.008  0.059   0.000   0.000    0.333  R      1.070  pd_aon  
#--------------------------------------------------------------------------------------------------------------
     Other End Path:

#--------------------------------------------------------------------------------------------------------------
# Timing Point             Net  Cell        Fanout   Load  Trans   Delay    Incr  Arrival  Edge  User    Power  
#                                                    (pf)   (ns)    (ns)   Delay     (ns)        Derate  Domain  
#--------------------------------------------------------------------------------------------------------------
  clk_i                    -    (arrival)        1  0.003  0.027   0.000   0.000    9.873  R     -       pd_aon  
  CTS_ccl_a_inv_00012/Y    -    CLKINVX6         3  0.011  0.027   0.047   0.000    9.920  F      0.927  pd_aon  
  CTS_ccl_a_inv_00007/Y    -    CLKINVX6        24  0.014  0.060   0.061   0.000    9.981  R      0.927  pd_aon  
  operand_b_i_sr_reg_3/CK  -    SDFFSRHQX4      24  0.014  0.066   0.000   0.000    9.981  R      0.930  pd_aon  
#--------------------------------------------------------------------------------------------------------------
Path 246: MET (9.247 ns) Setup Check with Pin operand_b_i_sr_reg_15/CK->SI
               View: slow_0p9v_125c_cmax_scan_shift
              Group: reg2reg
         Startpoint: (R) operand_b_i_sr_reg_29/CK
              Clock: (R) clk_i
           Endpoint: (R) operand_b_i_sr_reg_15/SI
              Clock: (R) clk_i

                       Capture       Launch
         Clock Edge:+   10.000        0.000
         Drv Adjust:+    0.009        0.011
        Src Latency:+   -0.137       -0.137
        Net Latency:+    0.110 (P)    0.141 (P)
            Arrival:=    9.982        0.015

              Setup:-    0.216
        Uncertainty:-    0.205
        Cppr Adjust:+    0.033
      Required Time:=    9.594
       Launch Clock:=    0.015
          Data Path:+    0.332
              Slack:=    9.247
     Timing Path:

#---------------------------------------------------------------------------------------------------------------
# Timing Point              Net  Cell        Fanout   Load  Trans   Delay    Incr  Arrival  Edge  User    Power  
#                                                     (pf)   (ns)    (ns)   Delay     (ns)        Derate  Domain  
#---------------------------------------------------------------------------------------------------------------
  clk_i                     -    (arrival)        1  0.004  0.050   0.000   0.000   -0.125  R     -       pd_aon  
  CTS_ccl_a_inv_00012/Y     -    CLKINVX6         3  0.011  0.050   0.067   0.000   -0.058  F      1.030  pd_aon  
  CTS_ccl_a_inv_00008/Y     -    CLKINVX6        21  0.015  0.067   0.073   0.000    0.015  R      1.030  pd_aon  
  operand_b_i_sr_reg_29/Q   -    SDFFSRHQX4      13  0.012  0.069   0.332   0.000    0.347  R      1.079  pd_aon  
  operand_b_i_sr_reg_15/SI  -    SDFFRHQX4       13  0.012  0.079   0.000   0.000    0.347  R      1.070  pd_aon  
#---------------------------------------------------------------------------------------------------------------
     Other End Path:

#--------------------------------------------------------------------------------------------------------------
# Timing Point              Net  Cell       Fanout   Load  Trans   Delay    Incr  Arrival  Edge  User    Power  
#                                                    (pf)   (ns)    (ns)   Delay     (ns)        Derate  Domain  
#--------------------------------------------------------------------------------------------------------------
  clk_i                     -    (arrival)       1  0.003  0.027   0.000   0.000    9.873  R     -       pd_aon  
  CTS_ccl_a_inv_00012/Y     -    CLKINVX6        3  0.011  0.027   0.047   0.000    9.920  F      0.927  pd_aon  
  CTS_ccl_a_inv_00008/Y     -    CLKINVX6       21  0.015  0.060   0.062   0.000    9.982  R      0.927  pd_aon  
  operand_b_i_sr_reg_15/CK  -    SDFFRHQX4      21  0.015  0.067   0.000   0.000    9.982  R      0.930  pd_aon  
#--------------------------------------------------------------------------------------------------------------
Path 247: MET (9.249 ns) Setup Check with Pin operand_b_i_sr_reg_28/CK->SI
               View: slow_0p9v_125c_cmax_scan_shift
              Group: reg2reg
         Startpoint: (R) operand_a_i_sr_reg_18/CK
              Clock: (R) clk_i
           Endpoint: (R) operand_b_i_sr_reg_28/SI
              Clock: (R) clk_i

                       Capture       Launch
         Clock Edge:+   10.000        0.000
         Drv Adjust:+    0.009        0.011
        Src Latency:+   -0.137       -0.137
        Net Latency:+    0.107 (P)    0.138 (P)
            Arrival:=    9.980        0.012

              Setup:-    0.231
        Uncertainty:-    0.205
        Cppr Adjust:+    0.032
      Required Time:=    9.577
       Launch Clock:=    0.012
          Data Path:+    0.316
              Slack:=    9.249
     Timing Path:

#---------------------------------------------------------------------------------------------------------------
# Timing Point              Net  Cell        Fanout   Load  Trans   Delay    Incr  Arrival  Edge  User    Power  
#                                                     (pf)   (ns)    (ns)   Delay     (ns)        Derate  Domain  
#---------------------------------------------------------------------------------------------------------------
  clk_i                     -    (arrival)        1  0.004  0.050   0.000   0.000   -0.125  R     -       pd_aon  
  CTS_ccl_a_inv_00012/Y     -    CLKINVX6         3  0.011  0.050   0.067   0.000   -0.058  F      1.030  pd_aon  
  CTS_ccl_a_inv_00009/Y     -    CLKINVX6        20  0.013  0.067   0.071   0.000    0.012  R      1.030  pd_aon  
  operand_a_i_sr_reg_18/Q   -    SDFFSRHQX4       6  0.008  0.065   0.316   0.000    0.328  R      1.079  pd_aon  
  operand_b_i_sr_reg_28/SI  -    SDFFSRHQX4       6  0.008  0.057   0.000   0.000    0.328  R      1.070  pd_aon  
#---------------------------------------------------------------------------------------------------------------
     Other End Path:

#---------------------------------------------------------------------------------------------------------------
# Timing Point              Net  Cell        Fanout   Load  Trans   Delay    Incr  Arrival  Edge  User    Power  
#                                                     (pf)   (ns)    (ns)   Delay     (ns)        Derate  Domain  
#---------------------------------------------------------------------------------------------------------------
  clk_i                     -    (arrival)        1  0.003  0.027   0.000   0.000    9.873  R     -       pd_aon  
  CTS_ccl_a_inv_00012/Y     -    CLKINVX6         3  0.011  0.027   0.047   0.000    9.920  F      0.927  pd_aon  
  CTS_ccl_a_inv_00009/Y     -    CLKINVX6        20  0.013  0.060   0.060   0.000    9.980  R      0.927  pd_aon  
  operand_b_i_sr_reg_28/CK  -    SDFFSRHQX4      20  0.013  0.063   0.000   0.000    9.980  R      0.930  pd_aon  
#---------------------------------------------------------------------------------------------------------------
Path 248: MET (9.249 ns) Setup Check with Pin operand_a_i_sr_reg_14/CK->SI
               View: slow_0p9v_125c_cmax_scan_shift
              Group: reg2reg
         Startpoint: (R) operand_a_i_sr_reg_19/CK
              Clock: (R) clk_i
           Endpoint: (R) operand_a_i_sr_reg_14/SI
              Clock: (R) clk_i

                       Capture       Launch
         Clock Edge:+   10.000        0.000
         Drv Adjust:+    0.009        0.011
        Src Latency:+   -0.137       -0.137
        Net Latency:+    0.107 (P)    0.138 (P)
            Arrival:=    9.980        0.012

              Setup:-    0.229
        Uncertainty:-    0.205
        Cppr Adjust:+    0.032
      Required Time:=    9.578
       Launch Clock:=    0.012
          Data Path:+    0.317
              Slack:=    9.249
     Timing Path:

#---------------------------------------------------------------------------------------------------------------
# Timing Point              Net  Cell        Fanout   Load  Trans   Delay    Incr  Arrival  Edge  User    Power  
#                                                     (pf)   (ns)    (ns)   Delay     (ns)        Derate  Domain  
#---------------------------------------------------------------------------------------------------------------
  clk_i                     -    (arrival)        1  0.004  0.050   0.000   0.000   -0.125  R     -       pd_aon  
  CTS_ccl_a_inv_00012/Y     -    CLKINVX6         3  0.011  0.050   0.067   0.000   -0.058  F      1.030  pd_aon  
  CTS_ccl_a_inv_00009/Y     -    CLKINVX6        20  0.013  0.067   0.071   0.000    0.012  R      1.030  pd_aon  
  operand_a_i_sr_reg_19/Q   -    SDFFSRHQX4       6  0.007  0.065   0.317   0.003    0.329  R      1.079  pd_aon  
  operand_a_i_sr_reg_14/SI  -    SDFFSRHQX4       6  0.007  0.054   0.000   0.000    0.329  R      1.070  pd_aon  
#---------------------------------------------------------------------------------------------------------------
     Other End Path:

#---------------------------------------------------------------------------------------------------------------
# Timing Point              Net  Cell        Fanout   Load  Trans   Delay    Incr  Arrival  Edge  User    Power  
#                                                     (pf)   (ns)    (ns)   Delay     (ns)        Derate  Domain  
#---------------------------------------------------------------------------------------------------------------
  clk_i                     -    (arrival)        1  0.003  0.027   0.000   0.000    9.873  R     -       pd_aon  
  CTS_ccl_a_inv_00012/Y     -    CLKINVX6         3  0.011  0.027   0.047   0.000    9.920  F      0.927  pd_aon  
  CTS_ccl_a_inv_00009/Y     -    CLKINVX6        20  0.013  0.060   0.060   0.000    9.980  R      0.927  pd_aon  
  operand_a_i_sr_reg_14/CK  -    SDFFSRHQX4      20  0.013  0.063   0.000   0.000    9.980  R      0.930  pd_aon  
#---------------------------------------------------------------------------------------------------------------
Path 249: MET (9.250 ns) Setup Check with Pin operand_a_i_sr_reg_3/CK->SI
               View: slow_0p9v_125c_cmax_scan_shift
              Group: reg2reg
         Startpoint: (R) operand_b_i_sr_reg_26/CK
              Clock: (R) clk_i
           Endpoint: (R) operand_a_i_sr_reg_3/SI
              Clock: (R) clk_i

                       Capture       Launch
         Clock Edge:+   10.000        0.000
         Drv Adjust:+    0.009        0.011
        Src Latency:+   -0.137       -0.137
        Net Latency:+    0.107 (P)    0.138 (P)
            Arrival:=    9.980        0.012

              Setup:-    0.227
        Uncertainty:-    0.205
        Cppr Adjust:+    0.032
      Required Time:=    9.580
       Launch Clock:=    0.012
          Data Path:+    0.318
              Slack:=    9.250
     Timing Path:

#--------------------------------------------------------------------------------------------------------------
# Timing Point             Net  Cell        Fanout   Load  Trans   Delay    Incr  Arrival  Edge  User    Power  
#                                                    (pf)   (ns)    (ns)   Delay     (ns)        Derate  Domain  
#--------------------------------------------------------------------------------------------------------------
  clk_i                    -    (arrival)        1  0.004  0.050   0.000   0.000   -0.125  R     -       pd_aon  
  CTS_ccl_a_inv_00012/Y    -    CLKINVX6         3  0.011  0.050   0.067   0.000   -0.058  F      1.030  pd_aon  
  CTS_ccl_a_inv_00009/Y    -    CLKINVX6        20  0.013  0.067   0.071   0.000    0.012  R      1.030  pd_aon  
  operand_b_i_sr_reg_26/Q  -    SDFFSRHQX4       6  0.009  0.065   0.318   0.000    0.330  R      1.079  pd_aon  
  operand_a_i_sr_reg_3/SI  -    SDFFSRHQX1       6  0.009  0.061   0.000   0.000    0.330  R      1.070  pd_aon  
#--------------------------------------------------------------------------------------------------------------
     Other End Path:

#--------------------------------------------------------------------------------------------------------------
# Timing Point             Net  Cell        Fanout   Load  Trans   Delay    Incr  Arrival  Edge  User    Power  
#                                                    (pf)   (ns)    (ns)   Delay     (ns)        Derate  Domain  
#--------------------------------------------------------------------------------------------------------------
  clk_i                    -    (arrival)        1  0.003  0.027   0.000   0.000    9.873  R     -       pd_aon  
  CTS_ccl_a_inv_00012/Y    -    CLKINVX6         3  0.011  0.027   0.047   0.000    9.920  F      0.927  pd_aon  
  CTS_ccl_a_inv_00009/Y    -    CLKINVX6        20  0.013  0.060   0.060   0.000    9.980  R      0.927  pd_aon  
  operand_a_i_sr_reg_3/CK  -    SDFFSRHQX1      20  0.013  0.063   0.000   0.000    9.980  R      0.930  pd_aon  
#--------------------------------------------------------------------------------------------------------------
Path 250: MET (9.253 ns) Setup Check with Pin operand_a_i_sr_reg_9/CK->SI
               View: slow_0p9v_125c_cmax_scan_shift
              Group: reg2reg
         Startpoint: (R) operand_a_i_sr_reg_5/CK
              Clock: (R) clk_i
           Endpoint: (R) operand_a_i_sr_reg_9/SI
              Clock: (R) clk_i

                       Capture       Launch
         Clock Edge:+   10.000        0.000
         Drv Adjust:+    0.009        0.011
        Src Latency:+   -0.137       -0.137
        Net Latency:+    0.107 (P)    0.138 (P)
            Arrival:=    9.980        0.012

              Setup:-    0.229
        Uncertainty:-    0.205
        Cppr Adjust:+    0.032
      Required Time:=    9.579
       Launch Clock:=    0.012
          Data Path:+    0.313
              Slack:=    9.253
     Timing Path:

#--------------------------------------------------------------------------------------------------------------
# Timing Point             Net  Cell        Fanout   Load  Trans   Delay    Incr  Arrival  Edge  User    Power  
#                                                    (pf)   (ns)    (ns)   Delay     (ns)        Derate  Domain  
#--------------------------------------------------------------------------------------------------------------
  clk_i                    -    (arrival)        1  0.004  0.050   0.000   0.000   -0.125  R     -       pd_aon  
  CTS_ccl_a_inv_00012/Y    -    CLKINVX6         3  0.011  0.050   0.067   0.000   -0.058  F      1.030  pd_aon  
  CTS_ccl_a_inv_00009/Y    -    CLKINVX6        20  0.013  0.067   0.071   0.000    0.012  R      1.030  pd_aon  
  operand_a_i_sr_reg_5/Q   -    SDFFSRHQX4       5  0.007  0.065   0.313   0.000    0.325  R      1.079  pd_aon  
  operand_a_i_sr_reg_9/SI  -    SDFFSRHQX4       5  0.007  0.053   0.000   0.000    0.325  R      1.070  pd_aon  
#--------------------------------------------------------------------------------------------------------------
     Other End Path:

#--------------------------------------------------------------------------------------------------------------
# Timing Point             Net  Cell        Fanout   Load  Trans   Delay    Incr  Arrival  Edge  User    Power  
#                                                    (pf)   (ns)    (ns)   Delay     (ns)        Derate  Domain  
#--------------------------------------------------------------------------------------------------------------
  clk_i                    -    (arrival)        1  0.003  0.027   0.000   0.000    9.873  R     -       pd_aon  
  CTS_ccl_a_inv_00012/Y    -    CLKINVX6         3  0.011  0.027   0.047   0.000    9.920  F      0.927  pd_aon  
  CTS_ccl_a_inv_00009/Y    -    CLKINVX6        20  0.013  0.060   0.060   0.000    9.980  R      0.927  pd_aon  
  operand_a_i_sr_reg_9/CK  -    SDFFSRHQX4      20  0.013  0.063   0.000   0.000    9.980  R      0.930  pd_aon  
#--------------------------------------------------------------------------------------------------------------
Path 251: MET (9.257 ns) Setup Check with Pin operand_b_i_sr_reg_26/CK->SI
               View: slow_0p9v_125c_cmax_scan_shift
              Group: reg2reg
         Startpoint: (R) operand_a_i_sr_reg_4/CK
              Clock: (R) clk_i
           Endpoint: (R) operand_b_i_sr_reg_26/SI
              Clock: (R) clk_i

                       Capture       Launch
         Clock Edge:+   10.000        0.000
         Drv Adjust:+    0.009        0.011
        Src Latency:+   -0.137       -0.137
        Net Latency:+    0.107 (P)    0.138 (P)
            Arrival:=    9.980        0.012

              Setup:-    0.227
        Uncertainty:-    0.205
        Cppr Adjust:+    0.032
      Required Time:=    9.581
       Launch Clock:=    0.012
          Data Path:+    0.311
              Slack:=    9.257
     Timing Path:

#---------------------------------------------------------------------------------------------------------------
# Timing Point              Net  Cell        Fanout   Load  Trans   Delay    Incr  Arrival  Edge  User    Power  
#                                                     (pf)   (ns)    (ns)   Delay     (ns)        Derate  Domain  
#---------------------------------------------------------------------------------------------------------------
  clk_i                     -    (arrival)        1  0.004  0.050   0.000   0.000   -0.125  R     -       pd_aon  
  CTS_ccl_a_inv_00012/Y     -    CLKINVX6         3  0.011  0.050   0.067   0.000   -0.058  F      1.030  pd_aon  
  CTS_ccl_a_inv_00009/Y     -    CLKINVX6        20  0.013  0.067   0.071   0.000    0.012  R      1.030  pd_aon  
  operand_a_i_sr_reg_4/Q    -    SDFFSRHQX4       5  0.006  0.065   0.311   0.000    0.323  R      1.079  pd_aon  
  operand_b_i_sr_reg_26/SI  -    SDFFSRHQX4       5  0.006  0.049   0.000   0.000    0.323  R      1.070  pd_aon  
#---------------------------------------------------------------------------------------------------------------
     Other End Path:

#---------------------------------------------------------------------------------------------------------------
# Timing Point              Net  Cell        Fanout   Load  Trans   Delay    Incr  Arrival  Edge  User    Power  
#                                                     (pf)   (ns)    (ns)   Delay     (ns)        Derate  Domain  
#---------------------------------------------------------------------------------------------------------------
  clk_i                     -    (arrival)        1  0.003  0.027   0.000   0.000    9.873  R     -       pd_aon  
  CTS_ccl_a_inv_00012/Y     -    CLKINVX6         3  0.011  0.027   0.047   0.000    9.920  F      0.927  pd_aon  
  CTS_ccl_a_inv_00009/Y     -    CLKINVX6        20  0.013  0.060   0.060   0.000    9.980  R      0.927  pd_aon  
  operand_b_i_sr_reg_26/CK  -    SDFFSRHQX4      20  0.013  0.063   0.000   0.000    9.980  R      0.930  pd_aon  
#---------------------------------------------------------------------------------------------------------------
Path 252: MET (9.259 ns) Setup Check with Pin operand_a_i_sr_reg_22/CK->SI
               View: slow_0p9v_125c_cmax_scan_shift
              Group: reg2reg
         Startpoint: (R) operand_a_i_sr_reg_21/CK
              Clock: (R) clk_i
           Endpoint: (R) operand_a_i_sr_reg_22/SI
              Clock: (R) clk_i

                       Capture       Launch
         Clock Edge:+   10.000        0.000
         Drv Adjust:+    0.009        0.011
        Src Latency:+   -0.137       -0.137
        Net Latency:+    0.107 (P)    0.138 (P)
            Arrival:=    9.980        0.012

              Setup:-    0.226
        Uncertainty:-    0.205
        Cppr Adjust:+    0.032
      Required Time:=    9.581
       Launch Clock:=    0.012
          Data Path:+    0.310
              Slack:=    9.259
     Timing Path:

#---------------------------------------------------------------------------------------------------------------
# Timing Point              Net  Cell        Fanout   Load  Trans   Delay    Incr  Arrival  Edge  User    Power  
#                                                     (pf)   (ns)    (ns)   Delay     (ns)        Derate  Domain  
#---------------------------------------------------------------------------------------------------------------
  clk_i                     -    (arrival)        1  0.004  0.050   0.000   0.000   -0.125  R     -       pd_aon  
  CTS_ccl_a_inv_00012/Y     -    CLKINVX6         3  0.011  0.050   0.067   0.000   -0.058  F      1.030  pd_aon  
  CTS_ccl_a_inv_00009/Y     -    CLKINVX6        20  0.013  0.067   0.071   0.000    0.012  R      1.030  pd_aon  
  operand_a_i_sr_reg_21/Q   -    SDFFSRHQX4       6  0.006  0.065   0.310   0.000    0.322  R      1.079  pd_aon  
  operand_a_i_sr_reg_22/SI  -    SDFFSRHQX4       6  0.006  0.048   0.000   0.000    0.322  R      1.070  pd_aon  
#---------------------------------------------------------------------------------------------------------------
     Other End Path:

#---------------------------------------------------------------------------------------------------------------
# Timing Point              Net  Cell        Fanout   Load  Trans   Delay    Incr  Arrival  Edge  User    Power  
#                                                     (pf)   (ns)    (ns)   Delay     (ns)        Derate  Domain  
#---------------------------------------------------------------------------------------------------------------
  clk_i                     -    (arrival)        1  0.003  0.027   0.000   0.000    9.873  R     -       pd_aon  
  CTS_ccl_a_inv_00012/Y     -    CLKINVX6         3  0.011  0.027   0.047   0.000    9.920  F      0.927  pd_aon  
  CTS_ccl_a_inv_00009/Y     -    CLKINVX6        20  0.013  0.060   0.060   0.000    9.980  R      0.927  pd_aon  
  operand_a_i_sr_reg_22/CK  -    SDFFSRHQX4      20  0.013  0.063   0.000   0.000    9.980  R      0.930  pd_aon  
#---------------------------------------------------------------------------------------------------------------
Path 253: MET (9.259 ns) Setup Check with Pin operand_b_i_sr_reg_2/CK->SI
               View: slow_0p9v_125c_cmax_scan_shift
              Group: reg2reg
         Startpoint: (R) operand_b_i_sr_reg_1/CK
              Clock: (R) clk_i
           Endpoint: (R) operand_b_i_sr_reg_2/SI
              Clock: (R) clk_i

                       Capture       Launch
         Clock Edge:+   10.000        0.000
         Drv Adjust:+    0.009        0.011
        Src Latency:+   -0.137       -0.137
        Net Latency:+    0.109 (P)    0.140 (P)
            Arrival:=    9.981        0.014

              Setup:-    0.235
        Uncertainty:-    0.205
        Cppr Adjust:+    0.033
      Required Time:=    9.574
       Launch Clock:=    0.014
          Data Path:+    0.301
              Slack:=    9.259
     Timing Path:

#--------------------------------------------------------------------------------------------------------------
# Timing Point             Net  Cell        Fanout   Load  Trans   Delay    Incr  Arrival  Edge  User    Power  
#                                                    (pf)   (ns)    (ns)   Delay     (ns)        Derate  Domain  
#--------------------------------------------------------------------------------------------------------------
  clk_i                    -    (arrival)        1  0.004  0.050   0.000   0.000   -0.125  R     -       pd_aon  
  CTS_ccl_a_inv_00012/Y    -    CLKINVX6         3  0.011  0.050   0.067   0.000   -0.058  F      1.030  pd_aon  
  CTS_ccl_a_inv_00007/Y    -    CLKINVX6        24  0.014  0.067   0.072   0.000    0.014  R      1.030  pd_aon  
  operand_b_i_sr_reg_1/Q   -    SDFFSRHQX2       4  0.005  0.068   0.301   0.000    0.315  R      1.079  pd_aon  
  operand_b_i_sr_reg_2/SI  -    SDFFSRHQX4       4  0.005  0.067   0.000   0.000    0.315  R      1.070  pd_aon  
#--------------------------------------------------------------------------------------------------------------
     Other End Path:

#--------------------------------------------------------------------------------------------------------------
# Timing Point             Net  Cell        Fanout   Load  Trans   Delay    Incr  Arrival  Edge  User    Power  
#                                                    (pf)   (ns)    (ns)   Delay     (ns)        Derate  Domain  
#--------------------------------------------------------------------------------------------------------------
  clk_i                    -    (arrival)        1  0.003  0.027   0.000   0.000    9.873  R     -       pd_aon  
  CTS_ccl_a_inv_00012/Y    -    CLKINVX6         3  0.011  0.027   0.047   0.000    9.920  F      0.927  pd_aon  
  CTS_ccl_a_inv_00007/Y    -    CLKINVX6        24  0.014  0.060   0.061   0.000    9.981  R      0.927  pd_aon  
  operand_b_i_sr_reg_2/CK  -    SDFFSRHQX4      24  0.014  0.066   0.000   0.000    9.981  R      0.930  pd_aon  
#--------------------------------------------------------------------------------------------------------------
Path 254: MET (9.261 ns) Setup Check with Pin operand_b_i_sr_reg_10/CK->SI
               View: slow_0p9v_125c_cmax_scan_shift
              Group: reg2reg
         Startpoint: (R) operand_b_i_sr_reg_11/CK
              Clock: (R) clk_i
           Endpoint: (R) operand_b_i_sr_reg_10/SI
              Clock: (R) clk_i

                       Capture       Launch
         Clock Edge:+   10.000        0.000
         Drv Adjust:+    0.009        0.011
        Src Latency:+   -0.137       -0.137
        Net Latency:+    0.109 (P)    0.139 (P)
            Arrival:=    9.981        0.014

              Setup:-    0.224
        Uncertainty:-    0.205
        Cppr Adjust:+    0.033
      Required Time:=    9.585
       Launch Clock:=    0.014
          Data Path:+    0.310
              Slack:=    9.261
     Timing Path:

#---------------------------------------------------------------------------------------------------------------
# Timing Point              Net  Cell        Fanout   Load  Trans   Delay    Incr  Arrival  Edge  User    Power  
#                                                     (pf)   (ns)    (ns)   Delay     (ns)        Derate  Domain  
#---------------------------------------------------------------------------------------------------------------
  clk_i                     -    (arrival)        1  0.004  0.050   0.000   0.000   -0.125  R     -       pd_aon  
  CTS_ccl_a_inv_00012/Y     -    CLKINVX6         3  0.011  0.050   0.067   0.000   -0.058  F      1.030  pd_aon  
  CTS_ccl_a_inv_00007/Y     -    CLKINVX6        24  0.014  0.067   0.072   0.000    0.014  R      1.030  pd_aon  
  operand_b_i_sr_reg_11/Q   -    SDFFSRHQX4       3  0.005  0.068   0.310   0.000    0.324  R      1.079  pd_aon  
  operand_b_i_sr_reg_10/SI  -    SDFFSRHQX4       3  0.005  0.045   0.000   0.000    0.324  R      1.070  pd_aon  
#---------------------------------------------------------------------------------------------------------------
     Other End Path:

#---------------------------------------------------------------------------------------------------------------
# Timing Point              Net  Cell        Fanout   Load  Trans   Delay    Incr  Arrival  Edge  User    Power  
#                                                     (pf)   (ns)    (ns)   Delay     (ns)        Derate  Domain  
#---------------------------------------------------------------------------------------------------------------
  clk_i                     -    (arrival)        1  0.003  0.027   0.000   0.000    9.873  R     -       pd_aon  
  CTS_ccl_a_inv_00012/Y     -    CLKINVX6         3  0.011  0.027   0.047   0.000    9.920  F      0.927  pd_aon  
  CTS_ccl_a_inv_00007/Y     -    CLKINVX6        24  0.014  0.060   0.061   0.000    9.981  R      0.927  pd_aon  
  operand_b_i_sr_reg_10/CK  -    SDFFSRHQX4      24  0.014  0.066   0.000   0.000    9.981  R      0.930  pd_aon  
#---------------------------------------------------------------------------------------------------------------
Path 255: MET (9.267 ns) Setup Check with Pin operand_a_i_sr_reg_1/CK->SI
               View: slow_0p9v_125c_cmax_scan_shift
              Group: reg2reg
         Startpoint: (R) operand_a_i_sr_reg_2/CK
              Clock: (R) clk_i
           Endpoint: (R) operand_a_i_sr_reg_1/SI
              Clock: (R) clk_i

                       Capture       Launch
         Clock Edge:+   10.000        0.000
         Drv Adjust:+    0.009        0.011
        Src Latency:+   -0.137       -0.137
        Net Latency:+    0.110 (P)    0.138 (P)
            Arrival:=    9.982        0.012

              Setup:-    0.204
        Uncertainty:-    0.205
        Cppr Adjust:+    0.021
      Required Time:=    9.594
       Launch Clock:=    0.012
          Data Path:+    0.315
              Slack:=    9.267
     Timing Path:

#--------------------------------------------------------------------------------------------------------------
# Timing Point             Net  Cell        Fanout   Load  Trans   Delay    Incr  Arrival  Edge  User    Power  
#                                                    (pf)   (ns)    (ns)   Delay     (ns)        Derate  Domain  
#--------------------------------------------------------------------------------------------------------------
  clk_i                    -    (arrival)        1  0.004  0.050   0.000   0.000   -0.125  R     -       pd_aon  
  CTS_ccl_a_inv_00012/Y    -    CLKINVX6         3  0.011  0.050   0.067   0.000   -0.058  F      1.030  pd_aon  
  CTS_ccl_a_inv_00009/Y    -    CLKINVX6        20  0.013  0.067   0.071   0.000    0.012  R      1.030  pd_aon  
  operand_a_i_sr_reg_2/Q   -    SDFFSRHQX4       6  0.008  0.065   0.315   0.000    0.328  R      1.079  pd_aon  
  operand_a_i_sr_reg_1/SI  -    SDFFRHQX4        6  0.008  0.056   0.000   0.000    0.328  R      1.070  pd_aon  
#--------------------------------------------------------------------------------------------------------------
     Other End Path:

#-------------------------------------------------------------------------------------------------------------
# Timing Point             Net  Cell       Fanout   Load  Trans   Delay    Incr  Arrival  Edge  User    Power  
#                                                   (pf)   (ns)    (ns)   Delay     (ns)        Derate  Domain  
#-------------------------------------------------------------------------------------------------------------
  clk_i                    -    (arrival)       1  0.003  0.027   0.000   0.000    9.873  R     -       pd_aon  
  CTS_ccl_a_inv_00012/Y    -    CLKINVX6        3  0.011  0.027   0.047   0.000    9.920  F      0.927  pd_aon  
  CTS_ccl_a_inv_00008/Y    -    CLKINVX6       21  0.015  0.060   0.062   0.000    9.982  R      0.927  pd_aon  
  operand_a_i_sr_reg_1/CK  -    SDFFRHQX4      21  0.015  0.067   0.000   0.000    9.982  R      0.930  pd_aon  
#-------------------------------------------------------------------------------------------------------------
Path 256: MET (9.267 ns) Setup Check with Pin operand_b_i_sr_reg_8/CK->SI
               View: slow_0p9v_125c_cmax_scan_shift
              Group: reg2reg
         Startpoint: (R) operand_b_i_sr_reg_9/CK
              Clock: (R) clk_i
           Endpoint: (R) operand_b_i_sr_reg_8/SI
              Clock: (R) clk_i

                       Capture       Launch
         Clock Edge:+   10.000        0.000
         Drv Adjust:+    0.009        0.011
        Src Latency:+   -0.137       -0.137
        Net Latency:+    0.109 (P)    0.139 (P)
            Arrival:=    9.981        0.014

              Setup:-    0.221
        Uncertainty:-    0.205
        Cppr Adjust:+    0.033
      Required Time:=    9.588
       Launch Clock:=    0.014
          Data Path:+    0.307
              Slack:=    9.267
     Timing Path:

#--------------------------------------------------------------------------------------------------------------
# Timing Point             Net  Cell        Fanout   Load  Trans   Delay    Incr  Arrival  Edge  User    Power  
#                                                    (pf)   (ns)    (ns)   Delay     (ns)        Derate  Domain  
#--------------------------------------------------------------------------------------------------------------
  clk_i                    -    (arrival)        1  0.004  0.050   0.000   0.000   -0.125  R     -       pd_aon  
  CTS_ccl_a_inv_00012/Y    -    CLKINVX6         3  0.011  0.050   0.067   0.000   -0.058  F      1.030  pd_aon  
  CTS_ccl_a_inv_00007/Y    -    CLKINVX6        24  0.014  0.067   0.072   0.000    0.014  R      1.030  pd_aon  
  operand_b_i_sr_reg_9/Q   -    SDFFSRHQX4       3  0.004  0.068   0.307   0.000    0.321  R      1.079  pd_aon  
  operand_b_i_sr_reg_8/SI  -    SDFFSRHQX4       3  0.004  0.040   0.000   0.000    0.321  R      1.070  pd_aon  
#--------------------------------------------------------------------------------------------------------------
     Other End Path:

#--------------------------------------------------------------------------------------------------------------
# Timing Point             Net  Cell        Fanout   Load  Trans   Delay    Incr  Arrival  Edge  User    Power  
#                                                    (pf)   (ns)    (ns)   Delay     (ns)        Derate  Domain  
#--------------------------------------------------------------------------------------------------------------
  clk_i                    -    (arrival)        1  0.003  0.027   0.000   0.000    9.873  R     -       pd_aon  
  CTS_ccl_a_inv_00012/Y    -    CLKINVX6         3  0.011  0.027   0.047   0.000    9.920  F      0.927  pd_aon  
  CTS_ccl_a_inv_00007/Y    -    CLKINVX6        24  0.014  0.060   0.061   0.000    9.981  R      0.927  pd_aon  
  operand_b_i_sr_reg_8/CK  -    SDFFSRHQX4      24  0.014  0.066   0.000   0.000    9.981  R      0.930  pd_aon  
#--------------------------------------------------------------------------------------------------------------
Path 257: MET (9.270 ns) Setup Check with Pin operand_a_i_sr_reg_17/CK->SI
               View: slow_0p9v_125c_cmax_scan_shift
              Group: reg2reg
         Startpoint: (R) operand_a_i_sr_reg_16/CK
              Clock: (R) clk_i
           Endpoint: (R) operand_a_i_sr_reg_17/SI
              Clock: (R) clk_i

                       Capture       Launch
         Clock Edge:+   10.000        0.000
         Drv Adjust:+    0.009        0.011
        Src Latency:+   -0.137       -0.137
        Net Latency:+    0.110 (P)    0.140 (P)
            Arrival:=    9.982        0.015

              Setup:-    0.206
        Uncertainty:-    0.205
        Cppr Adjust:+    0.033
      Required Time:=    9.604
       Launch Clock:=    0.015
          Data Path:+    0.320
              Slack:=    9.270
     Timing Path:

#---------------------------------------------------------------------------------------------------------------
# Timing Point              Net  Cell        Fanout   Load  Trans   Delay    Incr  Arrival  Edge  User    Power  
#                                                     (pf)   (ns)    (ns)   Delay     (ns)        Derate  Domain  
#---------------------------------------------------------------------------------------------------------------
  clk_i                     -    (arrival)        1  0.004  0.050   0.000   0.000   -0.125  R     -       pd_aon  
  CTS_ccl_a_inv_00012/Y     -    CLKINVX6         3  0.011  0.050   0.067   0.000   -0.058  F      1.030  pd_aon  
  CTS_ccl_a_inv_00008/Y     -    CLKINVX6        21  0.015  0.067   0.073   0.000    0.015  R      1.030  pd_aon  
  operand_a_i_sr_reg_16/Q   -    SDFFSRHQX4       6  0.008  0.069   0.320   0.000    0.335  R      1.079  pd_aon  
  operand_a_i_sr_reg_17/SI  -    SDFFRHQX4        6  0.008  0.059   0.000   0.000    0.335  R      1.070  pd_aon  
#---------------------------------------------------------------------------------------------------------------
     Other End Path:

#--------------------------------------------------------------------------------------------------------------
# Timing Point              Net  Cell       Fanout   Load  Trans   Delay    Incr  Arrival  Edge  User    Power  
#                                                    (pf)   (ns)    (ns)   Delay     (ns)        Derate  Domain  
#--------------------------------------------------------------------------------------------------------------
  clk_i                     -    (arrival)       1  0.003  0.027   0.000   0.000    9.873  R     -       pd_aon  
  CTS_ccl_a_inv_00012/Y     -    CLKINVX6        3  0.011  0.027   0.047   0.000    9.920  F      0.927  pd_aon  
  CTS_ccl_a_inv_00008/Y     -    CLKINVX6       21  0.015  0.060   0.062   0.000    9.982  R      0.927  pd_aon  
  operand_a_i_sr_reg_17/CK  -    SDFFRHQX4      21  0.015  0.067   0.000   0.000    9.982  R      0.930  pd_aon  
#--------------------------------------------------------------------------------------------------------------
Path 258: MET (9.285 ns) Setup Check with Pin operand_a_i_sr_reg_2/CK->SI
               View: slow_0p9v_125c_cmax_scan_shift
              Group: reg2reg
         Startpoint: (R) operand_a_i_sr_reg_3/CK
              Clock: (R) clk_i
           Endpoint: (R) operand_a_i_sr_reg_2/SI
              Clock: (R) clk_i

                       Capture       Launch
         Clock Edge:+   10.000        0.000
         Drv Adjust:+    0.009        0.011
        Src Latency:+   -0.137       -0.137
        Net Latency:+    0.107 (P)    0.138 (P)
            Arrival:=    9.980        0.012

              Setup:-    0.232
        Uncertainty:-    0.205
        Cppr Adjust:+    0.032
      Required Time:=    9.575
       Launch Clock:=    0.012
          Data Path:+    0.278
              Slack:=    9.285
     Timing Path:

#--------------------------------------------------------------------------------------------------------------
# Timing Point             Net  Cell        Fanout   Load  Trans   Delay    Incr  Arrival  Edge  User    Power  
#                                                    (pf)   (ns)    (ns)   Delay     (ns)        Derate  Domain  
#--------------------------------------------------------------------------------------------------------------
  clk_i                    -    (arrival)        1  0.004  0.050   0.000   0.000   -0.125  R     -       pd_aon  
  CTS_ccl_a_inv_00012/Y    -    CLKINVX6         3  0.011  0.050   0.067   0.000   -0.058  F      1.030  pd_aon  
  CTS_ccl_a_inv_00009/Y    -    CLKINVX6        20  0.013  0.067   0.071   0.000    0.012  R      1.030  pd_aon  
  operand_a_i_sr_reg_3/Q   -    SDFFSRHQX1       3  0.002  0.065   0.278   0.000    0.291  R      1.079  pd_aon  
  operand_a_i_sr_reg_2/SI  -    SDFFSRHQX4       3  0.002  0.060   0.000   0.000    0.291  R      1.070  pd_aon  
#--------------------------------------------------------------------------------------------------------------
     Other End Path:

#--------------------------------------------------------------------------------------------------------------
# Timing Point             Net  Cell        Fanout   Load  Trans   Delay    Incr  Arrival  Edge  User    Power  
#                                                    (pf)   (ns)    (ns)   Delay     (ns)        Derate  Domain  
#--------------------------------------------------------------------------------------------------------------
  clk_i                    -    (arrival)        1  0.003  0.027   0.000   0.000    9.873  R     -       pd_aon  
  CTS_ccl_a_inv_00012/Y    -    CLKINVX6         3  0.011  0.027   0.047   0.000    9.920  F      0.927  pd_aon  
  CTS_ccl_a_inv_00009/Y    -    CLKINVX6        20  0.013  0.060   0.060   0.000    9.980  R      0.927  pd_aon  
  operand_a_i_sr_reg_2/CK  -    SDFFSRHQX4      20  0.013  0.063   0.000   0.000    9.980  R      0.930  pd_aon  
#--------------------------------------------------------------------------------------------------------------

