============================================================
  Generated by:           Genus(TM) Synthesis Solution 23.15-s099_1
  Generated on:           Nov 14 2025  02:45:36 pm
  Module:                 matmul_sync
  Operating conditions:   PVT_0P9V_125C 
  Operating conditions:   _nominal_ 
  Interconnect mode:      placement
  Area mode:              physical library
============================================================


Path 1: MET (7 ps) Late External Delay Assertion at pin result_o[31]
           View: slow_0p9v_125c_cmax_func
          Group: clk_i_virtual
     Startpoint: (R) operand_a_i_sr_reg_0/CK
          Clock: (R) clk_i
       Endpoint: (F) result_o[31]
          Clock: (R) clk_i_virtual

                     Capture       Launch     
        Clock Edge:+    5000            0     
       Src Latency:+       0            0     
       Net Latency:+       0 (I)        0 (I) 
           Arrival:=    5000            0     
                                              
      Output Delay:-    1500                  
       Uncertainty:-      55                  
     Required Time:=    3445                  
      Launch Clock:-       0                  
         Data Path:-    3438                  
             Slack:=       7                  

Exceptions/Constraints:
  output_delay             1500            func.sdc.gz_line_773   

Launch clock path:
#---------------------------------------------------------------------------------------------------------------------
#      Timing Point        Flags    Arc   Edge    Cell      Power  Fanout Load Trans Delay Arrival      Instance      
#                                                           Domain        (fF)  (ps)  (ps)   (ps)       Location      
#---------------------------------------------------------------------------------------------------------------------
  clk_i                   (i)       -     R     (arrival)   pd_aon     65  0.0     0     0      -4              (-,-) 
  operand_a_i_sr_reg_0/CK <<< (p,m) -     R     SDFFSRHQX2  pd_aon     65    -     0     0      -4  (15.8000,46.1700) 
#---------------------------------------------------------------------------------------------------------------------

#----------------------------------------------------------------------------------------------------------------------------------------
#                Timing Point                  Flags   Arc   Edge    Cell      Power  Fanout Load Trans Delay Arrival      Instance      
#                                                                              Domain        (fF)  (ps)  (ps)   (ps)       Location      
#----------------------------------------------------------------------------------------------------------------------------------------
  operand_a_i_sr_reg_0/CK                      -       -     R     (arrival)   pd_aon     65    -     0     0       0              (-,-) 
  operand_a_i_sr_reg_0/Q                       (@,p,m) CK->Q F     SDFFSRHQX2  pd_aon      6  8.2   119   320     320  (15.8000,46.1700) 
  fopt4059/Y                                   (@,m)   A->Y  R     INVX2       pd_aon     12  9.8   126   136     456  (66.4000,51.3000) 
  WALLACE_CSA_DUMMY_OP_groupi57_g3605__4319/Y  (@,m)   B->Y  F     NOR2XL      pd_aon      2  0.7    74   124     580  (78.0000,61.5600) 
  fopt3872/Y                                   (@,m)   A->Y  R     INVX1       pd_aon      2  0.7    35    63     644  (79.6000,61.5600) 
  WALLACE_CSA_DUMMY_OP_groupi57_g3572__7098/Y  (@,m)   A->Y  F     MXI2XL      pd_aon      1  0.8   155   145     789  (78.6000,59.8500) 
  WALLACE_CSA_DUMMY_OP_groupi57_g3546__2346/Y  (@,m)   B->Y  F     XNOR2XL     pd_aon      2  1.2    70   195     984  (82.2000,58.1400) 
  WALLACE_CSA_DUMMY_OP_groupi57_g3475__5477/S  (@,m)   A->S  R     ADDHXL      pd_aon      1  0.9    49   222    1206  (83.4000,53.0100) 
  WALLACE_CSA_DUMMY_OP_groupi57_g3799__6131/Y  (@,m)   S0->Y R     MXI2X1      pd_aon      1  1.4   109   130    1335  (80.2000,53.0100) 
  WALLACE_CSA_DUMMY_OP_groupi57_g3398__7410/CO (@,m)   B->CO R     ADDFX1      pd_aon      2  1.5    58   265    1600  (72.4000,51.3000) 
  WALLACE_CSA_DUMMY_OP_groupi57_g3391__9315/Y  (@,m)   A->Y  F     NAND2XL     pd_aon      2  0.8   123   132    1732  (86.4000,51.3000) 
  WALLACE_CSA_DUMMY_OP_groupi57_g3375__3680/Y  (@,m)   B->Y  R     NOR2X1      pd_aon      1  1.6   116   143    1875  (89.4000,53.0100) 
  WALLACE_CSA_DUMMY_OP_groupi57_g3363__1666/Y  (@,m)   C->Y  F     NOR3X4      pd_aon      2  2.6    57    88    1963  (89.8000,56.4300) 
  FE_RC_242_0/Y                                (@,m)   A1->Y R     OAI21X4     pd_aon      3  2.1    62    75    2038  (86.8000,68.4000) 
  FE_RC_104_0/Y                                (@,m)   B->Y  F     NAND2BX2    pd_aon      1  0.7    64    80    2118  (81.6000,75.2400) 
  FE_RC_103_0/Y                                (@,m)   B->Y  R     NAND2X2     pd_aon      2  1.3    45    56    2174  (81.6000,75.2400) 
  fopt3910/Y                                   (@,m)   A->Y  F     INVX1       pd_aon      2  1.3    49    59    2232  (83.6000,82.0800) 
  FE_RC_149_0/Y                                (@,m)   C->Y  R     NOR3BX2     pd_aon      2  1.0    92    86    2319  (80.8000,83.7900) 
  FE_RC_148_0/Y                                (@,m)   B->Y  F     NOR2X2      pd_aon      1  2.0    54    82    2401  (80.4000,85.5000) 
  FE_RC_147_0/Y                                (@,m)   A1->Y R     OAI21X4     pd_aon      3  3.1    72    80    2481  (71.4000,87.2100) 
  FE_RC_244_0/Y                                (@,m)   B->Y  F     NAND2X2     pd_aon      1  0.7    64    84    2566  (61.0000,95.7600) 
  FE_RC_243_0/Y                                (@,m)   B->Y  R     NAND2X2     pd_aon      3  1.9    50    58    2624  (61.0000,95.7600) 
  FE_RC_271_0/Y                                (@,m)   B->Y  F     NAND2X1     pd_aon      1  0.7    79    86    2710  (55.8000,95.7600) 
  FE_RC_270_0/Y                                (@,m)   B->Y  R     NAND2X2     pd_aon      3  2.1    53    68    2779  (55.8000,95.7600) 
  FE_RC_285_0/Y                                (@,m)   B->Y  F     NAND2X2     pd_aon      1  1.3    80    86    2864  (53.6000,97.4700) 
  FE_RC_284_0/Y                                (@,m)   B->Y  R     NAND2X4     pd_aon      4  3.5    49    63    2928  (53.6000,97.4700) 
  FE_RC_161_0/Y                                (@,m)   B->Y  F     NOR2XL      pd_aon      1  0.9    71    73    3001  (50.0000,97.4700) 
  FE_RC_156_0/Y                                (@,m)   C0->Y R     AOI211X2    pd_aon      1  1.7   120   123    3124  (49.2000,95.7600) 
  FE_RC_155_0/Y                                (@,m)   B->Y  F     NAND2X4     pd_aon      1  7.7   156   158    3282  (47.0000,95.7600) 
  FE_OFC45_result_o_31/Y                       (@,m)   A->Y  F     CLKBUFX20   pd_aon      1 10.3    40   155    3438   (50.2000,3.4200) 
  result_o[31]                                 -       -     F     (port)      pd_aon      -    -     -     0    3438              (-,-) 
#----------------------------------------------------------------------------------------------------------------------------------------

(p) : Instance is preserved but may be resized
(@) : Annotated capacitance.
(m) : Attribute cell_delay_multiplier is modified for this library cell.



Path 2: MET (7 ps) Late External Delay Assertion at pin result_o[63]
           View: slow_0p9v_125c_cmax_func
          Group: clk_i_virtual
     Startpoint: (R) operand_b_i_sr_reg_9/CK
          Clock: (R) clk_i
       Endpoint: (F) result_o[63]
          Clock: (R) clk_i_virtual

                     Capture       Launch     
        Clock Edge:+    5000            0     
       Src Latency:+       0            0     
       Net Latency:+       0 (I)        0 (I) 
           Arrival:=    5000            0     
                                              
      Output Delay:-    1500                  
       Uncertainty:-      55                  
     Required Time:=    3445                  
      Launch Clock:-       0                  
         Data Path:-    3438                  
             Slack:=       7                  

Exceptions/Constraints:
  output_delay             1500            func.sdc.gz_line_798   

Launch clock path:
#---------------------------------------------------------------------------------------------------------------------
#      Timing Point        Flags    Arc   Edge    Cell      Power  Fanout Load Trans Delay Arrival      Instance      
#                                                           Domain        (fF)  (ps)  (ps)   (ps)       Location      
#---------------------------------------------------------------------------------------------------------------------
  clk_i                   (i)       -     R     (arrival)   pd_aon     65  0.0     0     0      -4              (-,-) 
  operand_b_i_sr_reg_9/CK <<< (p,m) -     R     SDFFSRHQX1  pd_aon     65    -     0     0      -4  (16.6000,37.6200) 
#---------------------------------------------------------------------------------------------------------------------

#-----------------------------------------------------------------------------------------------------------------------------------------
#                Timing Point                  Flags    Arc   Edge    Cell      Power  Fanout Load Trans Delay Arrival      Instance      
#                                                                               Domain        (fF)  (ps)  (ps)   (ps)       Location      
#-----------------------------------------------------------------------------------------------------------------------------------------
  operand_b_i_sr_reg_9/CK                      -       -      R     (arrival)   pd_aon     65    -     0     0       0              (-,-) 
  operand_b_i_sr_reg_9/Q                       (@,p,m) CK->Q  F     SDFFSRHQX1  pd_aon      3  4.3   121   305     305  (16.6000,37.6200) 
  FE_OFC182_operand_b_i_sr_9/Y                 (@,m)   A->Y   R     INVX3       pd_aon     13  9.9    92   113     418  (37.6000,51.3000) 
  FE_OFC183_operand_b_i_sr_9/Y                 (@,m)   A->Y   F     INVX1       pd_aon      3  2.7    91   109     528  (56.6000,61.5600) 
  WALLACE_CSA_DUMMY_OP_groupi59_g3701__9945/Y  (@,m)   B->Y   F     AND2XL      pd_aon      1  0.9    55   111     639  (45.6000,75.2400) 
  WALLACE_CSA_DUMMY_OP_groupi59_g3516__1705/CO (@,m)   A->CO  F     ADDFXL      pd_aon      1  0.9    63   196     835  (42.8000,76.9500) 
  WALLACE_CSA_DUMMY_OP_groupi59_g3443__6131/S  (@,m)   CI->S  R     ADDFXL      pd_aon      1  1.4    73   307    1142  (41.2000,82.0800) 
  WALLACE_CSA_DUMMY_OP_groupi59_g3397__1705/S  (@,m)   B->S   F     ADDFHXL     pd_aon      1  1.5    72   318    1461  (39.6000,80.3700) 
  WALLACE_CSA_DUMMY_OP_groupi59_g3355__4319/S  (@,m)   B->S   R     ADDFXL      pd_aon      3  1.8    86   328    1788  (32.6000,78.6600) 
  WALLACE_CSA_DUMMY_OP_groupi59_g3346__2346/Y  (@,m)   B->Y   F     XOR2XL      pd_aon      2  0.6    43   180    1969  (25.6000,73.5300) 
  WALLACE_CSA_DUMMY_OP_groupi59_g2__9945/Y     (@,m)   B->Y   F     OR2X1       pd_aon      2  1.3    53   133    2101  (25.6000,71.8200) 
  FE_RC_241_0/Y                                (@,m)   A0->Y  R     AOI21X2     pd_aon      1  1.7    76    98    2199  (26.8000,70.1100) 
  FE_RC_20_0/Y                                 (@,m)   B0->Y  F     OAI31X4     pd_aon      3  1.5    88   117    2316  (22.2000,70.1100) 
  FE_RC_116_0/Y                                (@,m)   B->Y   R     NAND2BX2    pd_aon      1  0.9    34    66    2382  (23.2000,75.2400) 
  FE_RC_115_0/Y                                (@,m)   B->Y   F     NAND2X2     pd_aon      3  1.8    90    82    2464  (23.2000,75.2400) 
  FE_RC_81_0/Y                                 (@,m)   B->Y   R     NAND2X2     pd_aon      1  1.6    42    72    2536  (23.4000,78.6600) 
  FE_RC_80_0/Y                                 (@,m)   B->Y   F     NAND2X4     pd_aon      3  2.0    70    71    2607  (23.4000,78.6600) 
  FE_RC_25_0/Y                                 (@,m)   B->Y   R     NAND2X2     pd_aon      1  0.9    31    56    2663  (21.6000,82.0800) 
  FE_RC_24_0/Y                                 (@,m)   B->Y   F     NAND2X2     pd_aon      3  1.4    78    74    2736  (21.6000,82.0800) 
  FE_RC_215_0/Y                                (@,m)   B->Y   R     NAND2X1     pd_aon      1  0.5    34    64    2800  (21.2000,83.7900) 
  FE_RC_214_0/Y                                (@,m)   B->Y   F     NAND2X1     pd_aon      1  0.9    86    82    2882  (21.2000,83.7900) 
  WALLACE_CSA_DUMMY_OP_groupi59_g3322__8428/CO (@,m)   CI->CO F     ADDFHX2     pd_aon      2  0.8    50   218    3100  (18.2000,85.5000) 
  FE_RC_178_0/Y                                (@,m)   A0->Y  F     AO21X4      pd_aon      1  7.2    84   218    3318  (17.6000,85.5000) 
  FE_OFC281_result_o_63/Y                      (@,m)   A->Y   F     CLKBUFX20   pd_aon      1 10.5    40   119    3437   (18.2000,3.4200) 
  result_o[63]                                 -       -      F     (port)      pd_aon      -    -     -     0    3438              (-,-) 
#-----------------------------------------------------------------------------------------------------------------------------------------

(p) : Instance is preserved but may be resized
(@) : Annotated capacitance.
(m) : Attribute cell_delay_multiplier is modified for this library cell.



Path 3: MET (15 ps) Late External Delay Assertion at pin result_o[62]
           View: slow_0p9v_125c_cmax_func
          Group: clk_i_virtual
     Startpoint: (R) operand_b_i_sr_reg_9/CK
          Clock: (R) clk_i
       Endpoint: (R) result_o[62]
          Clock: (R) clk_i_virtual

                     Capture       Launch     
        Clock Edge:+    5000            0     
       Src Latency:+       0            0     
       Net Latency:+       0 (I)        0 (I) 
           Arrival:=    5000            0     
                                              
      Output Delay:-    1500                  
       Uncertainty:-      55                  
     Required Time:=    3445                  
      Launch Clock:-       0                  
         Data Path:-    3430                  
             Slack:=      15                  

Exceptions/Constraints:
  output_delay             1500            func.sdc.gz_line_785   

Launch clock path:
#---------------------------------------------------------------------------------------------------------------------
#      Timing Point        Flags    Arc   Edge    Cell      Power  Fanout Load Trans Delay Arrival      Instance      
#                                                           Domain        (fF)  (ps)  (ps)   (ps)       Location      
#---------------------------------------------------------------------------------------------------------------------
  clk_i                   (i)       -     R     (arrival)   pd_aon     65  0.0     0     0      -4              (-,-) 
  operand_b_i_sr_reg_9/CK <<< (p,m) -     R     SDFFSRHQX1  pd_aon     65    -     0     0      -4  (16.6000,37.6200) 
#---------------------------------------------------------------------------------------------------------------------

#----------------------------------------------------------------------------------------------------------------------------------------
#                Timing Point                  Flags   Arc   Edge    Cell      Power  Fanout Load Trans Delay Arrival      Instance      
#                                                                              Domain        (fF)  (ps)  (ps)   (ps)       Location      
#----------------------------------------------------------------------------------------------------------------------------------------
  operand_b_i_sr_reg_9/CK                      -       -     R     (arrival)   pd_aon     65    -     0     0       0              (-,-) 
  operand_b_i_sr_reg_9/Q                       (@,p,m) CK->Q F     SDFFSRHQX1  pd_aon      3  4.3   121   305     305  (16.6000,37.6200) 
  FE_OFC182_operand_b_i_sr_9/Y                 (@,m)   A->Y  R     INVX3       pd_aon     13  9.9    92   113     418  (37.6000,51.3000) 
  FE_OFC183_operand_b_i_sr_9/Y                 (@,m)   A->Y  F     INVX1       pd_aon      3  2.7    91   109     528  (56.6000,61.5600) 
  WALLACE_CSA_DUMMY_OP_groupi59_g3701__9945/Y  (@,m)   B->Y  F     AND2XL      pd_aon      1  0.9    55   111     639  (45.6000,75.2400) 
  WALLACE_CSA_DUMMY_OP_groupi59_g3516__1705/CO (@,m)   A->CO F     ADDFXL      pd_aon      1  0.9    63   196     835  (42.8000,76.9500) 
  WALLACE_CSA_DUMMY_OP_groupi59_g3443__6131/S  (@,m)   CI->S R     ADDFXL      pd_aon      1  1.4    73   307    1142  (41.2000,82.0800) 
  WALLACE_CSA_DUMMY_OP_groupi59_g3397__1705/S  (@,m)   B->S  F     ADDFHXL     pd_aon      1  1.5    72   318    1461  (39.6000,80.3700) 
  WALLACE_CSA_DUMMY_OP_groupi59_g3355__4319/S  (@,m)   B->S  R     ADDFXL      pd_aon      3  1.8    86   328    1788  (32.6000,78.6600) 
  WALLACE_CSA_DUMMY_OP_groupi59_g3346__2346/Y  (@,m)   B->Y  F     XOR2XL      pd_aon      2  0.6    43   180    1969  (25.6000,73.5300) 
  WALLACE_CSA_DUMMY_OP_groupi59_g2__9945/Y     (@,m)   B->Y  F     OR2X1       pd_aon      2  1.3    53   133    2101  (25.6000,71.8200) 
  FE_RC_241_0/Y                                (@,m)   A0->Y R     AOI21X2     pd_aon      1  1.7    76    98    2199  (26.8000,70.1100) 
  FE_RC_20_0/Y                                 (@,m)   B0->Y F     OAI31X4     pd_aon      3  1.5    88   117    2316  (22.2000,70.1100) 
  FE_RC_116_0/Y                                (@,m)   B->Y  R     NAND2BX2    pd_aon      1  0.9    34    66    2382  (23.2000,75.2400) 
  FE_RC_115_0/Y                                (@,m)   B->Y  F     NAND2X2     pd_aon      3  1.8    90    82    2464  (23.2000,75.2400) 
  FE_RC_81_0/Y                                 (@,m)   B->Y  R     NAND2X2     pd_aon      1  1.6    42    72    2536  (23.4000,78.6600) 
  FE_RC_80_0/Y                                 (@,m)   B->Y  F     NAND2X4     pd_aon      3  2.0    70    71    2607  (23.4000,78.6600) 
  FE_RC_25_0/Y                                 (@,m)   B->Y  R     NAND2X2     pd_aon      1  0.9    31    56    2663  (21.6000,82.0800) 
  FE_RC_24_0/Y                                 (@,m)   B->Y  F     NAND2X2     pd_aon      3  1.4    78    74    2736  (21.6000,82.0800) 
  FE_RC_215_0/Y                                (@,m)   B->Y  R     NAND2X1     pd_aon      1  0.5    34    64    2800  (21.2000,83.7900) 
  FE_RC_214_0/Y                                (@,m)   B->Y  F     NAND2X1     pd_aon      1  0.9    86    82    2882  (21.2000,83.7900) 
  WALLACE_CSA_DUMMY_OP_groupi59_g3322__8428/S  (@,m)   CI->S R     ADDFHX2     pd_aon      1  7.3   116   400    3282  (18.2000,85.5000) 
  FE_OFC280_result_o_62/Y                      (@,m)   A->Y  R     CLKBUFX20   pd_aon      1 10.5    40   147    3429   (19.2000,3.4200) 
  result_o[62]                                 -       -     R     (port)      pd_aon      -    -     -     1    3430              (-,-) 
#----------------------------------------------------------------------------------------------------------------------------------------

(p) : Instance is preserved but may be resized
(@) : Annotated capacitance.
(m) : Attribute cell_delay_multiplier is modified for this library cell.



Path 4: MET (17 ps) Late External Delay Assertion at pin result_o[61]
           View: slow_0p9v_125c_cmax_func
          Group: clk_i_virtual
     Startpoint: (R) operand_a_i_sr_reg_17/CK
          Clock: (R) clk_i
       Endpoint: (R) result_o[61]
          Clock: (R) clk_i_virtual

                     Capture       Launch     
        Clock Edge:+    5000            0     
       Src Latency:+       0            0     
       Net Latency:+       0 (I)        0 (I) 
           Arrival:=    5000            0     
                                              
      Output Delay:-    1500                  
       Uncertainty:-      55                  
     Required Time:=    3445                  
      Launch Clock:-       0                  
         Data Path:-    3428                  
             Slack:=      17                  

Exceptions/Constraints:
  output_delay             1500            func.sdc.gz_line_770   

Launch clock path:
#--------------------------------------------------------------------------------------------------------------------
#      Timing Point         Flags    Arc   Edge   Cell      Power  Fanout Load Trans Delay Arrival      Instance     
#                                                           Domain        (fF)  (ps)  (ps)   (ps)       Location     
#--------------------------------------------------------------------------------------------------------------------
  clk_i                    (i)       -     R     (arrival)  pd_aon     65  0.0     0     0      -4             (-,-) 
  operand_a_i_sr_reg_17/CK <<< (p,m) -     R     SDFFRHQX2  pd_aon     65    -     0     0      -4  (5.6000,66.6900) 
#--------------------------------------------------------------------------------------------------------------------

#---------------------------------------------------------------------------------------------------------------------------------------
#                Timing Point                  Flags   Arc   Edge   Cell      Power  Fanout Load Trans Delay Arrival      Instance      
#                                                                             Domain        (fF)  (ps)  (ps)   (ps)       Location      
#---------------------------------------------------------------------------------------------------------------------------------------
  operand_a_i_sr_reg_17/CK                     -       -     R     (arrival)  pd_aon     65    -     0     0       0              (-,-) 
  operand_a_i_sr_reg_17/Q                      (@,p,m) CK->Q R     SDFFRHQX2  pd_aon      7  8.9   115   334     334   (5.6000,66.6900) 
  FE_OFC187_operand_a_i_sr_17/Y                (@,m)   A->Y  F     INVX2      pd_aon      9  5.3    94   118     451  (50.4000,58.1400) 
  WALLACE_CSA_DUMMY_OP_groupi59_g3631__1881/Y  (@,m)   B->Y  R     NOR2XL     pd_aon      1  1.1   118   133     584  (51.0000,56.4300) 
  WALLACE_CSA_DUMMY_OP_groupi59_g3537__6260/CO (@,m)   B->CO R     ADDFXL     pd_aon      1  1.1    58   255     839  (49.2000,53.0100) 
  WALLACE_CSA_DUMMY_OP_groupi59_g3473__5122/S  (@,m)   CI->S R     ADDFXL     pd_aon      2  0.8    50   268    1108  (50.6000,49.5900) 
  WALLACE_CSA_DUMMY_OP_groupi59_g3464/Y        (@,m)   A->Y  F     INVXL      pd_aon      2  1.0    67    76    1184  (55.6000,49.5900) 
  WALLACE_CSA_DUMMY_OP_groupi59_g3799__2398/Y  (@,m)   A->Y  R     MXI2X1     pd_aon      1  1.8   128   136    1320  (54.4000,47.8800) 
  WALLACE_CSA_DUMMY_OP_groupi59_g3398__5122/CO (@,m)   B->CO R     ADDFX1     pd_aon      2  1.9    66   280    1600  (41.4000,47.8800) 
  WALLACE_CSA_DUMMY_OP_groupi59_g3391__6783/Y  (@,m)   A->Y  F     NAND2X1    pd_aon      2  0.9    88   110    1710  (30.6000,46.1700) 
  WALLACE_CSA_DUMMY_OP_groupi59_g3375__9945/Y  (@,m)   B->Y  R     NOR2X1     pd_aon      1  1.5   111   122    1832  (27.4000,46.1700) 
  WALLACE_CSA_DUMMY_OP_groupi59_g3363__1705/Y  (@,m)   C->Y  F     NOR3X4     pd_aon      2  1.3    46    80    1912  (25.2000,47.8800) 
  FE_RC_267_0/Y                                (@,m)   A1->Y R     OAI21X2    pd_aon      3  1.8    80    84    1995  (25.4000,49.5900) 
  FE_RC_254_0/Y                                (@,m)   B->Y  F     NAND2BX2   pd_aon      1  0.7    66    89    2085  (23.2000,54.7200) 
  FE_RC_253_0/Y                                (@,m)   B->Y  R     NAND2X2    pd_aon      2  2.0    52    61    2146  (23.2000,54.7200) 
  fopt3899/Y                                   (@,m)   A->Y  F     INVX2      pd_aon      2  2.1    45    58    2203  (23.6000,63.2700) 
  FE_RC_20_0/Y                                 (@,m)   A2->Y R     OAI31X4    pd_aon      3  1.7    89    90    2294  (22.2000,70.1100) 
  FE_RC_116_0/Y                                (@,m)   B->Y  F     NAND2BX2   pd_aon      1  0.7    68    95    2388  (23.2000,75.2400) 
  FE_RC_115_0/Y                                (@,m)   B->Y  R     NAND2X2    pd_aon      3  2.1    47    62    2450  (23.2000,75.2400) 
  FE_RC_81_0/Y                                 (@,m)   B->Y  F     NAND2X2    pd_aon      1  1.3    80    83    2533  (23.4000,78.6600) 
  FE_RC_80_0/Y                                 (@,m)   B->Y  R     NAND2X4    pd_aon      3  2.3    43    59    2592  (23.4000,78.6600) 
  FE_RC_25_0/Y                                 (@,m)   B->Y  F     NAND2X2    pd_aon      1  0.7    60    68    2660  (21.6000,82.0800) 
  FE_RC_24_0/Y                                 (@,m)   B->Y  R     NAND2X2    pd_aon      3  1.6    42    55    2715  (21.6000,82.0800) 
  FE_RC_213_0/Y                                (@,m)   B->Y  F     NAND2BXL   pd_aon      1  0.7   124   112    2827  (21.2000,83.7900) 
  FE_RC_208_0/Y                                (@,m)   B0->Y R     OAI21X2    pd_aon      1  3.0   109   100    2927  (21.2000,83.7900) 
  FE_OFC8_result_o_61/Y                        (@,m)   A->Y  F     INVXL      pd_aon      1  2.8   157   166    3093  (20.2000,42.7500) 
  FE_OFC9_result_o_61/Y                        (@,m)   A->Y  R     INVXL      pd_aon      1  0.3    44   120    3213   (20.2000,3.4200) 
  FE_OFC10_result_o_61/Y                       (@,m)   A->Y  R     BUFX2      pd_aon      1  2.2    38   110    3323   (20.2000,3.4200) 
  FE_OFC232_result_o_61/Y                      (@,m)   A->Y  R     CLKBUFX20  pd_aon      1 10.5    38   105    3428   (20.2000,3.4200) 
  result_o[61]                                 -       -     R     (port)     pd_aon      -    -     -     0    3428              (-,-) 
#---------------------------------------------------------------------------------------------------------------------------------------

(p) : Instance is preserved but may be resized
(@) : Annotated capacitance.
(m) : Attribute cell_delay_multiplier is modified for this library cell.



Path 5: MET (18 ps) Late External Delay Assertion at pin result_o[15]
           View: slow_0p9v_125c_cmax_func
          Group: clk_i_virtual
     Startpoint: (R) operand_a_i_sr_reg_4/CK
          Clock: (R) clk_i
       Endpoint: (F) result_o[15]
          Clock: (R) clk_i_virtual

                     Capture       Launch     
        Clock Edge:+    5000            0     
       Src Latency:+       0            0     
       Net Latency:+       0 (I)        0 (I) 
           Arrival:=    5000            0     
                                              
      Output Delay:-    1500                  
       Uncertainty:-      55                  
     Required Time:=    3445                  
      Launch Clock:-       0                  
         Data Path:-    3427                  
             Slack:=      18                  

Exceptions/Constraints:
  output_delay             1500            func.sdc.gz_line_811   

Launch clock path:
#---------------------------------------------------------------------------------------------------------------------
#      Timing Point        Flags    Arc   Edge    Cell      Power  Fanout Load Trans Delay Arrival      Instance      
#                                                           Domain        (fF)  (ps)  (ps)   (ps)       Location      
#---------------------------------------------------------------------------------------------------------------------
  clk_i                   (i)       -     R     (arrival)   pd_aon     65  0.0     0     0      -4              (-,-) 
  operand_a_i_sr_reg_4/CK <<< (p,m) -     R     SDFFSRHQX2  pd_aon     65    -     0     0      -4  (14.4000,58.1400) 
#---------------------------------------------------------------------------------------------------------------------

#---------------------------------------------------------------------------------------------------------------------------------------
#               Timing Point                 Flags    Arc   Edge    Cell      Power  Fanout Load Trans Delay Arrival      Instance      
#                                                                             Domain        (fF)  (ps)  (ps)   (ps)       Location      
#---------------------------------------------------------------------------------------------------------------------------------------
  operand_a_i_sr_reg_4/CK                    -       -      R     (arrival)   pd_aon     65    -     0     0       0              (-,-) 
  operand_a_i_sr_reg_4/Q                     (@,p,m) CK->Q  F     SDFFSRHQX2  pd_aon      8  9.9   140   332     332  (14.4000,58.1400) 
  FE_OFC135_operand_a_i_sr_4/Y               (@,m)   A->Y   R     INVX3       pd_aon      5  9.2    89   120     452  (24.0000,58.1400) 
  FE_OFC136_operand_a_i_sr_4/Y               (@,m)   A->Y   F     INVX3       pd_aon      6  6.1    74    90     542  (58.0000,58.1400) 
  WALLACE_CSA_DUMMY_OP_groupi_g3706__2346/Y  (@,m)   A->Y   F     CLKAND2X2   pd_aon      1  1.7    40   137     679  (62.8000,46.1700) 
  WALLACE_CSA_DUMMY_OP_groupi_g3527__4733/S  (@,m)   A->S   R     ADDFXL      pd_aon      1  1.4    73   291     970  (70.6000,46.1700) 
  WALLACE_CSA_DUMMY_OP_groupi_g3436__8428/S  (@,m)   B->S   F     ADDFHXL     pd_aon      1  1.4    66   314    1284  (74.6000,46.1700) 
  WALLACE_CSA_DUMMY_OP_groupi_g3405__7098/S  (@,m)   CI->S  R     ADDFXL      pd_aon      1  1.2    63   303    1588  (81.8000,41.0400) 
  WALLACE_CSA_DUMMY_OP_groupi_g3373__5115/S  (@,m)   CI->S  F     ADDFX1      pd_aon      2  1.9    79   326    1913  (83.8000,30.7800) 
  WALLACE_CSA_DUMMY_OP_groupi_g3370__6131/Y  (@,m)   B->Y   R     NOR2X2      pd_aon      2  1.4    63    83    1996  (87.6000,17.1000) 
  FE_RC_146_0/Y                              (@,m)   A1->Y  F     OAI21X2     pd_aon      3  1.2    87   100    2096  (85.8000,11.9700) 
  FE_RC_66_0/Y                               (@,m)   B->Y   R     NAND2BX1    pd_aon      1  0.9    44    75    2171   (83.0000,8.5500) 
  FE_RC_65_0/Y                               (@,m)   B->Y   F     NAND2X2     pd_aon      2  0.9    67    73    2244   (83.0000,8.5500) 
  fopt3913/Y                                 (@,m)   A->Y   R     INVX1       pd_aon      2  1.4    46    66    2311   (84.0000,5.1300) 
  FE_RC_79_0/Y                               (@,m)   A2->Y  F     OAI31X2     pd_aon      3  1.2   101    94    2405   (79.0000,5.1300) 
  FE_RC_11_0/Y                               (@,m)   B->Y   R     NAND2BX1    pd_aon      1  0.9    46    84    2489   (72.8000,5.1300) 
  FE_RC_10_0/Y                               (@,m)   B->Y   F     NAND2X2     pd_aon      5  2.0    95    92    2581   (72.8000,5.1300) 
  FE_RC_184_0/Y                              (@,m)   A->Y   R     NAND2X2     pd_aon      1  1.6    46    79    2659   (71.4000,6.8400) 
  FE_RC_183_0/Y                              (@,m)   C->Y   F     NAND3X4     pd_aon      3  1.6   112   105    2765   (69.8000,8.5500) 
  FE_RC_58_0/Y                               (@,m)   B->Y   R     NAND2X1     pd_aon      1  0.5    40    86    2851   (64.0000,3.4200) 
  FE_RC_57_0/Y                               (@,m)   B->Y   F     NAND2X1     pd_aon      1  0.7    74    78    2929   (64.0000,3.4200) 
  WALLACE_CSA_DUMMY_OP_groupi_g3322__5107/CO (@,m)   CI->CO F     ADDFX1      pd_aon      2  1.2    59   213    3142   (62.4000,5.1300) 
  FE_RC_280_0/Y                              (@,m)   B->Y   R     NOR2BX1     pd_aon      1  0.8    68    80    3221   (61.2000,3.4200) 
  FE_RC_283_0/Y                              (@,m)   B0->Y  F     AOI21X2     pd_aon      1  2.3   116    71    3292   (61.2000,3.4200) 
  FE_OFC275_result_o_15/Y                    (@,m)   A->Y   F     CLKBUFX20   pd_aon      1 10.5    40   134    3426   (66.6000,3.4200) 
  result_o[15]                               -       -      F     (port)      pd_aon      -    -     -     1    3427              (-,-) 
#---------------------------------------------------------------------------------------------------------------------------------------

(p) : Instance is preserved but may be resized
(@) : Annotated capacitance.
(m) : Attribute cell_delay_multiplier is modified for this library cell.



Path 6: MET (20 ps) Late External Delay Assertion at pin result_o[47]
           View: slow_0p9v_125c_cmax_func
          Group: clk_i_virtual
     Startpoint: (R) operand_b_i_sr_reg_17/CK
          Clock: (R) clk_i
       Endpoint: (R) result_o[47]
          Clock: (R) clk_i_virtual

                     Capture       Launch     
        Clock Edge:+    5000            0     
       Src Latency:+       0            0     
       Net Latency:+       0 (I)        0 (I) 
           Arrival:=    5000            0     
                                              
      Output Delay:-    1500                  
       Uncertainty:-      55                  
     Required Time:=    3445                  
      Launch Clock:-       0                  
         Data Path:-    3424                  
             Slack:=      20                  

Exceptions/Constraints:
  output_delay             1500            func.sdc.gz_line_772   

Launch clock path:
#----------------------------------------------------------------------------------------------------------------------
#      Timing Point         Flags    Arc   Edge    Cell      Power  Fanout Load Trans Delay Arrival      Instance      
#                                                            Domain        (fF)  (ps)  (ps)   (ps)       Location      
#----------------------------------------------------------------------------------------------------------------------
  clk_i                    (i)       -     R     (arrival)   pd_aon     65  0.0     0     0      -4              (-,-) 
  operand_b_i_sr_reg_17/CK <<< (p,m) -     R     SDFFSRHQX2  pd_aon     65    -     0     0      -4  (14.8000,34.2000) 
#----------------------------------------------------------------------------------------------------------------------

#-----------------------------------------------------------------------------------------------------------------------------------------
#                Timing Point                  Flags    Arc   Edge    Cell      Power  Fanout Load Trans Delay Arrival      Instance      
#                                                                               Domain        (fF)  (ps)  (ps)   (ps)       Location      
#-----------------------------------------------------------------------------------------------------------------------------------------
  operand_b_i_sr_reg_17/CK                     -       -      R     (arrival)   pd_aon     65    -     0     0       0              (-,-) 
  operand_b_i_sr_reg_17/Q                      (@,p,m) CK->Q  R     SDFFSRHQX2  pd_aon      8  9.6   113   289     289  (14.8000,34.2000) 
  fopt4032/Y                                   (@,m)   A->Y   F     INVX2       pd_aon     10  7.0   114   128     418  (55.2000,34.2000) 
  WALLACE_CSA_DUMMY_OP_groupi58_g3612__5477/Y  (@,m)   A->Y   R     NOR2XL      pd_aon      2  1.6   151   173     591  (45.6000,39.3300) 
  WALLACE_CSA_DUMMY_OP_groupi58_g3593/Y        (@,m)   A->Y   F     INVXL       pd_aon      2  0.9    81   147     738  (45.6000,23.9400) 
  WALLACE_CSA_DUMMY_OP_groupi58_g3579__3680/Y  (@,m)   B->Y   R     NOR2X1      pd_aon      1  1.0    75    95     833  (44.0000,23.9400) 
  WALLACE_CSA_DUMMY_OP_groupi58_g3480__9945/S  (@,m)   B->S   F     ADDFXL      pd_aon      1  1.2    82   331    1164  (39.4000,23.9400) 
  WALLACE_CSA_DUMMY_OP_groupi58_g3413__7410/S  (@,m)   B->S   R     ADDFXL      pd_aon      2  1.2    65   319    1484  (43.8000,20.5200) 
  WALLACE_CSA_DUMMY_OP_groupi58_g3401__5115/Y  (@,m)   B->Y   F     XNOR2X1     pd_aon      2  1.3    51   168    1652  (46.6000,13.6800) 
  WALLACE_CSA_DUMMY_OP_groupi58_g3381__5107/Y  (@,m)   B->Y   R     NOR2X2      pd_aon      3  1.1    61    64    1716   (46.4000,8.5500) 
  WALLACE_CSA_DUMMY_OP_groupi58_g3377__6417/Y  (@,m)   B->Y   F     NOR2XL      pd_aon      1  0.5    57    72    1788   (49.6000,6.8400) 
  WALLACE_CSA_DUMMY_OP_groupi58_g3363__7098/Y  (@,m)   B->Y   R     NOR3X1      pd_aon      2  1.2   130   142    1930   (46.2000,6.8400) 
  WALLACE_CSA_DUMMY_OP_groupi58_g3353__8428/Y  (@,m)   A1->Y  F     OAI21X1     pd_aon      1  0.7    93   147    2078   (42.2000,6.8400) 
  WALLACE_CSA_DUMMY_OP_groupi58_g3334__4733/CO (@,m)   CI->CO F     ADDFX1      pd_aon      2  1.1    58   222    2299   (39.2000,8.5500) 
  fopt3907/Y                                   (@,m)   A->Y   R     INVX1       pd_aon      2  1.5    48    63    2362   (41.8000,5.1300) 
  FE_RC_1_0/Y                                  (@,m)   A2->Y  F     OAI31X2     pd_aon      3  1.0    97    92    2454   (35.0000,6.8400) 
  FE_RC_182_0/Y                                (@,m)   B->Y   R     NAND2BX1    pd_aon      1  0.9    47    82    2536   (36.4000,5.1300) 
  FE_RC_180_0/Y                                (@,m)   B->Y   F     NAND2BX2    pd_aon      3  1.8    91    89    2625   (35.4000,5.1300) 
  FE_RC_293_0/Y                                (@,m)   B->Y   R     NAND2X1     pd_aon      1  0.9    44    77    2702   (28.6000,5.1300) 
  FE_RC_292_0/Y                                (@,m)   B->Y   F     NAND2X2     pd_aon      3  1.3    76    78    2780   (28.6000,5.1300) 
  FE_RC_3_0/Y                                  (@,m)   B->Y   R     NAND2X2     pd_aon      1  1.6    40    64    2844   (27.4000,3.4200) 
  FE_RC_2_0/Y                                  (@,m)   B->Y   F     NAND2X4     pd_aon      5  1.9    68    70    2914   (27.4000,3.4200) 
  FE_RC_221_0/Y                                (@,m)   B->Y   R     NAND2X2     pd_aon      1  1.0    34    56    2970   (24.6000,5.1300) 
  FE_RC_282_0/Y                                (@,m)   C->Y   F     NAND3X2     pd_aon      2  0.8   108    98    3068   (21.6000,5.1300) 
  FE_RC_34_0/Y                                 (@,m)   B->Y   R     NOR2XL      pd_aon      1  0.4    59   104    3171   (20.2000,3.4200) 
  FE_RC_266_0/Y                                (@,m)   B0->Y  R     AO21X1      pd_aon      1  2.6    73   129    3300   (18.0000,3.4200) 
  FE_OFC223_result_o_47/Y                      (@,m)   A->Y   R     CLKBUFX20   pd_aon      1 10.5    39   124    3424   (27.0000,3.4200) 
  result_o[47]                                 -       -      R     (port)      pd_aon      -    -     -     1    3424              (-,-) 
#-----------------------------------------------------------------------------------------------------------------------------------------

(p) : Instance is preserved but may be resized
(@) : Annotated capacitance.
(m) : Attribute cell_delay_multiplier is modified for this library cell.



Path 7: MET (22 ps) Late External Delay Assertion at pin result_o[30]
           View: slow_0p9v_125c_cmax_func
          Group: clk_i_virtual
     Startpoint: (R) operand_b_i_sr_reg_27/CK
          Clock: (R) clk_i
       Endpoint: (F) result_o[30]
          Clock: (R) clk_i_virtual

                     Capture       Launch     
        Clock Edge:+    5000            0     
       Src Latency:+       0            0     
       Net Latency:+       0 (I)        0 (I) 
           Arrival:=    5000            0     
                                              
      Output Delay:-    1500                  
       Uncertainty:-      55                  
     Required Time:=    3445                  
      Launch Clock:-       0                  
         Data Path:-    3423                  
             Slack:=      22                  

Exceptions/Constraints:
  output_delay             1500            func.sdc.gz_line_758   

Launch clock path:
#----------------------------------------------------------------------------------------------------------------------
#      Timing Point         Flags    Arc   Edge    Cell      Power  Fanout Load Trans Delay Arrival      Instance      
#                                                            Domain        (fF)  (ps)  (ps)   (ps)       Location      
#----------------------------------------------------------------------------------------------------------------------
  clk_i                    (i)       -     R     (arrival)   pd_aon     65  0.0     0     0      -4              (-,-) 
  operand_b_i_sr_reg_27/CK <<< (p,m) -     R     SDFFSRHQX4  pd_aon     65    -     0     0      -4  (15.8000,47.8800) 
#----------------------------------------------------------------------------------------------------------------------

#---------------------------------------------------------------------------------------------------------------------------------------
#                Timing Point                 Flags   Arc   Edge    Cell      Power  Fanout Load Trans Delay Arrival      Instance      
#                                                                             Domain        (fF)  (ps)  (ps)   (ps)       Location      
#---------------------------------------------------------------------------------------------------------------------------------------
  operand_b_i_sr_reg_27/CK                    -       -     R     (arrival)   pd_aon     65    -     0     0       0              (-,-) 
  operand_b_i_sr_reg_27/Q                     (@,p,m) CK->Q F     SDFFSRHQX4  pd_aon     14 14.1   109   338     338  (15.8000,47.8800) 
  WALLACE_CSA_DUMMY_OP_groupi57_g3650__4733/Y (@,m)   A->Y  F     AND2XL      pd_aon      3  2.6   136   175     513  (68.4000,68.4000) 
  WALLACE_CSA_DUMMY_OP_groupi57_g3598/Y       (@,m)   A->Y  R     INVX1       pd_aon      2  0.9    48   103     616  (84.0000,78.6600) 
  WALLACE_CSA_DUMMY_OP_groupi57_g3576__5115/Y (@,m)   B->Y  F     NOR2XL      pd_aon      1  0.5    57    62     678  (86.4000,76.9500) 
  WALLACE_CSA_DUMMY_OP_groupi57_g3571__8246/Y (@,m)   B0->Y R     AOI21X1     pd_aon      2  0.8    73    86     764  (85.2000,78.6600) 
  WALLACE_CSA_DUMMY_OP_groupi57_g3553/Y       (@,m)   A->Y  F     INVXL       pd_aon      1  0.3    34    71     835  (88.6000,78.6600) 
  WALLACE_CSA_DUMMY_OP_groupi57_g3551__5477/Y (@,m)   B->Y  R     NOR2XL      pd_aon      1  0.4    69    66     901  (89.8000,78.6600) 
  WALLACE_CSA_DUMMY_OP_groupi57_g3545__2883/Y (@,m)   B->Y  F     NOR2X1      pd_aon      4  1.2    58    75     976  (89.4000,76.9500) 
  WALLACE_CSA_DUMMY_OP_groupi57_g3500/Y       (@,m)   A->Y  R     INVXL       pd_aon      1  0.4    29    54    1030  (88.6000,75.2400) 
  WALLACE_CSA_DUMMY_OP_groupi57_g3482__6783/Y (@,m)   A->Y  F     MXI2XL      pd_aon      1  0.9   162   149    1179  (88.2000,73.5300) 
  WALLACE_CSA_DUMMY_OP_groupi57_g3448__8428/Y (@,m)   B->Y  F     XNOR2XL     pd_aon      2  1.1    71   199    1378  (88.6000,63.2700) 
  WALLACE_CSA_DUMMY_OP_groupi57_g3415__1705/Y (@,m)   B->Y  R     XNOR2X1     pd_aon      2  0.6    31   196    1574  (88.8000,54.7200) 
  WALLACE_CSA_DUMMY_OP_groupi57_g3404__5107/Y (@,m)   B->Y  F     NAND2BXL    pd_aon      2  0.6   100    90    1664  (87.0000,53.0100) 
  WALLACE_CSA_DUMMY_OP_groupi57_g3391__9315/Y (@,m)   B->Y  R     NAND2XL     pd_aon      2  0.8    59    96    1760  (86.4000,51.3000) 
  WALLACE_CSA_DUMMY_OP_groupi57_g3375__3680/Y (@,m)   B->Y  F     NOR2X1      pd_aon      1  1.7    75    78    1837  (89.4000,53.0100) 
  WALLACE_CSA_DUMMY_OP_groupi57_g3363__1666/Y (@,m)   C->Y  R     NOR3X4      pd_aon      2  2.7    97    98    1936  (89.8000,56.4300) 
  FE_RC_242_0/Y                               (@,m)   A1->Y F     OAI21X4     pd_aon      3  1.9    83   114    2049  (86.8000,68.4000) 
  FE_RC_104_0/Y                               (@,m)   B->Y  R     NAND2BX2    pd_aon      1  0.9    33    64    2112  (81.6000,75.2400) 
  FE_RC_103_0/Y                               (@,m)   B->Y  F     NAND2X2     pd_aon      2  1.1    70    70    2182  (81.6000,75.2400) 
  fopt3910/Y                                  (@,m)   A->Y  R     INVX1       pd_aon      2  1.2    46    68    2251  (83.6000,82.0800) 
  FE_RC_149_0/Y                               (@,m)   C->Y  F     NOR3BX2     pd_aon      2  1.1    47    51    2301  (80.8000,83.7900) 
  FE_RC_148_0/Y                               (@,m)   B->Y  R     NOR2X2      pd_aon      1  2.1    76    76    2378  (80.4000,85.5000) 
  FE_RC_147_0/Y                               (@,m)   A1->Y F     OAI21X4     pd_aon      3  2.8    98   110    2488  (71.4000,87.2100) 
  FE_RC_244_0/Y                               (@,m)   B->Y  R     NAND2X2     pd_aon      1  0.9    35    71    2560  (61.0000,95.7600) 
  FE_RC_243_0/Y                               (@,m)   B->Y  F     NAND2X2     pd_aon      3  1.7    86    80    2639  (61.0000,95.7600) 
  FE_RC_271_0/Y                               (@,m)   B->Y  R     NAND2X1     pd_aon      1  0.9    43    74    2713  (55.8000,95.7600) 
  FE_RC_270_0/Y                               (@,m)   B->Y  F     NAND2X2     pd_aon      3  1.8    91    88    2801  (55.8000,95.7600) 
  FE_RC_285_0/Y                               (@,m)   B->Y  R     NAND2X2     pd_aon      1  1.6    42    72    2873  (53.6000,97.4700) 
  FE_RC_284_0/Y                               (@,m)   B->Y  F     NAND2X4     pd_aon      4  3.1    84    81    2954  (53.6000,97.4700) 
  FE_RC_167_0/Y                               (@,m)   B->Y  R     NAND2BX1    pd_aon      1  1.6    60    84    3038  (51.6000,97.4700) 
  FE_RC_164_0/Y                               (@,m)   B0->Y F     OAI21X4     pd_aon      1  3.7   104   112    3150  (51.6000,97.4700) 
  FE_OFC224_result_o_30/Y                     (@,m)   A->Y  F     BUFX2       pd_aon      1  5.0    82   155    3305  (53.2000,49.5900) 
  FE_OFC274_result_o_30/Y                     (@,m)   A->Y  F     CLKBUFX20   pd_aon      1 10.5    40   118    3423   (51.2000,3.4200) 
  result_o[30]                                -       -     F     (port)      pd_aon      -    -     -     0    3423              (-,-) 
#---------------------------------------------------------------------------------------------------------------------------------------

(p) : Instance is preserved but may be resized
(@) : Annotated capacitance.
(m) : Attribute cell_delay_multiplier is modified for this library cell.



Path 8: MET (22 ps) Late External Delay Assertion at pin result_o[45]
           View: slow_0p9v_125c_cmax_func
          Group: clk_i_virtual
     Startpoint: (R) operand_b_i_sr_reg_17/CK
          Clock: (R) clk_i
       Endpoint: (F) result_o[45]
          Clock: (R) clk_i_virtual

                     Capture       Launch     
        Clock Edge:+    5000            0     
       Src Latency:+       0            0     
       Net Latency:+       0 (I)        0 (I) 
           Arrival:=    5000            0     
                                              
      Output Delay:-    1500                  
       Uncertainty:-      55                  
     Required Time:=    3445                  
      Launch Clock:-       0                  
         Data Path:-    3423                  
             Slack:=      22                  

Exceptions/Constraints:
  output_delay             1500            func.sdc.gz_line_808   

Launch clock path:
#----------------------------------------------------------------------------------------------------------------------
#      Timing Point         Flags    Arc   Edge    Cell      Power  Fanout Load Trans Delay Arrival      Instance      
#                                                            Domain        (fF)  (ps)  (ps)   (ps)       Location      
#----------------------------------------------------------------------------------------------------------------------
  clk_i                    (i)       -     R     (arrival)   pd_aon     65  0.0     0     0      -4              (-,-) 
  operand_b_i_sr_reg_17/CK <<< (p,m) -     R     SDFFSRHQX2  pd_aon     65    -     0     0      -4  (14.8000,34.2000) 
#----------------------------------------------------------------------------------------------------------------------

#-----------------------------------------------------------------------------------------------------------------------------------------
#                Timing Point                  Flags    Arc   Edge    Cell      Power  Fanout Load Trans Delay Arrival      Instance      
#                                                                               Domain        (fF)  (ps)  (ps)   (ps)       Location      
#-----------------------------------------------------------------------------------------------------------------------------------------
  operand_b_i_sr_reg_17/CK                     -       -      R     (arrival)   pd_aon     65    -     0     0       0              (-,-) 
  operand_b_i_sr_reg_17/Q                      (@,p,m) CK->Q  R     SDFFSRHQX2  pd_aon      8  9.6   113   289     289  (14.8000,34.2000) 
  fopt4032/Y                                   (@,m)   A->Y   F     INVX2       pd_aon     10  7.0   114   128     418  (55.2000,34.2000) 
  WALLACE_CSA_DUMMY_OP_groupi58_g3612__5477/Y  (@,m)   A->Y   R     NOR2XL      pd_aon      2  1.6   151   173     591  (45.6000,39.3300) 
  WALLACE_CSA_DUMMY_OP_groupi58_g3593/Y        (@,m)   A->Y   F     INVXL       pd_aon      2  0.9    81   147     738  (45.6000,23.9400) 
  WALLACE_CSA_DUMMY_OP_groupi58_g3579__3680/Y  (@,m)   B->Y   R     NOR2X1      pd_aon      1  1.0    75    95     833  (44.0000,23.9400) 
  WALLACE_CSA_DUMMY_OP_groupi58_g3480__9945/S  (@,m)   B->S   F     ADDFXL      pd_aon      1  1.2    82   331    1164  (39.4000,23.9400) 
  WALLACE_CSA_DUMMY_OP_groupi58_g3413__7410/S  (@,m)   B->S   R     ADDFXL      pd_aon      2  1.2    65   319    1484  (43.8000,20.5200) 
  WALLACE_CSA_DUMMY_OP_groupi58_g3401__5115/Y  (@,m)   B->Y   F     XNOR2X1     pd_aon      2  1.3    51   168    1652  (46.6000,13.6800) 
  WALLACE_CSA_DUMMY_OP_groupi58_g3381__5107/Y  (@,m)   B->Y   R     NOR2X2      pd_aon      3  1.1    61    64    1716   (46.4000,8.5500) 
  WALLACE_CSA_DUMMY_OP_groupi58_g3377__6417/Y  (@,m)   B->Y   F     NOR2XL      pd_aon      1  0.5    57    72    1788   (49.6000,6.8400) 
  WALLACE_CSA_DUMMY_OP_groupi58_g3363__7098/Y  (@,m)   B->Y   R     NOR3X1      pd_aon      2  1.2   130   142    1930   (46.2000,6.8400) 
  WALLACE_CSA_DUMMY_OP_groupi58_g3353__8428/Y  (@,m)   A1->Y  F     OAI21X1     pd_aon      1  0.7    93   147    2078   (42.2000,6.8400) 
  WALLACE_CSA_DUMMY_OP_groupi58_g3334__4733/CO (@,m)   CI->CO F     ADDFX1      pd_aon      2  1.1    58   222    2299   (39.2000,8.5500) 
  fopt3907/Y                                   (@,m)   A->Y   R     INVX1       pd_aon      2  1.5    48    63    2362   (41.8000,5.1300) 
  FE_RC_1_0/Y                                  (@,m)   A2->Y  F     OAI31X2     pd_aon      3  1.0    97    92    2454   (35.0000,6.8400) 
  FE_RC_182_0/Y                                (@,m)   B->Y   R     NAND2BX1    pd_aon      1  0.9    47    82    2536   (36.4000,5.1300) 
  FE_RC_180_0/Y                                (@,m)   B->Y   F     NAND2BX2    pd_aon      3  1.8    91    89    2625   (35.4000,5.1300) 
  FE_RC_293_0/Y                                (@,m)   B->Y   R     NAND2X1     pd_aon      1  0.9    44    77    2702   (28.6000,5.1300) 
  FE_RC_292_0/Y                                (@,m)   B->Y   F     NAND2X2     pd_aon      3  1.3    76    78    2780   (28.6000,5.1300) 
  FE_RC_3_0/Y                                  (@,m)   B->Y   R     NAND2X2     pd_aon      1  1.6    40    64    2844   (27.4000,3.4200) 
  FE_RC_2_0/Y                                  (@,m)   B->Y   F     NAND2X4     pd_aon      5  1.9    68    70    2914   (27.4000,3.4200) 
  FE_RC_230_0/Y                                (@,m)   B->Y   R     NAND2XL     pd_aon      1  0.3    38    62    2977   (26.0000,5.1300) 
  FE_RC_228_0/Y                                (@,m)   B0->Y  F     OAI21XL     pd_aon      1  1.2   170   149    3126   (26.0000,5.1300) 
  FE_OFC118_result_o_45/Y                      (@,m)   A->Y   F     BUFX2       pd_aon      1  0.8    28   157    3283   (36.2000,3.4200) 
  FE_OFC227_result_o_45/Y                      (@,m)   A->Y   R     INVX2       pd_aon      1  5.4    94    74    3357   (36.2000,3.4200) 
  FE_OFC228_result_o_45/Y                      (@,m)   A->Y   F     CLKINVX20   pd_aon      1 10.5    44    65    3422   (36.2000,3.4200) 
  result_o[45]                                 -       -      F     (port)      pd_aon      -    -     -     1    3423              (-,-) 
#-----------------------------------------------------------------------------------------------------------------------------------------

(p) : Instance is preserved but may be resized
(@) : Annotated capacitance.
(m) : Attribute cell_delay_multiplier is modified for this library cell.



Path 9: MET (34 ps) Late External Delay Assertion at pin result_o[46]
           View: slow_0p9v_125c_cmax_func
          Group: clk_i_virtual
     Startpoint: (R) operand_b_i_sr_reg_17/CK
          Clock: (R) clk_i
       Endpoint: (F) result_o[46]
          Clock: (R) clk_i_virtual

                     Capture       Launch     
        Clock Edge:+    5000            0     
       Src Latency:+       0            0     
       Net Latency:+       0 (I)        0 (I) 
           Arrival:=    5000            0     
                                              
      Output Delay:-    1500                  
       Uncertainty:-      55                  
     Required Time:=    3445                  
      Launch Clock:-       0                  
         Data Path:-    3411                  
             Slack:=      34                  

Exceptions/Constraints:
  output_delay             1500            func.sdc.gz_line_756   

Launch clock path:
#----------------------------------------------------------------------------------------------------------------------
#      Timing Point         Flags    Arc   Edge    Cell      Power  Fanout Load Trans Delay Arrival      Instance      
#                                                            Domain        (fF)  (ps)  (ps)   (ps)       Location      
#----------------------------------------------------------------------------------------------------------------------
  clk_i                    (i)       -     R     (arrival)   pd_aon     65  0.0     0     0      -4              (-,-) 
  operand_b_i_sr_reg_17/CK <<< (p,m) -     R     SDFFSRHQX2  pd_aon     65    -     0     0      -4  (14.8000,34.2000) 
#----------------------------------------------------------------------------------------------------------------------

#-----------------------------------------------------------------------------------------------------------------------------------------
#                Timing Point                  Flags    Arc   Edge    Cell      Power  Fanout Load Trans Delay Arrival      Instance      
#                                                                               Domain        (fF)  (ps)  (ps)   (ps)       Location      
#-----------------------------------------------------------------------------------------------------------------------------------------
  operand_b_i_sr_reg_17/CK                     -       -      R     (arrival)   pd_aon     65    -     0     0       0              (-,-) 
  operand_b_i_sr_reg_17/Q                      (@,p,m) CK->Q  F     SDFFSRHQX2  pd_aon      8  9.4   134   328     328  (14.8000,34.2000) 
  fopt4032/Y                                   (@,m)   A->Y   R     INVX2       pd_aon     10  7.0    98   127     455  (55.2000,34.2000) 
  WALLACE_CSA_DUMMY_OP_groupi58_g3687__5122/Y  (@,m)   A->Y   F     NOR2XL      pd_aon      1  0.7    69   112     567  (41.6000,37.6200) 
  WALLACE_CSA_DUMMY_OP_groupi58_g3559__4733/S  (@,m)   A->S   R     ADDHXL      pd_aon      1  1.0    52   223     790  (41.0000,34.2000) 
  WALLACE_CSA_DUMMY_OP_groupi58_g3467__1617/S  (@,m)   B->S   F     ADDFX1      pd_aon      4  1.7    72   345    1135  (39.8000,32.4900) 
  FE_RC_130_0/Y                                (@,m)   B->Y   R     NAND2BX1    pd_aon      1  0.5    33    61    1197  (39.8000,25.6500) 
  FE_RC_128_0/Y                                (@,m)   B0->Y  F     OAI21X1     pd_aon      2  0.6    87    92    1288  (39.8000,25.6500) 
  FE_RC_131_0/Y                                (@,m)   B->Y   R     NAND2BXL    pd_aon      1  0.5    41    78    1366  (39.8000,25.6500) 
  FE_RC_138_0/Y                                (@,m)   B0->Y  F     OAI21X1     pd_aon      1  1.4   131   123    1489  (39.8000,25.6500) 
  WALLACE_CSA_DUMMY_OP_groupi58_g3373__2883/S  (@,m)   B->S   R     ADDFX1      pd_aon      2  1.3    55   371    1861  (39.4000,15.3900) 
  WALLACE_CSA_DUMMY_OP_groupi58_g3370__9315/Y  (@,m)   B->Y   F     NOR2XL      pd_aon      2  0.8    66    75    1936   (44.6000,6.8400) 
  WALLACE_CSA_DUMMY_OP_groupi58_g3353__8428/Y  (@,m)   A0->Y  R     OAI21X1     pd_aon      1  0.8    77   105    2041   (42.2000,6.8400) 
  WALLACE_CSA_DUMMY_OP_groupi58_g3334__4733/CO (@,m)   CI->CO R     ADDFX1      pd_aon      2  1.3    52   230    2270   (39.2000,8.5500) 
  fopt3907/Y                                   (@,m)   A->Y   F     INVX1       pd_aon      2  1.4    55    66    2336   (41.8000,5.1300) 
  FE_RC_1_0/Y                                  (@,m)   A2->Y  R     OAI31X2     pd_aon      3  1.1   103   107    2444   (35.0000,6.8400) 
  FE_RC_182_0/Y                                (@,m)   B->Y   F     NAND2BX1    pd_aon      1  0.7    90   121    2564   (36.4000,5.1300) 
  FE_RC_180_0/Y                                (@,m)   B->Y   R     NAND2BX2    pd_aon      3  2.0    45    74    2638   (35.4000,5.1300) 
  FE_RC_293_0/Y                                (@,m)   B->Y   F     NAND2X1     pd_aon      1  0.7    78    83    2722   (28.6000,5.1300) 
  FE_RC_292_0/Y                                (@,m)   B->Y   R     NAND2X2     pd_aon      3  1.5    46    64    2786   (28.6000,5.1300) 
  FE_RC_3_0/Y                                  (@,m)   B->Y   F     NAND2X2     pd_aon      1  1.3    80    83    2868   (27.4000,3.4200) 
  FE_RC_2_0/Y                                  (@,m)   B->Y   R     NAND2X4     pd_aon      5  2.1    43    59    2928   (27.4000,3.4200) 
  FE_RC_236_0/Y                                (@,m)   B->Y   F     NOR2BX1     pd_aon      1  0.3    30    45    2973   (26.0000,5.1300) 
  FE_RC_235_0/Y                                (@,m)   B->Y   R     NOR2XL      pd_aon      1  0.6    72    67    3040   (24.8000,5.1300) 
  FE_RC_281_0/Y                                (@,m)   A1->Y  F     OAI21X1     pd_aon      1  1.3   125   131    3171   (21.8000,5.1300) 
  FE_OFC30_result_o_46/Y                       (@,m)   A->Y   F     BUFX2       pd_aon      1  1.9    43   143    3313   (35.2000,3.4200) 
  FE_OFC273_result_o_46/Y                      (@,m)   A->Y   F     CLKBUFX20   pd_aon      1 10.5    39    98    3411   (36.2000,3.4200) 
  result_o[46]                                 -       -      F     (port)      pd_aon      -    -     -     0    3411              (-,-) 
#-----------------------------------------------------------------------------------------------------------------------------------------

(p) : Instance is preserved but may be resized
(@) : Annotated capacitance.
(m) : Attribute cell_delay_multiplier is modified for this library cell.



Path 10: MET (39 ps) Late External Delay Assertion at pin result_o[29]
           View: slow_0p9v_125c_cmax_func
          Group: clk_i_virtual
     Startpoint: (R) operand_b_i_sr_reg_27/CK
          Clock: (R) clk_i
       Endpoint: (F) result_o[29]
          Clock: (R) clk_i_virtual

                     Capture       Launch     
        Clock Edge:+    5000            0     
       Src Latency:+       0            0     
       Net Latency:+       0 (I)        0 (I) 
           Arrival:=    5000            0     
                                              
      Output Delay:-    1500                  
       Uncertainty:-      55                  
     Required Time:=    3445                  
      Launch Clock:-       0                  
         Data Path:-    3406                  
             Slack:=      39                  

Exceptions/Constraints:
  output_delay             1500            func.sdc.gz_line_781   

Launch clock path:
#----------------------------------------------------------------------------------------------------------------------
#      Timing Point         Flags    Arc   Edge    Cell      Power  Fanout Load Trans Delay Arrival      Instance      
#                                                            Domain        (fF)  (ps)  (ps)   (ps)       Location      
#----------------------------------------------------------------------------------------------------------------------
  clk_i                    (i)       -     R     (arrival)   pd_aon     65  0.0     0     0      -4              (-,-) 
  operand_b_i_sr_reg_27/CK <<< (p,m) -     R     SDFFSRHQX4  pd_aon     65    -     0     0      -4  (15.8000,47.8800) 
#----------------------------------------------------------------------------------------------------------------------

#---------------------------------------------------------------------------------------------------------------------------------------
#                Timing Point                 Flags   Arc   Edge    Cell      Power  Fanout Load Trans Delay Arrival      Instance      
#                                                                             Domain        (fF)  (ps)  (ps)   (ps)       Location      
#---------------------------------------------------------------------------------------------------------------------------------------
  operand_b_i_sr_reg_27/CK                    -       -     R     (arrival)   pd_aon     65    -     0     0       0              (-,-) 
  operand_b_i_sr_reg_27/Q                     (@,p,m) CK->Q F     SDFFSRHQX4  pd_aon     14 14.1   109   338     338  (15.8000,47.8800) 
  WALLACE_CSA_DUMMY_OP_groupi57_g3650__4733/Y (@,m)   A->Y  F     AND2XL      pd_aon      3  2.6   136   175     513  (68.4000,68.4000) 
  WALLACE_CSA_DUMMY_OP_groupi57_g3598/Y       (@,m)   A->Y  R     INVX1       pd_aon      2  0.9    48   103     616  (84.0000,78.6600) 
  WALLACE_CSA_DUMMY_OP_groupi57_g3576__5115/Y (@,m)   B->Y  F     NOR2XL      pd_aon      1  0.5    57    62     678  (86.4000,76.9500) 
  WALLACE_CSA_DUMMY_OP_groupi57_g3571__8246/Y (@,m)   B0->Y R     AOI21X1     pd_aon      2  0.8    73    86     764  (85.2000,78.6600) 
  WALLACE_CSA_DUMMY_OP_groupi57_g3553/Y       (@,m)   A->Y  F     INVXL       pd_aon      1  0.3    34    71     835  (88.6000,78.6600) 
  WALLACE_CSA_DUMMY_OP_groupi57_g3551__5477/Y (@,m)   B->Y  R     NOR2XL      pd_aon      1  0.4    69    66     901  (89.8000,78.6600) 
  WALLACE_CSA_DUMMY_OP_groupi57_g3545__2883/Y (@,m)   B->Y  F     NOR2X1      pd_aon      4  1.2    58    75     976  (89.4000,76.9500) 
  WALLACE_CSA_DUMMY_OP_groupi57_g3500/Y       (@,m)   A->Y  R     INVXL       pd_aon      1  0.4    29    54    1030  (88.6000,75.2400) 
  WALLACE_CSA_DUMMY_OP_groupi57_g3482__6783/Y (@,m)   A->Y  F     MXI2XL      pd_aon      1  0.9   162   149    1179  (88.2000,73.5300) 
  WALLACE_CSA_DUMMY_OP_groupi57_g3448__8428/Y (@,m)   B->Y  F     XNOR2XL     pd_aon      2  1.1    71   199    1378  (88.6000,63.2700) 
  WALLACE_CSA_DUMMY_OP_groupi57_g3415__1705/Y (@,m)   B->Y  R     XNOR2X1     pd_aon      2  0.6    31   196    1574  (88.8000,54.7200) 
  WALLACE_CSA_DUMMY_OP_groupi57_g3404__5107/Y (@,m)   B->Y  F     NAND2BXL    pd_aon      2  0.6   100    90    1664  (87.0000,53.0100) 
  WALLACE_CSA_DUMMY_OP_groupi57_g3391__9315/Y (@,m)   B->Y  R     NAND2XL     pd_aon      2  0.8    59    96    1760  (86.4000,51.3000) 
  WALLACE_CSA_DUMMY_OP_groupi57_g3375__3680/Y (@,m)   B->Y  F     NOR2X1      pd_aon      1  1.7    75    78    1837  (89.4000,53.0100) 
  WALLACE_CSA_DUMMY_OP_groupi57_g3363__1666/Y (@,m)   C->Y  R     NOR3X4      pd_aon      2  2.7    97    98    1936  (89.8000,56.4300) 
  FE_RC_242_0/Y                               (@,m)   A1->Y F     OAI21X4     pd_aon      3  1.9    83   114    2049  (86.8000,68.4000) 
  FE_RC_104_0/Y                               (@,m)   B->Y  R     NAND2BX2    pd_aon      1  0.9    33    64    2112  (81.6000,75.2400) 
  FE_RC_103_0/Y                               (@,m)   B->Y  F     NAND2X2     pd_aon      2  1.1    70    70    2182  (81.6000,75.2400) 
  fopt3910/Y                                  (@,m)   A->Y  R     INVX1       pd_aon      2  1.2    46    68    2251  (83.6000,82.0800) 
  FE_RC_149_0/Y                               (@,m)   C->Y  F     NOR3BX2     pd_aon      2  1.1    47    51    2301  (80.8000,83.7900) 
  FE_RC_148_0/Y                               (@,m)   B->Y  R     NOR2X2      pd_aon      1  2.1    76    76    2378  (80.4000,85.5000) 
  FE_RC_147_0/Y                               (@,m)   A1->Y F     OAI21X4     pd_aon      3  2.8    98   110    2488  (71.4000,87.2100) 
  FE_RC_244_0/Y                               (@,m)   B->Y  R     NAND2X2     pd_aon      1  0.9    35    71    2560  (61.0000,95.7600) 
  FE_RC_243_0/Y                               (@,m)   B->Y  F     NAND2X2     pd_aon      3  1.7    86    80    2639  (61.0000,95.7600) 
  FE_RC_271_0/Y                               (@,m)   B->Y  R     NAND2X1     pd_aon      1  0.9    43    74    2713  (55.8000,95.7600) 
  FE_RC_270_0/Y                               (@,m)   B->Y  F     NAND2X2     pd_aon      3  1.8    91    88    2801  (55.8000,95.7600) 
  FE_RC_291_0/Y                               (@,m)   B->Y  R     NAND2BXL    pd_aon      1  0.9    60    92    2892  (53.6000,97.4700) 
  FE_RC_288_0/Y                               (@,m)   B0->Y F     OAI21X2     pd_aon      1  3.6   150   143    3035  (53.6000,97.4700) 
  FE_OFC49_result_o_29/Y                      (@,m)   A->Y  R     INVX1       pd_aon      1  3.6   106   146    3181  (57.8000,49.5900) 
  FE_OFC50_result_o_29/Y                      (@,m)   A->Y  F     INVX1       pd_aon      1  1.9    79   109    3290   (57.8000,3.4200) 
  FE_OFC121_result_o_29/Y                     (@,m)   A->Y  F     CLKBUFX20   pd_aon      1 10.5    40   116    3406   (52.2000,3.4200) 
  result_o[29]                                -       -     F     (port)      pd_aon      -    -     -     0    3406              (-,-) 
#---------------------------------------------------------------------------------------------------------------------------------------

(p) : Instance is preserved but may be resized
(@) : Annotated capacitance.
(m) : Attribute cell_delay_multiplier is modified for this library cell.



Path 11: MET (42 ps) Late External Delay Assertion at pin result_o[14]
           View: slow_0p9v_125c_cmax_func
          Group: clk_i_virtual
     Startpoint: (R) operand_a_i_sr_reg_4/CK
          Clock: (R) clk_i
       Endpoint: (R) result_o[14]
          Clock: (R) clk_i_virtual

                     Capture       Launch     
        Clock Edge:+    5000            0     
       Src Latency:+       0            0     
       Net Latency:+       0 (I)        0 (I) 
           Arrival:=    5000            0     
                                              
      Output Delay:-    1500                  
       Uncertainty:-      55                  
     Required Time:=    3445                  
      Launch Clock:-       0                  
         Data Path:-    3403                  
             Slack:=      42                  

Exceptions/Constraints:
  output_delay             1500            func.sdc.gz_line_796   

Launch clock path:
#---------------------------------------------------------------------------------------------------------------------
#      Timing Point        Flags    Arc   Edge    Cell      Power  Fanout Load Trans Delay Arrival      Instance      
#                                                           Domain        (fF)  (ps)  (ps)   (ps)       Location      
#---------------------------------------------------------------------------------------------------------------------
  clk_i                   (i)       -     R     (arrival)   pd_aon     65  0.0     0     0      -4              (-,-) 
  operand_a_i_sr_reg_4/CK <<< (p,m) -     R     SDFFSRHQX2  pd_aon     65    -     0     0      -4  (14.4000,58.1400) 
#---------------------------------------------------------------------------------------------------------------------

#-------------------------------------------------------------------------------------------------------------------------------------
#               Timing Point                Flags   Arc   Edge    Cell      Power  Fanout Load Trans Delay Arrival      Instance      
#                                                                           Domain        (fF)  (ps)  (ps)   (ps)       Location      
#-------------------------------------------------------------------------------------------------------------------------------------
  operand_a_i_sr_reg_4/CK                   -       -     R     (arrival)   pd_aon     65    -     0     0       0              (-,-) 
  operand_a_i_sr_reg_4/Q                    (@,p,m) CK->Q F     SDFFSRHQX2  pd_aon      8  9.9   140   332     332  (14.4000,58.1400) 
  FE_OFC135_operand_a_i_sr_4/Y              (@,m)   A->Y  R     INVX3       pd_aon      5  9.2    89   120     452  (24.0000,58.1400) 
  FE_OFC136_operand_a_i_sr_4/Y              (@,m)   A->Y  F     INVX3       pd_aon      6  6.1    74    90     542  (58.0000,58.1400) 
  WALLACE_CSA_DUMMY_OP_groupi_g3706__2346/Y (@,m)   A->Y  F     CLKAND2X2   pd_aon      1  1.7    40   137     679  (62.8000,46.1700) 
  WALLACE_CSA_DUMMY_OP_groupi_g3527__4733/S (@,m)   A->S  R     ADDFXL      pd_aon      1  1.4    73   291     970  (70.6000,46.1700) 
  WALLACE_CSA_DUMMY_OP_groupi_g3436__8428/S (@,m)   B->S  F     ADDFHXL     pd_aon      1  1.4    66   314    1284  (74.6000,46.1700) 
  WALLACE_CSA_DUMMY_OP_groupi_g3405__7098/S (@,m)   CI->S R     ADDFXL      pd_aon      1  1.2    63   303    1588  (81.8000,41.0400) 
  WALLACE_CSA_DUMMY_OP_groupi_g3373__5115/S (@,m)   CI->S F     ADDFX1      pd_aon      2  1.9    79   326    1913  (83.8000,30.7800) 
  WALLACE_CSA_DUMMY_OP_groupi_g3370__6131/Y (@,m)   B->Y  R     NOR2X2      pd_aon      2  1.4    63    83    1996  (87.6000,17.1000) 
  FE_RC_146_0/Y                             (@,m)   A1->Y F     OAI21X2     pd_aon      3  1.2    87   100    2096  (85.8000,11.9700) 
  FE_RC_66_0/Y                              (@,m)   B->Y  R     NAND2BX1    pd_aon      1  0.9    44    75    2171   (83.0000,8.5500) 
  FE_RC_65_0/Y                              (@,m)   B->Y  F     NAND2X2     pd_aon      2  0.9    67    73    2244   (83.0000,8.5500) 
  fopt3913/Y                                (@,m)   A->Y  R     INVX1       pd_aon      2  1.4    46    66    2311   (84.0000,5.1300) 
  FE_RC_79_0/Y                              (@,m)   A2->Y F     OAI31X2     pd_aon      3  1.2   101    94    2405   (79.0000,5.1300) 
  FE_RC_11_0/Y                              (@,m)   B->Y  R     NAND2BX1    pd_aon      1  0.9    46    84    2489   (72.8000,5.1300) 
  FE_RC_10_0/Y                              (@,m)   B->Y  F     NAND2X2     pd_aon      5  2.0    95    92    2581   (72.8000,5.1300) 
  FE_RC_184_0/Y                             (@,m)   A->Y  R     NAND2X2     pd_aon      1  1.6    46    79    2659   (71.4000,6.8400) 
  FE_RC_183_0/Y                             (@,m)   C->Y  F     NAND3X4     pd_aon      3  1.6   112   105    2765   (69.8000,8.5500) 
  FE_RC_58_0/Y                              (@,m)   B->Y  R     NAND2X1     pd_aon      1  0.5    40    86    2851   (64.0000,3.4200) 
  FE_RC_57_0/Y                              (@,m)   B->Y  F     NAND2X1     pd_aon      1  0.7    74    78    2929   (64.0000,3.4200) 
  WALLACE_CSA_DUMMY_OP_groupi_g3322__5107/S (@,m)   CI->S R     ADDFX1      pd_aon      1  2.3    76   349    3277   (62.4000,5.1300) 
  FE_OFC72_result_o_14/Y                    (@,m)   A->Y  R     CLKBUFX20   pd_aon      1 10.4    39   125    3402   (67.2000,3.4200) 
  result_o[14]                              -       -     R     (port)      pd_aon      -    -     -     0    3403              (-,-) 
#-------------------------------------------------------------------------------------------------------------------------------------

(p) : Instance is preserved but may be resized
(@) : Annotated capacitance.
(m) : Attribute cell_delay_multiplier is modified for this library cell.



Path 12: MET (62 ps) Late External Delay Assertion at pin result_o[28]
           View: slow_0p9v_125c_cmax_func
          Group: clk_i_virtual
     Startpoint: (R) operand_b_i_sr_reg_27/CK
          Clock: (R) clk_i
       Endpoint: (F) result_o[28]
          Clock: (R) clk_i_virtual

                     Capture       Launch     
        Clock Edge:+    5000            0     
       Src Latency:+       0            0     
       Net Latency:+       0 (I)        0 (I) 
           Arrival:=    5000            0     
                                              
      Output Delay:-    1500                  
       Uncertainty:-      55                  
     Required Time:=    3445                  
      Launch Clock:-       0                  
         Data Path:-    3382                  
             Slack:=      62                  

Exceptions/Constraints:
  output_delay             1500            func.sdc.gz_line_767   

Launch clock path:
#----------------------------------------------------------------------------------------------------------------------
#      Timing Point         Flags    Arc   Edge    Cell      Power  Fanout Load Trans Delay Arrival      Instance      
#                                                            Domain        (fF)  (ps)  (ps)   (ps)       Location      
#----------------------------------------------------------------------------------------------------------------------
  clk_i                    (i)       -     R     (arrival)   pd_aon     65  0.0     0     0      -4              (-,-) 
  operand_b_i_sr_reg_27/CK <<< (p,m) -     R     SDFFSRHQX4  pd_aon     65    -     0     0      -4  (15.8000,47.8800) 
#----------------------------------------------------------------------------------------------------------------------

#---------------------------------------------------------------------------------------------------------------------------------------
#                Timing Point                 Flags   Arc   Edge    Cell      Power  Fanout Load Trans Delay Arrival      Instance      
#                                                                             Domain        (fF)  (ps)  (ps)   (ps)       Location      
#---------------------------------------------------------------------------------------------------------------------------------------
  operand_b_i_sr_reg_27/CK                    -       -     R     (arrival)   pd_aon     65    -     0     0       0              (-,-) 
  operand_b_i_sr_reg_27/Q                     (@,p,m) CK->Q F     SDFFSRHQX4  pd_aon     14 14.1   109   338     338  (15.8000,47.8800) 
  WALLACE_CSA_DUMMY_OP_groupi57_g3650__4733/Y (@,m)   A->Y  F     AND2XL      pd_aon      3  2.6   136   175     513  (68.4000,68.4000) 
  WALLACE_CSA_DUMMY_OP_groupi57_g3598/Y       (@,m)   A->Y  R     INVX1       pd_aon      2  0.9    48   103     616  (84.0000,78.6600) 
  WALLACE_CSA_DUMMY_OP_groupi57_g3576__5115/Y (@,m)   B->Y  F     NOR2XL      pd_aon      1  0.5    57    62     678  (86.4000,76.9500) 
  WALLACE_CSA_DUMMY_OP_groupi57_g3571__8246/Y (@,m)   B0->Y R     AOI21X1     pd_aon      2  0.8    73    86     764  (85.2000,78.6600) 
  WALLACE_CSA_DUMMY_OP_groupi57_g3553/Y       (@,m)   A->Y  F     INVXL       pd_aon      1  0.3    34    71     835  (88.6000,78.6600) 
  WALLACE_CSA_DUMMY_OP_groupi57_g3551__5477/Y (@,m)   B->Y  R     NOR2XL      pd_aon      1  0.4    69    66     901  (89.8000,78.6600) 
  WALLACE_CSA_DUMMY_OP_groupi57_g3545__2883/Y (@,m)   B->Y  F     NOR2X1      pd_aon      4  1.2    58    75     976  (89.4000,76.9500) 
  WALLACE_CSA_DUMMY_OP_groupi57_g3500/Y       (@,m)   A->Y  R     INVXL       pd_aon      1  0.4    29    54    1030  (88.6000,75.2400) 
  WALLACE_CSA_DUMMY_OP_groupi57_g3482__6783/Y (@,m)   A->Y  F     MXI2XL      pd_aon      1  0.9   162   149    1179  (88.2000,73.5300) 
  WALLACE_CSA_DUMMY_OP_groupi57_g3448__8428/Y (@,m)   B->Y  F     XNOR2XL     pd_aon      2  1.1    71   199    1378  (88.6000,63.2700) 
  WALLACE_CSA_DUMMY_OP_groupi57_g3415__1705/Y (@,m)   B->Y  R     XNOR2X1     pd_aon      2  0.6    31   196    1574  (88.8000,54.7200) 
  WALLACE_CSA_DUMMY_OP_groupi57_g3404__5107/Y (@,m)   B->Y  F     NAND2BXL    pd_aon      2  0.6   100    90    1664  (87.0000,53.0100) 
  WALLACE_CSA_DUMMY_OP_groupi57_g3391__9315/Y (@,m)   B->Y  R     NAND2XL     pd_aon      2  0.8    59    96    1760  (86.4000,51.3000) 
  WALLACE_CSA_DUMMY_OP_groupi57_g3375__3680/Y (@,m)   B->Y  F     NOR2X1      pd_aon      1  1.7    75    78    1837  (89.4000,53.0100) 
  WALLACE_CSA_DUMMY_OP_groupi57_g3363__1666/Y (@,m)   C->Y  R     NOR3X4      pd_aon      2  2.7    97    98    1936  (89.8000,56.4300) 
  FE_RC_242_0/Y                               (@,m)   A1->Y F     OAI21X4     pd_aon      3  1.9    83   114    2049  (86.8000,68.4000) 
  FE_RC_104_0/Y                               (@,m)   B->Y  R     NAND2BX2    pd_aon      1  0.9    33    64    2112  (81.6000,75.2400) 
  FE_RC_103_0/Y                               (@,m)   B->Y  F     NAND2X2     pd_aon      2  1.1    70    70    2182  (81.6000,75.2400) 
  fopt3910/Y                                  (@,m)   A->Y  R     INVX1       pd_aon      2  1.2    46    68    2251  (83.6000,82.0800) 
  FE_RC_149_0/Y                               (@,m)   C->Y  F     NOR3BX2     pd_aon      2  1.1    47    51    2301  (80.8000,83.7900) 
  FE_RC_148_0/Y                               (@,m)   B->Y  R     NOR2X2      pd_aon      1  2.1    76    76    2378  (80.4000,85.5000) 
  FE_RC_147_0/Y                               (@,m)   A1->Y F     OAI21X4     pd_aon      3  2.8    98   110    2488  (71.4000,87.2100) 
  FE_RC_244_0/Y                               (@,m)   B->Y  R     NAND2X2     pd_aon      1  0.9    35    71    2560  (61.0000,95.7600) 
  FE_RC_243_0/Y                               (@,m)   B->Y  F     NAND2X2     pd_aon      3  1.7    86    80    2639  (61.0000,95.7600) 
  FE_RC_278_0/Y                               (@,m)   B->Y  R     NAND2BXL    pd_aon      1  0.9    57    87    2726  (55.8000,95.7600) 
  FE_RC_274_0/Y                               (@,m)   B0->Y F     OAI21X2     pd_aon      1  3.7   152   143    2869  (55.8000,95.7600) 
  FE_OFC52_result_o_28/Y                      (@,m)   A->Y  R     INVX1       pd_aon      1  3.4   103   145    3014  (53.2000,49.5900) 
  FE_OFC53_result_o_28/Y                      (@,m)   A->Y  F     INVXL       pd_aon      1  0.3    42    94    3108   (53.2000,3.4200) 
  FE_OFC54_result_o_28/Y                      (@,m)   A->Y  F     BUFX2       pd_aon      1  0.5    23    89    3197   (53.2000,3.4200) 
  FE_OFC230_result_o_28/Y                     (@,m)   A->Y  F     BUFX2       pd_aon      1  1.5    36    87    3284   (53.2000,3.4200) 
  FE_OFC276_result_o_28/Y                     (@,m)   A->Y  R     CLKINVX4    pd_aon      1  5.4    51    51    3334   (53.2000,3.4200) 
  FE_OFC277_result_o_28/Y                     (@,m)   A->Y  F     CLKINVX20   pd_aon      1 10.6    36    48    3382   (53.2000,3.4200) 
  result_o[28]                                -       -     F     (port)      pd_aon      -    -     -     1    3382              (-,-) 
#---------------------------------------------------------------------------------------------------------------------------------------

(p) : Instance is preserved but may be resized
(@) : Annotated capacitance.
(m) : Attribute cell_delay_multiplier is modified for this library cell.



Path 13: MET (89 ps) Late External Delay Assertion at pin result_o[44]
           View: slow_0p9v_125c_cmax_func
          Group: clk_i_virtual
     Startpoint: (R) operand_b_i_sr_reg_17/CK
          Clock: (R) clk_i
       Endpoint: (F) result_o[44]
          Clock: (R) clk_i_virtual

                     Capture       Launch     
        Clock Edge:+    5000            0     
       Src Latency:+       0            0     
       Net Latency:+       0 (I)        0 (I) 
           Arrival:=    5000            0     
                                              
      Output Delay:-    1500                  
       Uncertainty:-      55                  
     Required Time:=    3445                  
      Launch Clock:-       0                  
         Data Path:-    3356                  
             Slack:=      89                  

Exceptions/Constraints:
  output_delay             1500            func.sdc.gz_line_793   

Launch clock path:
#----------------------------------------------------------------------------------------------------------------------
#      Timing Point         Flags    Arc   Edge    Cell      Power  Fanout Load Trans Delay Arrival      Instance      
#                                                            Domain        (fF)  (ps)  (ps)   (ps)       Location      
#----------------------------------------------------------------------------------------------------------------------
  clk_i                    (i)       -     R     (arrival)   pd_aon     65  0.0     0     0      -4              (-,-) 
  operand_b_i_sr_reg_17/CK <<< (p,m) -     R     SDFFSRHQX2  pd_aon     65    -     0     0      -4  (14.8000,34.2000) 
#----------------------------------------------------------------------------------------------------------------------

#-----------------------------------------------------------------------------------------------------------------------------------------
#                Timing Point                  Flags    Arc   Edge    Cell      Power  Fanout Load Trans Delay Arrival      Instance      
#                                                                               Domain        (fF)  (ps)  (ps)   (ps)       Location      
#-----------------------------------------------------------------------------------------------------------------------------------------
  operand_b_i_sr_reg_17/CK                     -       -      R     (arrival)   pd_aon     65    -     0     0       0              (-,-) 
  operand_b_i_sr_reg_17/Q                      (@,p,m) CK->Q  R     SDFFSRHQX2  pd_aon      8  9.6   113   289     289  (14.8000,34.2000) 
  fopt4032/Y                                   (@,m)   A->Y   F     INVX2       pd_aon     10  7.0   114   128     418  (55.2000,34.2000) 
  WALLACE_CSA_DUMMY_OP_groupi58_g3612__5477/Y  (@,m)   A->Y   R     NOR2XL      pd_aon      2  1.6   151   173     591  (45.6000,39.3300) 
  WALLACE_CSA_DUMMY_OP_groupi58_g3593/Y        (@,m)   A->Y   F     INVXL       pd_aon      2  0.9    81   147     738  (45.6000,23.9400) 
  WALLACE_CSA_DUMMY_OP_groupi58_g3579__3680/Y  (@,m)   B->Y   R     NOR2X1      pd_aon      1  1.0    75    95     833  (44.0000,23.9400) 
  WALLACE_CSA_DUMMY_OP_groupi58_g3480__9945/S  (@,m)   B->S   F     ADDFXL      pd_aon      1  1.2    82   331    1164  (39.4000,23.9400) 
  WALLACE_CSA_DUMMY_OP_groupi58_g3413__7410/S  (@,m)   B->S   R     ADDFXL      pd_aon      2  1.2    65   319    1484  (43.8000,20.5200) 
  WALLACE_CSA_DUMMY_OP_groupi58_g3401__5115/Y  (@,m)   B->Y   F     XNOR2X1     pd_aon      2  1.3    51   168    1652  (46.6000,13.6800) 
  WALLACE_CSA_DUMMY_OP_groupi58_g3381__5107/Y  (@,m)   B->Y   R     NOR2X2      pd_aon      3  1.1    61    64    1716   (46.4000,8.5500) 
  WALLACE_CSA_DUMMY_OP_groupi58_g3377__6417/Y  (@,m)   B->Y   F     NOR2XL      pd_aon      1  0.5    57    72    1788   (49.6000,6.8400) 
  WALLACE_CSA_DUMMY_OP_groupi58_g3363__7098/Y  (@,m)   B->Y   R     NOR3X1      pd_aon      2  1.2   130   142    1930   (46.2000,6.8400) 
  WALLACE_CSA_DUMMY_OP_groupi58_g3353__8428/Y  (@,m)   A1->Y  F     OAI21X1     pd_aon      1  0.7    93   147    2078   (42.2000,6.8400) 
  WALLACE_CSA_DUMMY_OP_groupi58_g3334__4733/CO (@,m)   CI->CO F     ADDFX1      pd_aon      2  1.1    58   222    2299   (39.2000,8.5500) 
  fopt3907/Y                                   (@,m)   A->Y   R     INVX1       pd_aon      2  1.5    48    63    2362   (41.8000,5.1300) 
  FE_RC_1_0/Y                                  (@,m)   A2->Y  F     OAI31X2     pd_aon      3  1.0    97    92    2454   (35.0000,6.8400) 
  FE_RC_182_0/Y                                (@,m)   B->Y   R     NAND2BX1    pd_aon      1  0.9    47    82    2536   (36.4000,5.1300) 
  FE_RC_180_0/Y                                (@,m)   B->Y   F     NAND2BX2    pd_aon      3  1.8    91    89    2625   (35.4000,5.1300) 
  FE_RC_293_0/Y                                (@,m)   B->Y   R     NAND2X1     pd_aon      1  0.9    44    77    2702   (28.6000,5.1300) 
  FE_RC_292_0/Y                                (@,m)   B->Y   F     NAND2X2     pd_aon      3  1.3    76    78    2780   (28.6000,5.1300) 
  FE_RC_9_0/Y                                  (@,m)   B->Y   R     NAND2BXL    pd_aon      1  0.3    36    68    2848   (27.4000,3.4200) 
  FE_RC_6_0/Y                                  (@,m)   B0->Y  F     OAI21XL     pd_aon      1  1.0   157   139    2988   (27.4000,3.4200) 
  FE_OFC32_result_o_44/Y                       (@,m)   A->Y   F     BUFX2       pd_aon      1  0.5    23   147    3135   (37.2000,3.4200) 
  FE_OFC250_result_o_44/Y                      (@,m)   A->Y   F     BUFX2       pd_aon      1  0.8    26    82    3216   (37.2000,3.4200) 
  FE_OFC278_result_o_44/Y                      (@,m)   A->Y   R     INVX2       pd_aon      1  5.4    94    74    3290   (37.2000,3.4200) 
  FE_OFC279_result_o_44/Y                      (@,m)   A->Y   F     CLKINVX20   pd_aon      1 10.5    44    65    3355   (37.2000,3.4200) 
  result_o[44]                                 -       -      F     (port)      pd_aon      -    -     -     1    3356              (-,-) 
#-----------------------------------------------------------------------------------------------------------------------------------------

(p) : Instance is preserved but may be resized
(@) : Annotated capacitance.
(m) : Attribute cell_delay_multiplier is modified for this library cell.



Path 14: MET (107 ps) Late External Delay Assertion at pin result_o[26]
           View: slow_0p9v_125c_cmax_func
          Group: clk_i_virtual
     Startpoint: (R) operand_b_i_sr_reg_27/CK
          Clock: (R) clk_i
       Endpoint: (F) result_o[26]
          Clock: (R) clk_i_virtual

                     Capture       Launch     
        Clock Edge:+    5000            0     
       Src Latency:+       0            0     
       Net Latency:+       0 (I)        0 (I) 
           Arrival:=    5000            0     
                                              
      Output Delay:-    1500                  
       Uncertainty:-      55                  
     Required Time:=    3445                  
      Launch Clock:-       0                  
         Data Path:-    3338                  
             Slack:=     107                  

Exceptions/Constraints:
  output_delay             1500            func.sdc.gz_line_803   

Launch clock path:
#----------------------------------------------------------------------------------------------------------------------
#      Timing Point         Flags    Arc   Edge    Cell      Power  Fanout Load Trans Delay Arrival      Instance      
#                                                            Domain        (fF)  (ps)  (ps)   (ps)       Location      
#----------------------------------------------------------------------------------------------------------------------
  clk_i                    (i)       -     R     (arrival)   pd_aon     65  0.0     0     0      -4              (-,-) 
  operand_b_i_sr_reg_27/CK <<< (p,m) -     R     SDFFSRHQX4  pd_aon     65    -     0     0      -4  (15.8000,47.8800) 
#----------------------------------------------------------------------------------------------------------------------

#---------------------------------------------------------------------------------------------------------------------------------------
#                Timing Point                 Flags   Arc   Edge    Cell      Power  Fanout Load Trans Delay Arrival      Instance      
#                                                                             Domain        (fF)  (ps)  (ps)   (ps)       Location      
#---------------------------------------------------------------------------------------------------------------------------------------
  operand_b_i_sr_reg_27/CK                    -       -     R     (arrival)   pd_aon     65    -     0     0       0              (-,-) 
  operand_b_i_sr_reg_27/Q                     (@,p,m) CK->Q F     SDFFSRHQX4  pd_aon     14 14.1   109   338     338  (15.8000,47.8800) 
  WALLACE_CSA_DUMMY_OP_groupi57_g3650__4733/Y (@,m)   A->Y  F     AND2XL      pd_aon      3  2.6   136   175     513  (68.4000,68.4000) 
  WALLACE_CSA_DUMMY_OP_groupi57_g3598/Y       (@,m)   A->Y  R     INVX1       pd_aon      2  0.9    48   103     616  (84.0000,78.6600) 
  WALLACE_CSA_DUMMY_OP_groupi57_g3576__5115/Y (@,m)   B->Y  F     NOR2XL      pd_aon      1  0.5    57    62     678  (86.4000,76.9500) 
  WALLACE_CSA_DUMMY_OP_groupi57_g3571__8246/Y (@,m)   B0->Y R     AOI21X1     pd_aon      2  0.8    73    86     764  (85.2000,78.6600) 
  WALLACE_CSA_DUMMY_OP_groupi57_g3553/Y       (@,m)   A->Y  F     INVXL       pd_aon      1  0.3    34    71     835  (88.6000,78.6600) 
  WALLACE_CSA_DUMMY_OP_groupi57_g3551__5477/Y (@,m)   B->Y  R     NOR2XL      pd_aon      1  0.4    69    66     901  (89.8000,78.6600) 
  WALLACE_CSA_DUMMY_OP_groupi57_g3545__2883/Y (@,m)   B->Y  F     NOR2X1      pd_aon      4  1.2    58    75     976  (89.4000,76.9500) 
  WALLACE_CSA_DUMMY_OP_groupi57_g3500/Y       (@,m)   A->Y  R     INVXL       pd_aon      1  0.4    29    54    1030  (88.6000,75.2400) 
  WALLACE_CSA_DUMMY_OP_groupi57_g3482__6783/Y (@,m)   A->Y  F     MXI2XL      pd_aon      1  0.9   162   149    1179  (88.2000,73.5300) 
  WALLACE_CSA_DUMMY_OP_groupi57_g3448__8428/Y (@,m)   B->Y  F     XNOR2XL     pd_aon      2  1.1    71   199    1378  (88.6000,63.2700) 
  WALLACE_CSA_DUMMY_OP_groupi57_g3415__1705/Y (@,m)   B->Y  R     XNOR2X1     pd_aon      2  0.6    31   196    1574  (88.8000,54.7200) 
  WALLACE_CSA_DUMMY_OP_groupi57_g3404__5107/Y (@,m)   B->Y  F     NAND2BXL    pd_aon      2  0.6   100    90    1664  (87.0000,53.0100) 
  WALLACE_CSA_DUMMY_OP_groupi57_g3391__9315/Y (@,m)   B->Y  R     NAND2XL     pd_aon      2  0.8    59    96    1760  (86.4000,51.3000) 
  WALLACE_CSA_DUMMY_OP_groupi57_g3375__3680/Y (@,m)   B->Y  F     NOR2X1      pd_aon      1  1.7    75    78    1837  (89.4000,53.0100) 
  WALLACE_CSA_DUMMY_OP_groupi57_g3363__1666/Y (@,m)   C->Y  R     NOR3X4      pd_aon      2  2.7    97    98    1936  (89.8000,56.4300) 
  FE_RC_242_0/Y                               (@,m)   A1->Y F     OAI21X4     pd_aon      3  1.9    83   114    2049  (86.8000,68.4000) 
  FE_RC_104_0/Y                               (@,m)   B->Y  R     NAND2BX2    pd_aon      1  0.9    33    64    2112  (81.6000,75.2400) 
  FE_RC_103_0/Y                               (@,m)   B->Y  F     NAND2X2     pd_aon      2  1.1    70    70    2182  (81.6000,75.2400) 
  fopt3910/Y                                  (@,m)   A->Y  R     INVX1       pd_aon      2  1.2    46    68    2251  (83.6000,82.0800) 
  FE_RC_149_0/Y                               (@,m)   C->Y  F     NOR3BX2     pd_aon      2  1.1    47    51    2301  (80.8000,83.7900) 
  FE_RC_154_0/Y                               (@,m)   A->Y  R     INVXL       pd_aon      1  0.5    32    50    2351  (80.8000,83.7900) 
  FE_RC_152_0/Y                               (@,m)   B->Y  F     NAND2BX1    pd_aon      2  1.5   118   100    2452  (80.4000,85.5000) 
  FE_RC_44_0/Y                                (@,m)   A->Y  R     INVXL       pd_aon      1  1.3    73   115    2567  (82.4000,87.2100) 
  FE_RC_40_0/Y                                (@,m)   A->Y  F     NOR2XL      pd_aon      1  0.3    44    81    2648  (65.6000,88.9200) 
  FE_RC_39_0/Y                                (@,m)   AN->Y F     NAND2BX2    pd_aon      1  4.1   151   179    2827  (65.6000,88.9200) 
  FE_OFC58_result_o_26/Y                      (@,m)   A->Y  R     INVXL       pd_aon      1  3.2   145   177    3004  (55.2000,46.1700) 
  FE_OFC59_result_o_26/Y                      (@,m)   A->Y  F     INVXL       pd_aon      1  0.5    54   128    3132   (55.2000,3.4200) 
  FE_OFC60_result_o_26/Y                      (@,m)   A->Y  F     BUFX2       pd_aon      1  2.0    44   107    3239   (55.2000,3.4200) 
  FE_OFC236_result_o_26/Y                     (@,m)   A->Y  F     CLKBUFX20   pd_aon      1 10.5    39    98    3337   (55.2000,3.4200) 
  result_o[26]                                -       -     F     (port)      pd_aon      -    -     -     0    3338              (-,-) 
#---------------------------------------------------------------------------------------------------------------------------------------

(p) : Instance is preserved but may be resized
(@) : Annotated capacitance.
(m) : Attribute cell_delay_multiplier is modified for this library cell.



Path 15: MET (139 ps) Late External Delay Assertion at pin scan_out_matmul_sync_0
           View: slow_0p9v_125c_cmax_scan_shift
          Group: clk_i_virtual
     Startpoint: (F) DFT_matmul_sync_lockup_latch_neg_edge/GN
          Clock: (F) clk_i
       Endpoint: (F) scan_out_matmul_sync_0
          Clock: (F) clk_i_virtual

                     Capture       Launch     
        Clock Edge:+   15000         5000     
       Src Latency:+       0          500     
       Net Latency:+       0 (I)        0 (I) 
           Arrival:=   15000         5500     
                                              
      Output Delay:-    8500                  
       Uncertainty:-     205                  
     Required Time:=    6295                  
      Launch Clock:-    5500                  
         Data Path:-     656                  
             Slack:=     139                  

Exceptions/Constraints:
  output_delay             8500            scan_shift.sdc.gz_line_697   

Launch clock path:
#-------------------------------------------------------------------------------------------------------------------------------------
#              Timing Point                 Flags    Arc   Edge   Cell      Power  Fanout Load Trans Delay Arrival      Instance      
#                                                                           Domain        (fF)  (ps)  (ps)   (ps)       Location      
#-------------------------------------------------------------------------------------------------------------------------------------
  clk_i                                    (i)       -     F     (arrival)  pd_aon     65  0.0     0     0    5505              (-,-) 
  DFT_matmul_sync_lockup_latch_neg_edge/GN <<< (p,m) -     F     TLATNXL    pd_aon     65    -     0     0    5505  (21.0000,15.3900) 
#-------------------------------------------------------------------------------------------------------------------------------------

#-----------------------------------------------------------------------------------------------------------------------------------
#              Timing Point                Flags   Arc   Edge   Cell      Power  Fanout Load Trans Delay Arrival      Instance      
#                                                                         Domain        (fF)  (ps)  (ps)   (ps)       Location      
#-----------------------------------------------------------------------------------------------------------------------------------
  DFT_matmul_sync_lockup_latch_neg_edge/GN -       -     F     (arrival)  pd_aon     65    -     0     0    5500              (-,-) 
  DFT_matmul_sync_lockup_latch_neg_edge/Q  (@,p,m) GN->Q F     TLATNXL    pd_aon      1  0.4    32   245    5745  (21.0000,15.3900) 
  FE_OFC91_scan_out_matmul_sync_0/Y        (@,m)   A->Y  R     INVX1      pd_aon      1  4.1    97    79    5824  (24.0000,15.3900) 
  FE_OFC92_scan_out_matmul_sync_0/Y        (@,m)   A->Y  F     INVXL      pd_aon      1  1.2    81   114    5937  (82.2000,15.3900) 
  FE_OFC123_scan_out_matmul_sync_0/Y       (@,m)   A->Y  F     BUFX2      pd_aon      1  2.0    44   121    6058   (82.2000,3.4200) 
  FE_OFC243_scan_out_matmul_sync_0/Y       (@,m)   A->Y  F     CLKBUFX20  pd_aon      1 10.5    39    98    6156   (82.2000,3.4200) 
  scan_out_matmul_sync_0                   -       -     F     (port)     pd_aon      -    -     -     1    6156              (-,-) 
#-----------------------------------------------------------------------------------------------------------------------------------

(p) : Instance is preserved but may be resized
(@) : Annotated capacitance.
(m) : Attribute cell_delay_multiplier is modified for this library cell.



Path 16: MET (235 ps) Late External Delay Assertion at pin result_o[13]
           View: slow_0p9v_125c_cmax_func
          Group: clk_i_virtual
     Startpoint: (R) operand_a_i_sr_reg_4/CK
          Clock: (R) clk_i
       Endpoint: (F) result_o[13]
          Clock: (R) clk_i_virtual

                     Capture       Launch     
        Clock Edge:+    5000            0     
       Src Latency:+       0            0     
       Net Latency:+       0 (I)        0 (I) 
           Arrival:=    5000            0     
                                              
      Output Delay:-    1500                  
       Uncertainty:-      55                  
     Required Time:=    3445                  
      Launch Clock:-       0                  
         Data Path:-    3210                  
             Slack:=     235                  

Exceptions/Constraints:
  output_delay             1500            func.sdc.gz_line_783   

Launch clock path:
#---------------------------------------------------------------------------------------------------------------------
#      Timing Point        Flags    Arc   Edge    Cell      Power  Fanout Load Trans Delay Arrival      Instance      
#                                                           Domain        (fF)  (ps)  (ps)   (ps)       Location      
#---------------------------------------------------------------------------------------------------------------------
  clk_i                   (i)       -     R     (arrival)   pd_aon     65  0.0     0     0      -4              (-,-) 
  operand_a_i_sr_reg_4/CK <<< (p,m) -     R     SDFFSRHQX2  pd_aon     65    -     0     0      -4  (14.4000,58.1400) 
#---------------------------------------------------------------------------------------------------------------------

#-------------------------------------------------------------------------------------------------------------------------------------
#               Timing Point                Flags   Arc   Edge    Cell      Power  Fanout Load Trans Delay Arrival      Instance      
#                                                                           Domain        (fF)  (ps)  (ps)   (ps)       Location      
#-------------------------------------------------------------------------------------------------------------------------------------
  operand_a_i_sr_reg_4/CK                   -       -     R     (arrival)   pd_aon     65    -     0     0       0              (-,-) 
  operand_a_i_sr_reg_4/Q                    (@,p,m) CK->Q F     SDFFSRHQX2  pd_aon      8  9.9   140   332     332  (14.4000,58.1400) 
  FE_OFC135_operand_a_i_sr_4/Y              (@,m)   A->Y  R     INVX3       pd_aon      5  9.2    89   120     452  (24.0000,58.1400) 
  FE_OFC136_operand_a_i_sr_4/Y              (@,m)   A->Y  F     INVX3       pd_aon      6  6.1    74    90     542  (58.0000,58.1400) 
  WALLACE_CSA_DUMMY_OP_groupi_g3706__2346/Y (@,m)   A->Y  F     CLKAND2X2   pd_aon      1  1.7    40   137     679  (62.8000,46.1700) 
  WALLACE_CSA_DUMMY_OP_groupi_g3527__4733/S (@,m)   A->S  R     ADDFXL      pd_aon      1  1.4    73   291     970  (70.6000,46.1700) 
  WALLACE_CSA_DUMMY_OP_groupi_g3436__8428/S (@,m)   B->S  F     ADDFHXL     pd_aon      1  1.4    66   314    1284  (74.6000,46.1700) 
  WALLACE_CSA_DUMMY_OP_groupi_g3405__7098/S (@,m)   CI->S R     ADDFXL      pd_aon      1  1.2    63   303    1588  (81.8000,41.0400) 
  WALLACE_CSA_DUMMY_OP_groupi_g3373__5115/S (@,m)   CI->S F     ADDFX1      pd_aon      2  1.9    79   326    1913  (83.8000,30.7800) 
  WALLACE_CSA_DUMMY_OP_groupi_g3370__6131/Y (@,m)   B->Y  R     NOR2X2      pd_aon      2  1.4    63    83    1996  (87.6000,17.1000) 
  FE_RC_146_0/Y                             (@,m)   A1->Y F     OAI21X2     pd_aon      3  1.2    87   100    2096  (85.8000,11.9700) 
  FE_RC_66_0/Y                              (@,m)   B->Y  R     NAND2BX1    pd_aon      1  0.9    44    75    2171   (83.0000,8.5500) 
  FE_RC_65_0/Y                              (@,m)   B->Y  F     NAND2X2     pd_aon      2  0.9    67    73    2244   (83.0000,8.5500) 
  fopt3913/Y                                (@,m)   A->Y  R     INVX1       pd_aon      2  1.4    46    66    2311   (84.0000,5.1300) 
  FE_RC_79_0/Y                              (@,m)   A2->Y F     OAI31X2     pd_aon      3  1.2   101    94    2405   (79.0000,5.1300) 
  FE_RC_11_0/Y                              (@,m)   B->Y  R     NAND2BX1    pd_aon      1  0.9    46    84    2489   (72.8000,5.1300) 
  FE_RC_10_0/Y                              (@,m)   B->Y  F     NAND2X2     pd_aon      5  2.0    95    92    2581   (72.8000,5.1300) 
  FE_RC_184_0/Y                             (@,m)   A->Y  R     NAND2X2     pd_aon      1  1.6    46    79    2659   (71.4000,6.8400) 
  FE_RC_183_0/Y                             (@,m)   C->Y  F     NAND3X4     pd_aon      3  1.6   112   105    2765   (69.8000,8.5500) 
  FE_RC_64_0/Y                              (@,m)   B->Y  R     NAND2BXL    pd_aon      1  0.3    39    91    2856   (64.0000,3.4200) 
  FE_RC_61_0/Y                              (@,m)   B0->Y F     OAI21XL     pd_aon      1  0.6   117   116    2972   (64.0000,3.4200) 
  FE_OFC73_result_o_13/Y                    (@,m)   A->Y  F     BUFX2       pd_aon      1  2.0    44   139    3111   (68.2000,3.4200) 
  FE_OFC231_result_o_13/Y                   (@,m)   A->Y  F     CLKBUFX20   pd_aon      1 10.5    39    98    3209   (68.2000,3.4200) 
  result_o[13]                              -       -     F     (port)      pd_aon      -    -     -     1    3210              (-,-) 
#-------------------------------------------------------------------------------------------------------------------------------------

(p) : Instance is preserved but may be resized
(@) : Annotated capacitance.
(m) : Attribute cell_delay_multiplier is modified for this library cell.



Path 17: MET (260 ps) Late External Delay Assertion at pin result_o[27]
           View: slow_0p9v_125c_cmax_func
          Group: clk_i_virtual
     Startpoint: (R) operand_b_i_sr_reg_27/CK
          Clock: (R) clk_i
       Endpoint: (F) result_o[27]
          Clock: (R) clk_i_virtual

                     Capture       Launch     
        Clock Edge:+    5000            0     
       Src Latency:+       0            0     
       Net Latency:+       0 (I)        0 (I) 
           Arrival:=    5000            0     
                                              
      Output Delay:-    1500                  
       Uncertainty:-      55                  
     Required Time:=    3445                  
      Launch Clock:-       0                  
         Data Path:-    3185                  
             Slack:=     260                  

Exceptions/Constraints:
  output_delay             1500            func.sdc.gz_line_816   

Launch clock path:
#----------------------------------------------------------------------------------------------------------------------
#      Timing Point         Flags    Arc   Edge    Cell      Power  Fanout Load Trans Delay Arrival      Instance      
#                                                            Domain        (fF)  (ps)  (ps)   (ps)       Location      
#----------------------------------------------------------------------------------------------------------------------
  clk_i                    (i)       -     R     (arrival)   pd_aon     65  0.0     0     0      -4              (-,-) 
  operand_b_i_sr_reg_27/CK <<< (p,m) -     R     SDFFSRHQX4  pd_aon     65    -     0     0      -4  (15.8000,47.8800) 
#----------------------------------------------------------------------------------------------------------------------

#---------------------------------------------------------------------------------------------------------------------------------------
#                Timing Point                 Flags   Arc   Edge    Cell      Power  Fanout Load Trans Delay Arrival      Instance      
#                                                                             Domain        (fF)  (ps)  (ps)   (ps)       Location      
#---------------------------------------------------------------------------------------------------------------------------------------
  operand_b_i_sr_reg_27/CK                    -       -     R     (arrival)   pd_aon     65    -     0     0       0              (-,-) 
  operand_b_i_sr_reg_27/Q                     (@,p,m) CK->Q F     SDFFSRHQX4  pd_aon     14 14.1   109   338     338  (15.8000,47.8800) 
  WALLACE_CSA_DUMMY_OP_groupi57_g3650__4733/Y (@,m)   A->Y  F     AND2XL      pd_aon      3  2.6   136   175     513  (68.4000,68.4000) 
  WALLACE_CSA_DUMMY_OP_groupi57_g3598/Y       (@,m)   A->Y  R     INVX1       pd_aon      2  0.9    48   103     616  (84.0000,78.6600) 
  WALLACE_CSA_DUMMY_OP_groupi57_g3576__5115/Y (@,m)   B->Y  F     NOR2XL      pd_aon      1  0.5    57    62     678  (86.4000,76.9500) 
  WALLACE_CSA_DUMMY_OP_groupi57_g3571__8246/Y (@,m)   B0->Y R     AOI21X1     pd_aon      2  0.8    73    86     764  (85.2000,78.6600) 
  WALLACE_CSA_DUMMY_OP_groupi57_g3553/Y       (@,m)   A->Y  F     INVXL       pd_aon      1  0.3    34    71     835  (88.6000,78.6600) 
  WALLACE_CSA_DUMMY_OP_groupi57_g3551__5477/Y (@,m)   B->Y  R     NOR2XL      pd_aon      1  0.4    69    66     901  (89.8000,78.6600) 
  WALLACE_CSA_DUMMY_OP_groupi57_g3545__2883/Y (@,m)   B->Y  F     NOR2X1      pd_aon      4  1.2    58    75     976  (89.4000,76.9500) 
  WALLACE_CSA_DUMMY_OP_groupi57_g3500/Y       (@,m)   A->Y  R     INVXL       pd_aon      1  0.4    29    54    1030  (88.6000,75.2400) 
  WALLACE_CSA_DUMMY_OP_groupi57_g3482__6783/Y (@,m)   A->Y  F     MXI2XL      pd_aon      1  0.9   162   149    1179  (88.2000,73.5300) 
  WALLACE_CSA_DUMMY_OP_groupi57_g3448__8428/Y (@,m)   B->Y  F     XNOR2XL     pd_aon      2  1.1    71   199    1378  (88.6000,63.2700) 
  WALLACE_CSA_DUMMY_OP_groupi57_g3415__1705/Y (@,m)   B->Y  R     XNOR2X1     pd_aon      2  0.6    31   196    1574  (88.8000,54.7200) 
  WALLACE_CSA_DUMMY_OP_groupi57_g3404__5107/Y (@,m)   B->Y  F     NAND2BXL    pd_aon      2  0.6   100    90    1664  (87.0000,53.0100) 
  WALLACE_CSA_DUMMY_OP_groupi57_g3391__9315/Y (@,m)   B->Y  R     NAND2XL     pd_aon      2  0.8    59    96    1760  (86.4000,51.3000) 
  WALLACE_CSA_DUMMY_OP_groupi57_g3375__3680/Y (@,m)   B->Y  F     NOR2X1      pd_aon      1  1.7    75    78    1837  (89.4000,53.0100) 
  WALLACE_CSA_DUMMY_OP_groupi57_g3363__1666/Y (@,m)   C->Y  R     NOR3X4      pd_aon      2  2.7    97    98    1936  (89.8000,56.4300) 
  FE_RC_242_0/Y                               (@,m)   A1->Y F     OAI21X4     pd_aon      3  1.9    83   114    2049  (86.8000,68.4000) 
  FE_RC_104_0/Y                               (@,m)   B->Y  R     NAND2BX2    pd_aon      1  0.9    33    64    2112  (81.6000,75.2400) 
  FE_RC_103_0/Y                               (@,m)   B->Y  F     NAND2X2     pd_aon      2  1.1    70    70    2182  (81.6000,75.2400) 
  fopt3910/Y                                  (@,m)   A->Y  R     INVX1       pd_aon      2  1.2    46    68    2251  (83.6000,82.0800) 
  FE_RC_149_0/Y                               (@,m)   C->Y  F     NOR3BX2     pd_aon      2  1.1    47    51    2301  (80.8000,83.7900) 
  FE_RC_148_0/Y                               (@,m)   B->Y  R     NOR2X2      pd_aon      1  2.1    76    76    2378  (80.4000,85.5000) 
  FE_RC_147_0/Y                               (@,m)   A1->Y F     OAI21X4     pd_aon      3  2.8    98   110    2488  (71.4000,87.2100) 
  FE_RC_252_0/Y                               (@,m)   B->Y  R     NAND2BXL    pd_aon      1  0.9    59    95    2583  (61.0000,95.7600) 
  FE_RC_247_0/Y                               (@,m)   B0->Y F     OAI21X2     pd_aon      1  4.1   162   150    2733  (61.0000,95.7600) 
  FE_OFC55_result_o_27/Y                      (@,m)   A->Y  R     INVX1       pd_aon      1  3.4   104   151    2884  (54.2000,49.5900) 
  FE_OFC56_result_o_27/Y                      (@,m)   A->Y  F     INVXL       pd_aon      1  0.5    48    99    2983   (54.2000,3.4200) 
  FE_OFC57_result_o_27/Y                      (@,m)   A->Y  F     BUFX2       pd_aon      1  2.0    44   104    3087   (54.2000,3.4200) 
  FE_OFC234_result_o_27/Y                     (@,m)   A->Y  F     CLKBUFX20   pd_aon      1 10.5    39    98    3185   (54.2000,3.4200) 
  result_o[27]                                -       -     F     (port)      pd_aon      -    -     -     1    3185              (-,-) 
#---------------------------------------------------------------------------------------------------------------------------------------

(p) : Instance is preserved but may be resized
(@) : Annotated capacitance.
(m) : Attribute cell_delay_multiplier is modified for this library cell.



Path 18: MET (282 ps) Late External Delay Assertion at pin result_o[59]
           View: slow_0p9v_125c_cmax_func
          Group: clk_i_virtual
     Startpoint: (R) operand_a_i_sr_reg_17/CK
          Clock: (R) clk_i
       Endpoint: (R) result_o[59]
          Clock: (R) clk_i_virtual

                     Capture       Launch     
        Clock Edge:+    5000            0     
       Src Latency:+       0            0     
       Net Latency:+       0 (I)        0 (I) 
           Arrival:=    5000            0     
                                              
      Output Delay:-    1500                  
       Uncertainty:-      55                  
     Required Time:=    3445                  
      Launch Clock:-       0                  
         Data Path:-    3163                  
             Slack:=     282                  

Exceptions/Constraints:
  output_delay             1500            func.sdc.gz_line_777   

Launch clock path:
#--------------------------------------------------------------------------------------------------------------------
#      Timing Point         Flags    Arc   Edge   Cell      Power  Fanout Load Trans Delay Arrival      Instance     
#                                                           Domain        (fF)  (ps)  (ps)   (ps)       Location     
#--------------------------------------------------------------------------------------------------------------------
  clk_i                    (i)       -     R     (arrival)  pd_aon     65  0.0     0     0      -4             (-,-) 
  operand_a_i_sr_reg_17/CK <<< (p,m) -     R     SDFFRHQX2  pd_aon     65    -     0     0      -4  (5.6000,66.6900) 
#--------------------------------------------------------------------------------------------------------------------

#---------------------------------------------------------------------------------------------------------------------------------------
#                Timing Point                  Flags   Arc   Edge   Cell      Power  Fanout Load Trans Delay Arrival      Instance      
#                                                                             Domain        (fF)  (ps)  (ps)   (ps)       Location      
#---------------------------------------------------------------------------------------------------------------------------------------
  operand_a_i_sr_reg_17/CK                     -       -     R     (arrival)  pd_aon     65    -     0     0       0              (-,-) 
  operand_a_i_sr_reg_17/Q                      (@,p,m) CK->Q R     SDFFRHQX2  pd_aon      7  8.9   115   334     334   (5.6000,66.6900) 
  FE_OFC187_operand_a_i_sr_17/Y                (@,m)   A->Y  F     INVX2      pd_aon      9  5.3    94   118     451  (50.4000,58.1400) 
  WALLACE_CSA_DUMMY_OP_groupi59_g3631__1881/Y  (@,m)   B->Y  R     NOR2XL     pd_aon      1  1.1   118   133     584  (51.0000,56.4300) 
  WALLACE_CSA_DUMMY_OP_groupi59_g3537__6260/CO (@,m)   B->CO R     ADDFXL     pd_aon      1  1.1    58   255     839  (49.2000,53.0100) 
  WALLACE_CSA_DUMMY_OP_groupi59_g3473__5122/S  (@,m)   CI->S R     ADDFXL     pd_aon      2  0.8    50   268    1108  (50.6000,49.5900) 
  WALLACE_CSA_DUMMY_OP_groupi59_g3464/Y        (@,m)   A->Y  F     INVXL      pd_aon      2  1.0    67    76    1184  (55.6000,49.5900) 
  WALLACE_CSA_DUMMY_OP_groupi59_g3799__2398/Y  (@,m)   A->Y  R     MXI2X1     pd_aon      1  1.8   128   136    1320  (54.4000,47.8800) 
  WALLACE_CSA_DUMMY_OP_groupi59_g3398__5122/CO (@,m)   B->CO R     ADDFX1     pd_aon      2  1.9    66   280    1600  (41.4000,47.8800) 
  WALLACE_CSA_DUMMY_OP_groupi59_g3391__6783/Y  (@,m)   A->Y  F     NAND2X1    pd_aon      2  0.9    88   110    1710  (30.6000,46.1700) 
  WALLACE_CSA_DUMMY_OP_groupi59_g3375__9945/Y  (@,m)   B->Y  R     NOR2X1     pd_aon      1  1.5   111   122    1832  (27.4000,46.1700) 
  WALLACE_CSA_DUMMY_OP_groupi59_g3363__1705/Y  (@,m)   C->Y  F     NOR3X4     pd_aon      2  1.3    46    80    1912  (25.2000,47.8800) 
  FE_RC_267_0/Y                                (@,m)   A1->Y R     OAI21X2    pd_aon      3  1.8    80    84    1995  (25.4000,49.5900) 
  FE_RC_254_0/Y                                (@,m)   B->Y  F     NAND2BX2   pd_aon      1  0.7    66    89    2085  (23.2000,54.7200) 
  FE_RC_253_0/Y                                (@,m)   B->Y  R     NAND2X2    pd_aon      2  2.0    52    61    2146  (23.2000,54.7200) 
  fopt3899/Y                                   (@,m)   A->Y  F     INVX2      pd_aon      2  2.1    45    58    2203  (23.6000,63.2700) 
  FE_RC_20_0/Y                                 (@,m)   A2->Y R     OAI31X4    pd_aon      3  1.7    89    90    2294  (22.2000,70.1100) 
  FE_RC_116_0/Y                                (@,m)   B->Y  F     NAND2BX2   pd_aon      1  0.7    68    95    2388  (23.2000,75.2400) 
  FE_RC_115_0/Y                                (@,m)   B->Y  R     NAND2X2    pd_aon      3  2.1    47    62    2450  (23.2000,75.2400) 
  FE_RC_87_0/Y                                 (@,m)   B->Y  F     NAND2BXL   pd_aon      1  0.7   125   115    2566  (23.4000,78.6600) 
  FE_RC_84_0/Y                                 (@,m)   B0->Y R     OAI21X2    pd_aon      1  2.8   104    99    2665  (23.4000,78.6600) 
  FE_OFC13_result_o_59/Y                       (@,m)   A->Y  F     INVXL      pd_aon      1  2.8   154   160    2825  (22.2000,41.0400) 
  FE_OFC14_result_o_59/Y                       (@,m)   A->Y  R     INVXL      pd_aon      1  0.5    48   120    2945   (22.2000,3.4200) 
  FE_OFC15_result_o_59/Y                       (@,m)   A->Y  R     BUFX2      pd_aon      1  2.2    38   112    3057   (22.2000,3.4200) 
  FE_OFC233_result_o_59/Y                      (@,m)   A->Y  R     CLKBUFX20  pd_aon      1 10.5    38   105    3162   (22.2000,3.4200) 
  result_o[59]                                 -       -     R     (port)     pd_aon      -    -     -     1    3163              (-,-) 
#---------------------------------------------------------------------------------------------------------------------------------------

(p) : Instance is preserved but may be resized
(@) : Annotated capacitance.
(m) : Attribute cell_delay_multiplier is modified for this library cell.



Path 19: MET (309 ps) Late External Delay Assertion at pin result_o[58]
           View: slow_0p9v_125c_cmax_func
          Group: clk_i_virtual
     Startpoint: (R) operand_b_i_sr_reg_9/CK
          Clock: (R) clk_i
       Endpoint: (F) result_o[58]
          Clock: (R) clk_i_virtual

                     Capture       Launch     
        Clock Edge:+    5000            0     
       Src Latency:+       0            0     
       Net Latency:+       0 (I)        0 (I) 
           Arrival:=    5000            0     
                                              
      Output Delay:-    1500                  
       Uncertainty:-      55                  
     Required Time:=    3445                  
      Launch Clock:-       0                  
         Data Path:-    3136                  
             Slack:=     309                  

Exceptions/Constraints:
  output_delay             1500            func.sdc.gz_line_764   

Launch clock path:
#---------------------------------------------------------------------------------------------------------------------
#      Timing Point        Flags    Arc   Edge    Cell      Power  Fanout Load Trans Delay Arrival      Instance      
#                                                           Domain        (fF)  (ps)  (ps)   (ps)       Location      
#---------------------------------------------------------------------------------------------------------------------
  clk_i                   (i)       -     R     (arrival)   pd_aon     65  0.0     0     0      -4              (-,-) 
  operand_b_i_sr_reg_9/CK <<< (p,m) -     R     SDFFSRHQX1  pd_aon     65    -     0     0      -4  (16.6000,37.6200) 
#---------------------------------------------------------------------------------------------------------------------

#----------------------------------------------------------------------------------------------------------------------------------------
#                Timing Point                  Flags   Arc   Edge    Cell      Power  Fanout Load Trans Delay Arrival      Instance      
#                                                                              Domain        (fF)  (ps)  (ps)   (ps)       Location      
#----------------------------------------------------------------------------------------------------------------------------------------
  operand_b_i_sr_reg_9/CK                      -       -     R     (arrival)   pd_aon     65    -     0     0       0              (-,-) 
  operand_b_i_sr_reg_9/Q                       (@,p,m) CK->Q F     SDFFSRHQX1  pd_aon      3  4.3   121   305     305  (16.6000,37.6200) 
  FE_OFC182_operand_b_i_sr_9/Y                 (@,m)   A->Y  R     INVX3       pd_aon     13  9.9    92   113     418  (37.6000,51.3000) 
  FE_OFC183_operand_b_i_sr_9/Y                 (@,m)   A->Y  F     INVX1       pd_aon      3  2.7    91   109     528  (56.6000,61.5600) 
  WALLACE_CSA_DUMMY_OP_groupi59_g3701__9945/Y  (@,m)   B->Y  F     AND2XL      pd_aon      1  0.9    55   111     639  (45.6000,75.2400) 
  WALLACE_CSA_DUMMY_OP_groupi59_g3516__1705/CO (@,m)   A->CO F     ADDFXL      pd_aon      1  0.9    63   196     835  (42.8000,76.9500) 
  WALLACE_CSA_DUMMY_OP_groupi59_g3443__6131/S  (@,m)   CI->S R     ADDFXL      pd_aon      1  1.4    73   307    1142  (41.2000,82.0800) 
  WALLACE_CSA_DUMMY_OP_groupi59_g3397__1705/S  (@,m)   B->S  F     ADDFHXL     pd_aon      1  1.5    72   318    1461  (39.6000,80.3700) 
  WALLACE_CSA_DUMMY_OP_groupi59_g3355__4319/S  (@,m)   B->S  R     ADDFXL      pd_aon      3  1.8    86   328    1788  (32.6000,78.6600) 
  WALLACE_CSA_DUMMY_OP_groupi59_g3346__2346/Y  (@,m)   B->Y  F     XOR2XL      pd_aon      2  0.6    43   180    1969  (25.6000,73.5300) 
  WALLACE_CSA_DUMMY_OP_groupi59_g2__9945/Y     (@,m)   B->Y  F     OR2X1       pd_aon      2  1.3    53   133    2101  (25.6000,71.8200) 
  FE_RC_241_0/Y                                (@,m)   A0->Y R     AOI21X2     pd_aon      1  1.7    76    98    2199  (26.8000,70.1100) 
  FE_RC_20_0/Y                                 (@,m)   B0->Y F     OAI31X4     pd_aon      3  1.5    88   117    2316  (22.2000,70.1100) 
  FE_RC_125_0/Y                                (@,m)   A->Y  R     INVXL       pd_aon      1  0.7    45    82    2397  (25.8000,70.1100) 
  FE_RC_124_0/Y                                (@,m)   A->Y  R     OR2XL       pd_aon      1  0.5    26    88    2485  (23.2000,75.2400) 
  FE_RC_119_0/Y                                (@,m)   B0->Y F     OAI2BB1X1   pd_aon      1  2.9   187   150    2635  (23.2000,75.2400) 
  FE_OFC16_result_o_58/Y                       (@,m)   A->Y  R     INVXL       pd_aon      1  2.6   130   189    2824  (27.6000,39.3300) 
  FE_OFC17_result_o_58/Y                       (@,m)   A->Y  F     INVXL       pd_aon      1  0.3    43   112    2936   (27.6000,3.4200) 
  FE_OFC115_result_o_58/Y                      (@,m)   A->Y  F     BUFX2       pd_aon      1  2.0    44   102    3037   (23.2000,3.4200) 
  FE_OFC235_result_o_58/Y                      (@,m)   A->Y  F     CLKBUFX20   pd_aon      1 10.5    39    98    3135   (23.2000,3.4200) 
  result_o[58]                                 -       -     F     (port)      pd_aon      -    -     -     0    3136              (-,-) 
#----------------------------------------------------------------------------------------------------------------------------------------

(p) : Instance is preserved but may be resized
(@) : Annotated capacitance.
(m) : Attribute cell_delay_multiplier is modified for this library cell.



Path 20: MET (337 ps) Late External Delay Assertion at pin result_o[12]
           View: slow_0p9v_125c_cmax_func
          Group: clk_i_virtual
     Startpoint: (R) operand_a_i_sr_reg_4/CK
          Clock: (R) clk_i
       Endpoint: (F) result_o[12]
          Clock: (R) clk_i_virtual

                     Capture       Launch     
        Clock Edge:+    5000            0     
       Src Latency:+       0            0     
       Net Latency:+       0 (I)        0 (I) 
           Arrival:=    5000            0     
                                              
      Output Delay:-    1500                  
       Uncertainty:-      55                  
     Required Time:=    3445                  
      Launch Clock:-       0                  
         Data Path:-    3108                  
             Slack:=     337                  

Exceptions/Constraints:
  output_delay             1500            func.sdc.gz_line_768   

Launch clock path:
#---------------------------------------------------------------------------------------------------------------------
#      Timing Point        Flags    Arc   Edge    Cell      Power  Fanout Load Trans Delay Arrival      Instance      
#                                                           Domain        (fF)  (ps)  (ps)   (ps)       Location      
#---------------------------------------------------------------------------------------------------------------------
  clk_i                   (i)       -     R     (arrival)   pd_aon     65  0.0     0     0      -4              (-,-) 
  operand_a_i_sr_reg_4/CK <<< (p,m) -     R     SDFFSRHQX2  pd_aon     65    -     0     0      -4  (14.4000,58.1400) 
#---------------------------------------------------------------------------------------------------------------------

#-------------------------------------------------------------------------------------------------------------------------------------
#               Timing Point                Flags   Arc   Edge    Cell      Power  Fanout Load Trans Delay Arrival      Instance      
#                                                                           Domain        (fF)  (ps)  (ps)   (ps)       Location      
#-------------------------------------------------------------------------------------------------------------------------------------
  operand_a_i_sr_reg_4/CK                   -       -     R     (arrival)   pd_aon     65    -     0     0       0              (-,-) 
  operand_a_i_sr_reg_4/Q                    (@,p,m) CK->Q R     SDFFSRHQX2  pd_aon      8 10.1   118   292     292  (14.4000,58.1400) 
  FE_OFC135_operand_a_i_sr_4/Y              (@,m)   A->Y  F     INVX3       pd_aon      5  9.1   104   122     414  (24.0000,58.1400) 
  FE_OFC136_operand_a_i_sr_4/Y              (@,m)   A->Y  R     INVX3       pd_aon      6  6.1    63    88     502  (58.0000,58.1400) 
  WALLACE_CSA_DUMMY_OP_groupi_g3706__2346/Y (@,m)   A->Y  R     CLKAND2X2   pd_aon      1  1.7    35   139     641  (62.8000,46.1700) 
  WALLACE_CSA_DUMMY_OP_groupi_g3527__4733/S (@,m)   A->S  F     ADDFXL      pd_aon      1  1.4    88   321     962  (70.6000,46.1700) 
  WALLACE_CSA_DUMMY_OP_groupi_g3436__8428/S (@,m)   B->S  R     ADDFHXL     pd_aon      1  1.4    58   312    1274  (74.6000,46.1700) 
  WALLACE_CSA_DUMMY_OP_groupi_g3405__7098/S (@,m)   CI->S F     ADDFXL      pd_aon      1  1.1    75   289    1563  (81.8000,41.0400) 
  WALLACE_CSA_DUMMY_OP_groupi_g3373__5115/S (@,m)   CI->S R     ADDFX1      pd_aon      2  1.9    72   346    1909  (83.8000,30.7800) 
  WALLACE_CSA_DUMMY_OP_groupi_g3369__7098/Y (@,m)   B->Y  F     NAND2X1     pd_aon      2  1.1   104   113    2022  (86.4000,15.3900) 
  FE_RC_146_0/Y                             (@,m)   B0->Y R     OAI21X2     pd_aon      3  1.3    69    78    2100  (85.8000,11.9700) 
  FE_RC_66_0/Y                              (@,m)   B->Y  F     NAND2BX1    pd_aon      1  0.7    84    99    2199   (83.0000,8.5500) 
  FE_RC_65_0/Y                              (@,m)   B->Y  R     NAND2X2     pd_aon      2  1.1    43    65    2265   (83.0000,8.5500) 
  fopt3913/Y                                (@,m)   A->Y  F     INVX1       pd_aon      2  1.3    49    58    2322   (84.0000,5.1300) 
  FE_RC_79_0/Y                              (@,m)   A2->Y R     OAI31X2     pd_aon      3  1.3   111   109    2432   (79.0000,5.1300) 
  FE_RC_11_0/Y                              (@,m)   B->Y  F     NAND2BX1    pd_aon      1  0.7    88   124    2556   (72.8000,5.1300) 
  FE_RC_10_0/Y                              (@,m)   B->Y  R     NAND2X2     pd_aon      5  2.1    54    74    2630   (72.8000,5.1300) 
  FE_RC_201_0/Y                             (@,m)   B->Y  F     NOR2BX1     pd_aon      1  0.3    29    52    2682   (72.2000,6.8400) 
  FE_RC_200_0/Y                             (@,m)   B->Y  R     NOR2XL      pd_aon      1  0.4    60    59    2741   (71.4000,6.8400) 
  FE_RC_196_0/Y                             (@,m)   A1->Y F     OAI21XL     pd_aon      1  0.7   123   126    2867   (69.8000,8.5500) 
  FE_OFC74_result_o_12/Y                    (@,m)   A->Y  F     BUFX2       pd_aon      1  2.0    44   143    3010   (69.2000,3.4200) 
  FE_OFC225_result_o_12/Y                   (@,m)   A->Y  F     CLKBUFX20   pd_aon      1 10.5    39    98    3108   (69.2000,3.4200) 
  result_o[12]                              -       -     F     (port)      pd_aon      -    -     -     0    3108              (-,-) 
#-------------------------------------------------------------------------------------------------------------------------------------

(p) : Instance is preserved but may be resized
(@) : Annotated capacitance.
(m) : Attribute cell_delay_multiplier is modified for this library cell.



Path 21: MET (358 ps) Late External Delay Assertion at pin result_o[60]
           View: slow_0p9v_125c_cmax_func
          Group: clk_i_virtual
     Startpoint: (R) operand_b_i_sr_reg_9/CK
          Clock: (R) clk_i
       Endpoint: (F) result_o[60]
          Clock: (R) clk_i_virtual

                     Capture       Launch     
        Clock Edge:+    5000            0     
       Src Latency:+       0            0     
       Net Latency:+       0 (I)        0 (I) 
           Arrival:=    5000            0     
                                              
      Output Delay:-    1500                  
       Uncertainty:-      55                  
     Required Time:=    3445                  
      Launch Clock:-       0                  
         Data Path:-    3087                  
             Slack:=     358                  

Exceptions/Constraints:
  output_delay             1500            func.sdc.gz_line_754   

Launch clock path:
#---------------------------------------------------------------------------------------------------------------------
#      Timing Point        Flags    Arc   Edge    Cell      Power  Fanout Load Trans Delay Arrival      Instance      
#                                                           Domain        (fF)  (ps)  (ps)   (ps)       Location      
#---------------------------------------------------------------------------------------------------------------------
  clk_i                   (i)       -     R     (arrival)   pd_aon     65  0.0     0     0      -4              (-,-) 
  operand_b_i_sr_reg_9/CK <<< (p,m) -     R     SDFFSRHQX1  pd_aon     65    -     0     0      -4  (16.6000,37.6200) 
#---------------------------------------------------------------------------------------------------------------------

#----------------------------------------------------------------------------------------------------------------------------------------
#                Timing Point                  Flags   Arc   Edge    Cell      Power  Fanout Load Trans Delay Arrival      Instance      
#                                                                              Domain        (fF)  (ps)  (ps)   (ps)       Location      
#----------------------------------------------------------------------------------------------------------------------------------------
  operand_b_i_sr_reg_9/CK                      -       -     R     (arrival)   pd_aon     65    -     0     0       0              (-,-) 
  operand_b_i_sr_reg_9/Q                       (@,p,m) CK->Q F     SDFFSRHQX1  pd_aon      3  4.3   121   305     305  (16.6000,37.6200) 
  FE_OFC182_operand_b_i_sr_9/Y                 (@,m)   A->Y  R     INVX3       pd_aon     13  9.9    92   113     418  (37.6000,51.3000) 
  FE_OFC183_operand_b_i_sr_9/Y                 (@,m)   A->Y  F     INVX1       pd_aon      3  2.7    91   109     528  (56.6000,61.5600) 
  WALLACE_CSA_DUMMY_OP_groupi59_g3701__9945/Y  (@,m)   B->Y  F     AND2XL      pd_aon      1  0.9    55   111     639  (45.6000,75.2400) 
  WALLACE_CSA_DUMMY_OP_groupi59_g3516__1705/CO (@,m)   A->CO F     ADDFXL      pd_aon      1  0.9    63   196     835  (42.8000,76.9500) 
  WALLACE_CSA_DUMMY_OP_groupi59_g3443__6131/S  (@,m)   CI->S R     ADDFXL      pd_aon      1  1.4    73   307    1142  (41.2000,82.0800) 
  WALLACE_CSA_DUMMY_OP_groupi59_g3397__1705/S  (@,m)   B->S  F     ADDFHXL     pd_aon      1  1.5    72   318    1461  (39.6000,80.3700) 
  WALLACE_CSA_DUMMY_OP_groupi59_g3355__4319/S  (@,m)   B->S  R     ADDFXL      pd_aon      3  1.8    86   328    1788  (32.6000,78.6600) 
  WALLACE_CSA_DUMMY_OP_groupi59_g3346__2346/Y  (@,m)   B->Y  F     XOR2XL      pd_aon      2  0.6    43   180    1969  (25.6000,73.5300) 
  WALLACE_CSA_DUMMY_OP_groupi59_g2__9945/Y     (@,m)   B->Y  F     OR2X1       pd_aon      2  1.3    53   133    2101  (25.6000,71.8200) 
  FE_RC_241_0/Y                                (@,m)   A0->Y R     AOI21X2     pd_aon      1  1.7    76    98    2199  (26.8000,70.1100) 
  FE_RC_20_0/Y                                 (@,m)   B0->Y F     OAI31X4     pd_aon      3  1.5    88   117    2316  (22.2000,70.1100) 
  FE_RC_116_0/Y                                (@,m)   B->Y  R     NAND2BX2    pd_aon      1  0.9    34    66    2382  (23.2000,75.2400) 
  FE_RC_115_0/Y                                (@,m)   B->Y  F     NAND2X2     pd_aon      3  1.8    90    82    2464  (23.2000,75.2400) 
  FE_RC_81_0/Y                                 (@,m)   B->Y  R     NAND2X2     pd_aon      1  1.6    42    72    2536  (23.4000,78.6600) 
  FE_RC_80_0/Y                                 (@,m)   B->Y  F     NAND2X4     pd_aon      3  2.0    70    71    2607  (23.4000,78.6600) 
  FE_RC_31_0/Y                                 (@,m)   B->Y  R     NAND2BXL    pd_aon      1  0.9    55    76    2683  (21.6000,82.0800) 
  FE_RC_28_0/Y                                 (@,m)   B0->Y F     OAI21X2     pd_aon      1  2.8   126   125    2809  (21.6000,82.0800) 
  FE_OFC11_result_o_60/Y                       (@,m)   A->Y  F     BUFX2       pd_aon      1  4.5    76   163    2972  (21.2000,42.7500) 
  FE_OFC12_result_o_60/Y                       (@,m)   A->Y  F     CLKBUFX20   pd_aon      1 10.5    39   115    3086   (21.2000,3.4200) 
  result_o[60]                                 -       -     F     (port)      pd_aon      -    -     -     0    3087              (-,-) 
#----------------------------------------------------------------------------------------------------------------------------------------

(p) : Instance is preserved but may be resized
(@) : Annotated capacitance.
(m) : Attribute cell_delay_multiplier is modified for this library cell.



Path 22: MET (424 ps) Late External Delay Assertion at pin result_o[11]
           View: slow_0p9v_125c_cmax_func
          Group: clk_i_virtual
     Startpoint: (R) operand_a_i_sr_reg_4/CK
          Clock: (R) clk_i
       Endpoint: (R) result_o[11]
          Clock: (R) clk_i_virtual

                     Capture       Launch     
        Clock Edge:+    5000            0     
       Src Latency:+       0            0     
       Net Latency:+       0 (I)        0 (I) 
           Arrival:=    5000            0     
                                              
      Output Delay:-    1500                  
       Uncertainty:-      55                  
     Required Time:=    3445                  
      Launch Clock:-       0                  
         Data Path:-    3021                  
             Slack:=     424                  

Exceptions/Constraints:
  output_delay             1500            func.sdc.gz_line_752   

Launch clock path:
#---------------------------------------------------------------------------------------------------------------------
#      Timing Point        Flags    Arc   Edge    Cell      Power  Fanout Load Trans Delay Arrival      Instance      
#                                                           Domain        (fF)  (ps)  (ps)   (ps)       Location      
#---------------------------------------------------------------------------------------------------------------------
  clk_i                   (i)       -     R     (arrival)   pd_aon     65  0.0     0     0      -4              (-,-) 
  operand_a_i_sr_reg_4/CK <<< (p,m) -     R     SDFFSRHQX2  pd_aon     65    -     0     0      -4  (14.4000,58.1400) 
#---------------------------------------------------------------------------------------------------------------------

#-------------------------------------------------------------------------------------------------------------------------------------
#               Timing Point                Flags   Arc   Edge    Cell      Power  Fanout Load Trans Delay Arrival      Instance      
#                                                                           Domain        (fF)  (ps)  (ps)   (ps)       Location      
#-------------------------------------------------------------------------------------------------------------------------------------
  operand_a_i_sr_reg_4/CK                   -       -     R     (arrival)   pd_aon     65    -     0     0       0              (-,-) 
  operand_a_i_sr_reg_4/Q                    (@,p,m) CK->Q R     SDFFSRHQX2  pd_aon      8 10.1   118   292     292  (14.4000,58.1400) 
  FE_OFC135_operand_a_i_sr_4/Y              (@,m)   A->Y  F     INVX3       pd_aon      5  9.1   104   122     414  (24.0000,58.1400) 
  FE_OFC136_operand_a_i_sr_4/Y              (@,m)   A->Y  R     INVX3       pd_aon      6  6.1    63    88     502  (58.0000,58.1400) 
  WALLACE_CSA_DUMMY_OP_groupi_g3706__2346/Y (@,m)   A->Y  R     CLKAND2X2   pd_aon      1  1.7    35   139     641  (62.8000,46.1700) 
  WALLACE_CSA_DUMMY_OP_groupi_g3527__4733/S (@,m)   A->S  F     ADDFXL      pd_aon      1  1.4    88   321     962  (70.6000,46.1700) 
  WALLACE_CSA_DUMMY_OP_groupi_g3436__8428/S (@,m)   B->S  R     ADDFHXL     pd_aon      1  1.4    58   312    1274  (74.6000,46.1700) 
  WALLACE_CSA_DUMMY_OP_groupi_g3405__7098/S (@,m)   CI->S F     ADDFXL      pd_aon      1  1.1    75   289    1563  (81.8000,41.0400) 
  WALLACE_CSA_DUMMY_OP_groupi_g3373__5115/S (@,m)   CI->S R     ADDFX1      pd_aon      2  1.9    72   346    1909  (83.8000,30.7800) 
  WALLACE_CSA_DUMMY_OP_groupi_g3369__7098/Y (@,m)   B->Y  F     NAND2X1     pd_aon      2  1.1   104   113    2022  (86.4000,15.3900) 
  FE_RC_146_0/Y                             (@,m)   B0->Y R     OAI21X2     pd_aon      3  1.3    69    78    2100  (85.8000,11.9700) 
  FE_RC_66_0/Y                              (@,m)   B->Y  F     NAND2BX1    pd_aon      1  0.7    84    99    2199   (83.0000,8.5500) 
  FE_RC_65_0/Y                              (@,m)   B->Y  R     NAND2X2     pd_aon      2  1.1    43    65    2265   (83.0000,8.5500) 
  fopt3913/Y                                (@,m)   A->Y  F     INVX1       pd_aon      2  1.3    49    58    2322   (84.0000,5.1300) 
  FE_RC_79_0/Y                              (@,m)   A2->Y R     OAI31X2     pd_aon      3  1.3   111   109    2432   (79.0000,5.1300) 
  FE_RC_11_0/Y                              (@,m)   B->Y  F     NAND2BX1    pd_aon      1  0.7    88   124    2556   (72.8000,5.1300) 
  FE_RC_10_0/Y                              (@,m)   B->Y  R     NAND2X2     pd_aon      5  2.1    54    74    2630   (72.8000,5.1300) 
  FE_RC_194_0/Y                             (@,m)   A->Y  F     NAND2XL     pd_aon      1  0.3    61    90    2720   (72.2000,6.8400) 
  FE_RC_192_0/Y                             (@,m)   B0->Y R     OAI21XL     pd_aon      1  0.5    84    63    2783   (72.2000,6.8400) 
  FE_OFC75_result_o_11/Y                    (@,m)   A->Y  R     BUFX2       pd_aon      1  2.2    39   132    2915   (70.2000,3.4200) 
  FE_OFC229_result_o_11/Y                   (@,m)   A->Y  R     CLKBUFX20   pd_aon      1 10.5    38   105    3020   (70.2000,3.4200) 
  result_o[11]                              -       -     R     (port)      pd_aon      -    -     -     1    3021              (-,-) 
#-------------------------------------------------------------------------------------------------------------------------------------

(p) : Instance is preserved but may be resized
(@) : Annotated capacitance.
(m) : Attribute cell_delay_multiplier is modified for this library cell.



Path 23: MET (453 ps) Late External Delay Assertion at pin result_o[43]
           View: slow_0p9v_125c_cmax_func
          Group: clk_i_virtual
     Startpoint: (R) operand_b_i_sr_reg_17/CK
          Clock: (R) clk_i
       Endpoint: (R) result_o[43]
          Clock: (R) clk_i_virtual

                     Capture       Launch     
        Clock Edge:+    5000            0     
       Src Latency:+       0            0     
       Net Latency:+       0 (I)        0 (I) 
           Arrival:=    5000            0     
                                              
      Output Delay:-    1500                  
       Uncertainty:-      55                  
     Required Time:=    3445                  
      Launch Clock:-       0                  
         Data Path:-    2992                  
             Slack:=     453                  

Exceptions/Constraints:
  output_delay             1500            func.sdc.gz_line_779   

Launch clock path:
#----------------------------------------------------------------------------------------------------------------------
#      Timing Point         Flags    Arc   Edge    Cell      Power  Fanout Load Trans Delay Arrival      Instance      
#                                                            Domain        (fF)  (ps)  (ps)   (ps)       Location      
#----------------------------------------------------------------------------------------------------------------------
  clk_i                    (i)       -     R     (arrival)   pd_aon     65  0.0     0     0      -4              (-,-) 
  operand_b_i_sr_reg_17/CK <<< (p,m) -     R     SDFFSRHQX2  pd_aon     65    -     0     0      -4  (14.8000,34.2000) 
#----------------------------------------------------------------------------------------------------------------------

#-----------------------------------------------------------------------------------------------------------------------------------------
#                Timing Point                  Flags    Arc   Edge    Cell      Power  Fanout Load Trans Delay Arrival      Instance      
#                                                                               Domain        (fF)  (ps)  (ps)   (ps)       Location      
#-----------------------------------------------------------------------------------------------------------------------------------------
  operand_b_i_sr_reg_17/CK                     -       -      R     (arrival)   pd_aon     65    -     0     0       0              (-,-) 
  operand_b_i_sr_reg_17/Q                      (@,p,m) CK->Q  F     SDFFSRHQX2  pd_aon      8  9.4   134   328     328  (14.8000,34.2000) 
  fopt4032/Y                                   (@,m)   A->Y   R     INVX2       pd_aon     10  7.0    98   127     455  (55.2000,34.2000) 
  WALLACE_CSA_DUMMY_OP_groupi58_g3687__5122/Y  (@,m)   A->Y   F     NOR2XL      pd_aon      1  0.7    69   112     567  (41.6000,37.6200) 
  WALLACE_CSA_DUMMY_OP_groupi58_g3559__4733/S  (@,m)   A->S   R     ADDHXL      pd_aon      1  1.0    52   223     790  (41.0000,34.2000) 
  WALLACE_CSA_DUMMY_OP_groupi58_g3467__1617/S  (@,m)   B->S   F     ADDFX1      pd_aon      4  1.7    72   345    1135  (39.8000,32.4900) 
  FE_RC_130_0/Y                                (@,m)   B->Y   R     NAND2BX1    pd_aon      1  0.5    33    61    1197  (39.8000,25.6500) 
  FE_RC_128_0/Y                                (@,m)   B0->Y  F     OAI21X1     pd_aon      2  0.6    87    92    1288  (39.8000,25.6500) 
  FE_RC_131_0/Y                                (@,m)   B->Y   R     NAND2BXL    pd_aon      1  0.5    41    78    1366  (39.8000,25.6500) 
  FE_RC_138_0/Y                                (@,m)   B0->Y  F     OAI21X1     pd_aon      1  1.4   131   123    1489  (39.8000,25.6500) 
  WALLACE_CSA_DUMMY_OP_groupi58_g3373__2883/S  (@,m)   B->S   R     ADDFX1      pd_aon      2  1.3    55   371    1861  (39.4000,15.3900) 
  WALLACE_CSA_DUMMY_OP_groupi58_g3370__9315/Y  (@,m)   B->Y   F     NOR2XL      pd_aon      2  0.8    66    75    1936   (44.6000,6.8400) 
  WALLACE_CSA_DUMMY_OP_groupi58_g3353__8428/Y  (@,m)   A0->Y  R     OAI21X1     pd_aon      1  0.8    77   105    2041   (42.2000,6.8400) 
  WALLACE_CSA_DUMMY_OP_groupi58_g3334__4733/CO (@,m)   CI->CO R     ADDFX1      pd_aon      2  1.3    52   230    2270   (39.2000,8.5500) 
  fopt3907/Y                                   (@,m)   A->Y   F     INVX1       pd_aon      2  1.4    55    66    2336   (41.8000,5.1300) 
  FE_RC_1_0/Y                                  (@,m)   A2->Y  R     OAI31X2     pd_aon      3  1.1   103   107    2444   (35.0000,6.8400) 
  FE_RC_182_0/Y                                (@,m)   B->Y   F     NAND2BX1    pd_aon      1  0.7    90   121    2564   (36.4000,5.1300) 
  FE_RC_180_0/Y                                (@,m)   B->Y   R     NAND2BX2    pd_aon      3  2.0    45    74    2638   (35.4000,5.1300) 
  FE_RC_300_0/Y                                (@,m)   B->Y   F     NAND2BXL    pd_aon      1  0.7   124   114    2752   (28.6000,5.1300) 
  FE_RC_296_0/Y                                (@,m)   B0->Y  R     OAI21X2     pd_aon      1  2.8   104    99    2851   (28.6000,5.1300) 
  FE_OFC33_result_o_43/Y                       (@,m)   A->Y   R     CLKBUFX20   pd_aon      1 10.5    40   140    2991   (38.2000,3.4200) 
  result_o[43]                                 -       -      R     (port)      pd_aon      -    -     -     0    2992              (-,-) 
#-----------------------------------------------------------------------------------------------------------------------------------------

(p) : Instance is preserved but may be resized
(@) : Annotated capacitance.
(m) : Attribute cell_delay_multiplier is modified for this library cell.



Path 24: MET (522 ps) Late External Delay Assertion at pin result_o[25]
           View: slow_0p9v_125c_cmax_func
          Group: clk_i_virtual
     Startpoint: (R) operand_b_i_sr_reg_27/CK
          Clock: (R) clk_i
       Endpoint: (R) result_o[25]
          Clock: (R) clk_i_virtual

                     Capture       Launch     
        Clock Edge:+    5000            0     
       Src Latency:+       0            0     
       Net Latency:+       0 (I)        0 (I) 
           Arrival:=    5000            0     
                                              
      Output Delay:-    1500                  
       Uncertainty:-      55                  
     Required Time:=    3445                  
      Launch Clock:-       0                  
         Data Path:-    2923                  
             Slack:=     522                  

Exceptions/Constraints:
  output_delay             1500            func.sdc.gz_line_789   

Launch clock path:
#----------------------------------------------------------------------------------------------------------------------
#      Timing Point         Flags    Arc   Edge    Cell      Power  Fanout Load Trans Delay Arrival      Instance      
#                                                            Domain        (fF)  (ps)  (ps)   (ps)       Location      
#----------------------------------------------------------------------------------------------------------------------
  clk_i                    (i)       -     R     (arrival)   pd_aon     65  0.0     0     0      -4              (-,-) 
  operand_b_i_sr_reg_27/CK <<< (p,m) -     R     SDFFSRHQX4  pd_aon     65    -     0     0      -4  (15.8000,47.8800) 
#----------------------------------------------------------------------------------------------------------------------

#---------------------------------------------------------------------------------------------------------------------------------------
#                Timing Point                 Flags   Arc   Edge    Cell      Power  Fanout Load Trans Delay Arrival      Instance      
#                                                                             Domain        (fF)  (ps)  (ps)   (ps)       Location      
#---------------------------------------------------------------------------------------------------------------------------------------
  operand_b_i_sr_reg_27/CK                    -       -     R     (arrival)   pd_aon     65    -     0     0       0              (-,-) 
  operand_b_i_sr_reg_27/Q                     (@,p,m) CK->Q F     SDFFSRHQX4  pd_aon     14 14.1   109   338     338  (15.8000,47.8800) 
  WALLACE_CSA_DUMMY_OP_groupi57_g3650__4733/Y (@,m)   A->Y  F     AND2XL      pd_aon      3  2.6   136   175     513  (68.4000,68.4000) 
  WALLACE_CSA_DUMMY_OP_groupi57_g3598/Y       (@,m)   A->Y  R     INVX1       pd_aon      2  0.9    48   103     616  (84.0000,78.6600) 
  WALLACE_CSA_DUMMY_OP_groupi57_g3576__5115/Y (@,m)   B->Y  F     NOR2XL      pd_aon      1  0.5    57    62     678  (86.4000,76.9500) 
  WALLACE_CSA_DUMMY_OP_groupi57_g3571__8246/Y (@,m)   B0->Y R     AOI21X1     pd_aon      2  0.8    73    86     764  (85.2000,78.6600) 
  WALLACE_CSA_DUMMY_OP_groupi57_g3553/Y       (@,m)   A->Y  F     INVXL       pd_aon      1  0.3    34    71     835  (88.6000,78.6600) 
  WALLACE_CSA_DUMMY_OP_groupi57_g3551__5477/Y (@,m)   B->Y  R     NOR2XL      pd_aon      1  0.4    69    66     901  (89.8000,78.6600) 
  WALLACE_CSA_DUMMY_OP_groupi57_g3545__2883/Y (@,m)   B->Y  F     NOR2X1      pd_aon      4  1.2    58    75     976  (89.4000,76.9500) 
  WALLACE_CSA_DUMMY_OP_groupi57_g3500/Y       (@,m)   A->Y  R     INVXL       pd_aon      1  0.4    29    54    1030  (88.6000,75.2400) 
  WALLACE_CSA_DUMMY_OP_groupi57_g3482__6783/Y (@,m)   A->Y  F     MXI2XL      pd_aon      1  0.9   162   149    1179  (88.2000,73.5300) 
  WALLACE_CSA_DUMMY_OP_groupi57_g3448__8428/Y (@,m)   B->Y  F     XNOR2XL     pd_aon      2  1.1    71   199    1378  (88.6000,63.2700) 
  WALLACE_CSA_DUMMY_OP_groupi57_g3415__1705/Y (@,m)   B->Y  R     XNOR2X1     pd_aon      2  0.6    31   196    1574  (88.8000,54.7200) 
  WALLACE_CSA_DUMMY_OP_groupi57_g3404__5107/Y (@,m)   B->Y  F     NAND2BXL    pd_aon      2  0.6   100    90    1664  (87.0000,53.0100) 
  WALLACE_CSA_DUMMY_OP_groupi57_g3391__9315/Y (@,m)   B->Y  R     NAND2XL     pd_aon      2  0.8    59    96    1760  (86.4000,51.3000) 
  WALLACE_CSA_DUMMY_OP_groupi57_g3375__3680/Y (@,m)   B->Y  F     NOR2X1      pd_aon      1  1.7    75    78    1837  (89.4000,53.0100) 
  WALLACE_CSA_DUMMY_OP_groupi57_g3363__1666/Y (@,m)   C->Y  R     NOR3X4      pd_aon      2  2.7    97    98    1936  (89.8000,56.4300) 
  FE_RC_242_0/Y                               (@,m)   A1->Y F     OAI21X4     pd_aon      3  1.9    83   114    2049  (86.8000,68.4000) 
  FE_RC_104_0/Y                               (@,m)   B->Y  R     NAND2BX2    pd_aon      1  0.9    33    64    2112  (81.6000,75.2400) 
  FE_RC_103_0/Y                               (@,m)   B->Y  F     NAND2X2     pd_aon      2  1.1    70    70    2182  (81.6000,75.2400) 
  fopt3910/Y                                  (@,m)   A->Y  R     INVX1       pd_aon      2  1.2    46    68    2251  (83.6000,82.0800) 
  WALLACE_CSA_DUMMY_OP_groupi57_g3329__7410/Y (@,m)   A1->Y F     OAI21XL     pd_aon      1  0.5   113   111    2361  (80.2000,83.7900) 
  WALLACE_CSA_DUMMY_OP_groupi57_g3327__2346/Y (@,m)   B->Y  R     XNOR2X1     pd_aon      1  6.4   150   285    2647  (77.6000,83.7900) 
  FE_OFC61_result_o_25/Y                      (@,m)   A->Y  R     BUFX2       pd_aon      1  2.2    40   170    2817   (56.2000,3.4200) 
  FE_OFC257_result_o_25/Y                     (@,m)   A->Y  R     CLKBUFX20   pd_aon      1 10.5    38   106    2922   (56.2000,3.4200) 
  result_o[25]                                -       -     R     (port)      pd_aon      -    -     -     0    2923              (-,-) 
#---------------------------------------------------------------------------------------------------------------------------------------

(p) : Instance is preserved but may be resized
(@) : Annotated capacitance.
(m) : Attribute cell_delay_multiplier is modified for this library cell.



Path 25: MET (538 ps) Late External Delay Assertion at pin result_o[42]
           View: slow_0p9v_125c_cmax_func
          Group: clk_i_virtual
     Startpoint: (R) operand_b_i_sr_reg_17/CK
          Clock: (R) clk_i
       Endpoint: (F) result_o[42]
          Clock: (R) clk_i_virtual

                     Capture       Launch     
        Clock Edge:+    5000            0     
       Src Latency:+       0            0     
       Net Latency:+       0 (I)        0 (I) 
           Arrival:=    5000            0     
                                              
      Output Delay:-    1500                  
       Uncertainty:-      55                  
     Required Time:=    3445                  
      Launch Clock:-       0                  
         Data Path:-    2907                  
             Slack:=     538                  

Exceptions/Constraints:
  output_delay             1500            func.sdc.gz_line_765   

Launch clock path:
#----------------------------------------------------------------------------------------------------------------------
#      Timing Point         Flags    Arc   Edge    Cell      Power  Fanout Load Trans Delay Arrival      Instance      
#                                                            Domain        (fF)  (ps)  (ps)   (ps)       Location      
#----------------------------------------------------------------------------------------------------------------------
  clk_i                    (i)       -     R     (arrival)   pd_aon     65  0.0     0     0      -4              (-,-) 
  operand_b_i_sr_reg_17/CK <<< (p,m) -     R     SDFFSRHQX2  pd_aon     65    -     0     0      -4  (14.8000,34.2000) 
#----------------------------------------------------------------------------------------------------------------------

#-----------------------------------------------------------------------------------------------------------------------------------------
#                Timing Point                  Flags    Arc   Edge    Cell      Power  Fanout Load Trans Delay Arrival      Instance      
#                                                                               Domain        (fF)  (ps)  (ps)   (ps)       Location      
#-----------------------------------------------------------------------------------------------------------------------------------------
  operand_b_i_sr_reg_17/CK                     -       -      R     (arrival)   pd_aon     65    -     0     0       0              (-,-) 
  operand_b_i_sr_reg_17/Q                      (@,p,m) CK->Q  F     SDFFSRHQX2  pd_aon      8  9.4   134   328     328  (14.8000,34.2000) 
  fopt4032/Y                                   (@,m)   A->Y   R     INVX2       pd_aon     10  7.0    98   127     455  (55.2000,34.2000) 
  WALLACE_CSA_DUMMY_OP_groupi58_g3687__5122/Y  (@,m)   A->Y   F     NOR2XL      pd_aon      1  0.7    69   112     567  (41.6000,37.6200) 
  WALLACE_CSA_DUMMY_OP_groupi58_g3559__4733/S  (@,m)   A->S   R     ADDHXL      pd_aon      1  1.0    52   223     790  (41.0000,34.2000) 
  WALLACE_CSA_DUMMY_OP_groupi58_g3467__1617/S  (@,m)   B->S   F     ADDFX1      pd_aon      4  1.7    72   345    1135  (39.8000,32.4900) 
  FE_RC_130_0/Y                                (@,m)   B->Y   R     NAND2BX1    pd_aon      1  0.5    33    61    1197  (39.8000,25.6500) 
  FE_RC_128_0/Y                                (@,m)   B0->Y  F     OAI21X1     pd_aon      2  0.6    87    92    1288  (39.8000,25.6500) 
  FE_RC_131_0/Y                                (@,m)   B->Y   R     NAND2BXL    pd_aon      1  0.5    41    78    1366  (39.8000,25.6500) 
  FE_RC_138_0/Y                                (@,m)   B0->Y  F     OAI21X1     pd_aon      1  1.4   131   123    1489  (39.8000,25.6500) 
  WALLACE_CSA_DUMMY_OP_groupi58_g3373__2883/S  (@,m)   B->S   R     ADDFX1      pd_aon      2  1.3    55   371    1861  (39.4000,15.3900) 
  WALLACE_CSA_DUMMY_OP_groupi58_g3370__9315/Y  (@,m)   B->Y   F     NOR2XL      pd_aon      2  0.8    66    75    1936   (44.6000,6.8400) 
  WALLACE_CSA_DUMMY_OP_groupi58_g3353__8428/Y  (@,m)   A0->Y  R     OAI21X1     pd_aon      1  0.8    77   105    2041   (42.2000,6.8400) 
  WALLACE_CSA_DUMMY_OP_groupi58_g3334__4733/CO (@,m)   CI->CO R     ADDFX1      pd_aon      2  1.3    52   230    2270   (39.2000,8.5500) 
  fopt3907/Y                                   (@,m)   A->Y   F     INVX1       pd_aon      2  1.4    55    66    2336   (41.8000,5.1300) 
  FE_RC_1_0/Y                                  (@,m)   A2->Y  R     OAI31X2     pd_aon      3  1.1   103   107    2444   (35.0000,6.8400) 
  FE_RC_56_0/Y                                 (@,m)   AN->Y  R     NAND2BXL    pd_aon      1  0.3    38   102    2546   (33.8000,5.1300) 
  FE_RC_50_0/Y                                 (@,m)   A->Y   F     NAND2XL     pd_aon      1  0.9   125   120    2665   (33.8000,5.1300) 
  FE_OFC119_result_o_42/Y                      (@,m)   A->Y   F     BUFX2       pd_aon      1  2.0    44   143    2809   (39.2000,3.4200) 
  FE_OFC226_result_o_42/Y                      (@,m)   A->Y   F     CLKBUFX20   pd_aon      1 10.5    39    98    2907   (39.2000,3.4200) 
  result_o[42]                                 -       -      F     (port)      pd_aon      -    -     -     0    2907              (-,-) 
#-----------------------------------------------------------------------------------------------------------------------------------------

(p) : Instance is preserved but may be resized
(@) : Annotated capacitance.
(m) : Attribute cell_delay_multiplier is modified for this library cell.



Path 26: MET (566 ps) Late External Delay Assertion at pin result_o[41]
           View: slow_0p9v_125c_cmax_func
          Group: clk_i_virtual
     Startpoint: (R) operand_b_i_sr_reg_17/CK
          Clock: (R) clk_i
       Endpoint: (R) result_o[41]
          Clock: (R) clk_i_virtual

                     Capture       Launch     
        Clock Edge:+    5000            0     
       Src Latency:+       0            0     
       Net Latency:+       0 (I)        0 (I) 
           Arrival:=    5000            0     
                                              
      Output Delay:-    1500                  
       Uncertainty:-      55                  
     Required Time:=    3445                  
      Launch Clock:-       0                  
         Data Path:-    2879                  
             Slack:=     566                  

Exceptions/Constraints:
  output_delay             1500            func.sdc.gz_line_814   

Launch clock path:
#----------------------------------------------------------------------------------------------------------------------
#      Timing Point         Flags    Arc   Edge    Cell      Power  Fanout Load Trans Delay Arrival      Instance      
#                                                            Domain        (fF)  (ps)  (ps)   (ps)       Location      
#----------------------------------------------------------------------------------------------------------------------
  clk_i                    (i)       -     R     (arrival)   pd_aon     65  0.0     0     0      -4              (-,-) 
  operand_b_i_sr_reg_17/CK <<< (p,m) -     R     SDFFSRHQX2  pd_aon     65    -     0     0      -4  (14.8000,34.2000) 
#----------------------------------------------------------------------------------------------------------------------

#-----------------------------------------------------------------------------------------------------------------------------------------
#                Timing Point                  Flags    Arc   Edge    Cell      Power  Fanout Load Trans Delay Arrival      Instance      
#                                                                               Domain        (fF)  (ps)  (ps)   (ps)       Location      
#-----------------------------------------------------------------------------------------------------------------------------------------
  operand_b_i_sr_reg_17/CK                     -       -      R     (arrival)   pd_aon     65    -     0     0       0              (-,-) 
  operand_b_i_sr_reg_17/Q                      (@,p,m) CK->Q  R     SDFFSRHQX2  pd_aon      8  9.6   113   289     289  (14.8000,34.2000) 
  fopt4032/Y                                   (@,m)   A->Y   F     INVX2       pd_aon     10  7.0   114   128     418  (55.2000,34.2000) 
  WALLACE_CSA_DUMMY_OP_groupi58_g3612__5477/Y  (@,m)   A->Y   R     NOR2XL      pd_aon      2  1.6   151   173     591  (45.6000,39.3300) 
  WALLACE_CSA_DUMMY_OP_groupi58_g3593/Y        (@,m)   A->Y   F     INVXL       pd_aon      2  0.9    81   147     738  (45.6000,23.9400) 
  WALLACE_CSA_DUMMY_OP_groupi58_g3579__3680/Y  (@,m)   B->Y   R     NOR2X1      pd_aon      1  1.0    75    95     833  (44.0000,23.9400) 
  WALLACE_CSA_DUMMY_OP_groupi58_g3480__9945/S  (@,m)   B->S   F     ADDFXL      pd_aon      1  1.2    82   331    1164  (39.4000,23.9400) 
  WALLACE_CSA_DUMMY_OP_groupi58_g3413__7410/S  (@,m)   B->S   R     ADDFXL      pd_aon      2  1.2    65   319    1484  (43.8000,20.5200) 
  WALLACE_CSA_DUMMY_OP_groupi58_g3401__5115/Y  (@,m)   B->Y   F     XNOR2X1     pd_aon      2  1.3    51   168    1652  (46.6000,13.6800) 
  WALLACE_CSA_DUMMY_OP_groupi58_g3381__5107/Y  (@,m)   B->Y   R     NOR2X2      pd_aon      3  1.1    61    64    1716   (46.4000,8.5500) 
  WALLACE_CSA_DUMMY_OP_groupi58_g3377__6417/Y  (@,m)   B->Y   F     NOR2XL      pd_aon      1  0.5    57    72    1788   (49.6000,6.8400) 
  WALLACE_CSA_DUMMY_OP_groupi58_g3363__7098/Y  (@,m)   B->Y   R     NOR3X1      pd_aon      2  1.2   130   142    1930   (46.2000,6.8400) 
  WALLACE_CSA_DUMMY_OP_groupi58_g3353__8428/Y  (@,m)   A1->Y  F     OAI21X1     pd_aon      1  0.7    93   147    2078   (42.2000,6.8400) 
  WALLACE_CSA_DUMMY_OP_groupi58_g3334__4733/CO (@,m)   CI->CO F     ADDFX1      pd_aon      2  1.1    58   222    2299   (39.2000,8.5500) 
  fopt3907/Y                                   (@,m)   A->Y   R     INVX1       pd_aon      2  1.5    48    63    2362   (41.8000,5.1300) 
  WALLACE_CSA_DUMMY_OP_groupi58_g3329__6131/Y  (@,m)   A1->Y  F     OAI21XL     pd_aon      1  0.5   113   110    2473   (39.8000,5.1300) 
  WALLACE_CSA_DUMMY_OP_groupi58_g3327__8246/Y  (@,m)   B->Y   R     XNOR2XL     pd_aon      1  0.5    34   197    2670   (39.0000,3.4200) 
  FE_OFC35_result_o_41/Y                       (@,m)   A->Y   R     BUFX2       pd_aon      1  2.2    38   104    2774   (40.2000,3.4200) 
  FE_OFC242_result_o_41/Y                      (@,m)   A->Y   R     CLKBUFX20   pd_aon      1 10.5    38   105    2879   (40.2000,3.4200) 
  result_o[41]                                 -       -      R     (port)      pd_aon      -    -     -     0    2879              (-,-) 
#-----------------------------------------------------------------------------------------------------------------------------------------

(p) : Instance is preserved but may be resized
(@) : Annotated capacitance.
(m) : Attribute cell_delay_multiplier is modified for this library cell.



Path 27: MET (569 ps) Late External Delay Assertion at pin result_o[10]
           View: slow_0p9v_125c_cmax_func
          Group: clk_i_virtual
     Startpoint: (R) operand_b_i_sr_reg_21/CK
          Clock: (R) clk_i
       Endpoint: (R) result_o[10]
          Clock: (R) clk_i_virtual

                     Capture       Launch     
        Clock Edge:+    5000            0     
       Src Latency:+       0            0     
       Net Latency:+       0 (I)        0 (I) 
           Arrival:=    5000            0     
                                              
      Output Delay:-    1500                  
       Uncertainty:-      55                  
     Required Time:=    3445                  
      Launch Clock:-       0                  
         Data Path:-    2876                  
             Slack:=     569                  

Exceptions/Constraints:
  output_delay             1500            func.sdc.gz_line_805   

Launch clock path:
#---------------------------------------------------------------------------------------------------------------------
#      Timing Point         Flags    Arc   Edge    Cell      Power  Fanout Load Trans Delay Arrival      Instance     
#                                                            Domain        (fF)  (ps)  (ps)   (ps)       Location     
#---------------------------------------------------------------------------------------------------------------------
  clk_i                    (i)       -     R     (arrival)   pd_aon     65  0.0     0     0      -4             (-,-) 
  operand_b_i_sr_reg_21/CK <<< (p,m) -     R     SDFFSRHQX4  pd_aon     65    -     0     0      -4  (5.4000,41.0400) 
#---------------------------------------------------------------------------------------------------------------------

#-------------------------------------------------------------------------------------------------------------------------------------
#               Timing Point                Flags   Arc   Edge    Cell      Power  Fanout Load Trans Delay Arrival      Instance      
#                                                                           Domain        (fF)  (ps)  (ps)   (ps)       Location      
#-------------------------------------------------------------------------------------------------------------------------------------
  operand_b_i_sr_reg_21/CK                  -       -     R     (arrival)   pd_aon     65    -     0     0       0              (-,-) 
  operand_b_i_sr_reg_21/Q                   (@,p,m) CK->Q R     SDFFSRHQX4  pd_aon     13 14.3    89   298     298   (5.4000,41.0400) 
  FE_OFC202_operand_b_i_sr_21/Y             (@,m)   A->Y  F     INVXL       pd_aon      3  2.4   139   144     441  (57.8000,41.0400) 
  WALLACE_CSA_DUMMY_OP_groupi_g3720__1617/Y (@,m)   B->Y  R     NOR2XL      pd_aon      1  1.0   111   154     595  (64.0000,44.4600) 
  WALLACE_CSA_DUMMY_OP_groupi_g3511__6260/S (@,m)   A->S  F     ADDFX1      pd_aon      3  1.5    65   382     978  (61.2000,42.7500) 
  WALLACE_CSA_DUMMY_OP_groupi_g3490__2346/Y (@,m)   A->Y  R     NOR2XL      pd_aon      1  0.6    73    97    1075  (60.8000,39.3300) 
  WALLACE_CSA_DUMMY_OP_groupi_g3476__5122/Y (@,m)   A1->Y F     OAI21X1     pd_aon      1  2.0   159   154    1229  (58.8000,39.3300) 
  WALLACE_CSA_DUMMY_OP_groupi_g3393__5526/S (@,m)   CI->S R     ADDFXL      pd_aon      3  2.1    96   368    1597  (63.8000,27.3600) 
  WALLACE_CSA_DUMMY_OP_groupi_g3384__7410/Y (@,m)   B->Y  F     XOR2XL      pd_aon      1  0.4    33   179    1776  (69.8000,11.9700) 
  WALLACE_CSA_DUMMY_OP_groupi_g3366__1705/Y (@,m)   A->Y  R     XOR2XL      pd_aon      1  1.0    52   206    1982  (71.4000,11.9700) 
  WALLACE_CSA_DUMMY_OP_groupi_g3335__7098/S (@,m)   CI->S F     ADDFXL      pd_aon      4  1.0    67   281    2263   (70.0000,6.8400) 
  FE_RC_18_0/Y                              (@,m)   A->Y  R     INVXL       pd_aon      1  0.4    32    61    2324   (73.8000,6.8400) 
  FE_RC_17_0/Y                              (@,m)   A->Y  F     MXI2XL      pd_aon      2  0.5   113   119    2443   (72.8000,5.1300) 
  FE_RC_16_0/Y                              (@,m)   A->Y  R     INVXL       pd_aon      1  0.3    33    88    2531   (72.8000,5.1300) 
  FE_RC_15_0/Y                              (@,m)   B->Y  F     NAND2XL     pd_aon      1  0.3    65    69    2599   (72.8000,5.1300) 
  FE_RC_14_0/Y                              (@,m)   B->Y  R     NAND2XL     pd_aon      1  0.4    41    64    2663   (72.8000,5.1300) 
  FE_OFC76_result_o_10/Y                    (@,m)   A->Y  R     BUFX2       pd_aon      1  2.2    38   108    2771   (71.2000,3.4200) 
  FE_OFC246_result_o_10/Y                   (@,m)   A->Y  R     CLKBUFX20   pd_aon      1 10.5    38   105    2876   (71.2000,3.4200) 
  result_o[10]                              -       -     R     (port)      pd_aon      -    -     -     1    2876              (-,-) 
#-------------------------------------------------------------------------------------------------------------------------------------

(p) : Instance is preserved but may be resized
(@) : Annotated capacitance.
(m) : Attribute cell_delay_multiplier is modified for this library cell.



Path 28: MET (595 ps) Late External Delay Assertion at pin result_o[57]
           View: slow_0p9v_125c_cmax_func
          Group: clk_i_virtual
     Startpoint: (R) operand_a_i_sr_reg_21/CK
          Clock: (R) clk_i
       Endpoint: (R) result_o[57]
          Clock: (R) clk_i_virtual

                     Capture       Launch     
        Clock Edge:+    5000            0     
       Src Latency:+       0            0     
       Net Latency:+       0 (I)        0 (I) 
           Arrival:=    5000            0     
                                              
      Output Delay:-    1500                  
       Uncertainty:-      55                  
     Required Time:=    3445                  
      Launch Clock:-       0                  
         Data Path:-    2850                  
             Slack:=     595                  

Exceptions/Constraints:
  output_delay             1500            func.sdc.gz_line_813   

Launch clock path:
#---------------------------------------------------------------------------------------------------------------------
#      Timing Point         Flags    Arc   Edge    Cell      Power  Fanout Load Trans Delay Arrival      Instance     
#                                                            Domain        (fF)  (ps)  (ps)   (ps)       Location     
#---------------------------------------------------------------------------------------------------------------------
  clk_i                    (i)       -     R     (arrival)   pd_aon     65  0.0     0     0      -4             (-,-) 
  operand_a_i_sr_reg_21/CK <<< (p,m) -     R     SDFFSRHQX2  pd_aon     65    -     0     0      -4  (4.6000,87.2100) 
#---------------------------------------------------------------------------------------------------------------------

#-----------------------------------------------------------------------------------------------------------------------------------------
#                Timing Point                  Flags    Arc   Edge    Cell      Power  Fanout Load Trans Delay Arrival      Instance      
#                                                                               Domain        (fF)  (ps)  (ps)   (ps)       Location      
#-----------------------------------------------------------------------------------------------------------------------------------------
  operand_a_i_sr_reg_21/CK                     -       -      R     (arrival)   pd_aon     65    -     0     0       0              (-,-) 
  operand_a_i_sr_reg_21/Q                      (@,p,m) CK->Q  F     SDFFSRHQX2  pd_aon      6  7.3   108   313     313   (4.6000,87.2100) 
  FE_OFC131_operand_a_i_sr_21/Y                (@,m)   A->Y   R     INVX2       pd_aon      9  6.4    88   108     421  (38.4000,54.7200) 
  WALLACE_CSA_DUMMY_OP_groupi59_g3609__9945/Y  (@,m)   A->Y   F     NOR2XL      pd_aon      1  0.8    73   108     530  (42.8000,61.5600) 
  WALLACE_CSA_DUMMY_OP_groupi59_g3522__5115/S  (@,m)   CI->S  R     ADDFX1      pd_aon      1  0.9    50   332     862  (37.8000,61.5600) 
  WALLACE_CSA_DUMMY_OP_groupi59_g3438__2802/S  (@,m)   CI->S  F     ADDFXL      pd_aon      1  0.9    67   280    1142  (33.2000,61.5600) 
  WALLACE_CSA_DUMMY_OP_groupi59_g3410__6161/CO (@,m)   CI->CO F     ADDFXL      pd_aon      1  1.5    92   220    1361  (31.8000,58.1400) 
  WALLACE_CSA_DUMMY_OP_groupi59_g3367__6131/S  (@,m)   B->S   R     ADDFXL      pd_aon      2  1.2    65   325    1686  (30.8000,68.4000) 
  FE_RC_305_0/Y                                (@,m)   B->Y   F     CLKXOR2X1   pd_aon      4  1.8    64   196    1883  (28.0000,64.9800) 
  FE_RC_255_0/Y                                (@,m)   A->Y   R     NOR2XL      pd_aon      1  0.3    47    81    1964  (23.2000,54.7200) 
  FE_RC_254_0/Y                                (@,m)   AN->Y  R     NAND2BX2    pd_aon      1  0.9    35   109    2072  (23.2000,54.7200) 
  FE_RC_253_0/Y                                (@,m)   B->Y   F     NAND2X2     pd_aon      2  1.8    88    82    2154  (23.2000,54.7200) 
  fopt3899/Y                                   (@,m)   A->Y   R     INVX2       pd_aon      2  2.2    43    72    2226  (23.6000,63.2700) 
  WALLACE_CSA_DUMMY_OP_groupi59_g3329__5122/Y  (@,m)   A1->Y  F     OAI21XL     pd_aon      1  0.5   114   109    2334  (24.4000,66.6900) 
  WALLACE_CSA_DUMMY_OP_groupi59_g3327__2802/Y  (@,m)   B->Y   R     XNOR2X1     pd_aon      1  4.5   111   262    2596  (24.6000,64.9800) 
  FE_OFC116_result_o_57/Y                      (@,m)   A->Y   R     BUFX2       pd_aon      1  2.2    39   148    2744   (24.2000,3.4200) 
  FE_OFC252_result_o_57/Y                      (@,m)   A->Y   R     CLKBUFX20   pd_aon      1 10.5    38   105    2849   (24.2000,3.4200) 
  result_o[57]                                 -       -      R     (port)      pd_aon      -    -     -     1    2850              (-,-) 
#-----------------------------------------------------------------------------------------------------------------------------------------

(p) : Instance is preserved but may be resized
(@) : Annotated capacitance.
(m) : Attribute cell_delay_multiplier is modified for this library cell.



Path 29: MET (624 ps) Late External Delay Assertion at pin result_o[9]
           View: slow_0p9v_125c_cmax_func
          Group: clk_i_virtual
     Startpoint: (R) operand_a_i_sr_reg_4/CK
          Clock: (R) clk_i
       Endpoint: (R) result_o[9]
          Clock: (R) clk_i_virtual

                     Capture       Launch     
        Clock Edge:+    5000            0     
       Src Latency:+       0            0     
       Net Latency:+       0 (I)        0 (I) 
           Arrival:=    5000            0     
                                              
      Output Delay:-    1500                  
       Uncertainty:-      55                  
     Required Time:=    3445                  
      Launch Clock:-       0                  
         Data Path:-    2821                  
             Slack:=     624                  

Exceptions/Constraints:
  output_delay             1500            func.sdc.gz_line_761   

Launch clock path:
#---------------------------------------------------------------------------------------------------------------------
#      Timing Point        Flags    Arc   Edge    Cell      Power  Fanout Load Trans Delay Arrival      Instance      
#                                                           Domain        (fF)  (ps)  (ps)   (ps)       Location      
#---------------------------------------------------------------------------------------------------------------------
  clk_i                   (i)       -     R     (arrival)   pd_aon     65  0.0     0     0      -4              (-,-) 
  operand_a_i_sr_reg_4/CK <<< (p,m) -     R     SDFFSRHQX2  pd_aon     65    -     0     0      -4  (14.4000,58.1400) 
#---------------------------------------------------------------------------------------------------------------------

#-------------------------------------------------------------------------------------------------------------------------------------
#               Timing Point                Flags   Arc   Edge    Cell      Power  Fanout Load Trans Delay Arrival      Instance      
#                                                                           Domain        (fF)  (ps)  (ps)   (ps)       Location      
#-------------------------------------------------------------------------------------------------------------------------------------
  operand_a_i_sr_reg_4/CK                   -       -     R     (arrival)   pd_aon     65    -     0     0       0              (-,-) 
  operand_a_i_sr_reg_4/Q                    (@,p,m) CK->Q F     SDFFSRHQX2  pd_aon      8  9.9   140   332     332  (14.4000,58.1400) 
  FE_OFC135_operand_a_i_sr_4/Y              (@,m)   A->Y  R     INVX3       pd_aon      5  9.2    89   120     452  (24.0000,58.1400) 
  FE_OFC136_operand_a_i_sr_4/Y              (@,m)   A->Y  F     INVX3       pd_aon      6  6.1    74    90     542  (58.0000,58.1400) 
  WALLACE_CSA_DUMMY_OP_groupi_g3706__2346/Y (@,m)   A->Y  F     CLKAND2X2   pd_aon      1  1.7    40   137     679  (62.8000,46.1700) 
  WALLACE_CSA_DUMMY_OP_groupi_g3527__4733/S (@,m)   A->S  R     ADDFXL      pd_aon      1  1.4    73   291     970  (70.6000,46.1700) 
  WALLACE_CSA_DUMMY_OP_groupi_g3436__8428/S (@,m)   B->S  F     ADDFHXL     pd_aon      1  1.4    66   314    1284  (74.6000,46.1700) 
  WALLACE_CSA_DUMMY_OP_groupi_g3405__7098/S (@,m)   CI->S R     ADDFXL      pd_aon      1  1.2    63   303    1588  (81.8000,41.0400) 
  WALLACE_CSA_DUMMY_OP_groupi_g3373__5115/S (@,m)   CI->S F     ADDFX1      pd_aon      2  1.9    79   326    1913  (83.8000,30.7800) 
  WALLACE_CSA_DUMMY_OP_groupi_g3370__6131/Y (@,m)   B->Y  R     NOR2X2      pd_aon      2  1.4    63    83    1996  (87.6000,17.1000) 
  FE_RC_146_0/Y                             (@,m)   A1->Y F     OAI21X2     pd_aon      3  1.2    87   100    2096  (85.8000,11.9700) 
  FE_RC_66_0/Y                              (@,m)   B->Y  R     NAND2BX1    pd_aon      1  0.9    44    75    2171   (83.0000,8.5500) 
  FE_RC_65_0/Y                              (@,m)   B->Y  F     NAND2X2     pd_aon      2  0.9    67    73    2244   (83.0000,8.5500) 
  fopt3913/Y                                (@,m)   A->Y  R     INVX1       pd_aon      2  1.4    46    66    2311   (84.0000,5.1300) 
  WALLACE_CSA_DUMMY_OP_groupi_g3329__1617/Y (@,m)   A1->Y F     OAI21XL     pd_aon      1  0.5   114   110    2421   (80.8000,3.4200) 
  WALLACE_CSA_DUMMY_OP_groupi_g3327__6783/Y (@,m)   B->Y  R     XNOR2XL     pd_aon      1  0.4    28   194    2615   (78.2000,3.4200) 
  FE_OFC77_result_o_9/Y                     (@,m)   A->Y  R     BUFX2       pd_aon      1  2.2    38   100    2715   (72.2000,3.4200) 
  FE_OFC244_result_o_9/Y                    (@,m)   A->Y  R     CLKBUFX20   pd_aon      1 10.5    38   105    2820   (72.2000,3.4200) 
  result_o[9]                               -       -     R     (port)      pd_aon      -    -     -     1    2821              (-,-) 
#-------------------------------------------------------------------------------------------------------------------------------------

(p) : Instance is preserved but may be resized
(@) : Annotated capacitance.
(m) : Attribute cell_delay_multiplier is modified for this library cell.



Path 30: MET (679 ps) Late External Delay Assertion at pin result_o[24]
           View: slow_0p9v_125c_cmax_func
          Group: clk_i_virtual
     Startpoint: (R) operand_a_i_sr_reg_11/CK
          Clock: (R) clk_i
       Endpoint: (R) result_o[24]
          Clock: (R) clk_i_virtual

                     Capture       Launch     
        Clock Edge:+    5000            0     
       Src Latency:+       0            0     
       Net Latency:+       0 (I)        0 (I) 
           Arrival:=    5000            0     
                                              
      Output Delay:-    1500                  
       Uncertainty:-      55                  
     Required Time:=    3445                  
      Launch Clock:-       0                  
         Data Path:-    2766                  
             Slack:=     679                  

Exceptions/Constraints:
  output_delay             1500            func.sdc.gz_line_774   

Launch clock path:
#---------------------------------------------------------------------------------------------------------------------
#      Timing Point         Flags    Arc   Edge    Cell      Power  Fanout Load Trans Delay Arrival      Instance     
#                                                            Domain        (fF)  (ps)  (ps)   (ps)       Location     
#---------------------------------------------------------------------------------------------------------------------
  clk_i                    (i)       -     R     (arrival)   pd_aon     65  0.0     0     0      -4             (-,-) 
  operand_a_i_sr_reg_11/CK <<< (p,m) -     R     SDFFSRHQX4  pd_aon     65    -     0     0      -4  (5.2000,68.4000) 
#---------------------------------------------------------------------------------------------------------------------

#---------------------------------------------------------------------------------------------------------------------------------------
#                Timing Point                 Flags   Arc   Edge    Cell      Power  Fanout Load Trans Delay Arrival      Instance      
#                                                                             Domain        (fF)  (ps)  (ps)   (ps)       Location      
#---------------------------------------------------------------------------------------------------------------------------------------
  operand_a_i_sr_reg_11/CK                    -       -     R     (arrival)   pd_aon     65    -     0     0       0              (-,-) 
  operand_a_i_sr_reg_11/Q                     (@,p,m) CK->Q R     SDFFSRHQX4  pd_aon     12 14.7    91   299     299   (5.2000,68.4000) 
  FE_OFC150_operand_a_i_sr_11/Y               (@,m)   A->Y  F     INVX2       pd_aon      6 10.0   151   140     438  (12.8000,68.4000) 
  WALLACE_CSA_DUMMY_OP_groupi57_g3661__5107/Y (@,m)   B->Y  R     NOR2XL      pd_aon      1  1.0   114   163     601  (66.4000,63.2700) 
  WALLACE_CSA_DUMMY_OP_groupi57_g3525__5526/S (@,m)   B->S  F     ADDFX1      pd_aon      2  2.3    85   386     988  (61.8000,63.2700) 
  WALLACE_CSA_DUMMY_OP_groupi57_g3801__5115/Y (@,m)   A->Y  F     OR2XL       pd_aon      1  0.4    38   141    1128  (71.6000,75.2400) 
  WALLACE_CSA_DUMMY_OP_groupi57_g3456__8246/Y (@,m)   A1->Y R     AOI21X1     pd_aon      2  0.7    70    80    1208  (72.4000,76.9500) 
  WALLACE_CSA_DUMMY_OP_groupi57_g3408__8428/Y (@,m)   A->Y  F     XOR2XL      pd_aon      1  0.9    60   218    1426  (72.6000,80.3700) 
  WALLACE_CSA_DUMMY_OP_groupi57_g3354__5115/S (@,m)   CI->S R     ADDFXL      pd_aon      1  0.7    46   290    1716  (74.4000,80.3700) 
  WALLACE_CSA_DUMMY_OP_groupi57_g3345__1617/S (@,m)   CI->S F     ADDFXL      pd_aon      2  0.6    49   267    1984  (74.2000,82.0800) 
  WALLACE_CSA_DUMMY_OP_groupi57_g3343__6783/Y (@,m)   B->Y  F     AND2XL      pd_aon      3  1.0    61    95    2079  (80.4000,82.0800) 
  WALLACE_CSA_DUMMY_OP_groupi57_g3336__4319/Y (@,m)   A->Y  F     OR2XL       pd_aon      1  0.4    33   127    2206  (82.2000,82.0800) 
  WALLACE_CSA_DUMMY_OP_groupi57_g3330__6417/Y (@,m)   A->Y  R     XNOR2X1     pd_aon      1  6.4   149   285    2490  (81.0000,80.3700) 
  FE_OFC62_result_o_24/Y                      (@,m)   A->Y  R     BUFX2       pd_aon      1  2.2    40   170    2660   (57.2000,3.4200) 
  FE_OFC259_result_o_24/Y                     (@,m)   A->Y  R     CLKBUFX20   pd_aon      1 10.5    38   106    2765   (57.2000,3.4200) 
  result_o[24]                                -       -     R     (port)      pd_aon      -    -     -     0    2766              (-,-) 
#---------------------------------------------------------------------------------------------------------------------------------------

(p) : Instance is preserved but may be resized
(@) : Annotated capacitance.
(m) : Attribute cell_delay_multiplier is modified for this library cell.



Path 31: MET (719 ps) Late External Delay Assertion at pin result_o[56]
           View: slow_0p9v_125c_cmax_func
          Group: clk_i_virtual
     Startpoint: (R) operand_b_i_sr_reg_25/CK
          Clock: (R) clk_i
       Endpoint: (R) result_o[56]
          Clock: (R) clk_i_virtual

                     Capture       Launch     
        Clock Edge:+    5000            0     
       Src Latency:+       0            0     
       Net Latency:+       0 (I)        0 (I) 
           Arrival:=    5000            0     
                                              
      Output Delay:-    1500                  
       Uncertainty:-      55                  
     Required Time:=    3445                  
      Launch Clock:-       0                  
         Data Path:-    2726                  
             Slack:=     719                  

Exceptions/Constraints:
  output_delay             1500            func.sdc.gz_line_799   

Launch clock path:
#---------------------------------------------------------------------------------------------------------------------
#      Timing Point         Flags    Arc   Edge    Cell      Power  Fanout Load Trans Delay Arrival      Instance     
#                                                            Domain        (fF)  (ps)  (ps)   (ps)       Location     
#---------------------------------------------------------------------------------------------------------------------
  clk_i                    (i)       -     R     (arrival)   pd_aon     65  0.0     0     0      -4             (-,-) 
  operand_b_i_sr_reg_25/CK <<< (p,m) -     R     SDFFSRHQX2  pd_aon     65    -     0     0      -4  (5.2000,47.8800) 
#---------------------------------------------------------------------------------------------------------------------

#-----------------------------------------------------------------------------------------------------------------------------------------
#                Timing Point                  Flags    Arc   Edge    Cell      Power  Fanout Load Trans Delay Arrival      Instance      
#                                                                               Domain        (fF)  (ps)  (ps)   (ps)       Location      
#-----------------------------------------------------------------------------------------------------------------------------------------
  operand_b_i_sr_reg_25/CK                     -       -      R     (arrival)   pd_aon     65    -     0     0       0              (-,-) 
  operand_b_i_sr_reg_25/Q                      (@,p,m) CK->Q  R     SDFFSRHQX2  pd_aon      8  9.6   112   289     289   (5.2000,47.8800) 
  fopt4028/Y                                   (@,m)   A->Y   F     INVX2       pd_aon     10  6.9   117   129     418  (60.0000,56.4300) 
  WALLACE_CSA_DUMMY_OP_groupi59_g3687__1617/Y  (@,m)   A->Y   R     NOR2X1      pd_aon      1  0.8    68   120     538  (43.2000,54.7200) 
  WALLACE_CSA_DUMMY_OP_groupi59_g3559__1881/CO (@,m)   A->CO  R     ADDHXL      pd_aon      1  1.5    66   168     705  (41.2000,59.8500) 
  WALLACE_CSA_DUMMY_OP_groupi59_g3520__6131/CO (@,m)   CI->CO R     ADDFX1      pd_aon      3  1.3    54   225     930  (39.4000,73.5300) 
  WALLACE_CSA_DUMMY_OP_groupi59_g3452__2883/Y  (@,m)   A->Y   F     XNOR3XL     pd_aon      1  1.1    52   339    1268  (37.2000,75.2400) 
  WALLACE_CSA_DUMMY_OP_groupi59_g3389__8428/S  (@,m)   B->S   R     ADDFX1      pd_aon      1  2.1    71   341    1610  (37.2000,78.6600) 
  WALLACE_CSA_DUMMY_OP_groupi59_g3345__2883/S  (@,m)   B->S   F     ADDFX1      pd_aon      2  0.9    51   344    1953  (27.6000,71.8200) 
  WALLACE_CSA_DUMMY_OP_groupi59_g3343__9315/Y  (@,m)   B->Y   F     AND2XL      pd_aon      3  1.5    88   112    2065  (29.2000,68.4000) 
  WALLACE_CSA_DUMMY_OP_groupi59_g3336__7482/Y  (@,m)   A->Y   F     OR2XL       pd_aon      1  0.6    42   144    2209  (26.6000,66.6900) 
  WALLACE_CSA_DUMMY_OP_groupi59_g3330__8246/Y  (@,m)   A->Y   R     XNOR2X1     pd_aon      1  4.4   109   265    2474  (25.0000,63.2700) 
  FE_OFC20_result_o_56/Y                       (@,m)   A->Y   R     BUFX2       pd_aon      1  2.2    39   147    2620   (25.2000,3.4200) 
  FE_OFC249_result_o_56/Y                      (@,m)   A->Y   R     CLKBUFX20   pd_aon      1 10.5    38   105    2726   (25.2000,3.4200) 
  result_o[56]                                 -       -      R     (port)      pd_aon      -    -     -     1    2726              (-,-) 
#-----------------------------------------------------------------------------------------------------------------------------------------

(p) : Instance is preserved but may be resized
(@) : Annotated capacitance.
(m) : Attribute cell_delay_multiplier is modified for this library cell.



Path 32: MET (736 ps) Late External Delay Assertion at pin result_o[8]
           View: slow_0p9v_125c_cmax_func
          Group: clk_i_virtual
     Startpoint: (R) operand_a_i_sr_reg_12/CK
          Clock: (R) clk_i
       Endpoint: (F) result_o[8]
          Clock: (R) clk_i_virtual

                     Capture       Launch     
        Clock Edge:+    5000            0     
       Src Latency:+       0            0     
       Net Latency:+       0 (I)        0 (I) 
           Arrival:=    5000            0     
                                              
      Output Delay:-    1500                  
       Uncertainty:-      55                  
     Required Time:=    3445                  
      Launch Clock:-       0                  
         Data Path:-    2709                  
             Slack:=     736                  

Exceptions/Constraints:
  output_delay             1500            func.sdc.gz_line_812   

Launch clock path:
#---------------------------------------------------------------------------------------------------------------------
#      Timing Point         Flags    Arc   Edge    Cell      Power  Fanout Load Trans Delay Arrival      Instance     
#                                                            Domain        (fF)  (ps)  (ps)   (ps)       Location     
#---------------------------------------------------------------------------------------------------------------------
  clk_i                    (i)       -     R     (arrival)   pd_aon     65  0.0     0     0      -4             (-,-) 
  operand_a_i_sr_reg_12/CK <<< (p,m) -     R     SDFFSRHQX4  pd_aon     65    -     0     0      -4  (5.2000,71.8200) 
#---------------------------------------------------------------------------------------------------------------------

#--------------------------------------------------------------------------------------------------------------------------------------
#               Timing Point                 Flags   Arc   Edge    Cell      Power  Fanout Load Trans Delay Arrival      Instance      
#                                                                            Domain        (fF)  (ps)  (ps)   (ps)       Location      
#--------------------------------------------------------------------------------------------------------------------------------------
  operand_a_i_sr_reg_12/CK                   -       -     R     (arrival)   pd_aon     65    -     0     0       0              (-,-) 
  operand_a_i_sr_reg_12/Q                    (@,p,m) CK->Q R     SDFFSRHQX4  pd_aon     13 15.5    95   301     301   (5.2000,71.8200) 
  FE_OFC130_operand_a_i_sr_12/Y              (@,m)   A->Y  F     INVXL       pd_aon      3  2.2   125   140     441  (66.6000,44.4600) 
  WALLACE_CSA_DUMMY_OP_groupi_g3721__2802/Y  (@,m)   B->Y  R     NOR2XL      pd_aon      1  1.1   114   148     588  (76.0000,44.4600) 
  WALLACE_CSA_DUMMY_OP_groupi_g3521__8246/CO (@,m)   A->CO R     ADDFXL      pd_aon      1  1.5    72   267     855  (73.2000,47.8800) 
  WALLACE_CSA_DUMMY_OP_groupi_g3441__2802/CO (@,m)   B->CO R     ADDFX1      pd_aon      2  2.6    78   257    1112  (71.6000,37.6200) 
  WALLACE_CSA_DUMMY_OP_groupi_g3797__2346/Y  (@,m)   A->Y  R     XOR2XL      pd_aon      1  0.6    38   188    1301  (74.4000,20.5200) 
  WALLACE_CSA_DUMMY_OP_groupi_g3408__1881/Y  (@,m)   B->Y  F     XOR2XL      pd_aon      1  0.9    59   166    1466  (76.0000,20.5200) 
  WALLACE_CSA_DUMMY_OP_groupi_g3354__5477/S  (@,m)   CI->S R     ADDFXL      pd_aon      1  0.7    47   290    1756  (76.4000,18.8100) 
  WALLACE_CSA_DUMMY_OP_groupi_g3345__6161/S  (@,m)   CI->S F     ADDFXL      pd_aon      2  1.0    66   278    2035  (77.8000,17.1000) 
  WALLACE_CSA_DUMMY_OP_groupi_g3344__4733/Y  (@,m)   B->Y  R     NOR2XL      pd_aon      3  1.9   168   149    2183  (83.4000,10.2600) 
  WALLACE_CSA_DUMMY_OP_groupi_g3336__6131/Y  (@,m)   B->Y  R     OR2XL       pd_aon      1  0.5    29   140    2323   (83.4000,6.8400) 
  WALLACE_CSA_DUMMY_OP_groupi_g3330__2802/Y  (@,m)   A->Y  F     XNOR2XL     pd_aon      1  0.6    43   185    2509   (82.8000,3.4200) 
  FE_OFC78_result_o_8/Y                      (@,m)   A->Y  F     BUFX2       pd_aon      1  2.0    44   102    2610   (73.2000,3.4200) 
  FE_OFC241_result_o_8/Y                     (@,m)   A->Y  F     CLKBUFX20   pd_aon      1 10.5    39    98    2708   (73.2000,3.4200) 
  result_o[8]                                -       -     F     (port)      pd_aon      -    -     -     1    2709              (-,-) 
#--------------------------------------------------------------------------------------------------------------------------------------

(p) : Instance is preserved but may be resized
(@) : Annotated capacitance.
(m) : Attribute cell_delay_multiplier is modified for this library cell.



Path 33: MET (765 ps) Late External Delay Assertion at pin result_o[40]
           View: slow_0p9v_125c_cmax_func
          Group: clk_i_virtual
     Startpoint: (R) operand_b_i_sr_reg_17/CK
          Clock: (R) clk_i
       Endpoint: (R) result_o[40]
          Clock: (R) clk_i_virtual

                     Capture       Launch     
        Clock Edge:+    5000            0     
       Src Latency:+       0            0     
       Net Latency:+       0 (I)        0 (I) 
           Arrival:=    5000            0     
                                              
      Output Delay:-    1500                  
       Uncertainty:-      55                  
     Required Time:=    3445                  
      Launch Clock:-       0                  
         Data Path:-    2680                  
             Slack:=     765                  

Exceptions/Constraints:
  output_delay             1500            func.sdc.gz_line_801   

Launch clock path:
#----------------------------------------------------------------------------------------------------------------------
#      Timing Point         Flags    Arc   Edge    Cell      Power  Fanout Load Trans Delay Arrival      Instance      
#                                                            Domain        (fF)  (ps)  (ps)   (ps)       Location      
#----------------------------------------------------------------------------------------------------------------------
  clk_i                    (i)       -     R     (arrival)   pd_aon     65  0.0     0     0      -4              (-,-) 
  operand_b_i_sr_reg_17/CK <<< (p,m) -     R     SDFFSRHQX2  pd_aon     65    -     0     0      -4  (14.8000,34.2000) 
#----------------------------------------------------------------------------------------------------------------------

#-----------------------------------------------------------------------------------------------------------------------------------------
#                Timing Point                  Flags    Arc   Edge    Cell      Power  Fanout Load Trans Delay Arrival      Instance      
#                                                                               Domain        (fF)  (ps)  (ps)   (ps)       Location      
#-----------------------------------------------------------------------------------------------------------------------------------------
  operand_b_i_sr_reg_17/CK                     -       -      R     (arrival)   pd_aon     65    -     0     0       0              (-,-) 
  operand_b_i_sr_reg_17/Q                      (@,p,m) CK->Q  R     SDFFSRHQX2  pd_aon      8  9.6   113   289     289  (14.8000,34.2000) 
  fopt4032/Y                                   (@,m)   A->Y   F     INVX2       pd_aon     10  7.0   114   128     418  (55.2000,34.2000) 
  WALLACE_CSA_DUMMY_OP_groupi58_g3612__5477/Y  (@,m)   A->Y   R     NOR2XL      pd_aon      2  1.6   151   173     591  (45.6000,39.3300) 
  WALLACE_CSA_DUMMY_OP_groupi58_g3593/Y        (@,m)   A->Y   F     INVXL       pd_aon      2  0.9    81   147     738  (45.6000,23.9400) 
  WALLACE_CSA_DUMMY_OP_groupi58_g3579__3680/Y  (@,m)   B->Y   R     NOR2X1      pd_aon      1  1.0    75    95     833  (44.0000,23.9400) 
  WALLACE_CSA_DUMMY_OP_groupi58_g3480__9945/S  (@,m)   B->S   F     ADDFXL      pd_aon      1  1.2    82   331    1164  (39.4000,23.9400) 
  WALLACE_CSA_DUMMY_OP_groupi58_g3413__7410/S  (@,m)   B->S   R     ADDFXL      pd_aon      2  1.2    65   319    1484  (43.8000,20.5200) 
  WALLACE_CSA_DUMMY_OP_groupi58_g3401__5115/Y  (@,m)   B->Y   F     XNOR2X1     pd_aon      2  1.3    51   168    1652  (46.6000,13.6800) 
  WALLACE_CSA_DUMMY_OP_groupi58_g3381__5107/Y  (@,m)   B->Y   R     NOR2X2      pd_aon      3  1.1    61    64    1716   (46.4000,8.5500) 
  WALLACE_CSA_DUMMY_OP_groupi58_g3377__6417/Y  (@,m)   B->Y   F     NOR2XL      pd_aon      1  0.5    57    72    1788   (49.6000,6.8400) 
  WALLACE_CSA_DUMMY_OP_groupi58_g3363__7098/Y  (@,m)   B->Y   R     NOR3X1      pd_aon      2  1.2   130   142    1930   (46.2000,6.8400) 
  WALLACE_CSA_DUMMY_OP_groupi58_g3353__8428/Y  (@,m)   A1->Y  F     OAI21X1     pd_aon      1  0.7    93   147    2078   (42.2000,6.8400) 
  WALLACE_CSA_DUMMY_OP_groupi58_g3334__4733/CO (@,m)   CI->CO F     ADDFX1      pd_aon      2  1.1    58   222    2299   (39.2000,8.5500) 
  WALLACE_CSA_DUMMY_OP_groupi58_g3330__1881/Y  (@,m)   B->Y   R     XNOR2XL     pd_aon      1  0.5    32   172    2472   (40.8000,3.4200) 
  FE_OFC120_result_o_40/Y                      (@,m)   A->Y   R     BUFX2       pd_aon      1  2.2    38   103    2575   (41.2000,3.4200) 
  FE_OFC237_result_o_40/Y                      (@,m)   A->Y   R     CLKBUFX20   pd_aon      1 10.5    38   105    2680   (41.2000,3.4200) 
  result_o[40]                                 -       -      R     (port)      pd_aon      -    -     -     0    2680              (-,-) 
#-----------------------------------------------------------------------------------------------------------------------------------------

(p) : Instance is preserved but may be resized
(@) : Annotated capacitance.
(m) : Attribute cell_delay_multiplier is modified for this library cell.



Path 34: MET (792 ps) Late External Delay Assertion at pin result_o[7]
           View: slow_0p9v_125c_cmax_func
          Group: clk_i_virtual
     Startpoint: (R) operand_a_i_sr_reg_4/CK
          Clock: (R) clk_i
       Endpoint: (F) result_o[7]
          Clock: (R) clk_i_virtual

                     Capture       Launch     
        Clock Edge:+    5000            0     
       Src Latency:+       0            0     
       Net Latency:+       0 (I)        0 (I) 
           Arrival:=    5000            0     
                                              
      Output Delay:-    1500                  
       Uncertainty:-      55                  
     Required Time:=    3445                  
      Launch Clock:-       0                  
         Data Path:-    2652                  
             Slack:=     792                  

Exceptions/Constraints:
  output_delay             1500            func.sdc.gz_line_797   

Launch clock path:
#---------------------------------------------------------------------------------------------------------------------
#      Timing Point        Flags    Arc   Edge    Cell      Power  Fanout Load Trans Delay Arrival      Instance      
#                                                           Domain        (fF)  (ps)  (ps)   (ps)       Location      
#---------------------------------------------------------------------------------------------------------------------
  clk_i                   (i)       -     R     (arrival)   pd_aon     65  0.0     0     0      -4              (-,-) 
  operand_a_i_sr_reg_4/CK <<< (p,m) -     R     SDFFSRHQX2  pd_aon     65    -     0     0      -4  (14.4000,58.1400) 
#---------------------------------------------------------------------------------------------------------------------

#--------------------------------------------------------------------------------------------------------------------------------------
#               Timing Point                 Flags   Arc   Edge    Cell      Power  Fanout Load Trans Delay Arrival      Instance      
#                                                                            Domain        (fF)  (ps)  (ps)   (ps)       Location      
#--------------------------------------------------------------------------------------------------------------------------------------
  operand_a_i_sr_reg_4/CK                    -       -     R     (arrival)   pd_aon     65    -     0     0       0              (-,-) 
  operand_a_i_sr_reg_4/Q                     (@,p,m) CK->Q F     SDFFSRHQX2  pd_aon      8  9.9   140   332     332  (14.4000,58.1400) 
  FE_OFC135_operand_a_i_sr_4/Y               (@,m)   A->Y  R     INVX3       pd_aon      5  9.2    89   120     452  (24.0000,58.1400) 
  FE_OFC136_operand_a_i_sr_4/Y               (@,m)   A->Y  F     INVX3       pd_aon      6  6.1    74    90     542  (58.0000,58.1400) 
  WALLACE_CSA_DUMMY_OP_groupi_g3706__2346/Y  (@,m)   A->Y  F     CLKAND2X2   pd_aon      1  1.7    40   137     679  (62.8000,46.1700) 
  WALLACE_CSA_DUMMY_OP_groupi_g3527__4733/S  (@,m)   A->S  R     ADDFXL      pd_aon      1  1.4    73   291     970  (70.6000,46.1700) 
  WALLACE_CSA_DUMMY_OP_groupi_g3436__8428/CO (@,m)   B->CO R     ADDFHXL     pd_aon      1  2.1    76   233    1203  (74.6000,46.1700) 
  WALLACE_CSA_DUMMY_OP_groupi_g3412__4733/S  (@,m)   CI->S F     ADDFXL      pd_aon      1  0.8    60   289    1492  (75.8000,25.6500) 
  WALLACE_CSA_DUMMY_OP_groupi_g3367__5122/S  (@,m)   CI->S R     ADDFXL      pd_aon      2  1.2    65   302    1794  (80.2000,25.6500) 
  WALLACE_CSA_DUMMY_OP_groupi_g3357__6260/Y  (@,m)   B->Y  F     XOR2XL      pd_aon      4  1.5    88   196    1991  (82.2000,17.1000) 
  FE_RC_74_0/Y                               (@,m)   A->Y  R     NAND2XL     pd_aon      1  0.3    37    78    2069   (83.0000,8.5500) 
  FE_RC_72_0/Y                               (@,m)   B0->Y F     OAI21XL     pd_aon      2  0.5   103   106    2176   (83.0000,8.5500) 
  FE_RC_76_0/Y                               (@,m)   B->Y  R     NAND2BXL    pd_aon      1  0.3    40    86    2262   (83.0000,8.5500) 
  FE_RC_70_0/Y                               (@,m)   B0->Y F     OAI21XL     pd_aon      1  0.9   148   136    2398   (83.0000,8.5500) 
  FE_OFC79_result_o_7/Y                      (@,m)   A->Y  F     BUFX2       pd_aon      1  2.0    44   155    2554   (74.2000,3.4200) 
  FE_OFC253_result_o_7/Y                     (@,m)   A->Y  F     CLKBUFX20   pd_aon      1 10.5    39    98    2652   (74.2000,3.4200) 
  result_o[7]                                -       -     F     (port)      pd_aon      -    -     -     1    2652              (-,-) 
#--------------------------------------------------------------------------------------------------------------------------------------

(p) : Instance is preserved but may be resized
(@) : Annotated capacitance.
(m) : Attribute cell_delay_multiplier is modified for this library cell.



Path 35: MET (879 ps) Late External Delay Assertion at pin result_o[39]
           View: slow_0p9v_125c_cmax_func
          Group: clk_i_virtual
     Startpoint: (R) operand_b_i_sr_reg_17/CK
          Clock: (R) clk_i
       Endpoint: (R) result_o[39]
          Clock: (R) clk_i_virtual

                     Capture       Launch     
        Clock Edge:+    5000            0     
       Src Latency:+       0            0     
       Net Latency:+       0 (I)        0 (I) 
           Arrival:=    5000            0     
                                              
      Output Delay:-    1500                  
       Uncertainty:-      55                  
     Required Time:=    3445                  
      Launch Clock:-       0                  
         Data Path:-    2566                  
             Slack:=     879                  

Exceptions/Constraints:
  output_delay             1500            func.sdc.gz_line_757   

Launch clock path:
#----------------------------------------------------------------------------------------------------------------------
#      Timing Point         Flags    Arc   Edge    Cell      Power  Fanout Load Trans Delay Arrival      Instance      
#                                                            Domain        (fF)  (ps)  (ps)   (ps)       Location      
#----------------------------------------------------------------------------------------------------------------------
  clk_i                    (i)       -     R     (arrival)   pd_aon     65  0.0     0     0      -4              (-,-) 
  operand_b_i_sr_reg_17/CK <<< (p,m) -     R     SDFFSRHQX2  pd_aon     65    -     0     0      -4  (14.8000,34.2000) 
#----------------------------------------------------------------------------------------------------------------------

#---------------------------------------------------------------------------------------------------------------------------------------
#                Timing Point                 Flags   Arc   Edge    Cell      Power  Fanout Load Trans Delay Arrival      Instance      
#                                                                             Domain        (fF)  (ps)  (ps)   (ps)       Location      
#---------------------------------------------------------------------------------------------------------------------------------------
  operand_b_i_sr_reg_17/CK                    -       -     R     (arrival)   pd_aon     65    -     0     0       0              (-,-) 
  operand_b_i_sr_reg_17/Q                     (@,p,m) CK->Q R     SDFFSRHQX2  pd_aon      8  9.6   113   289     289  (14.8000,34.2000) 
  fopt4032/Y                                  (@,m)   A->Y  F     INVX2       pd_aon     10  7.0   114   128     418  (55.2000,34.2000) 
  WALLACE_CSA_DUMMY_OP_groupi58_g3612__5477/Y (@,m)   A->Y  R     NOR2XL      pd_aon      2  1.6   151   173     591  (45.6000,39.3300) 
  WALLACE_CSA_DUMMY_OP_groupi58_g3593/Y       (@,m)   A->Y  F     INVXL       pd_aon      2  0.9    81   147     738  (45.6000,23.9400) 
  WALLACE_CSA_DUMMY_OP_groupi58_g3579__3680/Y (@,m)   B->Y  R     NOR2X1      pd_aon      1  1.0    75    95     833  (44.0000,23.9400) 
  WALLACE_CSA_DUMMY_OP_groupi58_g3480__9945/S (@,m)   B->S  F     ADDFXL      pd_aon      1  1.2    82   331    1164  (39.4000,23.9400) 
  WALLACE_CSA_DUMMY_OP_groupi58_g3413__7410/S (@,m)   B->S  R     ADDFXL      pd_aon      2  1.2    65   319    1484  (43.8000,20.5200) 
  WALLACE_CSA_DUMMY_OP_groupi58_g3401__5115/Y (@,m)   B->Y  F     XNOR2X1     pd_aon      2  1.3    51   168    1652  (46.6000,13.6800) 
  WALLACE_CSA_DUMMY_OP_groupi58_g3381__5107/Y (@,m)   B->Y  R     NOR2X2      pd_aon      3  1.1    61    64    1716   (46.4000,8.5500) 
  WALLACE_CSA_DUMMY_OP_groupi58_g3377__6417/Y (@,m)   B->Y  F     NOR2XL      pd_aon      1  0.5    57    72    1788   (49.6000,6.8400) 
  WALLACE_CSA_DUMMY_OP_groupi58_g3363__7098/Y (@,m)   B->Y  R     NOR3X1      pd_aon      2  1.2   130   142    1930   (46.2000,6.8400) 
  WALLACE_CSA_DUMMY_OP_groupi58_g3353__8428/Y (@,m)   A1->Y F     OAI21X1     pd_aon      1  0.7    93   147    2078   (42.2000,6.8400) 
  WALLACE_CSA_DUMMY_OP_groupi58_g3334__4733/S (@,m)   CI->S R     ADDFX1      pd_aon      1  2.5    80   360    2438   (39.2000,8.5500) 
  FE_OFC37_result_o_39/Y                      (@,m)   A->Y  R     CLKBUFX20   pd_aon      1 10.5    39   127    2565   (42.2000,3.4200) 
  result_o[39]                                -       -     R     (port)      pd_aon      -    -     -     0    2566              (-,-) 
#---------------------------------------------------------------------------------------------------------------------------------------

(p) : Instance is preserved but may be resized
(@) : Annotated capacitance.
(m) : Attribute cell_delay_multiplier is modified for this library cell.



Path 36: MET (881 ps) Late External Delay Assertion at pin result_o[23]
           View: slow_0p9v_125c_cmax_func
          Group: clk_i_virtual
     Startpoint: (R) operand_b_i_sr_reg_27/CK
          Clock: (R) clk_i
       Endpoint: (F) result_o[23]
          Clock: (R) clk_i_virtual

                     Capture       Launch     
        Clock Edge:+    5000            0     
       Src Latency:+       0            0     
       Net Latency:+       0 (I)        0 (I) 
           Arrival:=    5000            0     
                                              
      Output Delay:-    1500                  
       Uncertainty:-      55                  
     Required Time:=    3445                  
      Launch Clock:-       0                  
         Data Path:-    2564                  
             Slack:=     881                  

Exceptions/Constraints:
  output_delay             1500            func.sdc.gz_line_759   

Launch clock path:
#----------------------------------------------------------------------------------------------------------------------
#      Timing Point         Flags    Arc   Edge    Cell      Power  Fanout Load Trans Delay Arrival      Instance      
#                                                            Domain        (fF)  (ps)  (ps)   (ps)       Location      
#----------------------------------------------------------------------------------------------------------------------
  clk_i                    (i)       -     R     (arrival)   pd_aon     65  0.0     0     0      -4              (-,-) 
  operand_b_i_sr_reg_27/CK <<< (p,m) -     R     SDFFSRHQX4  pd_aon     65    -     0     0      -4  (15.8000,47.8800) 
#----------------------------------------------------------------------------------------------------------------------

#---------------------------------------------------------------------------------------------------------------------------------------
#                Timing Point                 Flags   Arc   Edge    Cell      Power  Fanout Load Trans Delay Arrival      Instance      
#                                                                             Domain        (fF)  (ps)  (ps)   (ps)       Location      
#---------------------------------------------------------------------------------------------------------------------------------------
  operand_b_i_sr_reg_27/CK                    -       -     R     (arrival)   pd_aon     65    -     0     0       0              (-,-) 
  operand_b_i_sr_reg_27/Q                     (@,p,m) CK->Q F     SDFFSRHQX4  pd_aon     14 14.1   109   338     338  (15.8000,47.8800) 
  WALLACE_CSA_DUMMY_OP_groupi57_g3650__4733/Y (@,m)   A->Y  F     AND2XL      pd_aon      3  2.6   136   175     513  (68.4000,68.4000) 
  WALLACE_CSA_DUMMY_OP_groupi57_g3598/Y       (@,m)   A->Y  R     INVX1       pd_aon      2  0.9    48   103     616  (84.0000,78.6600) 
  WALLACE_CSA_DUMMY_OP_groupi57_g3576__5115/Y (@,m)   B->Y  F     NOR2XL      pd_aon      1  0.5    57    62     678  (86.4000,76.9500) 
  WALLACE_CSA_DUMMY_OP_groupi57_g3571__8246/Y (@,m)   B0->Y R     AOI21X1     pd_aon      2  0.8    73    86     764  (85.2000,78.6600) 
  WALLACE_CSA_DUMMY_OP_groupi57_g3553/Y       (@,m)   A->Y  F     INVXL       pd_aon      1  0.3    34    71     835  (88.6000,78.6600) 
  WALLACE_CSA_DUMMY_OP_groupi57_g3551__5477/Y (@,m)   B->Y  R     NOR2XL      pd_aon      1  0.4    69    66     901  (89.8000,78.6600) 
  WALLACE_CSA_DUMMY_OP_groupi57_g3545__2883/Y (@,m)   B->Y  F     NOR2X1      pd_aon      4  1.2    58    75     976  (89.4000,76.9500) 
  WALLACE_CSA_DUMMY_OP_groupi57_g3500/Y       (@,m)   A->Y  R     INVXL       pd_aon      1  0.4    29    54    1030  (88.6000,75.2400) 
  WALLACE_CSA_DUMMY_OP_groupi57_g3482__6783/Y (@,m)   A->Y  F     MXI2XL      pd_aon      1  0.9   162   149    1179  (88.2000,73.5300) 
  WALLACE_CSA_DUMMY_OP_groupi57_g3448__8428/Y (@,m)   B->Y  F     XNOR2XL     pd_aon      2  1.1    71   199    1378  (88.6000,63.2700) 
  WALLACE_CSA_DUMMY_OP_groupi57_g3415__1705/Y (@,m)   B->Y  R     XNOR2X1     pd_aon      2  0.6    31   196    1574  (88.8000,54.7200) 
  WALLACE_CSA_DUMMY_OP_groupi57_g3404__5107/Y (@,m)   B->Y  F     NAND2BXL    pd_aon      2  0.6   100    90    1664  (87.0000,53.0100) 
  WALLACE_CSA_DUMMY_OP_groupi57_g3391__9315/Y (@,m)   B->Y  R     NAND2XL     pd_aon      2  0.8    59    96    1760  (86.4000,51.3000) 
  WALLACE_CSA_DUMMY_OP_groupi57_g3375__3680/Y (@,m)   B->Y  F     NOR2X1      pd_aon      1  1.7    75    78    1837  (89.4000,53.0100) 
  WALLACE_CSA_DUMMY_OP_groupi57_g3363__1666/Y (@,m)   C->Y  R     NOR3X4      pd_aon      2  2.7    97    98    1936  (89.8000,56.4300) 
  FE_RC_242_0/Y                               (@,m)   A1->Y F     OAI21X4     pd_aon      3  1.9    83   114    2049  (86.8000,68.4000) 
  FE_RC_108_0/Y                               (@,m)   AN->Y F     NOR2BX1     pd_aon      1  0.4    44   101    2150  (81.6000,75.2400) 
  FE_RC_107_0/Y                               (@,m)   AN->Y F     NAND2BX4    pd_aon      1  6.2   128   169    2320  (81.6000,75.2400) 
  FE_OFC63_result_o_23/Y                      (@,m)   A->Y  F     BUFX2       pd_aon      1  2.0    44   146    2465   (58.2000,3.4200) 
  FE_OFC260_result_o_23/Y                     (@,m)   A->Y  F     CLKBUFX20   pd_aon      1 10.5    39    98    2563   (58.2000,3.4200) 
  result_o[23]                                -       -     F     (port)      pd_aon      -    -     -     1    2564              (-,-) 
#---------------------------------------------------------------------------------------------------------------------------------------

(p) : Instance is preserved but may be resized
(@) : Annotated capacitance.
(m) : Attribute cell_delay_multiplier is modified for this library cell.



Path 37: MET (895 ps) Late External Delay Assertion at pin result_o[55]
           View: slow_0p9v_125c_cmax_func
          Group: clk_i_virtual
     Startpoint: (R) operand_a_i_sr_reg_21/CK
          Clock: (R) clk_i
       Endpoint: (F) result_o[55]
          Clock: (R) clk_i_virtual

                     Capture       Launch     
        Clock Edge:+    5000            0     
       Src Latency:+       0            0     
       Net Latency:+       0 (I)        0 (I) 
           Arrival:=    5000            0     
                                              
      Output Delay:-    1500                  
       Uncertainty:-      55                  
     Required Time:=    3445                  
      Launch Clock:-       0                  
         Data Path:-    2550                  
             Slack:=     895                  

Exceptions/Constraints:
  output_delay             1500            func.sdc.gz_line_786   

Launch clock path:
#---------------------------------------------------------------------------------------------------------------------
#      Timing Point         Flags    Arc   Edge    Cell      Power  Fanout Load Trans Delay Arrival      Instance     
#                                                            Domain        (fF)  (ps)  (ps)   (ps)       Location     
#---------------------------------------------------------------------------------------------------------------------
  clk_i                    (i)       -     R     (arrival)   pd_aon     65  0.0     0     0      -4             (-,-) 
  operand_a_i_sr_reg_21/CK <<< (p,m) -     R     SDFFSRHQX2  pd_aon     65    -     0     0      -4  (4.6000,87.2100) 
#---------------------------------------------------------------------------------------------------------------------

#-----------------------------------------------------------------------------------------------------------------------------------------
#                Timing Point                  Flags    Arc   Edge    Cell      Power  Fanout Load Trans Delay Arrival      Instance      
#                                                                               Domain        (fF)  (ps)  (ps)   (ps)       Location      
#-----------------------------------------------------------------------------------------------------------------------------------------
  operand_a_i_sr_reg_21/CK                     -       -      R     (arrival)   pd_aon     65    -     0     0       0              (-,-) 
  operand_a_i_sr_reg_21/Q                      (@,p,m) CK->Q  F     SDFFSRHQX2  pd_aon      6  7.3   108   313     313   (4.6000,87.2100) 
  FE_OFC131_operand_a_i_sr_21/Y                (@,m)   A->Y   R     INVX2       pd_aon      9  6.4    88   108     421  (38.4000,54.7200) 
  WALLACE_CSA_DUMMY_OP_groupi59_g3609__9945/Y  (@,m)   A->Y   F     NOR2XL      pd_aon      1  0.8    73   108     530  (42.8000,61.5600) 
  WALLACE_CSA_DUMMY_OP_groupi59_g3522__5115/S  (@,m)   CI->S  R     ADDFX1      pd_aon      1  0.9    50   332     862  (37.8000,61.5600) 
  WALLACE_CSA_DUMMY_OP_groupi59_g3438__2802/S  (@,m)   CI->S  F     ADDFXL      pd_aon      1  0.9    67   280    1142  (33.2000,61.5600) 
  WALLACE_CSA_DUMMY_OP_groupi59_g3410__6161/CO (@,m)   CI->CO F     ADDFXL      pd_aon      1  1.5    92   220    1361  (31.8000,58.1400) 
  WALLACE_CSA_DUMMY_OP_groupi59_g3367__6131/S  (@,m)   B->S   R     ADDFXL      pd_aon      2  1.2    65   325    1686  (30.8000,68.4000) 
  FE_RC_305_0/Y                                (@,m)   B->Y   F     CLKXOR2X1   pd_aon      4  1.8    64   196    1883  (28.0000,64.9800) 
  FE_RC_261_0/Y                                (@,m)   B->Y   R     NAND2BXL    pd_aon      1  0.3    31    59    1942  (23.2000,54.7200) 
  FE_RC_259_0/Y                                (@,m)   B0->Y  F     OAI21XL     pd_aon      2  0.6   120   113    2055  (23.2000,54.7200) 
  FE_RC_262_0/Y                                (@,m)   B->Y   R     NAND2BXL    pd_aon      1  0.9    61   109    2164  (23.2000,54.7200) 
  FE_RC_257_0/Y                                (@,m)   B->Y   F     NAND2BX2    pd_aon      1  4.0   148   131    2295  (23.2000,54.7200) 
  FE_OFC21_result_o_55/Y                       (@,m)   A->Y   F     BUFX2       pd_aon      1  2.0    44   156    2451   (26.2000,3.4200) 
  FE_OFC261_result_o_55/Y                      (@,m)   A->Y   F     CLKBUFX20   pd_aon      1 10.5    39    98    2549   (26.2000,3.4200) 
  result_o[55]                                 -       -      F     (port)      pd_aon      -    -     -     1    2550              (-,-) 
#-----------------------------------------------------------------------------------------------------------------------------------------

(p) : Instance is preserved but may be resized
(@) : Annotated capacitance.
(m) : Attribute cell_delay_multiplier is modified for this library cell.



Path 38: MET (907 ps) Late External Delay Assertion at pin result_o[22]
           View: slow_0p9v_125c_cmax_func
          Group: clk_i_virtual
     Startpoint: (R) operand_b_i_sr_reg_25/CK
          Clock: (R) clk_i
       Endpoint: (F) result_o[22]
          Clock: (R) clk_i_virtual

                     Capture       Launch     
        Clock Edge:+    5000            0     
       Src Latency:+       0            0     
       Net Latency:+       0 (I)        0 (I) 
           Arrival:=    5000            0     
                                              
      Output Delay:-    1500                  
       Uncertainty:-      55                  
     Required Time:=    3445                  
      Launch Clock:-       0                  
         Data Path:-    2538                  
             Slack:=     907                  

Exceptions/Constraints:
  output_delay             1500            func.sdc.gz_line_810   

Launch clock path:
#---------------------------------------------------------------------------------------------------------------------
#      Timing Point         Flags    Arc   Edge    Cell      Power  Fanout Load Trans Delay Arrival      Instance     
#                                                            Domain        (fF)  (ps)  (ps)   (ps)       Location     
#---------------------------------------------------------------------------------------------------------------------
  clk_i                    (i)       -     R     (arrival)   pd_aon     65  0.0     0     0      -4             (-,-) 
  operand_b_i_sr_reg_25/CK <<< (p,m) -     R     SDFFSRHQX2  pd_aon     65    -     0     0      -4  (5.2000,47.8800) 
#---------------------------------------------------------------------------------------------------------------------

#---------------------------------------------------------------------------------------------------------------------------------------
#                Timing Point                 Flags   Arc   Edge    Cell      Power  Fanout Load Trans Delay Arrival      Instance      
#                                                                             Domain        (fF)  (ps)  (ps)   (ps)       Location      
#---------------------------------------------------------------------------------------------------------------------------------------
  operand_b_i_sr_reg_25/CK                    -       -     R     (arrival)   pd_aon     65    -     0     0       0              (-,-) 
  operand_b_i_sr_reg_25/Q                     (@,p,m) CK->Q R     SDFFSRHQX2  pd_aon      8  9.6   112   289     289   (5.2000,47.8800) 
  fopt4028/Y                                  (@,m)   A->Y  F     INVX2       pd_aon     10  6.9   117   129     418  (60.0000,56.4300) 
  WALLACE_CSA_DUMMY_OP_groupi57_g3687__2883/Y (@,m)   A->Y  R     NOR2X1      pd_aon      3  0.9    75   122     540  (71.0000,58.1400) 
  FE_RC_144_0/Y                               (@,m)   A->Y  F     INVXL       pd_aon      1  0.5    44    78     617  (71.4000,58.1400) 
  FE_RC_143_0/Y                               (@,m)   B->Y  R     NAND2XL     pd_aon      1  0.5    39    50     667  (69.8000,59.8500) 
  FE_RC_140_0/Y                               (@,m)   A->Y  F     NAND2X1     pd_aon      1  1.6   125   118     784  (69.8000,59.8500) 
  WALLACE_CSA_DUMMY_OP_groupi57_g3467__6161/S (@,m)   B->S  R     ADDFX1      pd_aon      1  1.1    51   366    1150  (73.4000,66.6900) 
  WALLACE_CSA_DUMMY_OP_groupi57_g3410__5526/S (@,m)   B->S  F     ADDFX1      pd_aon      1  1.3    62   339    1489  (74.4000,70.1100) 
  WALLACE_CSA_DUMMY_OP_groupi57_g3373__5526/S (@,m)   B->S  R     ADDFXL      pd_aon      2  0.9    55   304    1793  (81.6000,70.1100) 
  WALLACE_CSA_DUMMY_OP_groupi57_g3369__6260/Y (@,m)   B->Y  F     NAND2X1     pd_aon      2  1.7   146   131    1923  (86.4000,70.1100) 
  WALLACE_CSA_DUMMY_OP_groupi57_g3360__2883/Y (@,m)   B->Y  R     NAND2BXL    pd_aon      1  0.6    59   122    2046  (87.0000,66.6900) 
  WALLACE_CSA_DUMMY_OP_groupi57_g3793__1617/Y (@,m)   B->Y  F     CLKXOR2X1   pd_aon      1  5.1   143   240    2286  (86.2000,63.2700) 
  FE_OFC64_result_o_22/Y                      (@,m)   A->Y  F     BUFX2       pd_aon      1  2.0    44   153    2439   (59.2000,3.4200) 
  FE_OFC265_result_o_22/Y                     (@,m)   A->Y  F     CLKBUFX20   pd_aon      1 10.5    39    98    2537   (59.2000,3.4200) 
  result_o[22]                                -       -     F     (port)      pd_aon      -    -     -     1    2538              (-,-) 
#---------------------------------------------------------------------------------------------------------------------------------------

(p) : Instance is preserved but may be resized
(@) : Annotated capacitance.
(m) : Attribute cell_delay_multiplier is modified for this library cell.



Path 39: MET (941 ps) Late External Delay Assertion at pin result_o[54]
           View: slow_0p9v_125c_cmax_func
          Group: clk_i_virtual
     Startpoint: (R) operand_b_i_sr_reg_12/CK
          Clock: (R) clk_i
       Endpoint: (F) result_o[54]
          Clock: (R) clk_i_virtual

                     Capture       Launch     
        Clock Edge:+    5000            0     
       Src Latency:+       0            0     
       Net Latency:+       0 (I)        0 (I) 
           Arrival:=    5000            0     
                                              
      Output Delay:-    1500                  
       Uncertainty:-      55                  
     Required Time:=    3445                  
      Launch Clock:-       0                  
         Data Path:-    2504                  
             Slack:=     941                  

Exceptions/Constraints:
  output_delay             1500            func.sdc.gz_line_771   

Launch clock path:
#---------------------------------------------------------------------------------------------------------------------
#      Timing Point         Flags    Arc   Edge   Cell      Power  Fanout Load Trans Delay Arrival      Instance      
#                                                           Domain        (fF)  (ps)  (ps)   (ps)       Location      
#---------------------------------------------------------------------------------------------------------------------
  clk_i                    (i)       -     R     (arrival)  pd_aon     65  0.0     0     0      -4              (-,-) 
  operand_b_i_sr_reg_12/CK <<< (p,m) -     R     SDFFSRX1   pd_aon     65    -     0     0      -4  (15.8000,44.4600) 
#---------------------------------------------------------------------------------------------------------------------

#--------------------------------------------------------------------------------------------------------------------------------------
#                Timing Point                 Flags   Arc   Edge   Cell      Power  Fanout Load Trans Delay Arrival      Instance      
#                                                                            Domain        (fF)  (ps)  (ps)   (ps)       Location      
#--------------------------------------------------------------------------------------------------------------------------------------
  operand_b_i_sr_reg_12/CK                    -       -     R     (arrival)  pd_aon     65    -     0     0       0              (-,-) 
  operand_b_i_sr_reg_12/Q                     (@,p,m) CK->Q R     SDFFSRX1   pd_aon      2  5.0   114   292     292  (15.8000,44.4600) 
  FE_OFC193_operand_b_i_sr_12/Y               (@,m)   A->Y  F     INVX2      pd_aon      9  7.0   118   130     423  (49.8000,64.9800) 
  WALLACE_CSA_DUMMY_OP_groupi59_g3813__6131/Y (@,m)   B->Y  R     NOR2BX1    pd_aon      1  0.9    77   116     538  (45.4000,64.9800) 
  WALLACE_CSA_DUMMY_OP_groupi59_g3521__1881/S (@,m)   B->S  F     ADDFXL     pd_aon      1  1.5    93   339     878  (41.2000,64.9800) 
  WALLACE_CSA_DUMMY_OP_groupi59_g3436__3680/S (@,m)   A->S  R     ADDFHXL    pd_aon      1  2.1    75   314    1192  (39.4000,66.6900) 
  WALLACE_CSA_DUMMY_OP_groupi59_g3405__5115/S (@,m)   CI->S F     ADDFHXL    pd_aon      1  1.4    66   286    1478  (28.6000,61.5600) 
  WALLACE_CSA_DUMMY_OP_groupi59_g3373__6161/S (@,m)   CI->S R     ADDFHXL    pd_aon      2  1.7    68   300    1777  (28.4000,54.7200) 
  WALLACE_CSA_DUMMY_OP_groupi59_g3369__5115/Y (@,m)   B->Y  F     NAND2X1    pd_aon      2  1.4   120   121    1898  (24.8000,53.0100) 
  WALLACE_CSA_DUMMY_OP_groupi59_g3360__1617/Y (@,m)   B->Y  R     NAND2BXL   pd_aon      1  0.6    54   105    2003  (25.8000,46.1700) 
  WALLACE_CSA_DUMMY_OP_groupi59_g3793__2883/Y (@,m)   B->Y  F     XOR2XL     pd_aon      1  3.3   166   237    2240  (26.0000,44.4600) 
  FE_OFC22_result_o_54/Y                      (@,m)   A->Y  F     BUFX2      pd_aon      1  2.0    45   165    2405   (27.2000,3.4200) 
  FE_OFC254_result_o_54/Y                     (@,m)   A->Y  F     CLKBUFX20  pd_aon      1 10.5    39    98    2504   (27.2000,3.4200) 
  result_o[54]                                -       -     F     (port)     pd_aon      -    -     -     0    2504              (-,-) 
#--------------------------------------------------------------------------------------------------------------------------------------

(p) : Instance is preserved but may be resized
(@) : Annotated capacitance.
(m) : Attribute cell_delay_multiplier is modified for this library cell.



Path 40: MET (943 ps) Late External Delay Assertion at pin result_o[6]
           View: slow_0p9v_125c_cmax_func
          Group: clk_i_virtual
     Startpoint: (R) operand_a_i_sr_reg_4/CK
          Clock: (R) clk_i
       Endpoint: (F) result_o[6]
          Clock: (R) clk_i_virtual

                     Capture       Launch     
        Clock Edge:+    5000            0     
       Src Latency:+       0            0     
       Net Latency:+       0 (I)        0 (I) 
           Arrival:=    5000            0     
                                              
      Output Delay:-    1500                  
       Uncertainty:-      55                  
     Required Time:=    3445                  
      Launch Clock:-       0                  
         Data Path:-    2502                  
             Slack:=     943                  

Exceptions/Constraints:
  output_delay             1500            func.sdc.gz_line_784   

Launch clock path:
#---------------------------------------------------------------------------------------------------------------------
#      Timing Point        Flags    Arc   Edge    Cell      Power  Fanout Load Trans Delay Arrival      Instance      
#                                                           Domain        (fF)  (ps)  (ps)   (ps)       Location      
#---------------------------------------------------------------------------------------------------------------------
  clk_i                   (i)       -     R     (arrival)   pd_aon     65  0.0     0     0      -4              (-,-) 
  operand_a_i_sr_reg_4/CK <<< (p,m) -     R     SDFFSRHQX2  pd_aon     65    -     0     0      -4  (14.4000,58.1400) 
#---------------------------------------------------------------------------------------------------------------------

#-------------------------------------------------------------------------------------------------------------------------------------
#               Timing Point                Flags   Arc   Edge    Cell      Power  Fanout Load Trans Delay Arrival      Instance      
#                                                                           Domain        (fF)  (ps)  (ps)   (ps)       Location      
#-------------------------------------------------------------------------------------------------------------------------------------
  operand_a_i_sr_reg_4/CK                   -       -     R     (arrival)   pd_aon     65    -     0     0       0              (-,-) 
  operand_a_i_sr_reg_4/Q                    (@,p,m) CK->Q R     SDFFSRHQX2  pd_aon      8 10.1   118   292     292  (14.4000,58.1400) 
  FE_OFC135_operand_a_i_sr_4/Y              (@,m)   A->Y  F     INVX3       pd_aon      5  9.1   104   122     414  (24.0000,58.1400) 
  FE_OFC136_operand_a_i_sr_4/Y              (@,m)   A->Y  R     INVX3       pd_aon      6  6.1    63    88     502  (58.0000,58.1400) 
  WALLACE_CSA_DUMMY_OP_groupi_g3706__2346/Y (@,m)   A->Y  R     CLKAND2X2   pd_aon      1  1.7    35   139     641  (62.8000,46.1700) 
  WALLACE_CSA_DUMMY_OP_groupi_g3527__4733/S (@,m)   A->S  F     ADDFXL      pd_aon      1  1.4    88   321     962  (70.6000,46.1700) 
  WALLACE_CSA_DUMMY_OP_groupi_g3436__8428/S (@,m)   B->S  R     ADDFHXL     pd_aon      1  1.4    58   312    1274  (74.6000,46.1700) 
  WALLACE_CSA_DUMMY_OP_groupi_g3405__7098/S (@,m)   CI->S F     ADDFXL      pd_aon      1  1.1    75   289    1563  (81.8000,41.0400) 
  WALLACE_CSA_DUMMY_OP_groupi_g3373__5115/S (@,m)   CI->S R     ADDFX1      pd_aon      2  1.9    72   346    1909  (83.8000,30.7800) 
  WALLACE_CSA_DUMMY_OP_groupi_g3369__7098/Y (@,m)   B->Y  F     NAND2X1     pd_aon      2  1.1   104   113    2022  (86.4000,15.3900) 
  WALLACE_CSA_DUMMY_OP_groupi_g3360__5526/Y (@,m)   B->Y  R     NAND2BXL    pd_aon      1  0.6    52    94    2117  (85.8000,13.6800) 
  WALLACE_CSA_DUMMY_OP_groupi_g3793__6161/Y (@,m)   B->Y  F     XOR2XL      pd_aon      1  1.0    63   175    2292  (85.4000,10.2600) 
  FE_OFC80_result_o_6/Y                     (@,m)   A->Y  F     BUFX2       pd_aon      1  2.0    44   112    2403   (75.2000,3.4200) 
  FE_OFC240_result_o_6/Y                    (@,m)   A->Y  F     CLKBUFX20   pd_aon      1 10.5    39    98    2501   (75.2000,3.4200) 
  result_o[6]                               -       -     F     (port)      pd_aon      -    -     -     0    2502              (-,-) 
#-------------------------------------------------------------------------------------------------------------------------------------

(p) : Instance is preserved but may be resized
(@) : Annotated capacitance.
(m) : Attribute cell_delay_multiplier is modified for this library cell.



Path 41: MET (1015 ps) Late External Delay Assertion at pin result_o[38]
           View: slow_0p9v_125c_cmax_func
          Group: clk_i_virtual
     Startpoint: (R) operand_b_i_sr_reg_17/CK
          Clock: (R) clk_i
       Endpoint: (R) result_o[38]
          Clock: (R) clk_i_virtual

                     Capture       Launch     
        Clock Edge:+    5000            0     
       Src Latency:+       0            0     
       Net Latency:+       0 (I)        0 (I) 
           Arrival:=    5000            0     
                                              
      Output Delay:-    1500                  
       Uncertainty:-      55                  
     Required Time:=    3445                  
      Launch Clock:-       0                  
         Data Path:-    2430                  
             Slack:=    1015                  

Exceptions/Constraints:
  output_delay             1500            func.sdc.gz_line_809   

Launch clock path:
#----------------------------------------------------------------------------------------------------------------------
#      Timing Point         Flags    Arc   Edge    Cell      Power  Fanout Load Trans Delay Arrival      Instance      
#                                                            Domain        (fF)  (ps)  (ps)   (ps)       Location      
#----------------------------------------------------------------------------------------------------------------------
  clk_i                    (i)       -     R     (arrival)   pd_aon     65  0.0     0     0      -4              (-,-) 
  operand_b_i_sr_reg_17/CK <<< (p,m) -     R     SDFFSRHQX2  pd_aon     65    -     0     0      -4  (14.8000,34.2000) 
#----------------------------------------------------------------------------------------------------------------------

#---------------------------------------------------------------------------------------------------------------------------------------
#                Timing Point                 Flags   Arc   Edge    Cell      Power  Fanout Load Trans Delay Arrival      Instance      
#                                                                             Domain        (fF)  (ps)  (ps)   (ps)       Location      
#---------------------------------------------------------------------------------------------------------------------------------------
  operand_b_i_sr_reg_17/CK                    -       -     R     (arrival)   pd_aon     65    -     0     0       0              (-,-) 
  operand_b_i_sr_reg_17/Q                     (@,p,m) CK->Q F     SDFFSRHQX2  pd_aon      8  9.4   134   328     328  (14.8000,34.2000) 
  fopt4032/Y                                  (@,m)   A->Y  R     INVX2       pd_aon     10  7.0    98   127     455  (55.2000,34.2000) 
  WALLACE_CSA_DUMMY_OP_groupi58_g3687__5122/Y (@,m)   A->Y  F     NOR2XL      pd_aon      1  0.7    69   112     567  (41.6000,37.6200) 
  WALLACE_CSA_DUMMY_OP_groupi58_g3559__4733/S (@,m)   A->S  R     ADDHXL      pd_aon      1  1.0    52   223     790  (41.0000,34.2000) 
  WALLACE_CSA_DUMMY_OP_groupi58_g3467__1617/S (@,m)   B->S  F     ADDFX1      pd_aon      4  1.7    72   345    1135  (39.8000,32.4900) 
  FE_RC_130_0/Y                               (@,m)   B->Y  R     NAND2BX1    pd_aon      1  0.5    33    61    1197  (39.8000,25.6500) 
  FE_RC_128_0/Y                               (@,m)   B0->Y F     OAI21X1     pd_aon      2  0.6    87    92    1288  (39.8000,25.6500) 
  FE_RC_131_0/Y                               (@,m)   B->Y  R     NAND2BXL    pd_aon      1  0.5    41    78    1366  (39.8000,25.6500) 
  FE_RC_138_0/Y                               (@,m)   B0->Y F     OAI21X1     pd_aon      1  1.4   131   123    1489  (39.8000,25.6500) 
  WALLACE_CSA_DUMMY_OP_groupi58_g3373__2883/S (@,m)   B->S  R     ADDFX1      pd_aon      2  1.3    55   371    1861  (39.4000,15.3900) 
  WALLACE_CSA_DUMMY_OP_groupi58_g3370__9315/Y (@,m)   B->Y  F     NOR2XL      pd_aon      2  0.8    66    75    1936   (44.6000,6.8400) 
  WALLACE_CSA_DUMMY_OP_groupi58_g3360__5122/Y (@,m)   AN->Y F     NAND2BXL    pd_aon      1  0.5    94   130    2066   (43.6000,5.1300) 
  WALLACE_CSA_DUMMY_OP_groupi58_g3793__5526/Y (@,m)   B->Y  R     XOR2XL      pd_aon      1  0.5    32   156    2222   (43.0000,3.4200) 
  FE_OFC38_result_o_38/Y                      (@,m)   A->Y  R     BUFX2       pd_aon      1  2.2    38   103    2325   (43.2000,3.4200) 
  FE_OFC245_result_o_38/Y                     (@,m)   A->Y  R     CLKBUFX20   pd_aon      1 10.5    38   105    2430   (43.2000,3.4200) 
  result_o[38]                                -       -     R     (port)      pd_aon      -    -     -     0    2430              (-,-) 
#---------------------------------------------------------------------------------------------------------------------------------------

(p) : Instance is preserved but may be resized
(@) : Annotated capacitance.
(m) : Attribute cell_delay_multiplier is modified for this library cell.



Path 42: MET (1036 ps) Late External Delay Assertion at pin result_o[21]
           View: slow_0p9v_125c_cmax_func
          Group: clk_i_virtual
     Startpoint: (R) operand_a_i_sr_reg_9/CK
          Clock: (R) clk_i
       Endpoint: (F) result_o[21]
          Clock: (R) clk_i_virtual

                     Capture       Launch     
        Clock Edge:+    5000            0     
       Src Latency:+       0            0     
       Net Latency:+       0 (I)        0 (I) 
           Arrival:=    5000            0     
                                              
      Output Delay:-    1500                  
       Uncertainty:-      55                  
     Required Time:=    3445                  
      Launch Clock:-       0                  
         Data Path:-    2409                  
             Slack:=    1036                  

Exceptions/Constraints:
  output_delay             1500            func.sdc.gz_line_795   

Launch clock path:
#---------------------------------------------------------------------------------------------------------------------
#      Timing Point        Flags    Arc   Edge    Cell      Power  Fanout Load Trans Delay Arrival      Instance      
#                                                           Domain        (fF)  (ps)  (ps)   (ps)       Location      
#---------------------------------------------------------------------------------------------------------------------
  clk_i                   (i)       -     R     (arrival)   pd_aon     65  0.0     0     0      -4              (-,-) 
  operand_a_i_sr_reg_9/CK <<< (p,m) -     R     SDFFSRHQX2  pd_aon     65    -     0     0      -4  (16.0000,61.5600) 
#---------------------------------------------------------------------------------------------------------------------

#---------------------------------------------------------------------------------------------------------------------------------------
#                Timing Point                 Flags   Arc   Edge    Cell      Power  Fanout Load Trans Delay Arrival      Instance      
#                                                                             Domain        (fF)  (ps)  (ps)   (ps)       Location      
#---------------------------------------------------------------------------------------------------------------------------------------
  operand_a_i_sr_reg_9/CK                     -       -     R     (arrival)   pd_aon     65    -     0     0       0              (-,-) 
  operand_a_i_sr_reg_9/Q                      (@,p,m) CK->Q R     SDFFSRHQX2  pd_aon      6  8.4   101   282     282  (16.0000,61.5600) 
  fopt4006/Y                                  (@,m)   A->Y  F     INVX2       pd_aon     12  8.1   126   129     411  (68.4000,53.0100) 
  WALLACE_CSA_DUMMY_OP_groupi57_g3637__6783/Y (@,m)   B->Y  R     NOR2XL      pd_aon      1  1.0   109   145     556  (78.8000,70.1100) 
  WALLACE_CSA_DUMMY_OP_groupi57_g3513__9945/S (@,m)   B->S  F     ADDFX1      pd_aon      3  1.2    58   368     925  (78.0000,68.4000) 
  WALLACE_CSA_DUMMY_OP_groupi57_g3800__1881/Y (@,m)   A->Y  R     XOR2XL      pd_aon      1  0.6    37   209    1134  (83.2000,66.6900) 
  WALLACE_CSA_DUMMY_OP_groupi57_g3449__5526/Y (@,m)   B->Y  F     XOR2XL      pd_aon      3  1.4    87   182    1316  (84.8000,66.6900) 
  WALLACE_CSA_DUMMY_OP_groupi57_g3421__5115/Y (@,m)   S0->Y F     MXI2XL      pd_aon      1  0.3    96   126    1442  (91.0000,66.6900) 
  WALLACE_CSA_DUMMY_OP_groupi57_g3401__5477/Y (@,m)   A->Y  R     XNOR2X1     pd_aon      2  1.2    47   253    1695  (90.6000,64.9800) 
  WALLACE_CSA_DUMMY_OP_groupi57_g3794__2802/Y (@,m)   B->Y  R     AND2XL      pd_aon      2  2.1    87   158    1853  (92.0000,58.1400) 
  WALLACE_CSA_DUMMY_OP_groupi57_g3376__1617/Y (@,m)   A->Y  R     OR2XL       pd_aon      1  0.5    31   113    1966  (91.2000,53.0100) 
  WALLACE_CSA_DUMMY_OP_groupi57_g3361__2346/Y (@,m)   B->Y  F     XNOR2X1     pd_aon      1  4.5   130   198    2164  (90.2000,51.3000) 
  FE_OFC65_result_o_21/Y                      (@,m)   A->Y  F     BUFX2       pd_aon      1  2.0    44   147    2310   (60.2000,3.4200) 
  FE_OFC251_result_o_21/Y                     (@,m)   A->Y  F     CLKBUFX20   pd_aon      1 10.5    39    98    2409   (60.2000,3.4200) 
  result_o[21]                                -       -     F     (port)      pd_aon      -    -     -     1    2409              (-,-) 
#---------------------------------------------------------------------------------------------------------------------------------------

(p) : Instance is preserved but may be resized
(@) : Annotated capacitance.
(m) : Attribute cell_delay_multiplier is modified for this library cell.



Path 43: MET (1048 ps) Setup Check with Pin operand_b_i_sr_reg_0/CK->SI
           View: slow_0p9v_125c_cmax_scan_shift
          Group: clk_i
     Startpoint: (R) scan_in_matmul_sync_0
          Clock: (R) clk_i_virtual
       Endpoint: (R) operand_b_i_sr_reg_0/SI
          Clock: (R) clk_i

                     Capture       Launch     
        Clock Edge:+   10000            0     
        Drv Adjust:+       0           -6     
       Src Latency:+       0            0     
       Net Latency:+       0 (I)        0 (I) 
           Arrival:=   10000           -6     
                                              
             Setup:-     254                  
       Uncertainty:-     205                  
     Required Time:=    9542                  
      Launch Clock:-      -6                  
       Input Delay:-    8500                  
         Data Path:-       0                  
             Slack:=    1048                  

Exceptions/Constraints:
  input_delay             8500            scan_shift.sdc.gz_line_648   

#------------------------------------------------------------------------------------------------------------------
#      Timing Point       Flags   Arc   Edge    Cell      Power  Fanout Load Trans Delay Arrival      Instance     
#                                                         Domain        (fF)  (ps)  (ps)   (ps)       Location     
#------------------------------------------------------------------------------------------------------------------
  scan_in_matmul_sync_0   (@)     -     R     (arrival)   pd_aon      1  1.3    54     0    8494             (-,-) 
  operand_b_i_sr_reg_0/SI (p,m)   -     R     SDFFSRHQX2  pd_aon      1    -     -     0    8494  (5.2000,17.1000) 
#------------------------------------------------------------------------------------------------------------------

(p) : Instance is preserved but may be resized
(@) : Annotated capacitance.
(m) : Attribute cell_delay_multiplier is modified for this library cell.

Capture clock path:
#--------------------------------------------------------------------------------------------------------------------
#      Timing Point        Flags    Arc   Edge    Cell      Power  Fanout Load Trans Delay Arrival      Instance     
#                                                           Domain        (fF)  (ps)  (ps)   (ps)       Location     
#--------------------------------------------------------------------------------------------------------------------
  clk_i                   (i)       -     R     (arrival)   pd_aon     65  0.0     0     0    9996             (-,-) 
  operand_b_i_sr_reg_0/CK <<< (p,m) -     R     SDFFSRHQX2  pd_aon     65    -     0     0    9996  (5.2000,17.1000) 
#--------------------------------------------------------------------------------------------------------------------



Path 44: MET (1103 ps) Late External Delay Assertion at pin result_o[53]
           View: slow_0p9v_125c_cmax_func
          Group: clk_i_virtual
     Startpoint: (R) operand_b_i_sr_reg_28/CK
          Clock: (R) clk_i
       Endpoint: (F) result_o[53]
          Clock: (R) clk_i_virtual

                     Capture       Launch     
        Clock Edge:+    5000            0     
       Src Latency:+       0            0     
       Net Latency:+       0 (I)        0 (I) 
           Arrival:=    5000            0     
                                              
      Output Delay:-    1500                  
       Uncertainty:-      55                  
     Required Time:=    3445                  
      Launch Clock:-       0                  
         Data Path:-    2342                  
             Slack:=    1103                  

Exceptions/Constraints:
  output_delay             1500            func.sdc.gz_line_755   

Launch clock path:
#----------------------------------------------------------------------------------------------------------------------
#      Timing Point         Flags    Arc   Edge    Cell      Power  Fanout Load Trans Delay Arrival      Instance      
#                                                            Domain        (fF)  (ps)  (ps)   (ps)       Location      
#----------------------------------------------------------------------------------------------------------------------
  clk_i                    (i)       -     R     (arrival)   pd_aon     65  0.0     0     0      -4              (-,-) 
  operand_b_i_sr_reg_28/CK <<< (p,m) -     R     SDFFSRHQX2  pd_aon     65    -     0     0      -4  (14.8000,66.6900) 
#----------------------------------------------------------------------------------------------------------------------

#---------------------------------------------------------------------------------------------------------------------------------------
#                Timing Point                 Flags   Arc   Edge    Cell      Power  Fanout Load Trans Delay Arrival      Instance      
#                                                                             Domain        (fF)  (ps)  (ps)   (ps)       Location      
#---------------------------------------------------------------------------------------------------------------------------------------
  operand_b_i_sr_reg_28/CK                    -       -     R     (arrival)   pd_aon     65    -     0     0       0              (-,-) 
  operand_b_i_sr_reg_28/Q                     (@,p,m) CK->Q R     SDFFSRHQX2  pd_aon     11  9.7   114   290     290  (14.8000,66.6900) 
  FE_OFC156_operand_b_i_sr_28/Y               (@,m)   A->Y  F     INVX1       pd_aon      4  2.3    90   121     411  (54.8000,70.1100) 
  WALLACE_CSA_DUMMY_OP_groupi59_g3637__9315/Y (@,m)   A->Y  R     NOR2X1      pd_aon      1  1.0    82   111     521  (48.0000,63.2700) 
  WALLACE_CSA_DUMMY_OP_groupi59_g3513__3680/S (@,m)   B->S  F     ADDFX1      pd_aon      3  2.0    79   366     887  (45.2000,61.5600) 
  WALLACE_CSA_DUMMY_OP_groupi59_g3800__5107/Y (@,m)   A->Y  R     XOR2XL      pd_aon      1  0.6    37   219    1105  (37.0000,58.1400) 
  WALLACE_CSA_DUMMY_OP_groupi59_g3449__6161/Y (@,m)   B->Y  F     CLKXOR2X1   pd_aon      3  1.7    63   182    1288  (34.8000,56.4300) 
  WALLACE_CSA_DUMMY_OP_groupi59_g3421__6260/Y (@,m)   S0->Y F     MXI2XL      pd_aon      1  0.4   103   120    1408  (28.8000,51.3000) 
  WALLACE_CSA_DUMMY_OP_groupi59_g3401__7098/Y (@,m)   A->Y  R     XNOR2X1     pd_aon      2  1.0    43   254    1661  (29.4000,49.5900) 
  WALLACE_CSA_DUMMY_OP_groupi59_g3794__2346/Y (@,m)   B->Y  R     AND2X1      pd_aon      2  2.3    62   171    1832  (28.0000,49.5900) 
  WALLACE_CSA_DUMMY_OP_groupi59_g3376__2883/Y (@,m)   A->Y  R     OR2XL       pd_aon      1  0.7    37   102    1935  (29.0000,46.1700) 
  WALLACE_CSA_DUMMY_OP_groupi59_g3361__2802/Y (@,m)   B->Y  F     XNOR2X1     pd_aon      1  3.1    95   180    2115  (28.0000,42.7500) 
  FE_OFC23_result_o_53/Y                      (@,m)   A->Y  F     BUFX2       pd_aon      1  2.0    44   129    2243   (28.2000,3.4200) 
  FE_OFC255_result_o_53/Y                     (@,m)   A->Y  F     CLKBUFX20   pd_aon      1 10.5    39    98    2341   (28.2000,3.4200) 
  result_o[53]                                -       -     F     (port)      pd_aon      -    -     -     1    2342              (-,-) 
#---------------------------------------------------------------------------------------------------------------------------------------

(p) : Instance is preserved but may be resized
(@) : Annotated capacitance.
(m) : Attribute cell_delay_multiplier is modified for this library cell.



Path 45: MET (1112 ps) Late External Delay Assertion at pin result_o[5]
           View: slow_0p9v_125c_cmax_func
          Group: clk_i_virtual
     Startpoint: (R) operand_a_i_sr_reg_9/CK
          Clock: (R) clk_i
       Endpoint: (F) result_o[5]
          Clock: (R) clk_i_virtual

                     Capture       Launch     
        Clock Edge:+    5000            0     
       Src Latency:+       0            0     
       Net Latency:+       0 (I)        0 (I) 
           Arrival:=    5000            0     
                                              
      Output Delay:-    1500                  
       Uncertainty:-      55                  
     Required Time:=    3445                  
      Launch Clock:-       0                  
         Data Path:-    2332                  
             Slack:=    1112                  

Exceptions/Constraints:
  output_delay             1500            func.sdc.gz_line_769   

Launch clock path:
#---------------------------------------------------------------------------------------------------------------------
#      Timing Point        Flags    Arc   Edge    Cell      Power  Fanout Load Trans Delay Arrival      Instance      
#                                                           Domain        (fF)  (ps)  (ps)   (ps)       Location      
#---------------------------------------------------------------------------------------------------------------------
  clk_i                   (i)       -     R     (arrival)   pd_aon     65  0.0     0     0      -4              (-,-) 
  operand_a_i_sr_reg_9/CK <<< (p,m) -     R     SDFFSRHQX2  pd_aon     65    -     0     0      -4  (16.0000,61.5600) 
#---------------------------------------------------------------------------------------------------------------------

#-------------------------------------------------------------------------------------------------------------------------------------
#               Timing Point                Flags   Arc   Edge    Cell      Power  Fanout Load Trans Delay Arrival      Instance      
#                                                                           Domain        (fF)  (ps)  (ps)   (ps)       Location      
#-------------------------------------------------------------------------------------------------------------------------------------
  operand_a_i_sr_reg_9/CK                   -       -     R     (arrival)   pd_aon     65    -     0     0       0              (-,-) 
  operand_a_i_sr_reg_9/Q                    (@,p,m) CK->Q R     SDFFSRHQX2  pd_aon      6  8.4   101   282     282  (16.0000,61.5600) 
  fopt4006/Y                                (@,m)   A->Y  F     INVX2       pd_aon     12  8.1   126   129     411  (68.4000,53.0100) 
  WALLACE_CSA_DUMMY_OP_groupi_g3637__7482/Y (@,m)   B->Y  R     NOR2XL      pd_aon      1  0.9   104   142     553  (79.0000,46.1700) 
  WALLACE_CSA_DUMMY_OP_groupi_g3513__8428/S (@,m)   B->S  F     ADDFX1      pd_aon      3  1.5    65   369     922  (77.2000,47.8800) 
  WALLACE_CSA_DUMMY_OP_groupi_g3800__6417/Y (@,m)   A->Y  R     XOR2XL      pd_aon      1  0.7    40   214    1136  (87.4000,44.4600) 
  WALLACE_CSA_DUMMY_OP_groupi_g3449__5115/Y (@,m)   B->Y  F     XOR2XL      pd_aon      3  1.4    87   184    1320  (88.0000,41.0400) 
  WALLACE_CSA_DUMMY_OP_groupi_g3421__5477/Y (@,m)   S0->Y F     MXI2XL      pd_aon      1  0.6   126   144    1464  (90.2000,34.2000) 
  WALLACE_CSA_DUMMY_OP_groupi_g3401__1705/Y (@,m)   A->Y  R     XNOR2X1     pd_aon      2  1.6    54   271    1735  (90.4000,27.3600) 
  WALLACE_CSA_DUMMY_OP_groupi_g3794__9315/Y (@,m)   B->Y  R     AND2XL      pd_aon      2  1.4    62   146    1881  (90.6000,13.6800) 
  WALLACE_CSA_DUMMY_OP_groupi_g3376__6161/Y (@,m)   A->Y  R     OR2XL       pd_aon      1  0.6    35   101    1982   (90.4000,8.5500) 
  WALLACE_CSA_DUMMY_OP_groupi_g3361__6783/Y (@,m)   B->Y  F     XNOR2XL     pd_aon      1  0.9    56   144    2126   (89.2000,5.1300) 
  FE_OFC81_result_o_5/Y                     (@,m)   A->Y  F     BUFX2       pd_aon      1  2.0    44   108    2234   (76.2000,3.4200) 
  FE_OFC239_result_o_5/Y                    (@,m)   A->Y  F     CLKBUFX20   pd_aon      1 10.5    39    98    2332   (76.2000,3.4200) 
  result_o[5]                               -       -     F     (port)      pd_aon      -    -     -     0    2332              (-,-) 
#-------------------------------------------------------------------------------------------------------------------------------------

(p) : Instance is preserved but may be resized
(@) : Annotated capacitance.
(m) : Attribute cell_delay_multiplier is modified for this library cell.



Path 46: MET (1154 ps) Setup Check with Pin operand_b_i_sr_reg_14/CK->D
           View: slow_0p9v_125c_cmax_func
          Group: clk_i
     Startpoint: (R) operand_b_i[14]
          Clock: (R) clk_i_virtual
       Endpoint: (R) operand_b_i_sr_reg_14/D
          Clock: (R) clk_i

                     Capture       Launch     
        Clock Edge:+    5000            0     
        Drv Adjust:+       0           -4     
       Src Latency:+       0            0     
       Net Latency:+       0 (I)        0 (I) 
           Arrival:=    5000           -4     
                                              
             Setup:-     295                  
       Uncertainty:-      55                  
     Required Time:=    4650                  
      Launch Clock:-      -4                  
       Input Delay:-    3500                  
         Data Path:-       0                  
             Slack:=    1154                  

Exceptions/Constraints:
  input_delay             3500            func.sdc.gz_line_704   

#-----------------------------------------------------------------------------------------------------------------
#      Timing Point       Flags   Arc   Edge   Cell      Power  Fanout Load Trans Delay Arrival      Instance     
#                                                        Domain        (fF)  (ps)  (ps)   (ps)       Location     
#-----------------------------------------------------------------------------------------------------------------
  operand_b_i[14]         (@)     -     R     (arrival)  pd_aon      1  1.9    57     0    3496             (-,-) 
  operand_b_i_sr_reg_14/D (p,m)   -     R     SDFFSRX4   pd_aon      1    -     -     0    3496  (5.8000,53.0100) 
#-----------------------------------------------------------------------------------------------------------------

(p) : Instance is preserved but may be resized
(@) : Annotated capacitance.
(m) : Attribute cell_delay_multiplier is modified for this library cell.

Capture clock path:
#--------------------------------------------------------------------------------------------------------------------
#      Timing Point         Flags    Arc   Edge   Cell      Power  Fanout Load Trans Delay Arrival      Instance     
#                                                           Domain        (fF)  (ps)  (ps)   (ps)       Location     
#--------------------------------------------------------------------------------------------------------------------
  clk_i                    (i)       -     R     (arrival)  pd_aon     65  0.0     0     0    4996             (-,-) 
  operand_b_i_sr_reg_14/CK <<< (p,m) -     R     SDFFSRX4   pd_aon     65    -     0     0    4996  (5.8000,53.0100) 
#--------------------------------------------------------------------------------------------------------------------



Path 47: MET (1158 ps) Setup Check with Pin operand_b_i_sr_reg_4/CK->D
           View: slow_0p9v_125c_cmax_func
          Group: clk_i
     Startpoint: (R) operand_b_i[4]
          Clock: (R) clk_i_virtual
       Endpoint: (R) operand_b_i_sr_reg_4/D
          Clock: (R) clk_i

                     Capture       Launch     
        Clock Edge:+    5000            0     
        Drv Adjust:+       0           -6     
       Src Latency:+       0            0     
       Net Latency:+       0 (I)        0 (I) 
           Arrival:=    5000           -6     
                                              
             Setup:-     293                  
       Uncertainty:-      55                  
     Required Time:=    4652                  
      Launch Clock:-      -6                  
       Input Delay:-    3500                  
         Data Path:-       0                  
             Slack:=    1158                  

Exceptions/Constraints:
  input_delay             3500            func.sdc.gz_line_751   

#-----------------------------------------------------------------------------------------------------------------
#     Timing Point       Flags   Arc   Edge   Cell      Power  Fanout Load Trans Delay Arrival      Instance      
#                                                       Domain        (fF)  (ps)  (ps)   (ps)       Location      
#-----------------------------------------------------------------------------------------------------------------
  operand_b_i[4]         (@)     -     R     (arrival)  pd_aon      1  1.3    54     0    3494              (-,-) 
  operand_b_i_sr_reg_4/D (p,m)   -     R     SDFFSRX2   pd_aon      1    -     -     0    3494  (13.6000,25.6500) 
#-----------------------------------------------------------------------------------------------------------------

(p) : Instance is preserved but may be resized
(@) : Annotated capacitance.
(m) : Attribute cell_delay_multiplier is modified for this library cell.

Capture clock path:
#--------------------------------------------------------------------------------------------------------------------
#      Timing Point        Flags    Arc   Edge   Cell      Power  Fanout Load Trans Delay Arrival      Instance      
#                                                          Domain        (fF)  (ps)  (ps)   (ps)       Location      
#--------------------------------------------------------------------------------------------------------------------
  clk_i                   (i)       -     R     (arrival)  pd_aon     65  0.0     0     0    4996              (-,-) 
  operand_b_i_sr_reg_4/CK <<< (p,m) -     R     SDFFSRX2   pd_aon     65    -     0     0    4996  (13.6000,25.6500) 
#--------------------------------------------------------------------------------------------------------------------



Path 48: MET (1158 ps) Setup Check with Pin operand_b_i_sr_reg_12/CK->D
           View: slow_0p9v_125c_cmax_func
          Group: clk_i
     Startpoint: (R) operand_b_i[12]
          Clock: (R) clk_i_virtual
       Endpoint: (R) operand_b_i_sr_reg_12/D
          Clock: (R) clk_i

                     Capture       Launch     
        Clock Edge:+    5000            0     
        Drv Adjust:+       0           -3     
       Src Latency:+       0            0     
       Net Latency:+       0 (I)        0 (I) 
           Arrival:=    5000           -3     
                                              
             Setup:-     290                  
       Uncertainty:-      55                  
     Required Time:=    4655                  
      Launch Clock:-      -3                  
       Input Delay:-    3500                  
         Data Path:-       0                  
             Slack:=    1158                  

Exceptions/Constraints:
  input_delay             3500            func.sdc.gz_line_642   

#------------------------------------------------------------------------------------------------------------------
#      Timing Point       Flags   Arc   Edge   Cell      Power  Fanout Load Trans Delay Arrival      Instance      
#                                                        Domain        (fF)  (ps)  (ps)   (ps)       Location      
#------------------------------------------------------------------------------------------------------------------
  operand_b_i[12]         (@)     -     R     (arrival)  pd_aon      1  2.2    59     0    3497              (-,-) 
  operand_b_i_sr_reg_12/D (p,m)   -     R     SDFFSRX1   pd_aon      1    -     -     0    3497  (15.8000,44.4600) 
#------------------------------------------------------------------------------------------------------------------

(p) : Instance is preserved but may be resized
(@) : Annotated capacitance.
(m) : Attribute cell_delay_multiplier is modified for this library cell.

Capture clock path:
#---------------------------------------------------------------------------------------------------------------------
#      Timing Point         Flags    Arc   Edge   Cell      Power  Fanout Load Trans Delay Arrival      Instance      
#                                                           Domain        (fF)  (ps)  (ps)   (ps)       Location      
#---------------------------------------------------------------------------------------------------------------------
  clk_i                    (i)       -     R     (arrival)  pd_aon     65  0.0     0     0    4996              (-,-) 
  operand_b_i_sr_reg_12/CK <<< (p,m) -     R     SDFFSRX1   pd_aon     65    -     0     0    4996  (15.8000,44.4600) 
#---------------------------------------------------------------------------------------------------------------------



Path 49: MET (1165 ps) Setup Check with Pin operand_b_i_sr_reg_6/CK->D
           View: slow_0p9v_125c_cmax_func
          Group: clk_i
     Startpoint: (R) operand_b_i[6]
          Clock: (R) clk_i_virtual
       Endpoint: (R) operand_b_i_sr_reg_6/D
          Clock: (R) clk_i

                     Capture       Launch     
        Clock Edge:+    5000            0     
        Drv Adjust:+       0           -7     
       Src Latency:+       0            0     
       Net Latency:+       0 (I)        0 (I) 
           Arrival:=    5000           -7     
                                              
             Setup:-     287                  
       Uncertainty:-      55                  
     Required Time:=    4658                  
      Launch Clock:-      -7                  
       Input Delay:-    3500                  
         Data Path:-       0                  
             Slack:=    1165                  

Exceptions/Constraints:
  input_delay             3500            func.sdc.gz_line_682   

#----------------------------------------------------------------------------------------------------------------
#     Timing Point       Flags   Arc   Edge   Cell      Power  Fanout Load Trans Delay Arrival      Instance     
#                                                       Domain        (fF)  (ps)  (ps)   (ps)       Location     
#----------------------------------------------------------------------------------------------------------------
  operand_b_i[6]         (@)     -     R     (arrival)  pd_aon      1  0.9    52     0    3493             (-,-) 
  operand_b_i_sr_reg_6/D (p,m)   -     R     SDFFSRX1   pd_aon      1    -     -     0    3493  (4.8000,25.6500) 
#----------------------------------------------------------------------------------------------------------------

(p) : Instance is preserved but may be resized
(@) : Annotated capacitance.
(m) : Attribute cell_delay_multiplier is modified for this library cell.

Capture clock path:
#-------------------------------------------------------------------------------------------------------------------
#      Timing Point        Flags    Arc   Edge   Cell      Power  Fanout Load Trans Delay Arrival      Instance     
#                                                          Domain        (fF)  (ps)  (ps)   (ps)       Location     
#-------------------------------------------------------------------------------------------------------------------
  clk_i                   (i)       -     R     (arrival)  pd_aon     65  0.0     0     0    4996             (-,-) 
  operand_b_i_sr_reg_6/CK <<< (p,m) -     R     SDFFSRX1   pd_aon     65    -     0     0    4996  (4.8000,25.6500) 
#-------------------------------------------------------------------------------------------------------------------



Path 50: MET (1178 ps) Late External Delay Assertion at pin result_o[20]
           View: slow_0p9v_125c_cmax_func
          Group: clk_i_virtual
     Startpoint: (R) operand_b_i_sr_reg_27/CK
          Clock: (R) clk_i
       Endpoint: (R) result_o[20]
          Clock: (R) clk_i_virtual

                     Capture       Launch     
        Clock Edge:+    5000            0     
       Src Latency:+       0            0     
       Net Latency:+       0 (I)        0 (I) 
           Arrival:=    5000            0     
                                              
      Output Delay:-    1500                  
       Uncertainty:-      55                  
     Required Time:=    3445                  
      Launch Clock:-       0                  
         Data Path:-    2267                  
             Slack:=    1178                  

Exceptions/Constraints:
  output_delay             1500            func.sdc.gz_line_782   

Launch clock path:
#----------------------------------------------------------------------------------------------------------------------
#      Timing Point         Flags    Arc   Edge    Cell      Power  Fanout Load Trans Delay Arrival      Instance      
#                                                            Domain        (fF)  (ps)  (ps)   (ps)       Location      
#----------------------------------------------------------------------------------------------------------------------
  clk_i                    (i)       -     R     (arrival)   pd_aon     65  0.0     0     0      -4              (-,-) 
  operand_b_i_sr_reg_27/CK <<< (p,m) -     R     SDFFSRHQX4  pd_aon     65    -     0     0      -4  (15.8000,47.8800) 
#----------------------------------------------------------------------------------------------------------------------

#---------------------------------------------------------------------------------------------------------------------------------------
#                Timing Point                 Flags   Arc   Edge    Cell      Power  Fanout Load Trans Delay Arrival      Instance      
#                                                                             Domain        (fF)  (ps)  (ps)   (ps)       Location      
#---------------------------------------------------------------------------------------------------------------------------------------
  operand_b_i_sr_reg_27/CK                    -       -     R     (arrival)   pd_aon     65    -     0     0       0              (-,-) 
  operand_b_i_sr_reg_27/Q                     (@,p,m) CK->Q F     SDFFSRHQX4  pd_aon     14 14.1   109   338     338  (15.8000,47.8800) 
  WALLACE_CSA_DUMMY_OP_groupi57_g3650__4733/Y (@,m)   A->Y  F     AND2XL      pd_aon      3  2.6   136   175     513  (68.4000,68.4000) 
  WALLACE_CSA_DUMMY_OP_groupi57_g3598/Y       (@,m)   A->Y  R     INVX1       pd_aon      2  0.9    48   103     616  (84.0000,78.6600) 
  WALLACE_CSA_DUMMY_OP_groupi57_g3576__5115/Y (@,m)   B->Y  F     NOR2XL      pd_aon      1  0.5    57    62     678  (86.4000,76.9500) 
  WALLACE_CSA_DUMMY_OP_groupi57_g3571__8246/Y (@,m)   B0->Y R     AOI21X1     pd_aon      2  0.8    73    86     764  (85.2000,78.6600) 
  WALLACE_CSA_DUMMY_OP_groupi57_g3553/Y       (@,m)   A->Y  F     INVXL       pd_aon      1  0.3    34    71     835  (88.6000,78.6600) 
  WALLACE_CSA_DUMMY_OP_groupi57_g3551__5477/Y (@,m)   B->Y  R     NOR2XL      pd_aon      1  0.4    69    66     901  (89.8000,78.6600) 
  WALLACE_CSA_DUMMY_OP_groupi57_g3545__2883/Y (@,m)   B->Y  F     NOR2X1      pd_aon      4  1.2    58    75     976  (89.4000,76.9500) 
  WALLACE_CSA_DUMMY_OP_groupi57_g3500/Y       (@,m)   A->Y  R     INVXL       pd_aon      1  0.4    29    54    1030  (88.6000,75.2400) 
  WALLACE_CSA_DUMMY_OP_groupi57_g3482__6783/Y (@,m)   A->Y  F     MXI2XL      pd_aon      1  0.9   162   149    1179  (88.2000,73.5300) 
  WALLACE_CSA_DUMMY_OP_groupi57_g3448__8428/Y (@,m)   B->Y  F     XNOR2XL     pd_aon      2  1.1    71   199    1378  (88.6000,63.2700) 
  WALLACE_CSA_DUMMY_OP_groupi57_g3415__1705/Y (@,m)   B->Y  R     XNOR2X1     pd_aon      2  0.6    31   196    1574  (88.8000,54.7200) 
  WALLACE_CSA_DUMMY_OP_groupi57_g3796__5122/Y (@,m)   AN->Y R     NAND2BX1    pd_aon      3  1.5    51    90    1664  (87.0000,54.7200) 
  WALLACE_CSA_DUMMY_OP_groupi57_g3390__6161/Y (@,m)   B->Y  F     NAND2XL     pd_aon      1  0.5    94    99    1762  (85.2000,51.3000) 
  WALLACE_CSA_DUMMY_OP_groupi57_g3378__1705/Y (@,m)   B->Y  R     XNOR2X1     pd_aon      1  4.4   109   252    2015  (82.8000,51.3000) 
  FE_OFC66_result_o_20/Y                      (@,m)   A->Y  R     BUFX2       pd_aon      1  2.2    39   146    2161   (61.2000,3.4200) 
  FE_OFC256_result_o_20/Y                     (@,m)   A->Y  R     CLKBUFX20   pd_aon      1 10.5    38   105    2266   (61.2000,3.4200) 
  result_o[20]                                -       -     R     (port)      pd_aon      -    -     -     0    2267              (-,-) 
#---------------------------------------------------------------------------------------------------------------------------------------

(p) : Instance is preserved but may be resized
(@) : Annotated capacitance.
(m) : Attribute cell_delay_multiplier is modified for this library cell.



Path 51: MET (1184 ps) Setup Check with Pin operand_b_i_sr_reg_28/CK->D
           View: slow_0p9v_125c_cmax_func
          Group: clk_i
     Startpoint: (R) operand_b_i[28]
          Clock: (R) clk_i_virtual
       Endpoint: (R) operand_b_i_sr_reg_28/D
          Clock: (R) clk_i

                     Capture       Launch     
        Clock Edge:+    5000            0     
        Drv Adjust:+       0           -0     
       Src Latency:+       0            0     
       Net Latency:+       0 (I)        0 (I) 
           Arrival:=    5000           -0     
                                              
             Setup:-     261                  
       Uncertainty:-      55                  
     Required Time:=    4684                  
      Launch Clock:-      -0                  
       Input Delay:-    3500                  
         Data Path:-       0                  
             Slack:=    1184                  

Exceptions/Constraints:
  input_delay             3500            func.sdc.gz_line_636   

#-------------------------------------------------------------------------------------------------------------------
#      Timing Point       Flags   Arc   Edge    Cell      Power  Fanout Load Trans Delay Arrival      Instance      
#                                                         Domain        (fF)  (ps)  (ps)   (ps)       Location      
#-------------------------------------------------------------------------------------------------------------------
  operand_b_i[28]         (@)     -     R     (arrival)   pd_aon      1  3.2    64     0    3500              (-,-) 
  operand_b_i_sr_reg_28/D (p,m)   -     R     SDFFSRHQX2  pd_aon      1    -     -     0    3500  (14.8000,66.6900) 
#-------------------------------------------------------------------------------------------------------------------

(p) : Instance is preserved but may be resized
(@) : Annotated capacitance.
(m) : Attribute cell_delay_multiplier is modified for this library cell.

Capture clock path:
#----------------------------------------------------------------------------------------------------------------------
#      Timing Point         Flags    Arc   Edge    Cell      Power  Fanout Load Trans Delay Arrival      Instance      
#                                                            Domain        (fF)  (ps)  (ps)   (ps)       Location      
#----------------------------------------------------------------------------------------------------------------------
  clk_i                    (i)       -     R     (arrival)   pd_aon     65  0.0     0     0    4996              (-,-) 
  operand_b_i_sr_reg_28/CK <<< (p,m) -     R     SDFFSRHQX2  pd_aon     65    -     0     0    4996  (14.8000,66.6900) 
#----------------------------------------------------------------------------------------------------------------------



Path 52: MET (1185 ps) Setup Check with Pin operand_a_i_sr_reg_6/CK->D
           View: slow_0p9v_125c_cmax_func
          Group: clk_i
     Startpoint: (R) operand_a_i[6]
          Clock: (R) clk_i_virtual
       Endpoint: (R) operand_a_i_sr_reg_6/D
          Clock: (R) clk_i

                     Capture       Launch     
        Clock Edge:+    5000            0     
        Drv Adjust:+       0           -1     
       Src Latency:+       0            0     
       Net Latency:+       0 (I)        0 (I) 
           Arrival:=    5000           -1     
                                              
             Setup:-     261                  
       Uncertainty:-      55                  
     Required Time:=    4684                  
      Launch Clock:-      -1                  
       Input Delay:-    3500                  
         Data Path:-       0                  
             Slack:=    1185                  

Exceptions/Constraints:
  input_delay             3500            func.sdc.gz_line_706   

#------------------------------------------------------------------------------------------------------------------
#     Timing Point       Flags   Arc   Edge    Cell      Power  Fanout Load Trans Delay Arrival      Instance      
#                                                        Domain        (fF)  (ps)  (ps)   (ps)       Location      
#------------------------------------------------------------------------------------------------------------------
  operand_a_i[6]         (@)     -     R     (arrival)   pd_aon      1  3.1    63     0    3499              (-,-) 
  operand_a_i_sr_reg_6/D (p,m)   -     R     SDFFSRHQX2  pd_aon      1    -     -     0    3499  (15.8000,73.5300) 
#------------------------------------------------------------------------------------------------------------------

(p) : Instance is preserved but may be resized
(@) : Annotated capacitance.
(m) : Attribute cell_delay_multiplier is modified for this library cell.

Capture clock path:
#---------------------------------------------------------------------------------------------------------------------
#      Timing Point        Flags    Arc   Edge    Cell      Power  Fanout Load Trans Delay Arrival      Instance      
#                                                           Domain        (fF)  (ps)  (ps)   (ps)       Location      
#---------------------------------------------------------------------------------------------------------------------
  clk_i                   (i)       -     R     (arrival)   pd_aon     65  0.0     0     0    4996              (-,-) 
  operand_a_i_sr_reg_6/CK <<< (p,m) -     R     SDFFSRHQX2  pd_aon     65    -     0     0    4996  (15.8000,73.5300) 
#---------------------------------------------------------------------------------------------------------------------



Path 53: MET (1185 ps) Setup Check with Pin operand_b_i_sr_reg_10/CK->D
           View: slow_0p9v_125c_cmax_func
          Group: clk_i
     Startpoint: (R) operand_b_i[10]
          Clock: (R) clk_i_virtual
       Endpoint: (R) operand_b_i_sr_reg_10/D
          Clock: (R) clk_i

                     Capture       Launch     
        Clock Edge:+    5000            0     
        Drv Adjust:+       0           -2     
       Src Latency:+       0            0     
       Net Latency:+       0 (I)        0 (I) 
           Arrival:=    5000           -2     
                                              
             Setup:-     262                  
       Uncertainty:-      55                  
     Required Time:=    4683                  
      Launch Clock:-      -2                  
       Input Delay:-    3500                  
         Data Path:-       0                  
             Slack:=    1185                  

Exceptions/Constraints:
  input_delay             3500            func.sdc.gz_line_721   

#-------------------------------------------------------------------------------------------------------------------
#      Timing Point       Flags   Arc   Edge    Cell      Power  Fanout Load Trans Delay Arrival      Instance      
#                                                         Domain        (fF)  (ps)  (ps)   (ps)       Location      
#-------------------------------------------------------------------------------------------------------------------
  operand_b_i[10]         (@)     -     R     (arrival)   pd_aon      1  2.9    62     0    3498              (-,-) 
  operand_b_i_sr_reg_10/D (p,m)   -     R     SDFFSRHQX4  pd_aon      1    -     -     0    3499  (16.6000,41.0400) 
#-------------------------------------------------------------------------------------------------------------------

(p) : Instance is preserved but may be resized
(@) : Annotated capacitance.
(m) : Attribute cell_delay_multiplier is modified for this library cell.

Capture clock path:
#----------------------------------------------------------------------------------------------------------------------
#      Timing Point         Flags    Arc   Edge    Cell      Power  Fanout Load Trans Delay Arrival      Instance      
#                                                            Domain        (fF)  (ps)  (ps)   (ps)       Location      
#----------------------------------------------------------------------------------------------------------------------
  clk_i                    (i)       -     R     (arrival)   pd_aon     65  0.0     0     0    4996              (-,-) 
  operand_b_i_sr_reg_10/CK <<< (p,m) -     R     SDFFSRHQX4  pd_aon     65    -     0     0    4996  (16.6000,41.0400) 
#----------------------------------------------------------------------------------------------------------------------



Path 54: MET (1186 ps) Setup Check with Pin operand_b_i_sr_reg_11/CK->D
           View: slow_0p9v_125c_cmax_func
          Group: clk_i
     Startpoint: (R) operand_b_i[11]
          Clock: (R) clk_i_virtual
       Endpoint: (R) operand_b_i_sr_reg_11/D
          Clock: (R) clk_i

                     Capture       Launch     
        Clock Edge:+    5000            0     
        Drv Adjust:+       0           -2     
       Src Latency:+       0            0     
       Net Latency:+       0 (I)        0 (I) 
           Arrival:=    5000           -2     
                                              
             Setup:-     261                  
       Uncertainty:-      55                  
     Required Time:=    4684                  
      Launch Clock:-      -2                  
       Input Delay:-    3500                  
         Data Path:-       0                  
             Slack:=    1186                  

Exceptions/Constraints:
  input_delay             3500            func.sdc.gz_line_747   

#-------------------------------------------------------------------------------------------------------------------
#      Timing Point       Flags   Arc   Edge    Cell      Power  Fanout Load Trans Delay Arrival      Instance      
#                                                         Domain        (fF)  (ps)  (ps)   (ps)       Location      
#-------------------------------------------------------------------------------------------------------------------
  operand_b_i[11]         (@)     -     R     (arrival)   pd_aon      1  2.9    62     0    3498              (-,-) 
  operand_b_i_sr_reg_11/D (p,m)   -     R     SDFFSRHQX2  pd_aon      1    -     -     0    3499  (16.6000,42.7500) 
#-------------------------------------------------------------------------------------------------------------------

(p) : Instance is preserved but may be resized
(@) : Annotated capacitance.
(m) : Attribute cell_delay_multiplier is modified for this library cell.

Capture clock path:
#----------------------------------------------------------------------------------------------------------------------
#      Timing Point         Flags    Arc   Edge    Cell      Power  Fanout Load Trans Delay Arrival      Instance      
#                                                            Domain        (fF)  (ps)  (ps)   (ps)       Location      
#----------------------------------------------------------------------------------------------------------------------
  clk_i                    (i)       -     R     (arrival)   pd_aon     65  0.0     0     0    4996              (-,-) 
  operand_b_i_sr_reg_11/CK <<< (p,m) -     R     SDFFSRHQX2  pd_aon     65    -     0     0    4996  (16.6000,42.7500) 
#----------------------------------------------------------------------------------------------------------------------



Path 55: MET (1186 ps) Setup Check with Pin operand_a_i_sr_reg_13/CK->D
           View: slow_0p9v_125c_cmax_func
          Group: clk_i
     Startpoint: (R) operand_a_i[13]
          Clock: (R) clk_i_virtual
       Endpoint: (R) operand_a_i_sr_reg_13/D
          Clock: (R) clk_i

                     Capture       Launch     
        Clock Edge:+    5000            0     
        Drv Adjust:+       0           -2     
       Src Latency:+       0            0     
       Net Latency:+       0 (I)        0 (I) 
           Arrival:=    5000           -2     
                                              
             Setup:-     261                  
       Uncertainty:-      55                  
     Required Time:=    4684                  
      Launch Clock:-      -2                  
       Input Delay:-    3500                  
         Data Path:-       0                  
             Slack:=    1186                  

Exceptions/Constraints:
  input_delay             3500            func.sdc.gz_line_622   

#-------------------------------------------------------------------------------------------------------------------
#      Timing Point       Flags   Arc   Edge    Cell      Power  Fanout Load Trans Delay Arrival      Instance      
#                                                         Domain        (fF)  (ps)  (ps)   (ps)       Location      
#-------------------------------------------------------------------------------------------------------------------
  operand_a_i[13]         (@)     -     R     (arrival)   pd_aon      1  2.7    61     0    3498              (-,-) 
  operand_a_i_sr_reg_13/D (p,m)   -     R     SDFFSRHQX4  pd_aon      1    -     -     0    3498  (14.6000,75.2400) 
#-------------------------------------------------------------------------------------------------------------------

(p) : Instance is preserved but may be resized
(@) : Annotated capacitance.
(m) : Attribute cell_delay_multiplier is modified for this library cell.

Capture clock path:
#----------------------------------------------------------------------------------------------------------------------
#      Timing Point         Flags    Arc   Edge    Cell      Power  Fanout Load Trans Delay Arrival      Instance      
#                                                            Domain        (fF)  (ps)  (ps)   (ps)       Location      
#----------------------------------------------------------------------------------------------------------------------
  clk_i                    (i)       -     R     (arrival)   pd_aon     65  0.0     0     0    4996              (-,-) 
  operand_a_i_sr_reg_13/CK <<< (p,m) -     R     SDFFSRHQX4  pd_aon     65    -     0     0    4996  (14.6000,75.2400) 
#----------------------------------------------------------------------------------------------------------------------



Path 56: MET (1186 ps) Setup Check with Pin operand_a_i_sr_reg_7/CK->D
           View: slow_0p9v_125c_cmax_func
          Group: clk_i
     Startpoint: (R) operand_a_i[7]
          Clock: (R) clk_i_virtual
       Endpoint: (R) operand_a_i_sr_reg_7/D
          Clock: (R) clk_i

                     Capture       Launch     
        Clock Edge:+    5000            0     
        Drv Adjust:+       0           -2     
       Src Latency:+       0            0     
       Net Latency:+       0 (I)        0 (I) 
           Arrival:=    5000           -2     
                                              
             Setup:-     260                  
       Uncertainty:-      55                  
     Required Time:=    4684                  
      Launch Clock:-      -2                  
       Input Delay:-    3500                  
         Data Path:-       0                  
             Slack:=    1186                  

Exceptions/Constraints:
  input_delay             3500            func.sdc.gz_line_735   

#------------------------------------------------------------------------------------------------------------------
#     Timing Point       Flags   Arc   Edge    Cell      Power  Fanout Load Trans Delay Arrival      Instance      
#                                                        Domain        (fF)  (ps)  (ps)   (ps)       Location      
#------------------------------------------------------------------------------------------------------------------
  operand_a_i[7]         (@)     -     R     (arrival)   pd_aon      1  2.9    62     0    3498              (-,-) 
  operand_a_i_sr_reg_7/D (p,m)   -     R     SDFFSRHQX2  pd_aon      1    -     -     0    3499  (15.2000,71.8200) 
#------------------------------------------------------------------------------------------------------------------

(p) : Instance is preserved but may be resized
(@) : Annotated capacitance.
(m) : Attribute cell_delay_multiplier is modified for this library cell.

Capture clock path:
#---------------------------------------------------------------------------------------------------------------------
#      Timing Point        Flags    Arc   Edge    Cell      Power  Fanout Load Trans Delay Arrival      Instance      
#                                                           Domain        (fF)  (ps)  (ps)   (ps)       Location      
#---------------------------------------------------------------------------------------------------------------------
  clk_i                   (i)       -     R     (arrival)   pd_aon     65  0.0     0     0    4996              (-,-) 
  operand_a_i_sr_reg_7/CK <<< (p,m) -     R     SDFFSRHQX2  pd_aon     65    -     0     0    4996  (15.2000,71.8200) 
#---------------------------------------------------------------------------------------------------------------------



Path 57: MET (1186 ps) Setup Check with Pin operand_a_i_sr_reg_20/CK->D
           View: slow_0p9v_125c_cmax_func
          Group: clk_i
     Startpoint: (R) operand_a_i[20]
          Clock: (R) clk_i_virtual
       Endpoint: (R) operand_a_i_sr_reg_20/D
          Clock: (R) clk_i

                     Capture       Launch     
        Clock Edge:+    5000            0     
        Drv Adjust:+       0           -2     
       Src Latency:+       0            0     
       Net Latency:+       0 (I)        0 (I) 
           Arrival:=    5000           -2     
                                              
             Setup:-     261                  
       Uncertainty:-      55                  
     Required Time:=    4684                  
      Launch Clock:-      -2                  
       Input Delay:-    3500                  
         Data Path:-       0                  
             Slack:=    1186                  

Exceptions/Constraints:
  input_delay             3500            func.sdc.gz_line_620   

#-------------------------------------------------------------------------------------------------------------------
#      Timing Point       Flags   Arc   Edge    Cell      Power  Fanout Load Trans Delay Arrival      Instance      
#                                                         Domain        (fF)  (ps)  (ps)   (ps)       Location      
#-------------------------------------------------------------------------------------------------------------------
  operand_a_i[20]         (@)     -     R     (arrival)   pd_aon      1  2.6    61     0    3498              (-,-) 
  operand_a_i_sr_reg_20/D (p,m)   -     R     SDFFSRHQX4  pd_aon      1    -     -     0    3498  (15.6000,80.3700) 
#-------------------------------------------------------------------------------------------------------------------

(p) : Instance is preserved but may be resized
(@) : Annotated capacitance.
(m) : Attribute cell_delay_multiplier is modified for this library cell.

Capture clock path:
#----------------------------------------------------------------------------------------------------------------------
#      Timing Point         Flags    Arc   Edge    Cell      Power  Fanout Load Trans Delay Arrival      Instance      
#                                                            Domain        (fF)  (ps)  (ps)   (ps)       Location      
#----------------------------------------------------------------------------------------------------------------------
  clk_i                    (i)       -     R     (arrival)   pd_aon     65  0.0     0     0    4996              (-,-) 
  operand_a_i_sr_reg_20/CK <<< (p,m) -     R     SDFFSRHQX4  pd_aon     65    -     0     0    4996  (15.6000,80.3700) 
#----------------------------------------------------------------------------------------------------------------------



Path 58: MET (1186 ps) Setup Check with Pin operand_b_i_sr_reg_26/CK->D
           View: slow_0p9v_125c_cmax_func
          Group: clk_i
     Startpoint: (R) operand_b_i[26]
          Clock: (R) clk_i_virtual
       Endpoint: (R) operand_b_i_sr_reg_26/D
          Clock: (R) clk_i

                     Capture       Launch     
        Clock Edge:+    5000            0     
        Drv Adjust:+       0           -2     
       Src Latency:+       0            0     
       Net Latency:+       0 (I)        0 (I) 
           Arrival:=    5000           -2     
                                              
             Setup:-     260                  
       Uncertainty:-      55                  
     Required Time:=    4685                  
      Launch Clock:-      -2                  
       Input Delay:-    3500                  
         Data Path:-       0                  
             Slack:=    1186                  

Exceptions/Constraints:
  input_delay             3500            func.sdc.gz_line_716   

#-------------------------------------------------------------------------------------------------------------------
#      Timing Point       Flags   Arc   Edge    Cell      Power  Fanout Load Trans Delay Arrival      Instance      
#                                                         Domain        (fF)  (ps)  (ps)   (ps)       Location      
#-------------------------------------------------------------------------------------------------------------------
  operand_b_i[26]         (@)     -     R     (arrival)   pd_aon      1  2.7    61     0    3498              (-,-) 
  operand_b_i_sr_reg_26/D (p,m)   -     R     SDFFSRHQX2  pd_aon      1    -     -     0    3498  (16.0000,56.4300) 
#-------------------------------------------------------------------------------------------------------------------

(p) : Instance is preserved but may be resized
(@) : Annotated capacitance.
(m) : Attribute cell_delay_multiplier is modified for this library cell.

Capture clock path:
#----------------------------------------------------------------------------------------------------------------------
#      Timing Point         Flags    Arc   Edge    Cell      Power  Fanout Load Trans Delay Arrival      Instance      
#                                                            Domain        (fF)  (ps)  (ps)   (ps)       Location      
#----------------------------------------------------------------------------------------------------------------------
  clk_i                    (i)       -     R     (arrival)   pd_aon     65  0.0     0     0    4996              (-,-) 
  operand_b_i_sr_reg_26/CK <<< (p,m) -     R     SDFFSRHQX2  pd_aon     65    -     0     0    4996  (16.0000,56.4300) 
#----------------------------------------------------------------------------------------------------------------------



Path 59: MET (1186 ps) Setup Check with Pin operand_b_i_sr_reg_31/CK->D
           View: slow_0p9v_125c_cmax_func
          Group: clk_i
     Startpoint: (R) operand_b_i[31]
          Clock: (R) clk_i_virtual
       Endpoint: (R) operand_b_i_sr_reg_31/D
          Clock: (R) clk_i

                     Capture       Launch     
        Clock Edge:+    5000            0     
        Drv Adjust:+       0           -2     
       Src Latency:+       0            0     
       Net Latency:+       0 (I)        0 (I) 
           Arrival:=    5000           -2     
                                              
             Setup:-     260                  
       Uncertainty:-      55                  
     Required Time:=    4685                  
      Launch Clock:-      -2                  
       Input Delay:-    3500                  
         Data Path:-       0                  
             Slack:=    1186                  

Exceptions/Constraints:
  input_delay             3500            func.sdc.gz_line_648   

#------------------------------------------------------------------------------------------------------------------
#      Timing Point       Flags   Arc   Edge    Cell      Power  Fanout Load Trans Delay Arrival      Instance     
#                                                         Domain        (fF)  (ps)  (ps)   (ps)       Location     
#------------------------------------------------------------------------------------------------------------------
  operand_b_i[31]         (@)     -     R     (arrival)   pd_aon      1  2.7    61     0    3498             (-,-) 
  operand_b_i_sr_reg_31/D (p,m)   -     R     SDFFSRHQX2  pd_aon      1    -     -     0    3498  (5.0000,75.2400) 
#------------------------------------------------------------------------------------------------------------------

(p) : Instance is preserved but may be resized
(@) : Annotated capacitance.
(m) : Attribute cell_delay_multiplier is modified for this library cell.

Capture clock path:
#---------------------------------------------------------------------------------------------------------------------
#      Timing Point         Flags    Arc   Edge    Cell      Power  Fanout Load Trans Delay Arrival      Instance     
#                                                            Domain        (fF)  (ps)  (ps)   (ps)       Location     
#---------------------------------------------------------------------------------------------------------------------
  clk_i                    (i)       -     R     (arrival)   pd_aon     65  0.0     0     0    4996             (-,-) 
  operand_b_i_sr_reg_31/CK <<< (p,m) -     R     SDFFSRHQX2  pd_aon     65    -     0     0    4996  (5.0000,75.2400) 
#---------------------------------------------------------------------------------------------------------------------



Path 60: MET (1187 ps) Setup Check with Pin operand_a_i_sr_reg_14/CK->D
           View: slow_0p9v_125c_cmax_func
          Group: clk_i
     Startpoint: (R) operand_a_i[14]
          Clock: (R) clk_i_virtual
       Endpoint: (R) operand_a_i_sr_reg_14/D
          Clock: (R) clk_i

                     Capture       Launch     
        Clock Edge:+    5000            0     
        Drv Adjust:+       0           -2     
       Src Latency:+       0            0     
       Net Latency:+       0 (I)        0 (I) 
           Arrival:=    5000           -2     
                                              
             Setup:-     260                  
       Uncertainty:-      55                  
     Required Time:=    4685                  
      Launch Clock:-      -2                  
       Input Delay:-    3500                  
         Data Path:-       0                  
             Slack:=    1187                  

Exceptions/Constraints:
  input_delay             3500            func.sdc.gz_line_652   

#-------------------------------------------------------------------------------------------------------------------
#      Timing Point       Flags   Arc   Edge    Cell      Power  Fanout Load Trans Delay Arrival      Instance      
#                                                         Domain        (fF)  (ps)  (ps)   (ps)       Location      
#-------------------------------------------------------------------------------------------------------------------
  operand_a_i[14]         (@)     -     R     (arrival)   pd_aon      1  2.7    61     0    3498              (-,-) 
  operand_a_i_sr_reg_14/D (p,m)   -     R     SDFFSRHQX2  pd_aon      1    -     -     0    3498  (15.0000,76.9500) 
#-------------------------------------------------------------------------------------------------------------------

(p) : Instance is preserved but may be resized
(@) : Annotated capacitance.
(m) : Attribute cell_delay_multiplier is modified for this library cell.

Capture clock path:
#----------------------------------------------------------------------------------------------------------------------
#      Timing Point         Flags    Arc   Edge    Cell      Power  Fanout Load Trans Delay Arrival      Instance      
#                                                            Domain        (fF)  (ps)  (ps)   (ps)       Location      
#----------------------------------------------------------------------------------------------------------------------
  clk_i                    (i)       -     R     (arrival)   pd_aon     65  0.0     0     0    4996              (-,-) 
  operand_a_i_sr_reg_14/CK <<< (p,m) -     R     SDFFSRHQX2  pd_aon     65    -     0     0    4996  (15.0000,76.9500) 
#----------------------------------------------------------------------------------------------------------------------



Path 61: MET (1187 ps) Setup Check with Pin operand_a_i_sr_reg_5/CK->D
           View: slow_0p9v_125c_cmax_func
          Group: clk_i
     Startpoint: (R) operand_a_i[5]
          Clock: (R) clk_i_virtual
       Endpoint: (R) operand_a_i_sr_reg_5/D
          Clock: (R) clk_i

                     Capture       Launch     
        Clock Edge:+    5000            0     
        Drv Adjust:+       0           -2     
       Src Latency:+       0            0     
       Net Latency:+       0 (I)        0 (I) 
           Arrival:=    5000           -2     
                                              
             Setup:-     260                  
       Uncertainty:-      55                  
     Required Time:=    4685                  
      Launch Clock:-      -2                  
       Input Delay:-    3500                  
         Data Path:-       0                  
             Slack:=    1187                  

Exceptions/Constraints:
  input_delay             3500            func.sdc.gz_line_680   

#------------------------------------------------------------------------------------------------------------------
#     Timing Point       Flags   Arc   Edge    Cell      Power  Fanout Load Trans Delay Arrival      Instance      
#                                                        Domain        (fF)  (ps)  (ps)   (ps)       Location      
#------------------------------------------------------------------------------------------------------------------
  operand_a_i[5]         (@)     -     R     (arrival)   pd_aon      1  2.6    61     0    3498              (-,-) 
  operand_a_i_sr_reg_5/D (p,m)   -     R     SDFFSRHQX2  pd_aon      1    -     -     0    3498  (15.6000,64.9800) 
#------------------------------------------------------------------------------------------------------------------

(p) : Instance is preserved but may be resized
(@) : Annotated capacitance.
(m) : Attribute cell_delay_multiplier is modified for this library cell.

Capture clock path:
#---------------------------------------------------------------------------------------------------------------------
#      Timing Point        Flags    Arc   Edge    Cell      Power  Fanout Load Trans Delay Arrival      Instance      
#                                                           Domain        (fF)  (ps)  (ps)   (ps)       Location      
#---------------------------------------------------------------------------------------------------------------------
  clk_i                   (i)       -     R     (arrival)   pd_aon     65  0.0     0     0    4996              (-,-) 
  operand_a_i_sr_reg_5/CK <<< (p,m) -     R     SDFFSRHQX2  pd_aon     65    -     0     0    4996  (15.6000,64.9800) 
#---------------------------------------------------------------------------------------------------------------------



Path 62: MET (1188 ps) Setup Check with Pin operand_b_i_sr_reg_8/CK->D
           View: slow_0p9v_125c_cmax_func
          Group: clk_i
     Startpoint: (R) operand_b_i[8]
          Clock: (R) clk_i_virtual
       Endpoint: (R) operand_b_i_sr_reg_8/D
          Clock: (R) clk_i

                     Capture       Launch     
        Clock Edge:+    5000            0     
        Drv Adjust:+       0           -2     
       Src Latency:+       0            0     
       Net Latency:+       0 (I)        0 (I) 
           Arrival:=    5000           -2     
                                              
             Setup:-     260                  
       Uncertainty:-      55                  
     Required Time:=    4685                  
      Launch Clock:-      -2                  
       Input Delay:-    3500                  
         Data Path:-       0                  
             Slack:=    1188                  

Exceptions/Constraints:
  input_delay             3500            func.sdc.gz_line_737   

#------------------------------------------------------------------------------------------------------------------
#     Timing Point       Flags   Arc   Edge    Cell      Power  Fanout Load Trans Delay Arrival      Instance      
#                                                        Domain        (fF)  (ps)  (ps)   (ps)       Location      
#------------------------------------------------------------------------------------------------------------------
  operand_b_i[8]         (@)     -     R     (arrival)   pd_aon      1  2.5    60     0    3498              (-,-) 
  operand_b_i_sr_reg_8/D (p,m)   -     R     SDFFSRHQX2  pd_aon      1    -     -     0    3498  (15.2000,35.9100) 
#------------------------------------------------------------------------------------------------------------------

(p) : Instance is preserved but may be resized
(@) : Annotated capacitance.
(m) : Attribute cell_delay_multiplier is modified for this library cell.

Capture clock path:
#---------------------------------------------------------------------------------------------------------------------
#      Timing Point        Flags    Arc   Edge    Cell      Power  Fanout Load Trans Delay Arrival      Instance      
#                                                           Domain        (fF)  (ps)  (ps)   (ps)       Location      
#---------------------------------------------------------------------------------------------------------------------
  clk_i                   (i)       -     R     (arrival)   pd_aon     65  0.0     0     0    4996              (-,-) 
  operand_b_i_sr_reg_8/CK <<< (p,m) -     R     SDFFSRHQX2  pd_aon     65    -     0     0    4996  (15.2000,35.9100) 
#---------------------------------------------------------------------------------------------------------------------



Path 63: MET (1188 ps) Setup Check with Pin operand_b_i_sr_reg_13/CK->D
           View: slow_0p9v_125c_cmax_func
          Group: clk_i
     Startpoint: (R) operand_b_i[13]
          Clock: (R) clk_i_virtual
       Endpoint: (R) operand_b_i_sr_reg_13/D
          Clock: (R) clk_i

                     Capture       Launch     
        Clock Edge:+    5000            0     
        Drv Adjust:+       0           -3     
       Src Latency:+       0            0     
       Net Latency:+       0 (I)        0 (I) 
           Arrival:=    5000           -3     
                                              
             Setup:-     260                  
       Uncertainty:-      55                  
     Required Time:=    4685                  
      Launch Clock:-      -3                  
       Input Delay:-    3500                  
         Data Path:-       0                  
             Slack:=    1188                  

Exceptions/Constraints:
  input_delay             3500            func.sdc.gz_line_676   

#------------------------------------------------------------------------------------------------------------------
#      Timing Point       Flags   Arc   Edge    Cell      Power  Fanout Load Trans Delay Arrival      Instance     
#                                                         Domain        (fF)  (ps)  (ps)   (ps)       Location     
#------------------------------------------------------------------------------------------------------------------
  operand_b_i[13]         (@)     -     R     (arrival)   pd_aon      1  2.3    59     0    3497             (-,-) 
  operand_b_i_sr_reg_13/D (p,m)   -     R     SDFFSRHQX4  pd_aon      1    -     -     0    3497  (5.4000,49.5900) 
#------------------------------------------------------------------------------------------------------------------

(p) : Instance is preserved but may be resized
(@) : Annotated capacitance.
(m) : Attribute cell_delay_multiplier is modified for this library cell.

Capture clock path:
#---------------------------------------------------------------------------------------------------------------------
#      Timing Point         Flags    Arc   Edge    Cell      Power  Fanout Load Trans Delay Arrival      Instance     
#                                                            Domain        (fF)  (ps)  (ps)   (ps)       Location     
#---------------------------------------------------------------------------------------------------------------------
  clk_i                    (i)       -     R     (arrival)   pd_aon     65  0.0     0     0    4996             (-,-) 
  operand_b_i_sr_reg_13/CK <<< (p,m) -     R     SDFFSRHQX4  pd_aon     65    -     0     0    4996  (5.4000,49.5900) 
#---------------------------------------------------------------------------------------------------------------------



Path 64: MET (1188 ps) Setup Check with Pin operand_a_i_sr_reg_19/CK->D
           View: slow_0p9v_125c_cmax_func
          Group: clk_i
     Startpoint: (R) operand_a_i[19]
          Clock: (R) clk_i_virtual
       Endpoint: (R) operand_a_i_sr_reg_19/D
          Clock: (R) clk_i

                     Capture       Launch     
        Clock Edge:+    5000            0     
        Drv Adjust:+       0           -3     
       Src Latency:+       0            0     
       Net Latency:+       0 (I)        0 (I) 
           Arrival:=    5000           -3     
                                              
             Setup:-     260                  
       Uncertainty:-      55                  
     Required Time:=    4685                  
      Launch Clock:-      -3                  
       Input Delay:-    3500                  
         Data Path:-       0                  
             Slack:=    1188                  

Exceptions/Constraints:
  input_delay             3500            func.sdc.gz_line_670   

#-------------------------------------------------------------------------------------------------------------------
#      Timing Point       Flags   Arc   Edge    Cell      Power  Fanout Load Trans Delay Arrival      Instance      
#                                                         Domain        (fF)  (ps)  (ps)   (ps)       Location      
#-------------------------------------------------------------------------------------------------------------------
  operand_a_i[19]         (@)     -     R     (arrival)   pd_aon      1  2.5    60     0    3497              (-,-) 
  operand_a_i_sr_reg_19/D (p,m)   -     R     SDFFSRHQX2  pd_aon      1    -     -     0    3498  (15.0000,78.6600) 
#-------------------------------------------------------------------------------------------------------------------

(p) : Instance is preserved but may be resized
(@) : Annotated capacitance.
(m) : Attribute cell_delay_multiplier is modified for this library cell.

Capture clock path:
#----------------------------------------------------------------------------------------------------------------------
#      Timing Point         Flags    Arc   Edge    Cell      Power  Fanout Load Trans Delay Arrival      Instance      
#                                                            Domain        (fF)  (ps)  (ps)   (ps)       Location      
#----------------------------------------------------------------------------------------------------------------------
  clk_i                    (i)       -     R     (arrival)   pd_aon     65  0.0     0     0    4996              (-,-) 
  operand_a_i_sr_reg_19/CK <<< (p,m) -     R     SDFFSRHQX2  pd_aon     65    -     0     0    4996  (15.0000,78.6600) 
#----------------------------------------------------------------------------------------------------------------------



Path 65: MET (1188 ps) Setup Check with Pin operand_a_i_sr_reg_29/CK->D
           View: slow_0p9v_125c_cmax_func
          Group: clk_i
     Startpoint: (R) operand_a_i[29]
          Clock: (R) clk_i_virtual
       Endpoint: (R) operand_a_i_sr_reg_29/D
          Clock: (R) clk_i

                     Capture       Launch     
        Clock Edge:+    5000            0     
        Drv Adjust:+       0           -3     
       Src Latency:+       0            0     
       Net Latency:+       0 (I)        0 (I) 
           Arrival:=    5000           -3     
                                              
             Setup:-     260                  
       Uncertainty:-      55                  
     Required Time:=    4685                  
      Launch Clock:-      -3                  
       Input Delay:-    3500                  
         Data Path:-       0                  
             Slack:=    1188                  

Exceptions/Constraints:
  input_delay             3500            func.sdc.gz_line_618   

#------------------------------------------------------------------------------------------------------------------
#      Timing Point       Flags   Arc   Edge    Cell      Power  Fanout Load Trans Delay Arrival      Instance     
#                                                         Domain        (fF)  (ps)  (ps)   (ps)       Location     
#------------------------------------------------------------------------------------------------------------------
  operand_a_i[29]         (@)     -     R     (arrival)   pd_aon      1  2.3    59     0    3497             (-,-) 
  operand_a_i_sr_reg_29/D (p,m)   -     R     SDFFSRHQX4  pd_aon      1    -     -     0    3497  (5.2000,95.7600) 
#------------------------------------------------------------------------------------------------------------------

(p) : Instance is preserved but may be resized
(@) : Annotated capacitance.
(m) : Attribute cell_delay_multiplier is modified for this library cell.

Capture clock path:
#---------------------------------------------------------------------------------------------------------------------
#      Timing Point         Flags    Arc   Edge    Cell      Power  Fanout Load Trans Delay Arrival      Instance     
#                                                            Domain        (fF)  (ps)  (ps)   (ps)       Location     
#---------------------------------------------------------------------------------------------------------------------
  clk_i                    (i)       -     R     (arrival)   pd_aon     65  0.0     0     0    4996             (-,-) 
  operand_a_i_sr_reg_29/CK <<< (p,m) -     R     SDFFSRHQX4  pd_aon     65    -     0     0    4996  (5.2000,95.7600) 
#---------------------------------------------------------------------------------------------------------------------



Path 66: MET (1188 ps) Late External Delay Assertion at pin result_o[37]
           View: slow_0p9v_125c_cmax_func
          Group: clk_i_virtual
     Startpoint: (R) operand_b_i_sr_reg_0/CK
          Clock: (R) clk_i
       Endpoint: (R) result_o[37]
          Clock: (R) clk_i_virtual

                     Capture       Launch     
        Clock Edge:+    5000            0     
       Src Latency:+       0            0     
       Net Latency:+       0 (I)        0 (I) 
           Arrival:=    5000            0     
                                              
      Output Delay:-    1500                  
       Uncertainty:-      55                  
     Required Time:=    3445                  
      Launch Clock:-       0                  
         Data Path:-    2257                  
             Slack:=    1188                  

Exceptions/Constraints:
  output_delay             1500            func.sdc.gz_line_794   

Launch clock path:
#--------------------------------------------------------------------------------------------------------------------
#      Timing Point        Flags    Arc   Edge    Cell      Power  Fanout Load Trans Delay Arrival      Instance     
#                                                           Domain        (fF)  (ps)  (ps)   (ps)       Location     
#--------------------------------------------------------------------------------------------------------------------
  clk_i                   (i)       -     R     (arrival)   pd_aon     65  0.0     0     0      -4             (-,-) 
  operand_b_i_sr_reg_0/CK <<< (p,m) -     R     SDFFSRHQX2  pd_aon     65    -     0     0      -4  (5.2000,17.1000) 
#--------------------------------------------------------------------------------------------------------------------

#---------------------------------------------------------------------------------------------------------------------------------------
#                Timing Point                 Flags   Arc   Edge    Cell      Power  Fanout Load Trans Delay Arrival      Instance      
#                                                                             Domain        (fF)  (ps)  (ps)   (ps)       Location      
#---------------------------------------------------------------------------------------------------------------------------------------
  operand_b_i_sr_reg_0/CK                     -       -     R     (arrival)   pd_aon     65    -     0     0       0              (-,-) 
  operand_b_i_sr_reg_0/Q                      (@,p,m) CK->Q F     SDFFSRHQX2  pd_aon     10  9.9   142   333     333   (5.2000,17.1000) 
  WALLACE_CSA_DUMMY_OP_groupi58_g3788/Y       (@,m)   A->Y  R     INVX2       pd_aon      8  5.8    89   125     458  (54.6000,34.2000) 
  WALLACE_CSA_DUMMY_OP_groupi58_g3644__6260/Y (@,m)   B->Y  F     NOR2XL      pd_aon      2  0.6    65    95     552  (54.0000,39.3300) 
  WALLACE_CSA_DUMMY_OP_groupi58_g3584__5122/Y (@,m)   A->Y  R     NOR2XL      pd_aon      1  0.4    68    94     646  (55.4000,39.3300) 
  WALLACE_CSA_DUMMY_OP_groupi58_g3567__6417/Y (@,m)   B->Y  F     NOR2X1      pd_aon      1  0.7    46    68     714  (57.0000,39.3300) 
  WALLACE_CSA_DUMMY_OP_groupi58_g3565__1666/Y (@,m)   B->Y  R     NOR2X1      pd_aon      2  2.5   134   115     829  (55.6000,35.9100) 
  WALLACE_CSA_DUMMY_OP_groupi58_g3478__6161/Y (@,m)   B->Y  R     XNOR3XL     pd_aon      2  1.7    79   340    1169  (51.8000,22.2300) 
  WALLACE_CSA_DUMMY_OP_groupi58_g3798__1705/Y (@,m)   B->Y  F     XNOR2XL     pd_aon      1  0.3    31   150    1320  (51.8000,11.9700) 
  WALLACE_CSA_DUMMY_OP_groupi58_g3415__5477/Y (@,m)   A->Y  R     XNOR2X1     pd_aon      2  0.7    32   213    1533  (51.8000,10.2600) 
  WALLACE_CSA_DUMMY_OP_groupi58_g3404__4733/Y (@,m)   B->Y  F     NAND2BXL    pd_aon      2  0.9   135   113    1646   (50.8000,8.5500) 
  WALLACE_CSA_DUMMY_OP_groupi58_g3391__2802/Y (@,m)   B->Y  R     NAND2X1     pd_aon      2  0.6    48   102    1748   (48.6000,5.1300) 
  WALLACE_CSA_DUMMY_OP_groupi58_g3379__2398/Y (@,m)   B->Y  F     NAND2XL     pd_aon      1  0.4    79    88    1836   (48.4000,3.4200) 
  WALLACE_CSA_DUMMY_OP_groupi58_g3361__8246/Y (@,m)   A->Y  R     XNOR2XL     pd_aon      1  0.4    28   215    2051   (45.6000,3.4200) 
  FE_OFC39_result_o_37/Y                      (@,m)   A->Y  R     BUFX2       pd_aon      1  2.2    38   100    2151   (44.2000,3.4200) 
  FE_OFC238_result_o_37/Y                     (@,m)   A->Y  R     CLKBUFX20   pd_aon      1 10.5    38   105    2256   (44.2000,3.4200) 
  result_o[37]                                -       -     R     (port)      pd_aon      -    -     -     0    2257              (-,-) 
#---------------------------------------------------------------------------------------------------------------------------------------

(p) : Instance is preserved but may be resized
(@) : Annotated capacitance.
(m) : Attribute cell_delay_multiplier is modified for this library cell.



Path 67: MET (1188 ps) Setup Check with Pin operand_a_i_sr_reg_15/CK->D
           View: slow_0p9v_125c_cmax_func
          Group: clk_i
     Startpoint: (R) operand_a_i[15]
          Clock: (R) clk_i_virtual
       Endpoint: (R) operand_a_i_sr_reg_15/D
          Clock: (R) clk_i

                     Capture       Launch     
        Clock Edge:+    5000            0     
        Drv Adjust:+       0           -3     
       Src Latency:+       0            0     
       Net Latency:+       0 (I)        0 (I) 
           Arrival:=    5000           -3     
                                              
             Setup:-     260                  
       Uncertainty:-      55                  
     Required Time:=    4685                  
      Launch Clock:-      -3                  
       Input Delay:-    3500                  
         Data Path:-       0                  
             Slack:=    1188                  

Exceptions/Constraints:
  input_delay             3500            func.sdc.gz_line_688   

#------------------------------------------------------------------------------------------------------------------
#      Timing Point       Flags   Arc   Edge    Cell      Power  Fanout Load Trans Delay Arrival      Instance     
#                                                         Domain        (fF)  (ps)  (ps)   (ps)       Location     
#------------------------------------------------------------------------------------------------------------------
  operand_a_i[15]         (@)     -     R     (arrival)   pd_aon      1  2.2    59     0    3497             (-,-) 
  operand_a_i_sr_reg_15/D (p,m)   -     R     SDFFSRHQX4  pd_aon      1    -     -     0    3497  (5.2000,80.3700) 
#------------------------------------------------------------------------------------------------------------------

(p) : Instance is preserved but may be resized
(@) : Annotated capacitance.
(m) : Attribute cell_delay_multiplier is modified for this library cell.

Capture clock path:
#---------------------------------------------------------------------------------------------------------------------
#      Timing Point         Flags    Arc   Edge    Cell      Power  Fanout Load Trans Delay Arrival      Instance     
#                                                            Domain        (fF)  (ps)  (ps)   (ps)       Location     
#---------------------------------------------------------------------------------------------------------------------
  clk_i                    (i)       -     R     (arrival)   pd_aon     65  0.0     0     0    4996             (-,-) 
  operand_a_i_sr_reg_15/CK <<< (p,m) -     R     SDFFSRHQX4  pd_aon     65    -     0     0    4996  (5.2000,80.3700) 
#---------------------------------------------------------------------------------------------------------------------



Path 68: MET (1189 ps) Setup Check with Pin operand_b_i_sr_reg_27/CK->D
           View: slow_0p9v_125c_cmax_func
          Group: clk_i
     Startpoint: (R) operand_b_i[27]
          Clock: (R) clk_i_virtual
       Endpoint: (R) operand_b_i_sr_reg_27/D
          Clock: (R) clk_i

                     Capture       Launch     
        Clock Edge:+    5000            0     
        Drv Adjust:+       0           -4     
       Src Latency:+       0            0     
       Net Latency:+       0 (I)        0 (I) 
           Arrival:=    5000           -4     
                                              
             Setup:-     260                  
       Uncertainty:-      55                  
     Required Time:=    4685                  
      Launch Clock:-      -4                  
       Input Delay:-    3500                  
         Data Path:-       0                  
             Slack:=    1189                  

Exceptions/Constraints:
  input_delay             3500            func.sdc.gz_line_745   

#-------------------------------------------------------------------------------------------------------------------
#      Timing Point       Flags   Arc   Edge    Cell      Power  Fanout Load Trans Delay Arrival      Instance      
#                                                         Domain        (fF)  (ps)  (ps)   (ps)       Location      
#-------------------------------------------------------------------------------------------------------------------
  operand_b_i[27]         (@)     -     R     (arrival)   pd_aon      1  2.2    58     0    3496              (-,-) 
  operand_b_i_sr_reg_27/D (p,m)   -     R     SDFFSRHQX4  pd_aon      1    -     -     0    3496  (15.8000,47.8800) 
#-------------------------------------------------------------------------------------------------------------------

(p) : Instance is preserved but may be resized
(@) : Annotated capacitance.
(m) : Attribute cell_delay_multiplier is modified for this library cell.

Capture clock path:
#----------------------------------------------------------------------------------------------------------------------
#      Timing Point         Flags    Arc   Edge    Cell      Power  Fanout Load Trans Delay Arrival      Instance      
#                                                            Domain        (fF)  (ps)  (ps)   (ps)       Location      
#----------------------------------------------------------------------------------------------------------------------
  clk_i                    (i)       -     R     (arrival)   pd_aon     65  0.0     0     0    4996              (-,-) 
  operand_b_i_sr_reg_27/CK <<< (p,m) -     R     SDFFSRHQX4  pd_aon     65    -     0     0    4996  (15.8000,47.8800) 
#----------------------------------------------------------------------------------------------------------------------



Path 69: MET (1189 ps) Setup Check with Pin operand_a_i_sr_reg_22/CK->D
           View: slow_0p9v_125c_cmax_func
          Group: clk_i
     Startpoint: (R) operand_a_i[22]
          Clock: (R) clk_i_virtual
       Endpoint: (R) operand_a_i_sr_reg_22/D
          Clock: (R) clk_i

                     Capture       Launch     
        Clock Edge:+    5000            0     
        Drv Adjust:+       0           -4     
       Src Latency:+       0            0     
       Net Latency:+       0 (I)        0 (I) 
           Arrival:=    5000           -4     
                                              
             Setup:-     260                  
       Uncertainty:-      55                  
     Required Time:=    4685                  
      Launch Clock:-      -4                  
       Input Delay:-    3500                  
         Data Path:-       0                  
             Slack:=    1189                  

Exceptions/Constraints:
  input_delay             3500            func.sdc.gz_line_686   

#------------------------------------------------------------------------------------------------------------------
#      Timing Point       Flags   Arc   Edge    Cell      Power  Fanout Load Trans Delay Arrival      Instance     
#                                                         Domain        (fF)  (ps)  (ps)   (ps)       Location     
#------------------------------------------------------------------------------------------------------------------
  operand_a_i[22]         (@)     -     R     (arrival)   pd_aon      1  2.1    58     0    3496             (-,-) 
  operand_a_i_sr_reg_22/D (p,m)   -     R     SDFFSRHQX4  pd_aon      1    -     -     0    3496  (4.8000,85.5000) 
#------------------------------------------------------------------------------------------------------------------

(p) : Instance is preserved but may be resized
(@) : Annotated capacitance.
(m) : Attribute cell_delay_multiplier is modified for this library cell.

Capture clock path:
#---------------------------------------------------------------------------------------------------------------------
#      Timing Point         Flags    Arc   Edge    Cell      Power  Fanout Load Trans Delay Arrival      Instance     
#                                                            Domain        (fF)  (ps)  (ps)   (ps)       Location     
#---------------------------------------------------------------------------------------------------------------------
  clk_i                    (i)       -     R     (arrival)   pd_aon     65  0.0     0     0    4996             (-,-) 
  operand_a_i_sr_reg_22/CK <<< (p,m) -     R     SDFFSRHQX4  pd_aon     65    -     0     0    4996  (4.8000,85.5000) 
#---------------------------------------------------------------------------------------------------------------------



Path 70: MET (1189 ps) Setup Check with Pin operand_a_i_sr_reg_30/CK->D
           View: slow_0p9v_125c_cmax_func
          Group: clk_i
     Startpoint: (R) operand_a_i[30]
          Clock: (R) clk_i_virtual
       Endpoint: (R) operand_a_i_sr_reg_30/D
          Clock: (R) clk_i

                     Capture       Launch     
        Clock Edge:+    5000            0     
        Drv Adjust:+       0           -4     
       Src Latency:+       0            0     
       Net Latency:+       0 (I)        0 (I) 
           Arrival:=    5000           -4     
                                              
             Setup:-     260                  
       Uncertainty:-      55                  
     Required Time:=    4685                  
      Launch Clock:-      -4                  
       Input Delay:-    3500                  
         Data Path:-       0                  
             Slack:=    1189                  

Exceptions/Constraints:
  input_delay             3500            func.sdc.gz_line_710   

#------------------------------------------------------------------------------------------------------------------
#      Timing Point       Flags   Arc   Edge    Cell      Power  Fanout Load Trans Delay Arrival      Instance     
#                                                         Domain        (fF)  (ps)  (ps)   (ps)       Location     
#------------------------------------------------------------------------------------------------------------------
  operand_a_i[30]         (@)     -     R     (arrival)   pd_aon      1  2.0    58     0    3496             (-,-) 
  operand_a_i_sr_reg_30/D (p,m)   -     R     SDFFSRHQX4  pd_aon      1    -     -     0    3496  (5.0000,94.0500) 
#------------------------------------------------------------------------------------------------------------------

(p) : Instance is preserved but may be resized
(@) : Annotated capacitance.
(m) : Attribute cell_delay_multiplier is modified for this library cell.

Capture clock path:
#---------------------------------------------------------------------------------------------------------------------
#      Timing Point         Flags    Arc   Edge    Cell      Power  Fanout Load Trans Delay Arrival      Instance     
#                                                            Domain        (fF)  (ps)  (ps)   (ps)       Location     
#---------------------------------------------------------------------------------------------------------------------
  clk_i                    (i)       -     R     (arrival)   pd_aon     65  0.0     0     0    4996             (-,-) 
  operand_a_i_sr_reg_30/CK <<< (p,m) -     R     SDFFSRHQX4  pd_aon     65    -     0     0    4996  (5.0000,94.0500) 
#---------------------------------------------------------------------------------------------------------------------



Path 71: MET (1189 ps) Setup Check with Pin operand_b_i_sr_reg_5/CK->D
           View: slow_0p9v_125c_cmax_func
          Group: clk_i
     Startpoint: (R) operand_b_i[5]
          Clock: (R) clk_i_virtual
       Endpoint: (R) operand_b_i_sr_reg_5/D
          Clock: (R) clk_i

                     Capture       Launch     
        Clock Edge:+    5000            0     
        Drv Adjust:+       0           -4     
       Src Latency:+       0            0     
       Net Latency:+       0 (I)        0 (I) 
           Arrival:=    5000           -4     
                                              
             Setup:-     260                  
       Uncertainty:-      55                  
     Required Time:=    4685                  
      Launch Clock:-      -4                  
       Input Delay:-    3500                  
         Data Path:-       0                  
             Slack:=    1189                  

Exceptions/Constraints:
  input_delay             3500            func.sdc.gz_line_646   

#------------------------------------------------------------------------------------------------------------------
#     Timing Point       Flags   Arc   Edge    Cell      Power  Fanout Load Trans Delay Arrival      Instance      
#                                                        Domain        (fF)  (ps)  (ps)   (ps)       Location      
#------------------------------------------------------------------------------------------------------------------
  operand_b_i[5]         (@)     -     R     (arrival)   pd_aon      1  2.0    58     0    3496              (-,-) 
  operand_b_i_sr_reg_5/D (p,m)   -     R     SDFFSRHQX4  pd_aon      1    -     -     0    3496  (13.6000,27.3600) 
#------------------------------------------------------------------------------------------------------------------

(p) : Instance is preserved but may be resized
(@) : Annotated capacitance.
(m) : Attribute cell_delay_multiplier is modified for this library cell.

Capture clock path:
#---------------------------------------------------------------------------------------------------------------------
#      Timing Point        Flags    Arc   Edge    Cell      Power  Fanout Load Trans Delay Arrival      Instance      
#                                                           Domain        (fF)  (ps)  (ps)   (ps)       Location      
#---------------------------------------------------------------------------------------------------------------------
  clk_i                   (i)       -     R     (arrival)   pd_aon     65  0.0     0     0    4996              (-,-) 
  operand_b_i_sr_reg_5/CK <<< (p,m) -     R     SDFFSRHQX4  pd_aon     65    -     0     0    4996  (13.6000,27.3600) 
#---------------------------------------------------------------------------------------------------------------------



Path 72: MET (1189 ps) Setup Check with Pin operand_a_i_sr_reg_0/CK->D
           View: slow_0p9v_125c_cmax_func
          Group: clk_i
     Startpoint: (R) operand_a_i[0]
          Clock: (R) clk_i_virtual
       Endpoint: (R) operand_a_i_sr_reg_0/D
          Clock: (R) clk_i

                     Capture       Launch     
        Clock Edge:+    5000            0     
        Drv Adjust:+       0           -3     
       Src Latency:+       0            0     
       Net Latency:+       0 (I)        0 (I) 
           Arrival:=    5000           -3     
                                              
             Setup:-     259                  
       Uncertainty:-      55                  
     Required Time:=    4686                  
      Launch Clock:-      -3                  
       Input Delay:-    3500                  
         Data Path:-       0                  
             Slack:=    1189                  

Exceptions/Constraints:
  input_delay             3500            func.sdc.gz_line_660   

#------------------------------------------------------------------------------------------------------------------
#     Timing Point       Flags   Arc   Edge    Cell      Power  Fanout Load Trans Delay Arrival      Instance      
#                                                        Domain        (fF)  (ps)  (ps)   (ps)       Location      
#------------------------------------------------------------------------------------------------------------------
  operand_a_i[0]         (@)     -     R     (arrival)   pd_aon      1  2.3    59     0    3497              (-,-) 
  operand_a_i_sr_reg_0/D (p,m)   -     R     SDFFSRHQX2  pd_aon      1    -     -     0    3497  (15.8000,46.1700) 
#------------------------------------------------------------------------------------------------------------------

(p) : Instance is preserved but may be resized
(@) : Annotated capacitance.
(m) : Attribute cell_delay_multiplier is modified for this library cell.

Capture clock path:
#---------------------------------------------------------------------------------------------------------------------
#      Timing Point        Flags    Arc   Edge    Cell      Power  Fanout Load Trans Delay Arrival      Instance      
#                                                           Domain        (fF)  (ps)  (ps)   (ps)       Location      
#---------------------------------------------------------------------------------------------------------------------
  clk_i                   (i)       -     R     (arrival)   pd_aon     65  0.0     0     0    4996              (-,-) 
  operand_a_i_sr_reg_0/CK <<< (p,m) -     R     SDFFSRHQX2  pd_aon     65    -     0     0    4996  (15.8000,46.1700) 
#---------------------------------------------------------------------------------------------------------------------



Path 73: MET (1189 ps) Setup Check with Pin operand_b_i_sr_reg_16/CK->D
           View: slow_0p9v_125c_cmax_func
          Group: clk_i
     Startpoint: (R) operand_b_i[16]
          Clock: (R) clk_i_virtual
       Endpoint: (R) operand_b_i_sr_reg_16/D
          Clock: (R) clk_i

                     Capture       Launch     
        Clock Edge:+    5000            0     
        Drv Adjust:+       0           -3     
       Src Latency:+       0            0     
       Net Latency:+       0 (I)        0 (I) 
           Arrival:=    5000           -3     
                                              
             Setup:-     259                  
       Uncertainty:-      55                  
     Required Time:=    4686                  
      Launch Clock:-      -3                  
       Input Delay:-    3500                  
         Data Path:-       0                  
             Slack:=    1189                  

Exceptions/Constraints:
  input_delay             3500            func.sdc.gz_line_628   

#-------------------------------------------------------------------------------------------------------------------
#      Timing Point       Flags   Arc   Edge    Cell      Power  Fanout Load Trans Delay Arrival      Instance      
#                                                         Domain        (fF)  (ps)  (ps)   (ps)       Location      
#-------------------------------------------------------------------------------------------------------------------
  operand_b_i[16]         (@)     -     R     (arrival)   pd_aon      1  2.2    59     0    3497              (-,-) 
  operand_b_i_sr_reg_16/D (p,m)   -     R     SDFFSRHQX2  pd_aon      1    -     -     0    3497  (15.4000,30.7800) 
#-------------------------------------------------------------------------------------------------------------------

(p) : Instance is preserved but may be resized
(@) : Annotated capacitance.
(m) : Attribute cell_delay_multiplier is modified for this library cell.

Capture clock path:
#----------------------------------------------------------------------------------------------------------------------
#      Timing Point         Flags    Arc   Edge    Cell      Power  Fanout Load Trans Delay Arrival      Instance      
#                                                            Domain        (fF)  (ps)  (ps)   (ps)       Location      
#----------------------------------------------------------------------------------------------------------------------
  clk_i                    (i)       -     R     (arrival)   pd_aon     65  0.0     0     0    4996              (-,-) 
  operand_b_i_sr_reg_16/CK <<< (p,m) -     R     SDFFSRHQX2  pd_aon     65    -     0     0    4996  (15.4000,30.7800) 
#----------------------------------------------------------------------------------------------------------------------



Path 74: MET (1190 ps) Setup Check with Pin operand_a_i_sr_reg_21/CK->D
           View: slow_0p9v_125c_cmax_func
          Group: clk_i
     Startpoint: (R) operand_a_i[21]
          Clock: (R) clk_i_virtual
       Endpoint: (R) operand_a_i_sr_reg_21/D
          Clock: (R) clk_i

                     Capture       Launch     
        Clock Edge:+    5000            0     
        Drv Adjust:+       0           -4     
       Src Latency:+       0            0     
       Net Latency:+       0 (I)        0 (I) 
           Arrival:=    5000           -4     
                                              
             Setup:-     259                  
       Uncertainty:-      55                  
     Required Time:=    4686                  
      Launch Clock:-      -4                  
       Input Delay:-    3500                  
         Data Path:-       0                  
             Slack:=    1190                  

Exceptions/Constraints:
  input_delay             3500            func.sdc.gz_line_650   

#------------------------------------------------------------------------------------------------------------------
#      Timing Point       Flags   Arc   Edge    Cell      Power  Fanout Load Trans Delay Arrival      Instance     
#                                                         Domain        (fF)  (ps)  (ps)   (ps)       Location     
#------------------------------------------------------------------------------------------------------------------
  operand_a_i[21]         (@)     -     R     (arrival)   pd_aon      1  2.2    58     0    3496             (-,-) 
  operand_a_i_sr_reg_21/D (p,m)   -     R     SDFFSRHQX2  pd_aon      1    -     -     0    3497  (4.6000,87.2100) 
#------------------------------------------------------------------------------------------------------------------

(p) : Instance is preserved but may be resized
(@) : Annotated capacitance.
(m) : Attribute cell_delay_multiplier is modified for this library cell.

Capture clock path:
#---------------------------------------------------------------------------------------------------------------------
#      Timing Point         Flags    Arc   Edge    Cell      Power  Fanout Load Trans Delay Arrival      Instance     
#                                                            Domain        (fF)  (ps)  (ps)   (ps)       Location     
#---------------------------------------------------------------------------------------------------------------------
  clk_i                    (i)       -     R     (arrival)   pd_aon     65  0.0     0     0    4996             (-,-) 
  operand_a_i_sr_reg_21/CK <<< (p,m) -     R     SDFFSRHQX2  pd_aon     65    -     0     0    4996  (4.6000,87.2100) 
#---------------------------------------------------------------------------------------------------------------------



Path 75: MET (1190 ps) Setup Check with Pin operand_a_i_sr_reg_9/CK->D
           View: slow_0p9v_125c_cmax_func
          Group: clk_i
     Startpoint: (R) operand_a_i[9]
          Clock: (R) clk_i_virtual
       Endpoint: (R) operand_a_i_sr_reg_9/D
          Clock: (R) clk_i

                     Capture       Launch     
        Clock Edge:+    5000            0     
        Drv Adjust:+       0           -4     
       Src Latency:+       0            0     
       Net Latency:+       0 (I)        0 (I) 
           Arrival:=    5000           -4     
                                              
             Setup:-     259                  
       Uncertainty:-      55                  
     Required Time:=    4686                  
      Launch Clock:-      -4                  
       Input Delay:-    3500                  
         Data Path:-       0                  
             Slack:=    1190                  

Exceptions/Constraints:
  input_delay             3500            func.sdc.gz_line_658   

#------------------------------------------------------------------------------------------------------------------
#     Timing Point       Flags   Arc   Edge    Cell      Power  Fanout Load Trans Delay Arrival      Instance      
#                                                        Domain        (fF)  (ps)  (ps)   (ps)       Location      
#------------------------------------------------------------------------------------------------------------------
  operand_a_i[9]         (@)     -     R     (arrival)   pd_aon      1  2.1    58     0    3496              (-,-) 
  operand_a_i_sr_reg_9/D (p,m)   -     R     SDFFSRHQX2  pd_aon      1    -     -     0    3496  (16.0000,61.5600) 
#------------------------------------------------------------------------------------------------------------------

(p) : Instance is preserved but may be resized
(@) : Annotated capacitance.
(m) : Attribute cell_delay_multiplier is modified for this library cell.

Capture clock path:
#---------------------------------------------------------------------------------------------------------------------
#      Timing Point        Flags    Arc   Edge    Cell      Power  Fanout Load Trans Delay Arrival      Instance      
#                                                           Domain        (fF)  (ps)  (ps)   (ps)       Location      
#---------------------------------------------------------------------------------------------------------------------
  clk_i                   (i)       -     R     (arrival)   pd_aon     65  0.0     0     0    4996              (-,-) 
  operand_a_i_sr_reg_9/CK <<< (p,m) -     R     SDFFSRHQX2  pd_aon     65    -     0     0    4996  (16.0000,61.5600) 
#---------------------------------------------------------------------------------------------------------------------



Path 76: MET (1190 ps) Setup Check with Pin operand_a_i_sr_reg_4/CK->D
           View: slow_0p9v_125c_cmax_func
          Group: clk_i
     Startpoint: (R) operand_a_i[4]
          Clock: (R) clk_i_virtual
       Endpoint: (R) operand_a_i_sr_reg_4/D
          Clock: (R) clk_i

                     Capture       Launch     
        Clock Edge:+    5000            0     
        Drv Adjust:+       0           -4     
       Src Latency:+       0            0     
       Net Latency:+       0 (I)        0 (I) 
           Arrival:=    5000           -4     
                                              
             Setup:-     259                  
       Uncertainty:-      55                  
     Required Time:=    4686                  
      Launch Clock:-      -4                  
       Input Delay:-    3500                  
         Data Path:-       0                  
             Slack:=    1190                  

Exceptions/Constraints:
  input_delay             3500            func.sdc.gz_line_644   

#------------------------------------------------------------------------------------------------------------------
#     Timing Point       Flags   Arc   Edge    Cell      Power  Fanout Load Trans Delay Arrival      Instance      
#                                                        Domain        (fF)  (ps)  (ps)   (ps)       Location      
#------------------------------------------------------------------------------------------------------------------
  operand_a_i[4]         (@)     -     R     (arrival)   pd_aon      1  2.1    58     0    3496              (-,-) 
  operand_a_i_sr_reg_4/D (p,m)   -     R     SDFFSRHQX2  pd_aon      1    -     -     0    3496  (14.4000,58.1400) 
#------------------------------------------------------------------------------------------------------------------

(p) : Instance is preserved but may be resized
(@) : Annotated capacitance.
(m) : Attribute cell_delay_multiplier is modified for this library cell.

Capture clock path:
#---------------------------------------------------------------------------------------------------------------------
#      Timing Point        Flags    Arc   Edge    Cell      Power  Fanout Load Trans Delay Arrival      Instance      
#                                                           Domain        (fF)  (ps)  (ps)   (ps)       Location      
#---------------------------------------------------------------------------------------------------------------------
  clk_i                   (i)       -     R     (arrival)   pd_aon     65  0.0     0     0    4996              (-,-) 
  operand_a_i_sr_reg_4/CK <<< (p,m) -     R     SDFFSRHQX2  pd_aon     65    -     0     0    4996  (14.4000,58.1400) 
#---------------------------------------------------------------------------------------------------------------------



Path 77: MET (1190 ps) Setup Check with Pin operand_a_i_sr_reg_28/CK->D
           View: slow_0p9v_125c_cmax_func
          Group: clk_i
     Startpoint: (R) operand_a_i[28]
          Clock: (R) clk_i_virtual
       Endpoint: (R) operand_a_i_sr_reg_28/D
          Clock: (R) clk_i

                     Capture       Launch     
        Clock Edge:+    5000            0     
        Drv Adjust:+       0           -4     
       Src Latency:+       0            0     
       Net Latency:+       0 (I)        0 (I) 
           Arrival:=    5000           -4     
                                              
             Setup:-     258                  
       Uncertainty:-      55                  
     Required Time:=    4686                  
      Launch Clock:-      -4                  
       Input Delay:-    3500                  
         Data Path:-       0                  
             Slack:=    1190                  

Exceptions/Constraints:
  input_delay             3500            func.sdc.gz_line_727   

#------------------------------------------------------------------------------------------------------------------
#      Timing Point       Flags   Arc   Edge    Cell      Power  Fanout Load Trans Delay Arrival      Instance     
#                                                         Domain        (fF)  (ps)  (ps)   (ps)       Location     
#------------------------------------------------------------------------------------------------------------------
  operand_a_i[28]         (@)     -     R     (arrival)   pd_aon      1  2.1    58     0    3496             (-,-) 
  operand_a_i_sr_reg_28/D (p,m)   -     R     SDFFSRHQX2  pd_aon      1    -     -     0    3496  (4.8000,92.3400) 
#------------------------------------------------------------------------------------------------------------------

(p) : Instance is preserved but may be resized
(@) : Annotated capacitance.
(m) : Attribute cell_delay_multiplier is modified for this library cell.

Capture clock path:
#---------------------------------------------------------------------------------------------------------------------
#      Timing Point         Flags    Arc   Edge    Cell      Power  Fanout Load Trans Delay Arrival      Instance     
#                                                            Domain        (fF)  (ps)  (ps)   (ps)       Location     
#---------------------------------------------------------------------------------------------------------------------
  clk_i                    (i)       -     R     (arrival)   pd_aon     65  0.0     0     0    4996             (-,-) 
  operand_a_i_sr_reg_28/CK <<< (p,m) -     R     SDFFSRHQX2  pd_aon     65    -     0     0    4996  (4.8000,92.3400) 
#---------------------------------------------------------------------------------------------------------------------



Path 78: MET (1190 ps) Setup Check with Pin operand_a_i_sr_reg_12/CK->D
           View: slow_0p9v_125c_cmax_func
          Group: clk_i
     Startpoint: (R) operand_a_i[12]
          Clock: (R) clk_i_virtual
       Endpoint: (R) operand_a_i_sr_reg_12/D
          Clock: (R) clk_i

                     Capture       Launch     
        Clock Edge:+    5000            0     
        Drv Adjust:+       0           -4     
       Src Latency:+       0            0     
       Net Latency:+       0 (I)        0 (I) 
           Arrival:=    5000           -4     
                                              
             Setup:-     259                  
       Uncertainty:-      55                  
     Required Time:=    4686                  
      Launch Clock:-      -4                  
       Input Delay:-    3500                  
         Data Path:-       0                  
             Slack:=    1190                  

Exceptions/Constraints:
  input_delay             3500            func.sdc.gz_line_729   

#------------------------------------------------------------------------------------------------------------------
#      Timing Point       Flags   Arc   Edge    Cell      Power  Fanout Load Trans Delay Arrival      Instance     
#                                                         Domain        (fF)  (ps)  (ps)   (ps)       Location     
#------------------------------------------------------------------------------------------------------------------
  operand_a_i[12]         (@)     -     R     (arrival)   pd_aon      1  1.8    57     0    3496             (-,-) 
  operand_a_i_sr_reg_12/D (p,m)   -     R     SDFFSRHQX4  pd_aon      1    -     -     0    3496  (5.2000,71.8200) 
#------------------------------------------------------------------------------------------------------------------

(p) : Instance is preserved but may be resized
(@) : Annotated capacitance.
(m) : Attribute cell_delay_multiplier is modified for this library cell.

Capture clock path:
#---------------------------------------------------------------------------------------------------------------------
#      Timing Point         Flags    Arc   Edge    Cell      Power  Fanout Load Trans Delay Arrival      Instance     
#                                                            Domain        (fF)  (ps)  (ps)   (ps)       Location     
#---------------------------------------------------------------------------------------------------------------------
  clk_i                    (i)       -     R     (arrival)   pd_aon     65  0.0     0     0    4996             (-,-) 
  operand_a_i_sr_reg_12/CK <<< (p,m) -     R     SDFFSRHQX4  pd_aon     65    -     0     0    4996  (5.2000,71.8200) 
#---------------------------------------------------------------------------------------------------------------------



Path 79: MET (1190 ps) Setup Check with Pin operand_a_i_sr_reg_26/CK->D
           View: slow_0p9v_125c_cmax_func
          Group: clk_i
     Startpoint: (R) operand_a_i[26]
          Clock: (R) clk_i_virtual
       Endpoint: (R) operand_a_i_sr_reg_26/D
          Clock: (R) clk_i

                     Capture       Launch     
        Clock Edge:+    5000            0     
        Drv Adjust:+       0           -5     
       Src Latency:+       0            0     
       Net Latency:+       0 (I)        0 (I) 
           Arrival:=    5000           -5     
                                              
             Setup:-     259                  
       Uncertainty:-      55                  
     Required Time:=    4686                  
      Launch Clock:-      -5                  
       Input Delay:-    3500                  
         Data Path:-       0                  
             Slack:=    1190                  

Exceptions/Constraints:
  input_delay             3500            func.sdc.gz_line_668   

#------------------------------------------------------------------------------------------------------------------
#      Timing Point       Flags   Arc   Edge    Cell      Power  Fanout Load Trans Delay Arrival      Instance     
#                                                         Domain        (fF)  (ps)  (ps)   (ps)       Location     
#------------------------------------------------------------------------------------------------------------------
  operand_a_i[26]         (@)     -     R     (arrival)   pd_aon      1  1.8    57     0    3495             (-,-) 
  operand_a_i_sr_reg_26/D (p,m)   -     R     SDFFSRHQX4  pd_aon      1    -     -     0    3496  (5.8000,83.7900) 
#------------------------------------------------------------------------------------------------------------------

(p) : Instance is preserved but may be resized
(@) : Annotated capacitance.
(m) : Attribute cell_delay_multiplier is modified for this library cell.

Capture clock path:
#---------------------------------------------------------------------------------------------------------------------
#      Timing Point         Flags    Arc   Edge    Cell      Power  Fanout Load Trans Delay Arrival      Instance     
#                                                            Domain        (fF)  (ps)  (ps)   (ps)       Location     
#---------------------------------------------------------------------------------------------------------------------
  clk_i                    (i)       -     R     (arrival)   pd_aon     65  0.0     0     0    4996             (-,-) 
  operand_a_i_sr_reg_26/CK <<< (p,m) -     R     SDFFSRHQX4  pd_aon     65    -     0     0    4996  (5.8000,83.7900) 
#---------------------------------------------------------------------------------------------------------------------



Path 80: MET (1190 ps) Setup Check with Pin operand_a_i_sr_reg_2/CK->D
           View: slow_0p9v_125c_cmax_func
          Group: clk_i
     Startpoint: (R) operand_a_i[2]
          Clock: (R) clk_i_virtual
       Endpoint: (R) operand_a_i_sr_reg_2/D
          Clock: (R) clk_i

                     Capture       Launch     
        Clock Edge:+    5000            0     
        Drv Adjust:+       0           -4     
       Src Latency:+       0            0     
       Net Latency:+       0 (I)        0 (I) 
           Arrival:=    5000           -4     
                                              
             Setup:-     258                  
       Uncertainty:-      55                  
     Required Time:=    4687                  
      Launch Clock:-      -4                  
       Input Delay:-    3500                  
         Data Path:-       0                  
             Slack:=    1190                  

Exceptions/Constraints:
  input_delay             3500            func.sdc.gz_line_723   

#------------------------------------------------------------------------------------------------------------------
#     Timing Point       Flags   Arc   Edge    Cell      Power  Fanout Load Trans Delay Arrival      Instance      
#                                                        Domain        (fF)  (ps)  (ps)   (ps)       Location      
#------------------------------------------------------------------------------------------------------------------
  operand_a_i[2]         (@)     -     R     (arrival)   pd_aon      1  2.0    58     0    3496              (-,-) 
  operand_a_i_sr_reg_2/D (p,m)   -     R     SDFFSRHQX2  pd_aon      1    -     -     0    3496  (15.8000,51.3000) 
#------------------------------------------------------------------------------------------------------------------

(p) : Instance is preserved but may be resized
(@) : Annotated capacitance.
(m) : Attribute cell_delay_multiplier is modified for this library cell.

Capture clock path:
#---------------------------------------------------------------------------------------------------------------------
#      Timing Point        Flags    Arc   Edge    Cell      Power  Fanout Load Trans Delay Arrival      Instance      
#                                                           Domain        (fF)  (ps)  (ps)   (ps)       Location      
#---------------------------------------------------------------------------------------------------------------------
  clk_i                   (i)       -     R     (arrival)   pd_aon     65  0.0     0     0    4996              (-,-) 
  operand_a_i_sr_reg_2/CK <<< (p,m) -     R     SDFFSRHQX2  pd_aon     65    -     0     0    4996  (15.8000,51.3000) 
#---------------------------------------------------------------------------------------------------------------------



Path 81: MET (1191 ps) Setup Check with Pin operand_b_i_sr_reg_17/CK->D
           View: slow_0p9v_125c_cmax_func
          Group: clk_i
     Startpoint: (R) operand_b_i[17]
          Clock: (R) clk_i_virtual
       Endpoint: (R) operand_b_i_sr_reg_17/D
          Clock: (R) clk_i

                     Capture       Launch     
        Clock Edge:+    5000            0     
        Drv Adjust:+       0           -4     
       Src Latency:+       0            0     
       Net Latency:+       0 (I)        0 (I) 
           Arrival:=    5000           -4     
                                              
             Setup:-     258                  
       Uncertainty:-      55                  
     Required Time:=    4687                  
      Launch Clock:-      -4                  
       Input Delay:-    3500                  
         Data Path:-       0                  
             Slack:=    1191                  

Exceptions/Constraints:
  input_delay             3500            func.sdc.gz_line_656   

#-------------------------------------------------------------------------------------------------------------------
#      Timing Point       Flags   Arc   Edge    Cell      Power  Fanout Load Trans Delay Arrival      Instance      
#                                                         Domain        (fF)  (ps)  (ps)   (ps)       Location      
#-------------------------------------------------------------------------------------------------------------------
  operand_b_i[17]         (@)     -     R     (arrival)   pd_aon      1  2.0    58     0    3496              (-,-) 
  operand_b_i_sr_reg_17/D (p,m)   -     R     SDFFSRHQX2  pd_aon      1    -     -     0    3496  (14.8000,34.2000) 
#-------------------------------------------------------------------------------------------------------------------

(p) : Instance is preserved but may be resized
(@) : Annotated capacitance.
(m) : Attribute cell_delay_multiplier is modified for this library cell.

Capture clock path:
#----------------------------------------------------------------------------------------------------------------------
#      Timing Point         Flags    Arc   Edge    Cell      Power  Fanout Load Trans Delay Arrival      Instance      
#                                                            Domain        (fF)  (ps)  (ps)   (ps)       Location      
#----------------------------------------------------------------------------------------------------------------------
  clk_i                    (i)       -     R     (arrival)   pd_aon     65  0.0     0     0    4996              (-,-) 
  operand_b_i_sr_reg_17/CK <<< (p,m) -     R     SDFFSRHQX2  pd_aon     65    -     0     0    4996  (14.8000,34.2000) 
#----------------------------------------------------------------------------------------------------------------------



Path 82: MET (1191 ps) Setup Check with Pin operand_a_i_sr_reg_18/CK->D
           View: slow_0p9v_125c_cmax_func
          Group: clk_i
     Startpoint: (R) operand_a_i[18]
          Clock: (R) clk_i_virtual
       Endpoint: (R) operand_a_i_sr_reg_18/D
          Clock: (R) clk_i

                     Capture       Launch     
        Clock Edge:+    5000            0     
        Drv Adjust:+       0           -4     
       Src Latency:+       0            0     
       Net Latency:+       0 (I)        0 (I) 
           Arrival:=    5000           -4     
                                              
             Setup:-     258                  
       Uncertainty:-      55                  
     Required Time:=    4687                  
      Launch Clock:-      -4                  
       Input Delay:-    3500                  
         Data Path:-       0                  
             Slack:=    1191                  

Exceptions/Constraints:
  input_delay             3500            func.sdc.gz_line_640   

#-------------------------------------------------------------------------------------------------------------------
#      Timing Point       Flags   Arc   Edge    Cell      Power  Fanout Load Trans Delay Arrival      Instance      
#                                                         Domain        (fF)  (ps)  (ps)   (ps)       Location      
#-------------------------------------------------------------------------------------------------------------------
  operand_a_i[18]         (@)     -     R     (arrival)   pd_aon      1  2.0    58     0    3496              (-,-) 
  operand_a_i_sr_reg_18/D (p,m)   -     R     SDFFSRHQX2  pd_aon      1    -     -     0    3496  (15.4000,68.4000) 
#-------------------------------------------------------------------------------------------------------------------

(p) : Instance is preserved but may be resized
(@) : Annotated capacitance.
(m) : Attribute cell_delay_multiplier is modified for this library cell.

Capture clock path:
#----------------------------------------------------------------------------------------------------------------------
#      Timing Point         Flags    Arc   Edge    Cell      Power  Fanout Load Trans Delay Arrival      Instance      
#                                                            Domain        (fF)  (ps)  (ps)   (ps)       Location      
#----------------------------------------------------------------------------------------------------------------------
  clk_i                    (i)       -     R     (arrival)   pd_aon     65  0.0     0     0    4996              (-,-) 
  operand_a_i_sr_reg_18/CK <<< (p,m) -     R     SDFFSRHQX2  pd_aon     65    -     0     0    4996  (15.4000,68.4000) 
#----------------------------------------------------------------------------------------------------------------------



Path 83: MET (1191 ps) Setup Check with Pin operand_b_i_sr_reg_29/CK->D
           View: slow_0p9v_125c_cmax_func
          Group: clk_i
     Startpoint: (R) operand_b_i[29]
          Clock: (R) clk_i_virtual
       Endpoint: (R) operand_b_i_sr_reg_29/D
          Clock: (R) clk_i

                     Capture       Launch     
        Clock Edge:+    5000            0     
        Drv Adjust:+       0           -5     
       Src Latency:+       0            0     
       Net Latency:+       0 (I)        0 (I) 
           Arrival:=    5000           -5     
                                              
             Setup:-     259                  
       Uncertainty:-      55                  
     Required Time:=    4686                  
      Launch Clock:-      -5                  
       Input Delay:-    3500                  
         Data Path:-       0                  
             Slack:=    1191                  

Exceptions/Constraints:
  input_delay             3500            func.sdc.gz_line_666   

#------------------------------------------------------------------------------------------------------------------
#      Timing Point       Flags   Arc   Edge    Cell      Power  Fanout Load Trans Delay Arrival      Instance     
#                                                         Domain        (fF)  (ps)  (ps)   (ps)       Location     
#------------------------------------------------------------------------------------------------------------------
  operand_b_i[29]         (@)     -     R     (arrival)   pd_aon      1  1.8    57     0    3495             (-,-) 
  operand_b_i_sr_reg_29/D (p,m)   -     R     SDFFSRHQX4  pd_aon      1    -     -     0    3495  (5.2000,56.4300) 
#------------------------------------------------------------------------------------------------------------------

(p) : Instance is preserved but may be resized
(@) : Annotated capacitance.
(m) : Attribute cell_delay_multiplier is modified for this library cell.

Capture clock path:
#---------------------------------------------------------------------------------------------------------------------
#      Timing Point         Flags    Arc   Edge    Cell      Power  Fanout Load Trans Delay Arrival      Instance     
#                                                            Domain        (fF)  (ps)  (ps)   (ps)       Location     
#---------------------------------------------------------------------------------------------------------------------
  clk_i                    (i)       -     R     (arrival)   pd_aon     65  0.0     0     0    4996             (-,-) 
  operand_b_i_sr_reg_29/CK <<< (p,m) -     R     SDFFSRHQX4  pd_aon     65    -     0     0    4996  (5.2000,56.4300) 
#---------------------------------------------------------------------------------------------------------------------



Path 84: MET (1191 ps) Setup Check with Pin operand_a_i_sr_reg_8/CK->D
           View: slow_0p9v_125c_cmax_func
          Group: clk_i
     Startpoint: (R) operand_a_i[8]
          Clock: (R) clk_i_virtual
       Endpoint: (R) operand_a_i_sr_reg_8/D
          Clock: (R) clk_i

                     Capture       Launch     
        Clock Edge:+    5000            0     
        Drv Adjust:+       0           -4     
       Src Latency:+       0            0     
       Net Latency:+       0 (I)        0 (I) 
           Arrival:=    5000           -4     
                                              
             Setup:-     258                  
       Uncertainty:-      55                  
     Required Time:=    4687                  
      Launch Clock:-      -4                  
       Input Delay:-    3500                  
         Data Path:-       0                  
             Slack:=    1191                  

Exceptions/Constraints:
  input_delay             3500            func.sdc.gz_line_630   

#------------------------------------------------------------------------------------------------------------------
#     Timing Point       Flags   Arc   Edge    Cell      Power  Fanout Load Trans Delay Arrival      Instance      
#                                                        Domain        (fF)  (ps)  (ps)   (ps)       Location      
#------------------------------------------------------------------------------------------------------------------
  operand_a_i[8]         (@)     -     R     (arrival)   pd_aon      1  2.0    58     0    3496              (-,-) 
  operand_a_i_sr_reg_8/D (p,m)   -     R     SDFFSRHQX2  pd_aon      1    -     -     0    3496  (14.6000,59.8500) 
#------------------------------------------------------------------------------------------------------------------

(p) : Instance is preserved but may be resized
(@) : Annotated capacitance.
(m) : Attribute cell_delay_multiplier is modified for this library cell.

Capture clock path:
#---------------------------------------------------------------------------------------------------------------------
#      Timing Point        Flags    Arc   Edge    Cell      Power  Fanout Load Trans Delay Arrival      Instance      
#                                                           Domain        (fF)  (ps)  (ps)   (ps)       Location      
#---------------------------------------------------------------------------------------------------------------------
  clk_i                   (i)       -     R     (arrival)   pd_aon     65  0.0     0     0    4996              (-,-) 
  operand_a_i_sr_reg_8/CK <<< (p,m) -     R     SDFFSRHQX2  pd_aon     65    -     0     0    4996  (14.6000,59.8500) 
#---------------------------------------------------------------------------------------------------------------------



Path 85: MET (1191 ps) Setup Check with Pin operand_a_i_sr_reg_11/CK->D
           View: slow_0p9v_125c_cmax_func
          Group: clk_i
     Startpoint: (R) operand_a_i[11]
          Clock: (R) clk_i_virtual
       Endpoint: (R) operand_a_i_sr_reg_11/D
          Clock: (R) clk_i

                     Capture       Launch     
        Clock Edge:+    5000            0     
        Drv Adjust:+       0           -5     
       Src Latency:+       0            0     
       Net Latency:+       0 (I)        0 (I) 
           Arrival:=    5000           -5     
                                              
             Setup:-     259                  
       Uncertainty:-      55                  
     Required Time:=    4686                  
      Launch Clock:-      -5                  
       Input Delay:-    3500                  
         Data Path:-       0                  
             Slack:=    1191                  

Exceptions/Constraints:
  input_delay             3500            func.sdc.gz_line_700   

#------------------------------------------------------------------------------------------------------------------
#      Timing Point       Flags   Arc   Edge    Cell      Power  Fanout Load Trans Delay Arrival      Instance     
#                                                         Domain        (fF)  (ps)  (ps)   (ps)       Location     
#------------------------------------------------------------------------------------------------------------------
  operand_a_i[11]         (@)     -     R     (arrival)   pd_aon      1  1.7    56     0    3495             (-,-) 
  operand_a_i_sr_reg_11/D (p,m)   -     R     SDFFSRHQX4  pd_aon      1    -     -     0    3495  (5.2000,68.4000) 
#------------------------------------------------------------------------------------------------------------------

(p) : Instance is preserved but may be resized
(@) : Annotated capacitance.
(m) : Attribute cell_delay_multiplier is modified for this library cell.

Capture clock path:
#---------------------------------------------------------------------------------------------------------------------
#      Timing Point         Flags    Arc   Edge    Cell      Power  Fanout Load Trans Delay Arrival      Instance     
#                                                            Domain        (fF)  (ps)  (ps)   (ps)       Location     
#---------------------------------------------------------------------------------------------------------------------
  clk_i                    (i)       -     R     (arrival)   pd_aon     65  0.0     0     0    4996             (-,-) 
  operand_a_i_sr_reg_11/CK <<< (p,m) -     R     SDFFSRHQX4  pd_aon     65    -     0     0    4996  (5.2000,68.4000) 
#---------------------------------------------------------------------------------------------------------------------



Path 86: MET (1191 ps) Setup Check with Pin operand_b_i_sr_reg_23/CK->D
           View: slow_0p9v_125c_cmax_func
          Group: clk_i
     Startpoint: (R) operand_b_i[23]
          Clock: (R) clk_i_virtual
       Endpoint: (R) operand_b_i_sr_reg_23/D
          Clock: (R) clk_i

                     Capture       Launch     
        Clock Edge:+    5000            0     
        Drv Adjust:+       0           -4     
       Src Latency:+       0            0     
       Net Latency:+       0 (I)        0 (I) 
           Arrival:=    5000           -4     
                                              
             Setup:-     258                  
       Uncertainty:-      55                  
     Required Time:=    4687                  
      Launch Clock:-      -4                  
       Input Delay:-    3500                  
         Data Path:-       0                  
             Slack:=    1191                  

Exceptions/Constraints:
  input_delay             3500            func.sdc.gz_line_626   

#------------------------------------------------------------------------------------------------------------------
#      Timing Point       Flags   Arc   Edge    Cell      Power  Fanout Load Trans Delay Arrival      Instance     
#                                                         Domain        (fF)  (ps)  (ps)   (ps)       Location     
#------------------------------------------------------------------------------------------------------------------
  operand_b_i[23]         (@)     -     R     (arrival)   pd_aon      1  1.8    57     0    3496             (-,-) 
  operand_b_i_sr_reg_23/D (p,m)   -     R     SDFFSRHQX2  pd_aon      1    -     -     0    3496  (5.0000,30.7800) 
#------------------------------------------------------------------------------------------------------------------

(p) : Instance is preserved but may be resized
(@) : Annotated capacitance.
(m) : Attribute cell_delay_multiplier is modified for this library cell.

Capture clock path:
#---------------------------------------------------------------------------------------------------------------------
#      Timing Point         Flags    Arc   Edge    Cell      Power  Fanout Load Trans Delay Arrival      Instance     
#                                                            Domain        (fF)  (ps)  (ps)   (ps)       Location     
#---------------------------------------------------------------------------------------------------------------------
  clk_i                    (i)       -     R     (arrival)   pd_aon     65  0.0     0     0    4996             (-,-) 
  operand_b_i_sr_reg_23/CK <<< (p,m) -     R     SDFFSRHQX2  pd_aon     65    -     0     0    4996  (5.0000,30.7800) 
#---------------------------------------------------------------------------------------------------------------------



Path 87: MET (1191 ps) Setup Check with Pin operand_b_i_sr_reg_30/CK->D
           View: slow_0p9v_125c_cmax_func
          Group: clk_i
     Startpoint: (R) operand_b_i[30]
          Clock: (R) clk_i_virtual
       Endpoint: (R) operand_b_i_sr_reg_30/D
          Clock: (R) clk_i

                     Capture       Launch     
        Clock Edge:+    5000            0     
        Drv Adjust:+       0           -5     
       Src Latency:+       0            0     
       Net Latency:+       0 (I)        0 (I) 
           Arrival:=    5000           -5     
                                              
             Setup:-     259                  
       Uncertainty:-      55                  
     Required Time:=    4686                  
      Launch Clock:-      -5                  
       Input Delay:-    3500                  
         Data Path:-       0                  
             Slack:=    1191                  

Exceptions/Constraints:
  input_delay             3500            func.sdc.gz_line_624   

#------------------------------------------------------------------------------------------------------------------
#      Timing Point       Flags   Arc   Edge    Cell      Power  Fanout Load Trans Delay Arrival      Instance     
#                                                         Domain        (fF)  (ps)  (ps)   (ps)       Location     
#------------------------------------------------------------------------------------------------------------------
  operand_b_i[30]         (@)     -     R     (arrival)   pd_aon      1  1.6    56     0    3495             (-,-) 
  operand_b_i_sr_reg_30/D (p,m)   -     R     SDFFSRHQX4  pd_aon      1    -     -     0    3495  (5.4000,54.7200) 
#------------------------------------------------------------------------------------------------------------------

(p) : Instance is preserved but may be resized
(@) : Annotated capacitance.
(m) : Attribute cell_delay_multiplier is modified for this library cell.

Capture clock path:
#---------------------------------------------------------------------------------------------------------------------
#      Timing Point         Flags    Arc   Edge    Cell      Power  Fanout Load Trans Delay Arrival      Instance     
#                                                            Domain        (fF)  (ps)  (ps)   (ps)       Location     
#---------------------------------------------------------------------------------------------------------------------
  clk_i                    (i)       -     R     (arrival)   pd_aon     65  0.0     0     0    4996             (-,-) 
  operand_b_i_sr_reg_30/CK <<< (p,m) -     R     SDFFSRHQX4  pd_aon     65    -     0     0    4996  (5.4000,54.7200) 
#---------------------------------------------------------------------------------------------------------------------



Path 88: MET (1192 ps) Setup Check with Pin operand_a_i_sr_reg_23/CK->D
           View: slow_0p9v_125c_cmax_func
          Group: clk_i
     Startpoint: (R) operand_a_i[23]
          Clock: (R) clk_i_virtual
       Endpoint: (R) operand_a_i_sr_reg_23/D
          Clock: (R) clk_i

                     Capture       Launch     
        Clock Edge:+    5000            0     
        Drv Adjust:+       0           -5     
       Src Latency:+       0            0     
       Net Latency:+       0 (I)        0 (I) 
           Arrival:=    5000           -5     
                                              
             Setup:-     258                  
       Uncertainty:-      55                  
     Required Time:=    4687                  
      Launch Clock:-      -5                  
       Input Delay:-    3500                  
         Data Path:-       0                  
             Slack:=    1192                  

Exceptions/Constraints:
  input_delay             3500            func.sdc.gz_line_712   

#------------------------------------------------------------------------------------------------------------------
#      Timing Point       Flags   Arc   Edge    Cell      Power  Fanout Load Trans Delay Arrival      Instance     
#                                                         Domain        (fF)  (ps)  (ps)   (ps)       Location     
#------------------------------------------------------------------------------------------------------------------
  operand_a_i[23]         (@)     -     R     (arrival)   pd_aon      1  1.8    57     0    3495             (-,-) 
  operand_a_i_sr_reg_23/D (p,m)   -     R     SDFFSRHQX2  pd_aon      1    -     -     0    3496  (5.4000,82.0800) 
#------------------------------------------------------------------------------------------------------------------

(p) : Instance is preserved but may be resized
(@) : Annotated capacitance.
(m) : Attribute cell_delay_multiplier is modified for this library cell.

Capture clock path:
#---------------------------------------------------------------------------------------------------------------------
#      Timing Point         Flags    Arc   Edge    Cell      Power  Fanout Load Trans Delay Arrival      Instance     
#                                                            Domain        (fF)  (ps)  (ps)   (ps)       Location     
#---------------------------------------------------------------------------------------------------------------------
  clk_i                    (i)       -     R     (arrival)   pd_aon     65  0.0     0     0    4996             (-,-) 
  operand_a_i_sr_reg_23/CK <<< (p,m) -     R     SDFFSRHQX2  pd_aon     65    -     0     0    4996  (5.4000,82.0800) 
#---------------------------------------------------------------------------------------------------------------------



Path 89: MET (1192 ps) Setup Check with Pin operand_b_i_sr_reg_9/CK->D
           View: slow_0p9v_125c_cmax_func
          Group: clk_i
     Startpoint: (R) operand_b_i[9]
          Clock: (R) clk_i_virtual
       Endpoint: (R) operand_b_i_sr_reg_9/D
          Clock: (R) clk_i

                     Capture       Launch     
        Clock Edge:+    5000            0     
        Drv Adjust:+       0           -2     
       Src Latency:+       0            0     
       Net Latency:+       0 (I)        0 (I) 
           Arrival:=    5000           -2     
                                              
             Setup:-     255                  
       Uncertainty:-      55                  
     Required Time:=    4690                  
      Launch Clock:-      -2                  
       Input Delay:-    3500                  
         Data Path:-       0                  
             Slack:=    1192                  

Exceptions/Constraints:
  input_delay             3500            func.sdc.gz_line_632   

#------------------------------------------------------------------------------------------------------------------
#     Timing Point       Flags   Arc   Edge    Cell      Power  Fanout Load Trans Delay Arrival      Instance      
#                                                        Domain        (fF)  (ps)  (ps)   (ps)       Location      
#------------------------------------------------------------------------------------------------------------------
  operand_b_i[9]         (@)     -     R     (arrival)   pd_aon      1  2.7    61     0    3498              (-,-) 
  operand_b_i_sr_reg_9/D (p,m)   -     R     SDFFSRHQX1  pd_aon      1    -     -     0    3498  (16.6000,37.6200) 
#------------------------------------------------------------------------------------------------------------------

(p) : Instance is preserved but may be resized
(@) : Annotated capacitance.
(m) : Attribute cell_delay_multiplier is modified for this library cell.

Capture clock path:
#---------------------------------------------------------------------------------------------------------------------
#      Timing Point        Flags    Arc   Edge    Cell      Power  Fanout Load Trans Delay Arrival      Instance      
#                                                           Domain        (fF)  (ps)  (ps)   (ps)       Location      
#---------------------------------------------------------------------------------------------------------------------
  clk_i                   (i)       -     R     (arrival)   pd_aon     65  0.0     0     0    4996              (-,-) 
  operand_b_i_sr_reg_9/CK <<< (p,m) -     R     SDFFSRHQX1  pd_aon     65    -     0     0    4996  (16.6000,37.6200) 
#---------------------------------------------------------------------------------------------------------------------



Path 90: MET (1192 ps) Setup Check with Pin operand_a_i_sr_reg_31/CK->D
           View: slow_0p9v_125c_cmax_func
          Group: clk_i
     Startpoint: (R) operand_a_i[31]
          Clock: (R) clk_i_virtual
       Endpoint: (R) operand_a_i_sr_reg_31/D
          Clock: (R) clk_i

                     Capture       Launch     
        Clock Edge:+    5000            0     
        Drv Adjust:+       0           -5     
       Src Latency:+       0            0     
       Net Latency:+       0 (I)        0 (I) 
           Arrival:=    5000           -5     
                                              
             Setup:-     258                  
       Uncertainty:-      55                  
     Required Time:=    4687                  
      Launch Clock:-      -5                  
       Input Delay:-    3500                  
         Data Path:-       0                  
             Slack:=    1192                  

Exceptions/Constraints:
  input_delay             3500            func.sdc.gz_line_739   

#------------------------------------------------------------------------------------------------------------------
#      Timing Point       Flags   Arc   Edge    Cell      Power  Fanout Load Trans Delay Arrival      Instance     
#                                                         Domain        (fF)  (ps)  (ps)   (ps)       Location     
#------------------------------------------------------------------------------------------------------------------
  operand_a_i[31]         (@)     -     R     (arrival)   pd_aon      1  1.7    56     0    3495             (-,-) 
  operand_a_i_sr_reg_31/D (p,m)   -     R     SDFFSRHQX2  pd_aon      1    -     -     0    3495  (4.8000,88.9200) 
#------------------------------------------------------------------------------------------------------------------

(p) : Instance is preserved but may be resized
(@) : Annotated capacitance.
(m) : Attribute cell_delay_multiplier is modified for this library cell.

Capture clock path:
#---------------------------------------------------------------------------------------------------------------------
#      Timing Point         Flags    Arc   Edge    Cell      Power  Fanout Load Trans Delay Arrival      Instance     
#                                                            Domain        (fF)  (ps)  (ps)   (ps)       Location     
#---------------------------------------------------------------------------------------------------------------------
  clk_i                    (i)       -     R     (arrival)   pd_aon     65  0.0     0     0    4996             (-,-) 
  operand_a_i_sr_reg_31/CK <<< (p,m) -     R     SDFFSRHQX2  pd_aon     65    -     0     0    4996  (4.8000,88.9200) 
#---------------------------------------------------------------------------------------------------------------------



Path 91: MET (1193 ps) Setup Check with Pin operand_b_i_sr_reg_20/CK->D
           View: slow_0p9v_125c_cmax_func
          Group: clk_i
     Startpoint: (R) operand_b_i[20]
          Clock: (R) clk_i_virtual
       Endpoint: (R) operand_b_i_sr_reg_20/D
          Clock: (R) clk_i

                     Capture       Launch     
        Clock Edge:+    5000            0     
        Drv Adjust:+       0           -5     
       Src Latency:+       0            0     
       Net Latency:+       0 (I)        0 (I) 
           Arrival:=    5000           -5     
                                              
             Setup:-     257                  
       Uncertainty:-      55                  
     Required Time:=    4688                  
      Launch Clock:-      -5                  
       Input Delay:-    3500                  
         Data Path:-       0                  
             Slack:=    1193                  

Exceptions/Constraints:
  input_delay             3500            func.sdc.gz_line_674   

#------------------------------------------------------------------------------------------------------------------
#      Timing Point       Flags   Arc   Edge    Cell      Power  Fanout Load Trans Delay Arrival      Instance     
#                                                         Domain        (fF)  (ps)  (ps)   (ps)       Location     
#------------------------------------------------------------------------------------------------------------------
  operand_b_i[20]         (@)     -     R     (arrival)   pd_aon      1  1.6    56     0    3495             (-,-) 
  operand_b_i_sr_reg_20/D (p,m)   -     R     SDFFSRHQX2  pd_aon      1    -     -     0    3495  (5.4000,32.4900) 
#------------------------------------------------------------------------------------------------------------------

(p) : Instance is preserved but may be resized
(@) : Annotated capacitance.
(m) : Attribute cell_delay_multiplier is modified for this library cell.

Capture clock path:
#---------------------------------------------------------------------------------------------------------------------
#      Timing Point         Flags    Arc   Edge    Cell      Power  Fanout Load Trans Delay Arrival      Instance     
#                                                            Domain        (fF)  (ps)  (ps)   (ps)       Location     
#---------------------------------------------------------------------------------------------------------------------
  clk_i                    (i)       -     R     (arrival)   pd_aon     65  0.0     0     0    4996             (-,-) 
  operand_b_i_sr_reg_20/CK <<< (p,m) -     R     SDFFSRHQX2  pd_aon     65    -     0     0    4996  (5.4000,32.4900) 
#---------------------------------------------------------------------------------------------------------------------



Path 92: MET (1193 ps) Setup Check with Pin operand_b_i_sr_reg_22/CK->D
           View: slow_0p9v_125c_cmax_func
          Group: clk_i
     Startpoint: (R) operand_b_i[22]
          Clock: (R) clk_i_virtual
       Endpoint: (R) operand_b_i_sr_reg_22/D
          Clock: (R) clk_i

                     Capture       Launch     
        Clock Edge:+    5000            0     
        Drv Adjust:+       0           -6     
       Src Latency:+       0            0     
       Net Latency:+       0 (I)        0 (I) 
           Arrival:=    5000           -6     
                                              
             Setup:-     258                  
       Uncertainty:-      55                  
     Required Time:=    4687                  
      Launch Clock:-      -6                  
       Input Delay:-    3500                  
         Data Path:-       0                  
             Slack:=    1193                  

Exceptions/Constraints:
  input_delay             3500            func.sdc.gz_line_731   

#------------------------------------------------------------------------------------------------------------------
#      Timing Point       Flags   Arc   Edge    Cell      Power  Fanout Load Trans Delay Arrival      Instance     
#                                                         Domain        (fF)  (ps)  (ps)   (ps)       Location     
#------------------------------------------------------------------------------------------------------------------
  operand_b_i[22]         (@)     -     R     (arrival)   pd_aon      1  1.4    55     0    3494             (-,-) 
  operand_b_i_sr_reg_22/D (p,m)   -     R     SDFFSRHQX4  pd_aon      1    -     -     0    3494  (5.4000,42.7500) 
#------------------------------------------------------------------------------------------------------------------

(p) : Instance is preserved but may be resized
(@) : Annotated capacitance.
(m) : Attribute cell_delay_multiplier is modified for this library cell.

Capture clock path:
#---------------------------------------------------------------------------------------------------------------------
#      Timing Point         Flags    Arc   Edge    Cell      Power  Fanout Load Trans Delay Arrival      Instance     
#                                                            Domain        (fF)  (ps)  (ps)   (ps)       Location     
#---------------------------------------------------------------------------------------------------------------------
  clk_i                    (i)       -     R     (arrival)   pd_aon     65  0.0     0     0    4996             (-,-) 
  operand_b_i_sr_reg_22/CK <<< (p,m) -     R     SDFFSRHQX4  pd_aon     65    -     0     0    4996  (5.4000,42.7500) 
#---------------------------------------------------------------------------------------------------------------------



Path 93: MET (1193 ps) Setup Check with Pin operand_b_i_sr_reg_21/CK->D
           View: slow_0p9v_125c_cmax_func
          Group: clk_i
     Startpoint: (R) operand_b_i[21]
          Clock: (R) clk_i_virtual
       Endpoint: (R) operand_b_i_sr_reg_21/D
          Clock: (R) clk_i

                     Capture       Launch     
        Clock Edge:+    5000            0     
        Drv Adjust:+       0           -6     
       Src Latency:+       0            0     
       Net Latency:+       0 (I)        0 (I) 
           Arrival:=    5000           -6     
                                              
             Setup:-     258                  
       Uncertainty:-      55                  
     Required Time:=    4687                  
      Launch Clock:-      -6                  
       Input Delay:-    3500                  
         Data Path:-       0                  
             Slack:=    1193                  

Exceptions/Constraints:
  input_delay             3500            func.sdc.gz_line_702   

#------------------------------------------------------------------------------------------------------------------
#      Timing Point       Flags   Arc   Edge    Cell      Power  Fanout Load Trans Delay Arrival      Instance     
#                                                         Domain        (fF)  (ps)  (ps)   (ps)       Location     
#------------------------------------------------------------------------------------------------------------------
  operand_b_i[21]         (@)     -     R     (arrival)   pd_aon      1  1.3    54     0    3494             (-,-) 
  operand_b_i_sr_reg_21/D (p,m)   -     R     SDFFSRHQX4  pd_aon      1    -     -     0    3494  (5.4000,41.0400) 
#------------------------------------------------------------------------------------------------------------------

(p) : Instance is preserved but may be resized
(@) : Annotated capacitance.
(m) : Attribute cell_delay_multiplier is modified for this library cell.

Capture clock path:
#---------------------------------------------------------------------------------------------------------------------
#      Timing Point         Flags    Arc   Edge    Cell      Power  Fanout Load Trans Delay Arrival      Instance     
#                                                            Domain        (fF)  (ps)  (ps)   (ps)       Location     
#---------------------------------------------------------------------------------------------------------------------
  clk_i                    (i)       -     R     (arrival)   pd_aon     65  0.0     0     0    4996             (-,-) 
  operand_b_i_sr_reg_21/CK <<< (p,m) -     R     SDFFSRHQX4  pd_aon     65    -     0     0    4996  (5.4000,41.0400) 
#---------------------------------------------------------------------------------------------------------------------



Path 94: MET (1193 ps) Setup Check with Pin operand_a_i_sr_reg_10/CK->D
           View: slow_0p9v_125c_cmax_func
          Group: clk_i
     Startpoint: (R) operand_a_i[10]
          Clock: (R) clk_i_virtual
       Endpoint: (R) operand_a_i_sr_reg_10/D
          Clock: (R) clk_i

                     Capture       Launch     
        Clock Edge:+    5000            0     
        Drv Adjust:+       0           -6     
       Src Latency:+       0            0     
       Net Latency:+       0 (I)        0 (I) 
           Arrival:=    5000           -6     
                                              
             Setup:-     258                  
       Uncertainty:-      55                  
     Required Time:=    4687                  
      Launch Clock:-      -6                  
       Input Delay:-    3500                  
         Data Path:-       0                  
             Slack:=    1193                  

Exceptions/Constraints:
  input_delay             3500            func.sdc.gz_line_672   

#------------------------------------------------------------------------------------------------------------------
#      Timing Point       Flags   Arc   Edge    Cell      Power  Fanout Load Trans Delay Arrival      Instance     
#                                                         Domain        (fF)  (ps)  (ps)   (ps)       Location     
#------------------------------------------------------------------------------------------------------------------
  operand_a_i[10]         (@)     -     R     (arrival)   pd_aon      1  1.3    54     0    3494             (-,-) 
  operand_a_i_sr_reg_10/D (p,m)   -     R     SDFFSRHQX4  pd_aon      1    -     -     0    3494  (5.2000,61.5600) 
#------------------------------------------------------------------------------------------------------------------

(p) : Instance is preserved but may be resized
(@) : Annotated capacitance.
(m) : Attribute cell_delay_multiplier is modified for this library cell.

Capture clock path:
#---------------------------------------------------------------------------------------------------------------------
#      Timing Point         Flags    Arc   Edge    Cell      Power  Fanout Load Trans Delay Arrival      Instance     
#                                                            Domain        (fF)  (ps)  (ps)   (ps)       Location     
#---------------------------------------------------------------------------------------------------------------------
  clk_i                    (i)       -     R     (arrival)   pd_aon     65  0.0     0     0    4996             (-,-) 
  operand_a_i_sr_reg_10/CK <<< (p,m) -     R     SDFFSRHQX4  pd_aon     65    -     0     0    4996  (5.2000,61.5600) 
#---------------------------------------------------------------------------------------------------------------------



Path 95: MET (1193 ps) Setup Check with Pin operand_b_i_sr_reg_25/CK->D
           View: slow_0p9v_125c_cmax_func
          Group: clk_i
     Startpoint: (R) operand_b_i[25]
          Clock: (R) clk_i_virtual
       Endpoint: (R) operand_b_i_sr_reg_25/D
          Clock: (R) clk_i

                     Capture       Launch     
        Clock Edge:+    5000            0     
        Drv Adjust:+       0           -6     
       Src Latency:+       0            0     
       Net Latency:+       0 (I)        0 (I) 
           Arrival:=    5000           -6     
                                              
             Setup:-     257                  
       Uncertainty:-      55                  
     Required Time:=    4688                  
      Launch Clock:-      -6                  
       Input Delay:-    3500                  
         Data Path:-       0                  
             Slack:=    1193                  

Exceptions/Constraints:
  input_delay             3500            func.sdc.gz_line_690   

#------------------------------------------------------------------------------------------------------------------
#      Timing Point       Flags   Arc   Edge    Cell      Power  Fanout Load Trans Delay Arrival      Instance     
#                                                         Domain        (fF)  (ps)  (ps)   (ps)       Location     
#------------------------------------------------------------------------------------------------------------------
  operand_b_i[25]         (@)     -     R     (arrival)   pd_aon      1  1.5    55     0    3494             (-,-) 
  operand_b_i_sr_reg_25/D (p,m)   -     R     SDFFSRHQX2  pd_aon      1    -     -     0    3495  (5.2000,47.8800) 
#------------------------------------------------------------------------------------------------------------------

(p) : Instance is preserved but may be resized
(@) : Annotated capacitance.
(m) : Attribute cell_delay_multiplier is modified for this library cell.

Capture clock path:
#---------------------------------------------------------------------------------------------------------------------
#      Timing Point         Flags    Arc   Edge    Cell      Power  Fanout Load Trans Delay Arrival      Instance     
#                                                            Domain        (fF)  (ps)  (ps)   (ps)       Location     
#---------------------------------------------------------------------------------------------------------------------
  clk_i                    (i)       -     R     (arrival)   pd_aon     65  0.0     0     0    4996             (-,-) 
  operand_b_i_sr_reg_25/CK <<< (p,m) -     R     SDFFSRHQX2  pd_aon     65    -     0     0    4996  (5.2000,47.8800) 
#---------------------------------------------------------------------------------------------------------------------



Path 96: MET (1194 ps) Late External Delay Assertion at pin result_o[4]
           View: slow_0p9v_125c_cmax_func
          Group: clk_i_virtual
     Startpoint: (R) operand_b_i_sr_reg_2/CK
          Clock: (R) clk_i
       Endpoint: (F) result_o[4]
          Clock: (R) clk_i_virtual

                     Capture       Launch     
        Clock Edge:+    5000            0     
       Src Latency:+       0            0     
       Net Latency:+       0 (I)        0 (I) 
           Arrival:=    5000            0     
                                              
      Output Delay:-    1500                  
       Uncertainty:-      55                  
     Required Time:=    3445                  
      Launch Clock:-       0                  
         Data Path:-    2251                  
             Slack:=    1194                  

Exceptions/Constraints:
  output_delay             1500            func.sdc.gz_line_753   

Launch clock path:
#--------------------------------------------------------------------------------------------------------------------
#      Timing Point        Flags    Arc   Edge    Cell      Power  Fanout Load Trans Delay Arrival      Instance     
#                                                           Domain        (fF)  (ps)  (ps)   (ps)       Location     
#--------------------------------------------------------------------------------------------------------------------
  clk_i                   (i)       -     R     (arrival)   pd_aon     65  0.0     0     0      -4             (-,-) 
  operand_b_i_sr_reg_2/CK <<< (p,m) -     R     SDFFSRHQX2  pd_aon     65    -     0     0      -4  (5.2000,20.5200) 
#--------------------------------------------------------------------------------------------------------------------

#-------------------------------------------------------------------------------------------------------------------------------------
#               Timing Point                Flags   Arc   Edge    Cell      Power  Fanout Load Trans Delay Arrival      Instance      
#                                                                           Domain        (fF)  (ps)  (ps)   (ps)       Location      
#-------------------------------------------------------------------------------------------------------------------------------------
  operand_b_i_sr_reg_2/CK                   -       -     R     (arrival)   pd_aon     65    -     0     0       0              (-,-) 
  operand_b_i_sr_reg_2/Q                    (@,p,m) CK->Q R     SDFFSRHQX2  pd_aon      7 10.0   117   291     291   (5.2000,20.5200) 
  FE_OFC189_operand_b_i_sr_2/Y              (@,m)   A->Y  F     INVX1       pd_aon      6  4.8   150   158     449  (59.0000,41.0400) 
  WALLACE_CSA_DUMMY_OP_groupi_g3652__4319/Y (@,m)   B->Y  R     NOR2X1      pd_aon      4  1.5   104   149     598  (81.6000,47.8800) 
  WALLACE_CSA_DUMMY_OP_groupi_g3576__5477/Y (@,m)   A->Y  F     NOR2XL      pd_aon      1  0.4    58   109     707  (85.0000,47.8800) 
  WALLACE_CSA_DUMMY_OP_groupi_g3571__2346/Y (@,m)   B0->Y R     AOI21X1     pd_aon      2  0.8    73    86     793  (86.2000,47.8800) 
  WALLACE_CSA_DUMMY_OP_groupi_g3553/Y       (@,m)   A->Y  F     INVXL       pd_aon      1  0.3    34    71     864  (89.4000,47.8800) 
  WALLACE_CSA_DUMMY_OP_groupi_g3551__1705/Y (@,m)   B->Y  R     NOR2XL      pd_aon      1  0.4    69    66     930  (90.6000,47.8800) 
  WALLACE_CSA_DUMMY_OP_groupi_g3545__5526/Y (@,m)   B->Y  F     NOR2X1      pd_aon      4  1.5    64    79    1009  (90.2000,46.1700) 
  WALLACE_CSA_DUMMY_OP_groupi_g3500/Y       (@,m)   A->Y  R     INVXL       pd_aon      1  0.4    31    59    1068  (91.6000,44.4600) 
  WALLACE_CSA_DUMMY_OP_groupi_g3482__7482/Y (@,m)   A->Y  F     MXI2XL      pd_aon      1  0.6   133   132    1200  (91.0000,42.7500) 
  WALLACE_CSA_DUMMY_OP_groupi_g3448__1881/Y (@,m)   B->Y  R     XNOR2XL     pd_aon      2  1.6    74   230    1430  (91.0000,37.6200) 
  WALLACE_CSA_DUMMY_OP_groupi_g3415__9945/Y (@,m)   B->Y  F     XNOR2X1     pd_aon      2  1.0    45   169    1598  (88.6000,20.5200) 
  WALLACE_CSA_DUMMY_OP_groupi_g3796__2883/Y (@,m)   AN->Y F     NAND2BXL    pd_aon      3  1.3   171   169    1768  (88.8000,13.6800) 
  WALLACE_CSA_DUMMY_OP_groupi_g3390__6260/Y (@,m)   B->Y  R     NAND2XL     pd_aon      1  0.5    57   136    1903   (88.0000,5.1300) 
  WALLACE_CSA_DUMMY_OP_groupi_g3378__9945/Y (@,m)   B->Y  F     XNOR2XL     pd_aon      1  0.6    44   148    2051   (85.6000,5.1300) 
  FE_OFC82_result_o_4/Y                     (@,m)   A->Y  F     BUFX2       pd_aon      1  2.0    44   102    2153   (77.2000,3.4200) 
  FE_OFC248_result_o_4/Y                    (@,m)   A->Y  F     CLKBUFX20   pd_aon      1 10.5    39    98    2251   (77.2000,3.4200) 
  result_o[4]                               -       -     F     (port)      pd_aon      -    -     -     1    2251              (-,-) 
#-------------------------------------------------------------------------------------------------------------------------------------

(p) : Instance is preserved but may be resized
(@) : Annotated capacitance.
(m) : Attribute cell_delay_multiplier is modified for this library cell.



Path 97: MET (1194 ps) Setup Check with Pin operand_b_i_sr_reg_3/CK->D
           View: slow_0p9v_125c_cmax_func
          Group: clk_i
     Startpoint: (R) operand_b_i[3]
          Clock: (R) clk_i_virtual
       Endpoint: (R) operand_b_i_sr_reg_3/D
          Clock: (R) clk_i

                     Capture       Launch     
        Clock Edge:+    5000            0     
        Drv Adjust:+       0           -6     
       Src Latency:+       0            0     
       Net Latency:+       0 (I)        0 (I) 
           Arrival:=    5000           -6     
                                              
             Setup:-     258                  
       Uncertainty:-      55                  
     Required Time:=    4687                  
      Launch Clock:-      -6                  
       Input Delay:-    3500                  
         Data Path:-       0                  
             Slack:=    1194                  

Exceptions/Constraints:
  input_delay             3500            func.sdc.gz_line_725   

#-----------------------------------------------------------------------------------------------------------------
#     Timing Point       Flags   Arc   Edge    Cell      Power  Fanout Load Trans Delay Arrival      Instance     
#                                                        Domain        (fF)  (ps)  (ps)   (ps)       Location     
#-----------------------------------------------------------------------------------------------------------------
  operand_b_i[3]         (@)     -     R     (arrival)   pd_aon      1  1.2    54     0    3494             (-,-) 
  operand_b_i_sr_reg_3/D (p,m)   -     R     SDFFSRHQX4  pd_aon      1    -     -     0    3494  (5.0000,22.2300) 
#-----------------------------------------------------------------------------------------------------------------

(p) : Instance is preserved but may be resized
(@) : Annotated capacitance.
(m) : Attribute cell_delay_multiplier is modified for this library cell.

Capture clock path:
#--------------------------------------------------------------------------------------------------------------------
#      Timing Point        Flags    Arc   Edge    Cell      Power  Fanout Load Trans Delay Arrival      Instance     
#                                                           Domain        (fF)  (ps)  (ps)   (ps)       Location     
#--------------------------------------------------------------------------------------------------------------------
  clk_i                   (i)       -     R     (arrival)   pd_aon     65  0.0     0     0    4996             (-,-) 
  operand_b_i_sr_reg_3/CK <<< (p,m) -     R     SDFFSRHQX4  pd_aon     65    -     0     0    4996  (5.0000,22.2300) 
#--------------------------------------------------------------------------------------------------------------------



Path 98: MET (1194 ps) Setup Check with Pin operand_b_i_sr_reg_19/CK->D
           View: slow_0p9v_125c_cmax_func
          Group: clk_i
     Startpoint: (R) operand_b_i[19]
          Clock: (R) clk_i_virtual
       Endpoint: (R) operand_b_i_sr_reg_19/D
          Clock: (R) clk_i

                     Capture       Launch     
        Clock Edge:+    5000            0     
        Drv Adjust:+       0           -6     
       Src Latency:+       0            0     
       Net Latency:+       0 (I)        0 (I) 
           Arrival:=    5000           -6     
                                              
             Setup:-     258                  
       Uncertainty:-      55                  
     Required Time:=    4688                  
      Launch Clock:-      -6                  
       Input Delay:-    3500                  
         Data Path:-       0                  
             Slack:=    1194                  

Exceptions/Constraints:
  input_delay             3500            func.sdc.gz_line_718   

#------------------------------------------------------------------------------------------------------------------
#      Timing Point       Flags   Arc   Edge    Cell      Power  Fanout Load Trans Delay Arrival      Instance     
#                                                         Domain        (fF)  (ps)  (ps)   (ps)       Location     
#------------------------------------------------------------------------------------------------------------------
  operand_b_i[19]         (@)     -     R     (arrival)   pd_aon      1  1.2    54     0    3494             (-,-) 
  operand_b_i_sr_reg_19/D (p,m)   -     R     SDFFSRHQX4  pd_aon      1    -     -     0    3494  (5.4000,37.6200) 
#------------------------------------------------------------------------------------------------------------------

(p) : Instance is preserved but may be resized
(@) : Annotated capacitance.
(m) : Attribute cell_delay_multiplier is modified for this library cell.

Capture clock path:
#---------------------------------------------------------------------------------------------------------------------
#      Timing Point         Flags    Arc   Edge    Cell      Power  Fanout Load Trans Delay Arrival      Instance     
#                                                            Domain        (fF)  (ps)  (ps)   (ps)       Location     
#---------------------------------------------------------------------------------------------------------------------
  clk_i                    (i)       -     R     (arrival)   pd_aon     65  0.0     0     0    4996             (-,-) 
  operand_b_i_sr_reg_19/CK <<< (p,m) -     R     SDFFSRHQX4  pd_aon     65    -     0     0    4996  (5.4000,37.6200) 
#---------------------------------------------------------------------------------------------------------------------



Path 99: MET (1194 ps) Setup Check with Pin operand_b_i_sr_reg_0/CK->D
           View: slow_0p9v_125c_cmax_func
          Group: clk_i
     Startpoint: (R) operand_b_i[0]
          Clock: (R) clk_i_virtual
       Endpoint: (R) operand_b_i_sr_reg_0/D
          Clock: (R) clk_i

                     Capture       Launch     
        Clock Edge:+    5000            0     
        Drv Adjust:+       0           -6     
       Src Latency:+       0            0     
       Net Latency:+       0 (I)        0 (I) 
           Arrival:=    5000           -6     
                                              
             Setup:-     257                  
       Uncertainty:-      55                  
     Required Time:=    4688                  
      Launch Clock:-      -6                  
       Input Delay:-    3500                  
         Data Path:-       0                  
             Slack:=    1194                  

Exceptions/Constraints:
  input_delay             3500            func.sdc.gz_line_634   

#-----------------------------------------------------------------------------------------------------------------
#     Timing Point       Flags   Arc   Edge    Cell      Power  Fanout Load Trans Delay Arrival      Instance     
#                                                        Domain        (fF)  (ps)  (ps)   (ps)       Location     
#-----------------------------------------------------------------------------------------------------------------
  operand_b_i[0]         (@)     -     R     (arrival)   pd_aon      1  1.4    55     0    3494             (-,-) 
  operand_b_i_sr_reg_0/D (p,m)   -     R     SDFFSRHQX2  pd_aon      1    -     -     0    3494  (5.2000,17.1000) 
#-----------------------------------------------------------------------------------------------------------------

(p) : Instance is preserved but may be resized
(@) : Annotated capacitance.
(m) : Attribute cell_delay_multiplier is modified for this library cell.

Capture clock path:
#--------------------------------------------------------------------------------------------------------------------
#      Timing Point        Flags    Arc   Edge    Cell      Power  Fanout Load Trans Delay Arrival      Instance     
#                                                           Domain        (fF)  (ps)  (ps)   (ps)       Location     
#--------------------------------------------------------------------------------------------------------------------
  clk_i                   (i)       -     R     (arrival)   pd_aon     65  0.0     0     0    4996             (-,-) 
  operand_b_i_sr_reg_0/CK <<< (p,m) -     R     SDFFSRHQX2  pd_aon     65    -     0     0    4996  (5.2000,17.1000) 
#--------------------------------------------------------------------------------------------------------------------



Path 100: MET (1194 ps) Setup Check with Pin operand_b_i_sr_reg_24/CK->D
           View: slow_0p9v_125c_cmax_func
          Group: clk_i
     Startpoint: (R) operand_b_i[24]
          Clock: (R) clk_i_virtual
       Endpoint: (R) operand_b_i_sr_reg_24/D
          Clock: (R) clk_i

                     Capture       Launch     
        Clock Edge:+    5000            0     
        Drv Adjust:+       0           -6     
       Src Latency:+       0            0     
       Net Latency:+       0 (I)        0 (I) 
           Arrival:=    5000           -6     
                                              
             Setup:-     257                  
       Uncertainty:-      55                  
     Required Time:=    4688                  
      Launch Clock:-      -6                  
       Input Delay:-    3500                  
         Data Path:-       0                  
             Slack:=    1194                  

Exceptions/Constraints:
  input_delay             3500            func.sdc.gz_line_654   

#------------------------------------------------------------------------------------------------------------------
#      Timing Point       Flags   Arc   Edge    Cell      Power  Fanout Load Trans Delay Arrival      Instance     
#                                                         Domain        (fF)  (ps)  (ps)   (ps)       Location     
#------------------------------------------------------------------------------------------------------------------
  operand_b_i[24]         (@)     -     R     (arrival)   pd_aon      1  1.3    54     0    3494             (-,-) 
  operand_b_i_sr_reg_24/D (p,m)   -     R     SDFFSRHQX2  pd_aon      1    -     -     0    3494  (5.2000,44.4600) 
#------------------------------------------------------------------------------------------------------------------

(p) : Instance is preserved but may be resized
(@) : Annotated capacitance.
(m) : Attribute cell_delay_multiplier is modified for this library cell.

Capture clock path:
#---------------------------------------------------------------------------------------------------------------------
#      Timing Point         Flags    Arc   Edge    Cell      Power  Fanout Load Trans Delay Arrival      Instance     
#                                                            Domain        (fF)  (ps)  (ps)   (ps)       Location     
#---------------------------------------------------------------------------------------------------------------------
  clk_i                    (i)       -     R     (arrival)   pd_aon     65  0.0     0     0    4996             (-,-) 
  operand_b_i_sr_reg_24/CK <<< (p,m) -     R     SDFFSRHQX2  pd_aon     65    -     0     0    4996  (5.2000,44.4600) 
#---------------------------------------------------------------------------------------------------------------------



Path 101: MET (1194 ps) Setup Check with Pin operand_b_i_sr_reg_1/CK->D
           View: slow_0p9v_125c_cmax_func
          Group: clk_i
     Startpoint: (R) operand_b_i[1]
          Clock: (R) clk_i_virtual
       Endpoint: (R) operand_b_i_sr_reg_1/D
          Clock: (R) clk_i

                     Capture       Launch     
        Clock Edge:+    5000            0     
        Drv Adjust:+       0           -6     
       Src Latency:+       0            0     
       Net Latency:+       0 (I)        0 (I) 
           Arrival:=    5000           -6     
                                              
             Setup:-     257                  
       Uncertainty:-      55                  
     Required Time:=    4688                  
      Launch Clock:-      -6                  
       Input Delay:-    3500                  
         Data Path:-       0                  
             Slack:=    1194                  

Exceptions/Constraints:
  input_delay             3500            func.sdc.gz_line_662   

#-----------------------------------------------------------------------------------------------------------------
#     Timing Point       Flags   Arc   Edge    Cell      Power  Fanout Load Trans Delay Arrival      Instance     
#                                                        Domain        (fF)  (ps)  (ps)   (ps)       Location     
#-----------------------------------------------------------------------------------------------------------------
  operand_b_i[1]         (@)     -     R     (arrival)   pd_aon      1  1.3    54     0    3494             (-,-) 
  operand_b_i_sr_reg_1/D (p,m)   -     R     SDFFSRHQX2  pd_aon      1    -     -     0    3494  (5.2000,18.8100) 
#-----------------------------------------------------------------------------------------------------------------

(p) : Instance is preserved but may be resized
(@) : Annotated capacitance.
(m) : Attribute cell_delay_multiplier is modified for this library cell.

Capture clock path:
#--------------------------------------------------------------------------------------------------------------------
#      Timing Point        Flags    Arc   Edge    Cell      Power  Fanout Load Trans Delay Arrival      Instance     
#                                                           Domain        (fF)  (ps)  (ps)   (ps)       Location     
#--------------------------------------------------------------------------------------------------------------------
  clk_i                   (i)       -     R     (arrival)   pd_aon     65  0.0     0     0    4996             (-,-) 
  operand_b_i_sr_reg_1/CK <<< (p,m) -     R     SDFFSRHQX2  pd_aon     65    -     0     0    4996  (5.2000,18.8100) 
#--------------------------------------------------------------------------------------------------------------------



Path 102: MET (1195 ps) Setup Check with Pin operand_b_i_sr_reg_2/CK->D
           View: slow_0p9v_125c_cmax_func
          Group: clk_i
     Startpoint: (R) operand_b_i[2]
          Clock: (R) clk_i_virtual
       Endpoint: (R) operand_b_i_sr_reg_2/D
          Clock: (R) clk_i

                     Capture       Launch     
        Clock Edge:+    5000            0     
        Drv Adjust:+       0           -6     
       Src Latency:+       0            0     
       Net Latency:+       0 (I)        0 (I) 
           Arrival:=    5000           -6     
                                              
             Setup:-     256                  
       Uncertainty:-      55                  
     Required Time:=    4688                  
      Launch Clock:-      -6                  
       Input Delay:-    3500                  
         Data Path:-       0                  
             Slack:=    1195                  

Exceptions/Constraints:
  input_delay             3500            func.sdc.gz_line_696   

#-----------------------------------------------------------------------------------------------------------------
#     Timing Point       Flags   Arc   Edge    Cell      Power  Fanout Load Trans Delay Arrival      Instance     
#                                                        Domain        (fF)  (ps)  (ps)   (ps)       Location     
#-----------------------------------------------------------------------------------------------------------------
  operand_b_i[2]         (@)     -     R     (arrival)   pd_aon      1  1.3    54     0    3494             (-,-) 
  operand_b_i_sr_reg_2/D (p,m)   -     R     SDFFSRHQX2  pd_aon      1    -     -     0    3494  (5.2000,20.5200) 
#-----------------------------------------------------------------------------------------------------------------

(p) : Instance is preserved but may be resized
(@) : Annotated capacitance.
(m) : Attribute cell_delay_multiplier is modified for this library cell.

Capture clock path:
#--------------------------------------------------------------------------------------------------------------------
#      Timing Point        Flags    Arc   Edge    Cell      Power  Fanout Load Trans Delay Arrival      Instance     
#                                                           Domain        (fF)  (ps)  (ps)   (ps)       Location     
#--------------------------------------------------------------------------------------------------------------------
  clk_i                   (i)       -     R     (arrival)   pd_aon     65  0.0     0     0    4996             (-,-) 
  operand_b_i_sr_reg_2/CK <<< (p,m) -     R     SDFFSRHQX2  pd_aon     65    -     0     0    4996  (5.2000,20.5200) 
#--------------------------------------------------------------------------------------------------------------------



Path 103: MET (1195 ps) Setup Check with Pin operand_b_i_sr_reg_18/CK->D
           View: slow_0p9v_125c_cmax_func
          Group: clk_i
     Startpoint: (R) operand_b_i[18]
          Clock: (R) clk_i_virtual
       Endpoint: (R) operand_b_i_sr_reg_18/D
          Clock: (R) clk_i

                     Capture       Launch     
        Clock Edge:+    5000            0     
        Drv Adjust:+       0           -6     
       Src Latency:+       0            0     
       Net Latency:+       0 (I)        0 (I) 
           Arrival:=    5000           -6     
                                              
             Setup:-     256                  
       Uncertainty:-      55                  
     Required Time:=    4688                  
      Launch Clock:-      -6                  
       Input Delay:-    3500                  
         Data Path:-       0                  
             Slack:=    1195                  

Exceptions/Constraints:
  input_delay             3500            func.sdc.gz_line_692   

#------------------------------------------------------------------------------------------------------------------
#      Timing Point       Flags   Arc   Edge    Cell      Power  Fanout Load Trans Delay Arrival      Instance     
#                                                         Domain        (fF)  (ps)  (ps)   (ps)       Location     
#------------------------------------------------------------------------------------------------------------------
  operand_b_i[18]         (@)     -     R     (arrival)   pd_aon      1  1.2    54     0    3494             (-,-) 
  operand_b_i_sr_reg_18/D (p,m)   -     R     SDFFSRHQX2  pd_aon      1    -     -     0    3494  (5.2000,35.9100) 
#------------------------------------------------------------------------------------------------------------------

(p) : Instance is preserved but may be resized
(@) : Annotated capacitance.
(m) : Attribute cell_delay_multiplier is modified for this library cell.

Capture clock path:
#---------------------------------------------------------------------------------------------------------------------
#      Timing Point         Flags    Arc   Edge    Cell      Power  Fanout Load Trans Delay Arrival      Instance     
#                                                            Domain        (fF)  (ps)  (ps)   (ps)       Location     
#---------------------------------------------------------------------------------------------------------------------
  clk_i                    (i)       -     R     (arrival)   pd_aon     65  0.0     0     0    4996             (-,-) 
  operand_b_i_sr_reg_18/CK <<< (p,m) -     R     SDFFSRHQX2  pd_aon     65    -     0     0    4996  (5.2000,35.9100) 
#---------------------------------------------------------------------------------------------------------------------



Path 104: MET (1195 ps) Setup Check with Pin operand_a_i_sr_reg_16/CK->D
           View: slow_0p9v_125c_cmax_func
          Group: clk_i
     Startpoint: (R) operand_a_i[16]
          Clock: (R) clk_i_virtual
       Endpoint: (R) operand_a_i_sr_reg_16/D
          Clock: (R) clk_i

                     Capture       Launch     
        Clock Edge:+    5000            0     
        Drv Adjust:+       0           -6     
       Src Latency:+       0            0     
       Net Latency:+       0 (I)        0 (I) 
           Arrival:=    5000           -6     
                                              
             Setup:-     256                  
       Uncertainty:-      55                  
     Required Time:=    4689                  
      Launch Clock:-      -6                  
       Input Delay:-    3500                  
         Data Path:-       0                  
             Slack:=    1195                  

Exceptions/Constraints:
  input_delay             3500            func.sdc.gz_line_714   

#------------------------------------------------------------------------------------------------------------------
#      Timing Point       Flags   Arc   Edge    Cell      Power  Fanout Load Trans Delay Arrival      Instance     
#                                                         Domain        (fF)  (ps)  (ps)   (ps)       Location     
#------------------------------------------------------------------------------------------------------------------
  operand_a_i[16]         (@)     -     R     (arrival)   pd_aon      1  1.2    54     0    3494             (-,-) 
  operand_a_i_sr_reg_16/D (p,m)   -     R     SDFFSRHQX2  pd_aon      1    -     -     0    3494  (5.2000,64.9800) 
#------------------------------------------------------------------------------------------------------------------

(p) : Instance is preserved but may be resized
(@) : Annotated capacitance.
(m) : Attribute cell_delay_multiplier is modified for this library cell.

Capture clock path:
#---------------------------------------------------------------------------------------------------------------------
#      Timing Point         Flags    Arc   Edge    Cell      Power  Fanout Load Trans Delay Arrival      Instance     
#                                                            Domain        (fF)  (ps)  (ps)   (ps)       Location     
#---------------------------------------------------------------------------------------------------------------------
  clk_i                    (i)       -     R     (arrival)   pd_aon     65  0.0     0     0    4996             (-,-) 
  operand_a_i_sr_reg_16/CK <<< (p,m) -     R     SDFFSRHQX2  pd_aon     65    -     0     0    4996  (5.2000,64.9800) 
#---------------------------------------------------------------------------------------------------------------------



Path 105: MET (1195 ps) Setup Check with Pin operand_a_i_sr_reg_24/CK->D
           View: slow_0p9v_125c_cmax_func
          Group: clk_i
     Startpoint: (R) operand_a_i[24]
          Clock: (R) clk_i_virtual
       Endpoint: (R) operand_a_i_sr_reg_24/D
          Clock: (R) clk_i

                     Capture       Launch     
        Clock Edge:+    5000            0     
        Drv Adjust:+       0           -6     
       Src Latency:+       0            0     
       Net Latency:+       0 (I)        0 (I) 
           Arrival:=    5000           -6     
                                              
             Setup:-     256                  
       Uncertainty:-      55                  
     Required Time:=    4689                  
      Launch Clock:-      -6                  
       Input Delay:-    3500                  
         Data Path:-       0                  
             Slack:=    1195                  

Exceptions/Constraints:
  input_delay             3500            func.sdc.gz_line_741   

#------------------------------------------------------------------------------------------------------------------
#      Timing Point       Flags   Arc   Edge    Cell      Power  Fanout Load Trans Delay Arrival      Instance     
#                                                         Domain        (fF)  (ps)  (ps)   (ps)       Location     
#------------------------------------------------------------------------------------------------------------------
  operand_a_i[24]         (@)     -     R     (arrival)   pd_aon      1  1.2    54     0    3494             (-,-) 
  operand_a_i_sr_reg_24/D (p,m)   -     R     SDFFSRHQX2  pd_aon      1    -     -     0    3494  (5.2000,73.5300) 
#------------------------------------------------------------------------------------------------------------------

(p) : Instance is preserved but may be resized
(@) : Annotated capacitance.
(m) : Attribute cell_delay_multiplier is modified for this library cell.

Capture clock path:
#---------------------------------------------------------------------------------------------------------------------
#      Timing Point         Flags    Arc   Edge    Cell      Power  Fanout Load Trans Delay Arrival      Instance     
#                                                            Domain        (fF)  (ps)  (ps)   (ps)       Location     
#---------------------------------------------------------------------------------------------------------------------
  clk_i                    (i)       -     R     (arrival)   pd_aon     65  0.0     0     0    4996             (-,-) 
  operand_a_i_sr_reg_24/CK <<< (p,m) -     R     SDFFSRHQX2  pd_aon     65    -     0     0    4996  (5.2000,73.5300) 
#---------------------------------------------------------------------------------------------------------------------



Path 106: MET (1196 ps) Setup Check with Pin operand_a_i_sr_reg_27/CK->D
           View: slow_0p9v_125c_cmax_func
          Group: clk_i
     Startpoint: (R) operand_a_i[27]
          Clock: (R) clk_i_virtual
       Endpoint: (R) operand_a_i_sr_reg_27/D
          Clock: (R) clk_i

                     Capture       Launch     
        Clock Edge:+    5000            0     
        Drv Adjust:+       0           -4     
       Src Latency:+       0            0     
       Net Latency:+       0 (I)        0 (I) 
           Arrival:=    5000           -4     
                                              
             Setup:-     253                  
       Uncertainty:-      55                  
     Required Time:=    4692                  
      Launch Clock:-      -4                  
       Input Delay:-    3500                  
         Data Path:-       0                  
             Slack:=    1196                  

Exceptions/Constraints:
  input_delay             3500            func.sdc.gz_line_698   

#------------------------------------------------------------------------------------------------------------------
#      Timing Point       Flags   Arc   Edge    Cell      Power  Fanout Load Trans Delay Arrival      Instance     
#                                                         Domain        (fF)  (ps)  (ps)   (ps)       Location     
#------------------------------------------------------------------------------------------------------------------
  operand_a_i[27]         (@)     -     R     (arrival)   pd_aon      1  2.0    58     0    3496             (-,-) 
  operand_a_i_sr_reg_27/D (p,m)   -     R     SDFFSRHQX1  pd_aon      1    -     -     0    3496  (4.8000,90.6300) 
#------------------------------------------------------------------------------------------------------------------

(p) : Instance is preserved but may be resized
(@) : Annotated capacitance.
(m) : Attribute cell_delay_multiplier is modified for this library cell.

Capture clock path:
#---------------------------------------------------------------------------------------------------------------------
#      Timing Point         Flags    Arc   Edge    Cell      Power  Fanout Load Trans Delay Arrival      Instance     
#                                                            Domain        (fF)  (ps)  (ps)   (ps)       Location     
#---------------------------------------------------------------------------------------------------------------------
  clk_i                    (i)       -     R     (arrival)   pd_aon     65  0.0     0     0    4996             (-,-) 
  operand_a_i_sr_reg_27/CK <<< (p,m) -     R     SDFFSRHQX1  pd_aon     65    -     0     0    4996  (4.8000,90.6300) 
#---------------------------------------------------------------------------------------------------------------------



Path 107: MET (1196 ps) Setup Check with Pin operand_a_i_sr_reg_3/CK->D
           View: slow_0p9v_125c_cmax_func
          Group: clk_i
     Startpoint: (R) operand_a_i[3]
          Clock: (R) clk_i_virtual
       Endpoint: (R) operand_a_i_sr_reg_3/D
          Clock: (R) clk_i

                     Capture       Launch     
        Clock Edge:+    5000            0     
        Drv Adjust:+       0           -4     
       Src Latency:+       0            0     
       Net Latency:+       0 (I)        0 (I) 
           Arrival:=    5000           -4     
                                              
             Setup:-     253                  
       Uncertainty:-      55                  
     Required Time:=    4692                  
      Launch Clock:-      -4                  
       Input Delay:-    3500                  
         Data Path:-       0                  
             Slack:=    1196                  

Exceptions/Constraints:
  input_delay             3500            func.sdc.gz_line_749   

#------------------------------------------------------------------------------------------------------------------
#     Timing Point       Flags   Arc   Edge    Cell      Power  Fanout Load Trans Delay Arrival      Instance      
#                                                        Domain        (fF)  (ps)  (ps)   (ps)       Location      
#------------------------------------------------------------------------------------------------------------------
  operand_a_i[3]         (@)     -     R     (arrival)   pd_aon      1  1.9    58     0    3496              (-,-) 
  operand_a_i_sr_reg_3/D (p,m)   -     R     SDFFSRHQX1  pd_aon      1    -     -     0    3496  (15.8000,53.0100) 
#------------------------------------------------------------------------------------------------------------------

(p) : Instance is preserved but may be resized
(@) : Annotated capacitance.
(m) : Attribute cell_delay_multiplier is modified for this library cell.

Capture clock path:
#---------------------------------------------------------------------------------------------------------------------
#      Timing Point        Flags    Arc   Edge    Cell      Power  Fanout Load Trans Delay Arrival      Instance      
#                                                           Domain        (fF)  (ps)  (ps)   (ps)       Location      
#---------------------------------------------------------------------------------------------------------------------
  clk_i                   (i)       -     R     (arrival)   pd_aon     65  0.0     0     0    4996              (-,-) 
  operand_a_i_sr_reg_3/CK <<< (p,m) -     R     SDFFSRHQX1  pd_aon     65    -     0     0    4996  (15.8000,53.0100) 
#---------------------------------------------------------------------------------------------------------------------



Path 108: MET (1199 ps) Setup Check with Pin operand_a_i_sr_reg_25/CK->D
           View: slow_0p9v_125c_cmax_func
          Group: clk_i
     Startpoint: (R) operand_a_i[25]
          Clock: (R) clk_i_virtual
       Endpoint: (R) operand_a_i_sr_reg_25/D
          Clock: (R) clk_i

                     Capture       Launch     
        Clock Edge:+    5000            0     
        Drv Adjust:+       0           -6     
       Src Latency:+       0            0     
       Net Latency:+       0 (I)        0 (I) 
           Arrival:=    5000           -6     
                                              
             Setup:-     252                  
       Uncertainty:-      55                  
     Required Time:=    4693                  
      Launch Clock:-      -6                  
       Input Delay:-    3500                  
         Data Path:-       0                  
             Slack:=    1199                  

Exceptions/Constraints:
  input_delay             3500            func.sdc.gz_line_638   

#------------------------------------------------------------------------------------------------------------------
#      Timing Point       Flags   Arc   Edge    Cell      Power  Fanout Load Trans Delay Arrival      Instance     
#                                                         Domain        (fF)  (ps)  (ps)   (ps)       Location     
#------------------------------------------------------------------------------------------------------------------
  operand_a_i[25]         (@)     -     R     (arrival)   pd_aon      1  1.4    55     0    3494             (-,-) 
  operand_a_i_sr_reg_25/D (p,m)   -     R     SDFFSRHQX1  pd_aon      1    -     -     0    3494  (5.2000,78.6600) 
#------------------------------------------------------------------------------------------------------------------

(p) : Instance is preserved but may be resized
(@) : Annotated capacitance.
(m) : Attribute cell_delay_multiplier is modified for this library cell.

Capture clock path:
#---------------------------------------------------------------------------------------------------------------------
#      Timing Point         Flags    Arc   Edge    Cell      Power  Fanout Load Trans Delay Arrival      Instance     
#                                                            Domain        (fF)  (ps)  (ps)   (ps)       Location     
#---------------------------------------------------------------------------------------------------------------------
  clk_i                    (i)       -     R     (arrival)   pd_aon     65  0.0     0     0    4996             (-,-) 
  operand_a_i_sr_reg_25/CK <<< (p,m) -     R     SDFFSRHQX1  pd_aon     65    -     0     0    4996  (5.2000,78.6600) 
#---------------------------------------------------------------------------------------------------------------------



Path 109: MET (1215 ps) Setup Check with Pin operand_b_i_sr_reg_15/CK->D
           View: slow_0p9v_125c_cmax_func
          Group: clk_i
     Startpoint: (R) operand_b_i[15]
          Clock: (R) clk_i_virtual
       Endpoint: (R) operand_b_i_sr_reg_15/D
          Clock: (R) clk_i

                     Capture       Launch     
        Clock Edge:+    5000            0     
        Drv Adjust:+       0           -2     
       Src Latency:+       0            0     
       Net Latency:+       0 (I)        0 (I) 
           Arrival:=    5000           -2     
                                              
             Setup:-     232                  
       Uncertainty:-      55                  
     Required Time:=    4713                  
      Launch Clock:-      -2                  
       Input Delay:-    3500                  
         Data Path:-       0                  
             Slack:=    1215                  

Exceptions/Constraints:
  input_delay             3500            func.sdc.gz_line_733   

#-----------------------------------------------------------------------------------------------------------------
#      Timing Point       Flags   Arc   Edge   Cell      Power  Fanout Load Trans Delay Arrival      Instance     
#                                                        Domain        (fF)  (ps)  (ps)   (ps)       Location     
#-----------------------------------------------------------------------------------------------------------------
  operand_b_i[15]         (@)     -     R     (arrival)  pd_aon      1  2.6    61     0    3498             (-,-) 
  operand_b_i_sr_reg_15/D (p,m)   -     R     SDFFRHQX4  pd_aon      1    -     -     0    3498  (5.6000,59.8500) 
#-----------------------------------------------------------------------------------------------------------------

(p) : Instance is preserved but may be resized
(@) : Annotated capacitance.
(m) : Attribute cell_delay_multiplier is modified for this library cell.

Capture clock path:
#--------------------------------------------------------------------------------------------------------------------
#      Timing Point         Flags    Arc   Edge   Cell      Power  Fanout Load Trans Delay Arrival      Instance     
#                                                           Domain        (fF)  (ps)  (ps)   (ps)       Location     
#--------------------------------------------------------------------------------------------------------------------
  clk_i                    (i)       -     R     (arrival)  pd_aon     65  0.0     0     0    4996             (-,-) 
  operand_b_i_sr_reg_15/CK <<< (p,m) -     R     SDFFRHQX4  pd_aon     65    -     0     0    4996  (5.6000,59.8500) 
#--------------------------------------------------------------------------------------------------------------------



Path 110: MET (1224 ps) Setup Check with Pin operand_a_i_sr_reg_1/CK->D
           View: slow_0p9v_125c_cmax_func
          Group: clk_i
     Startpoint: (R) operand_a_i[1]
          Clock: (R) clk_i_virtual
       Endpoint: (R) operand_a_i_sr_reg_1/D
          Clock: (R) clk_i

                     Capture       Launch     
        Clock Edge:+    5000            0     
        Drv Adjust:+       0           -4     
       Src Latency:+       0            0     
       Net Latency:+       0 (I)        0 (I) 
           Arrival:=    5000           -4     
                                              
             Setup:-     225                  
       Uncertainty:-      55                  
     Required Time:=    4720                  
      Launch Clock:-      -4                  
       Input Delay:-    3500                  
         Data Path:-       0                  
             Slack:=    1224                  

Exceptions/Constraints:
  input_delay             3500            func.sdc.gz_line_694   

#-----------------------------------------------------------------------------------------------------------------
#     Timing Point       Flags   Arc   Edge   Cell      Power  Fanout Load Trans Delay Arrival      Instance      
#                                                       Domain        (fF)  (ps)  (ps)   (ps)       Location      
#-----------------------------------------------------------------------------------------------------------------
  operand_a_i[1]         (@)     -     R     (arrival)  pd_aon      1  1.9    57     0    3496              (-,-) 
  operand_a_i_sr_reg_1/D (p,m)   -     R     SDFFRHQX2  pd_aon      1    -     -     0    3496  (16.4000,49.5900) 
#-----------------------------------------------------------------------------------------------------------------

(p) : Instance is preserved but may be resized
(@) : Annotated capacitance.
(m) : Attribute cell_delay_multiplier is modified for this library cell.

Capture clock path:
#--------------------------------------------------------------------------------------------------------------------
#      Timing Point        Flags    Arc   Edge   Cell      Power  Fanout Load Trans Delay Arrival      Instance      
#                                                          Domain        (fF)  (ps)  (ps)   (ps)       Location      
#--------------------------------------------------------------------------------------------------------------------
  clk_i                   (i)       -     R     (arrival)  pd_aon     65  0.0     0     0    4996              (-,-) 
  operand_a_i_sr_reg_1/CK <<< (p,m) -     R     SDFFRHQX2  pd_aon     65    -     0     0    4996  (16.4000,49.5900) 
#--------------------------------------------------------------------------------------------------------------------



Path 111: MET (1229 ps) Setup Check with Pin operand_a_i_sr_reg_17/CK->D
           View: slow_0p9v_125c_cmax_func
          Group: clk_i
     Startpoint: (R) operand_a_i[17]
          Clock: (R) clk_i_virtual
       Endpoint: (R) operand_a_i_sr_reg_17/D
          Clock: (R) clk_i

                     Capture       Launch     
        Clock Edge:+    5000            0     
        Drv Adjust:+       0           -7     
       Src Latency:+       0            0     
       Net Latency:+       0 (I)        0 (I) 
           Arrival:=    5000           -7     
                                              
             Setup:-     223                  
       Uncertainty:-      55                  
     Required Time:=    4722                  
      Launch Clock:-      -7                  
       Input Delay:-    3500                  
         Data Path:-       0                  
             Slack:=    1229                  

Exceptions/Constraints:
  input_delay             3500            func.sdc.gz_line_743   

#-----------------------------------------------------------------------------------------------------------------
#      Timing Point       Flags   Arc   Edge   Cell      Power  Fanout Load Trans Delay Arrival      Instance     
#                                                        Domain        (fF)  (ps)  (ps)   (ps)       Location     
#-----------------------------------------------------------------------------------------------------------------
  operand_a_i[17]         (@)     -     R     (arrival)  pd_aon      1  1.1    53     0    3493             (-,-) 
  operand_a_i_sr_reg_17/D (p,m)   -     R     SDFFRHQX2  pd_aon      1    -     -     0    3493  (5.6000,66.6900) 
#-----------------------------------------------------------------------------------------------------------------

(p) : Instance is preserved but may be resized
(@) : Annotated capacitance.
(m) : Attribute cell_delay_multiplier is modified for this library cell.

Capture clock path:
#--------------------------------------------------------------------------------------------------------------------
#      Timing Point         Flags    Arc   Edge   Cell      Power  Fanout Load Trans Delay Arrival      Instance     
#                                                           Domain        (fF)  (ps)  (ps)   (ps)       Location     
#--------------------------------------------------------------------------------------------------------------------
  clk_i                    (i)       -     R     (arrival)  pd_aon     65  0.0     0     0    4996             (-,-) 
  operand_a_i_sr_reg_17/CK <<< (p,m) -     R     SDFFRHQX2  pd_aon     65    -     0     0    4996  (5.6000,66.6900) 
#--------------------------------------------------------------------------------------------------------------------



Path 112: MET (1231 ps) Setup Check with Pin operand_b_i_sr_reg_7/CK->D
           View: slow_0p9v_125c_cmax_func
          Group: clk_i
     Startpoint: (R) operand_b_i[7]
          Clock: (R) clk_i_virtual
       Endpoint: (R) operand_b_i_sr_reg_7/D
          Clock: (R) clk_i

                     Capture       Launch     
        Clock Edge:+    5000            0     
        Drv Adjust:+       0           -7     
       Src Latency:+       0            0     
       Net Latency:+       0 (I)        0 (I) 
           Arrival:=    5000           -7     
                                              
             Setup:-     221                  
       Uncertainty:-      55                  
     Required Time:=    4724                  
      Launch Clock:-      -7                  
       Input Delay:-    3500                  
         Data Path:-       0                  
             Slack:=    1231                  

Exceptions/Constraints:
  input_delay             3500            func.sdc.gz_line_708   

#----------------------------------------------------------------------------------------------------------------
#     Timing Point       Flags   Arc   Edge   Cell      Power  Fanout Load Trans Delay Arrival      Instance     
#                                                       Domain        (fF)  (ps)  (ps)   (ps)       Location     
#----------------------------------------------------------------------------------------------------------------
  operand_b_i[7]         (@)     -     R     (arrival)  pd_aon      1  1.0    53     0    3493             (-,-) 
  operand_b_i_sr_reg_7/D (p,m)   -     R     SDFFRHQX1  pd_aon      1    -     -     0    3493  (5.0000,27.3600) 
#----------------------------------------------------------------------------------------------------------------

(p) : Instance is preserved but may be resized
(@) : Annotated capacitance.
(m) : Attribute cell_delay_multiplier is modified for this library cell.

Capture clock path:
#-------------------------------------------------------------------------------------------------------------------
#      Timing Point        Flags    Arc   Edge   Cell      Power  Fanout Load Trans Delay Arrival      Instance     
#                                                          Domain        (fF)  (ps)  (ps)   (ps)       Location     
#-------------------------------------------------------------------------------------------------------------------
  clk_i                   (i)       -     R     (arrival)  pd_aon     65  0.0     0     0    4996             (-,-) 
  operand_b_i_sr_reg_7/CK <<< (p,m) -     R     SDFFRHQX1  pd_aon     65    -     0     0    4996  (5.0000,27.3600) 
#-------------------------------------------------------------------------------------------------------------------



Path 113: MET (1235 ps) Late External Delay Assertion at pin result_o[52]
           View: slow_0p9v_125c_cmax_func
          Group: clk_i_virtual
     Startpoint: (R) operand_a_i_sr_reg_18/CK
          Clock: (R) clk_i
       Endpoint: (R) result_o[52]
          Clock: (R) clk_i_virtual

                     Capture       Launch     
        Clock Edge:+    5000            0     
       Src Latency:+       0            0     
       Net Latency:+       0 (I)        0 (I) 
           Arrival:=    5000            0     
                                              
      Output Delay:-    1500                  
       Uncertainty:-      55                  
     Required Time:=    3445                  
      Launch Clock:-       0                  
         Data Path:-    2210                  
             Slack:=    1235                  

Exceptions/Constraints:
  output_delay             1500            func.sdc.gz_line_807   

Launch clock path:
#----------------------------------------------------------------------------------------------------------------------
#      Timing Point         Flags    Arc   Edge    Cell      Power  Fanout Load Trans Delay Arrival      Instance      
#                                                            Domain        (fF)  (ps)  (ps)   (ps)       Location      
#----------------------------------------------------------------------------------------------------------------------
  clk_i                    (i)       -     R     (arrival)   pd_aon     65  0.0     0     0      -4              (-,-) 
  operand_a_i_sr_reg_18/CK <<< (p,m) -     R     SDFFSRHQX2  pd_aon     65    -     0     0      -4  (15.4000,68.4000) 
#----------------------------------------------------------------------------------------------------------------------

#---------------------------------------------------------------------------------------------------------------------------------------
#                Timing Point                 Flags   Arc   Edge    Cell      Power  Fanout Load Trans Delay Arrival      Instance      
#                                                                             Domain        (fF)  (ps)  (ps)   (ps)       Location      
#---------------------------------------------------------------------------------------------------------------------------------------
  operand_a_i_sr_reg_18/CK                    -       -     R     (arrival)   pd_aon     65    -     0     0       0              (-,-) 
  operand_a_i_sr_reg_18/Q                     (@,p,m) CK->Q R     SDFFSRHQX2  pd_aon      6  6.4    81   270     270  (15.4000,68.4000) 
  WALLACE_CSA_DUMMY_OP_groupi59_g3738/Y       (@,m)   A->Y  F     INVX2       pd_aon     12 10.1   152   135     404  (45.2000,56.4300) 
  WALLACE_CSA_DUMMY_OP_groupi59_g3652__6783/Y (@,m)   A->Y  R     NOR2X2      pd_aon      4  2.9   106   153     557  (43.4000,58.1400) 
  WALLACE_CSA_DUMMY_OP_groupi59_g3576__6260/Y (@,m)   A->Y  F     NOR2XL      pd_aon      1  0.4    61   112     670  (24.0000,59.8500) 
  WALLACE_CSA_DUMMY_OP_groupi59_g3571__6417/Y (@,m)   B0->Y R     AOI21X1     pd_aon      2  1.0    84    95     765  (23.6000,58.1400) 
  WALLACE_CSA_DUMMY_OP_groupi59_g3553/Y       (@,m)   A->Y  F     INVX1       pd_aon      1  0.5    39    74     840  (27.0000,58.1400) 
  WALLACE_CSA_DUMMY_OP_groupi59_g3551__7098/Y (@,m)   B->Y  R     NOR2X1      pd_aon      1  0.9    83    74     914  (30.0000,58.1400) 
  WALLACE_CSA_DUMMY_OP_groupi59_g3545__1617/Y (@,m)   B->Y  F     NOR2X2      pd_aon      4  1.9    54    75     989  (27.4000,56.4300) 
  WALLACE_CSA_DUMMY_OP_groupi59_g3500/Y       (@,m)   A->Y  R     INVXL       pd_aon      1  0.4    29    52    1041  (33.8000,56.4300) 
  WALLACE_CSA_DUMMY_OP_groupi59_g3482__9315/Y (@,m)   A->Y  F     MXI2XL      pd_aon      1  0.6   138   132    1173  (33.2000,54.7200) 
  WALLACE_CSA_DUMMY_OP_groupi59_g3448__4733/Y (@,m)   B->Y  F     XNOR2XL     pd_aon      2  0.7    54   178    1351  (33.4000,51.3000) 
  WALLACE_CSA_DUMMY_OP_groupi59_g3415__1666/Y (@,m)   B->Y  R     XNOR2X1     pd_aon      2  0.9    35   191    1542  (31.0000,49.5900) 
  WALLACE_CSA_DUMMY_OP_groupi59_g3796__7410/Y (@,m)   AN->Y R     NAND2BX1    pd_aon      3  1.5    68    93    1635  (31.2000,47.8800) 
  WALLACE_CSA_DUMMY_OP_groupi59_g3390__5526/Y (@,m)   B->Y  F     NAND2XL     pd_aon      1  0.4    89   105    1740  (30.4000,44.4600) 
  WALLACE_CSA_DUMMY_OP_groupi59_g3378__1666/Y (@,m)   B->Y  R     XNOR2X1     pd_aon      1  3.1    81   234    1974  (29.8000,42.7500) 
  FE_OFC24_result_o_52/Y                      (@,m)   A->Y  R     BUFX2       pd_aon      1  2.2    39   131    2105   (29.2000,3.4200) 
  FE_OFC258_result_o_52/Y                     (@,m)   A->Y  R     CLKBUFX20   pd_aon      1 10.5    38   105    2210   (29.2000,3.4200) 
  result_o[52]                                -       -     R     (port)      pd_aon      -    -     -     0    2210              (-,-) 
#---------------------------------------------------------------------------------------------------------------------------------------

(p) : Instance is preserved but may be resized
(@) : Annotated capacitance.
(m) : Attribute cell_delay_multiplier is modified for this library cell.



Path 114: MET (1317 ps) Late External Delay Assertion at pin result_o[36]
           View: slow_0p9v_125c_cmax_func
          Group: clk_i_virtual
     Startpoint: (R) operand_a_i_sr_reg_25/CK
          Clock: (R) clk_i
       Endpoint: (F) result_o[36]
          Clock: (R) clk_i_virtual

                     Capture       Launch     
        Clock Edge:+    5000            0     
       Src Latency:+       0            0     
       Net Latency:+       0 (I)        0 (I) 
           Arrival:=    5000            0     
                                              
      Output Delay:-    1500                  
       Uncertainty:-      55                  
     Required Time:=    3445                  
      Launch Clock:-       0                  
         Data Path:-    2128                  
             Slack:=    1317                  

Exceptions/Constraints:
  output_delay             1500            func.sdc.gz_line_780   

Launch clock path:
#---------------------------------------------------------------------------------------------------------------------
#      Timing Point         Flags    Arc   Edge    Cell      Power  Fanout Load Trans Delay Arrival      Instance     
#                                                            Domain        (fF)  (ps)  (ps)   (ps)       Location     
#---------------------------------------------------------------------------------------------------------------------
  clk_i                    (i)       -     R     (arrival)   pd_aon     65  0.0     0     0      -4             (-,-) 
  operand_a_i_sr_reg_25/CK <<< (p,m) -     R     SDFFSRHQX1  pd_aon     65    -     0     0      -4  (5.2000,78.6600) 
#---------------------------------------------------------------------------------------------------------------------

#---------------------------------------------------------------------------------------------------------------------------------------
#                Timing Point                 Flags   Arc   Edge    Cell      Power  Fanout Load Trans Delay Arrival      Instance      
#                                                                             Domain        (fF)  (ps)  (ps)   (ps)       Location      
#---------------------------------------------------------------------------------------------------------------------------------------
  operand_a_i_sr_reg_25/CK                    -       -     R     (arrival)   pd_aon     65    -     0     0       0              (-,-) 
  operand_a_i_sr_reg_25/Q                     (@,p,m) CK->Q F     SDFFSRHQX1  pd_aon      1  1.2    42   259     259   (5.2000,78.6600) 
  FE_OFC170_operand_a_i_sr_25/Y               (@,p,m) A->Y  R     INVX3       pd_aon     17 13.9   107    88     347   (5.6000,78.6600) 
  FE_OFC174_operand_a_i_sr_25/Y               (@,m)   A->Y  F     INVXL       pd_aon      1  0.3    41    98     445  (52.0000,47.8800) 
  WALLACE_CSA_DUMMY_OP_groupi58_g3650__3680/Y (@,m)   B->Y  F     CLKAND2X2   pd_aon      3  1.1    34   106     551  (52.4000,47.8800) 
  WALLACE_CSA_DUMMY_OP_groupi58_g3598/Y       (@,m)   A->Y  R     INVX1       pd_aon      2  1.0    34    42     593  (52.6000,46.1700) 
  WALLACE_CSA_DUMMY_OP_groupi58_g3576__5526/Y (@,m)   B->Y  F     NOR2X1      pd_aon      1  0.5    47    44     637  (53.8000,46.1700) 
  WALLACE_CSA_DUMMY_OP_groupi58_g3571__5107/Y (@,m)   B0->Y R     AOI21X1     pd_aon      2  0.9    78    84     721  (52.4000,44.4600) 
  WALLACE_CSA_DUMMY_OP_groupi58_g3553/Y       (@,m)   A->Y  F     INVXL       pd_aon      1  0.5    46    81     802  (54.0000,42.7500) 
  WALLACE_CSA_DUMMY_OP_groupi58_g3551__5115/Y (@,m)   B->Y  R     NOR2X1      pd_aon      1  0.9    77    76     878  (52.4000,42.7500) 
  WALLACE_CSA_DUMMY_OP_groupi58_g3545__5122/Y (@,m)   B->Y  F     NOR2X2      pd_aon      4  2.9    68    80     958  (50.6000,41.0400) 
  WALLACE_CSA_DUMMY_OP_groupi58_g3500/Y       (@,m)   A->Y  R     INVXL       pd_aon      1  0.4    32    62    1019  (52.2000,17.1000) 
  WALLACE_CSA_DUMMY_OP_groupi58_g3482__2346/Y (@,m)   A->Y  F     MXI2XL      pd_aon      1  0.6   134   131    1151  (50.2000,17.1000) 
  WALLACE_CSA_DUMMY_OP_groupi58_g3448__9945/Y (@,m)   B->Y  R     XNOR2XL     pd_aon      2  1.0    50   216    1366  (50.2000,13.6800) 
  WALLACE_CSA_DUMMY_OP_groupi58_g3415__5477/Y (@,m)   B->Y  F     XNOR2X1     pd_aon      2  0.7    35   151    1518  (51.8000,10.2600) 
  WALLACE_CSA_DUMMY_OP_groupi58_g3796__1617/Y (@,m)   AN->Y F     NAND2BXL    pd_aon      3  1.2   155   154    1672   (51.2000,6.8400) 
  WALLACE_CSA_DUMMY_OP_groupi58_g3390__1617/Y (@,m)   B->Y  R     NAND2XL     pd_aon      1  0.5    56   125    1797   (51.4000,5.1300) 
  WALLACE_CSA_DUMMY_OP_groupi58_g3378__5477/Y (@,m)   B->Y  F     XNOR2XL     pd_aon      1  0.3    29   138    1935   (50.0000,3.4200) 
  FE_OFC40_result_o_36/Y                      (@,m)   A->Y  F     BUFX2       pd_aon      1  2.0    44    94    2030   (45.2000,3.4200) 
  FE_OFC247_result_o_36/Y                     (@,m)   A->Y  F     CLKBUFX20   pd_aon      1 10.5    39    98    2128   (45.2000,3.4200) 
  result_o[36]                                -       -     F     (port)      pd_aon      -    -     -     0    2128              (-,-) 
#---------------------------------------------------------------------------------------------------------------------------------------

(p) : Instance is preserved but may be resized
(@) : Annotated capacitance.
(m) : Attribute cell_delay_multiplier is modified for this library cell.



Path 115: MET (1412 ps) Late External Delay Assertion at pin result_o[19]
           View: slow_0p9v_125c_cmax_func
          Group: clk_i_virtual
     Startpoint: (R) operand_a_i_sr_reg_0/CK
          Clock: (R) clk_i
       Endpoint: (R) result_o[19]
          Clock: (R) clk_i_virtual

                     Capture       Launch     
        Clock Edge:+    5000            0     
       Src Latency:+       0            0     
       Net Latency:+       0 (I)        0 (I) 
           Arrival:=    5000            0     
                                              
      Output Delay:-    1500                  
       Uncertainty:-      55                  
     Required Time:=    3445                  
      Launch Clock:-       0                  
         Data Path:-    2033                  
             Slack:=    1412                  

Exceptions/Constraints:
  output_delay             1500            func.sdc.gz_line_804   

Launch clock path:
#---------------------------------------------------------------------------------------------------------------------
#      Timing Point        Flags    Arc   Edge    Cell      Power  Fanout Load Trans Delay Arrival      Instance      
#                                                           Domain        (fF)  (ps)  (ps)   (ps)       Location      
#---------------------------------------------------------------------------------------------------------------------
  clk_i                   (i)       -     R     (arrival)   pd_aon     65  0.0     0     0      -4              (-,-) 
  operand_a_i_sr_reg_0/CK <<< (p,m) -     R     SDFFSRHQX2  pd_aon     65    -     0     0      -4  (15.8000,46.1700) 
#---------------------------------------------------------------------------------------------------------------------

#---------------------------------------------------------------------------------------------------------------------------------------
#                Timing Point                 Flags   Arc   Edge    Cell      Power  Fanout Load Trans Delay Arrival      Instance      
#                                                                             Domain        (fF)  (ps)  (ps)   (ps)       Location      
#---------------------------------------------------------------------------------------------------------------------------------------
  operand_a_i_sr_reg_0/CK                     -       -     R     (arrival)   pd_aon     65    -     0     0       0              (-,-) 
  operand_a_i_sr_reg_0/Q                      (@,p,m) CK->Q F     SDFFSRHQX2  pd_aon      6  8.2   119   320     320  (15.8000,46.1700) 
  fopt4059/Y                                  (@,m)   A->Y  R     INVX2       pd_aon     12  9.8   126   136     456  (66.4000,51.3000) 
  WALLACE_CSA_DUMMY_OP_groupi57_g3605__4319/Y (@,m)   B->Y  F     NOR2XL      pd_aon      2  0.7    74   124     580  (78.0000,61.5600) 
  fopt3872/Y                                  (@,m)   A->Y  R     INVX1       pd_aon      2  0.7    35    63     644  (79.6000,61.5600) 
  WALLACE_CSA_DUMMY_OP_groupi57_g3572__7098/Y (@,m)   A->Y  F     MXI2XL      pd_aon      1  0.8   155   145     789  (78.6000,59.8500) 
  WALLACE_CSA_DUMMY_OP_groupi57_g3546__2346/Y (@,m)   B->Y  R     XNOR2XL     pd_aon      2  1.2    57   229    1018  (82.2000,58.1400) 
  WALLACE_CSA_DUMMY_OP_groupi57_g3475__5477/S (@,m)   A->S  F     ADDHXL      pd_aon      1  0.9    60   212    1229  (83.4000,53.0100) 
  WALLACE_CSA_DUMMY_OP_groupi57_g3799__6131/Y (@,m)   S0->Y F     MXI2X1      pd_aon      1  1.3   134   146    1375  (80.2000,53.0100) 
  WALLACE_CSA_DUMMY_OP_groupi57_g3398__7410/S (@,m)   B->S  R     ADDFX1      pd_aon      1  3.9   109   406    1781  (72.4000,51.3000) 
  FE_OFC67_result_o_19/Y                      (@,m)   A->Y  R     BUFX2       pd_aon      1  2.2    39   146    1927   (62.2000,3.4200) 
  FE_OFC263_result_o_19/Y                     (@,m)   A->Y  R     CLKBUFX20   pd_aon      1 10.5    38   105    2033   (62.2000,3.4200) 
  result_o[19]                                -       -     R     (port)      pd_aon      -    -     -     0    2033              (-,-) 
#---------------------------------------------------------------------------------------------------------------------------------------

(p) : Instance is preserved but may be resized
(@) : Annotated capacitance.
(m) : Attribute cell_delay_multiplier is modified for this library cell.



Path 116: MET (1432 ps) Late External Delay Assertion at pin result_o[51]
           View: slow_0p9v_125c_cmax_func
          Group: clk_i_virtual
     Startpoint: (R) operand_a_i_sr_reg_17/CK
          Clock: (R) clk_i
       Endpoint: (R) result_o[51]
          Clock: (R) clk_i_virtual

                     Capture       Launch     
        Clock Edge:+    5000            0     
       Src Latency:+       0            0     
       Net Latency:+       0 (I)        0 (I) 
           Arrival:=    5000            0     
                                              
      Output Delay:-    1500                  
       Uncertainty:-      55                  
     Required Time:=    3445                  
      Launch Clock:-       0                  
         Data Path:-    2012                  
             Slack:=    1432                  

Exceptions/Constraints:
  output_delay             1500            func.sdc.gz_line_792   

Launch clock path:
#--------------------------------------------------------------------------------------------------------------------
#      Timing Point         Flags    Arc   Edge   Cell      Power  Fanout Load Trans Delay Arrival      Instance     
#                                                           Domain        (fF)  (ps)  (ps)   (ps)       Location     
#--------------------------------------------------------------------------------------------------------------------
  clk_i                    (i)       -     R     (arrival)  pd_aon     65  0.0     0     0      -4             (-,-) 
  operand_a_i_sr_reg_17/CK <<< (p,m) -     R     SDFFRHQX2  pd_aon     65    -     0     0      -4  (5.6000,66.6900) 
#--------------------------------------------------------------------------------------------------------------------

#---------------------------------------------------------------------------------------------------------------------------------------
#                Timing Point                  Flags   Arc   Edge   Cell      Power  Fanout Load Trans Delay Arrival      Instance      
#                                                                             Domain        (fF)  (ps)  (ps)   (ps)       Location      
#---------------------------------------------------------------------------------------------------------------------------------------
  operand_a_i_sr_reg_17/CK                     -       -     R     (arrival)  pd_aon     65    -     0     0       0              (-,-) 
  operand_a_i_sr_reg_17/Q                      (@,p,m) CK->Q R     SDFFRHQX2  pd_aon      7  8.9   115   334     334   (5.6000,66.6900) 
  FE_OFC187_operand_a_i_sr_17/Y                (@,m)   A->Y  F     INVX2      pd_aon      9  5.3    94   118     451  (50.4000,58.1400) 
  WALLACE_CSA_DUMMY_OP_groupi59_g3631__1881/Y  (@,m)   B->Y  R     NOR2XL     pd_aon      1  1.1   118   133     584  (51.0000,56.4300) 
  WALLACE_CSA_DUMMY_OP_groupi59_g3537__6260/CO (@,m)   B->CO R     ADDFXL     pd_aon      1  1.1    58   255     839  (49.2000,53.0100) 
  WALLACE_CSA_DUMMY_OP_groupi59_g3473__5122/S  (@,m)   CI->S F     ADDFXL     pd_aon      2  0.7    58   280    1119  (50.6000,49.5900) 
  WALLACE_CSA_DUMMY_OP_groupi59_g3464/Y        (@,m)   A->Y  R     INVXL      pd_aon      2  1.1    55    70    1189  (55.6000,49.5900) 
  WALLACE_CSA_DUMMY_OP_groupi59_g3799__2398/Y  (@,m)   A->Y  F     MXI2X1     pd_aon      1  1.7   156   158    1347  (54.4000,47.8800) 
  WALLACE_CSA_DUMMY_OP_groupi59_g3398__5122/S  (@,m)   B->S  R     ADDFX1     pd_aon      1  3.7   106   415    1762  (41.4000,47.8800) 
  FE_OFC25_result_o_51/Y                       (@,m)   A->Y  R     BUFX2      pd_aon      1  2.2    39   145    1907   (30.2000,3.4200) 
  FE_OFC262_result_o_51/Y                      (@,m)   A->Y  R     CLKBUFX20  pd_aon      1 10.5    38   105    2012   (30.2000,3.4200) 
  result_o[51]                                 -       -     R     (port)     pd_aon      -    -     -     0    2012              (-,-) 
#---------------------------------------------------------------------------------------------------------------------------------------

(p) : Instance is preserved but may be resized
(@) : Annotated capacitance.
(m) : Attribute cell_delay_multiplier is modified for this library cell.



Path 117: MET (1521 ps) Late External Delay Assertion at pin result_o[35]
           View: slow_0p9v_125c_cmax_func
          Group: clk_i_virtual
     Startpoint: (R) operand_b_i_sr_reg_3/CK
          Clock: (R) clk_i
       Endpoint: (R) result_o[35]
          Clock: (R) clk_i_virtual

                     Capture       Launch     
        Clock Edge:+    5000            0     
       Src Latency:+       0            0     
       Net Latency:+       0 (I)        0 (I) 
           Arrival:=    5000            0     
                                              
      Output Delay:-    1500                  
       Uncertainty:-      55                  
     Required Time:=    3445                  
      Launch Clock:-       0                  
         Data Path:-    1924                  
             Slack:=    1521                  

Exceptions/Constraints:
  output_delay             1500            func.sdc.gz_line_766   

Launch clock path:
#--------------------------------------------------------------------------------------------------------------------
#      Timing Point        Flags    Arc   Edge    Cell      Power  Fanout Load Trans Delay Arrival      Instance     
#                                                           Domain        (fF)  (ps)  (ps)   (ps)       Location     
#--------------------------------------------------------------------------------------------------------------------
  clk_i                   (i)       -     R     (arrival)   pd_aon     65  0.0     0     0      -4             (-,-) 
  operand_b_i_sr_reg_3/CK <<< (p,m) -     R     SDFFSRHQX4  pd_aon     65    -     0     0      -4  (5.0000,22.2300) 
#--------------------------------------------------------------------------------------------------------------------

#---------------------------------------------------------------------------------------------------------------------------------------
#                Timing Point                 Flags   Arc   Edge    Cell      Power  Fanout Load Trans Delay Arrival      Instance      
#                                                                             Domain        (fF)  (ps)  (ps)   (ps)       Location      
#---------------------------------------------------------------------------------------------------------------------------------------
  operand_b_i_sr_reg_3/CK                     -       -     R     (arrival)   pd_aon     65    -     0     0       0              (-,-) 
  operand_b_i_sr_reg_3/Q                      (@,p,m) CK->Q F     SDFFSRHQX4  pd_aon      6 10.0    83   323     323   (5.0000,22.2300) 
  fopt3997/Y                                  (@,m)   A->Y  R     INVX2       pd_aon     12  8.3   106   107     430  (56.4000,44.4600) 
  WALLACE_CSA_DUMMY_OP_groupi58_g3605__9315/Y (@,m)   A->Y  F     NOR2XL      pd_aon      2  0.6    66   116     546  (55.6000,42.7500) 
  fopt3871/Y                                  (@,m)   A->Y  R     INVXL       pd_aon      2  1.0    52    73     619  (56.4000,41.0400) 
  WALLACE_CSA_DUMMY_OP_groupi58_g3572__6260/Y (@,m)   A->Y  F     MXI2XL      pd_aon      1  0.7   145   152     771  (54.4000,41.0400) 
  WALLACE_CSA_DUMMY_OP_groupi58_g3546__8246/Y (@,m)   B->Y  R     XNOR2XL     pd_aon      2  1.9    83   240    1011  (53.8000,35.9100) 
  WALLACE_CSA_DUMMY_OP_groupi58_g3475__5115/S (@,m)   A->S  F     ADDHXL      pd_aon      1  0.7    54   222    1233  (53.0000,18.8100) 
  WALLACE_CSA_DUMMY_OP_groupi58_g3799__5122/Y (@,m)   S0->Y F     MXI2XL      pd_aon      1  0.9   163   154    1386  (50.0000,18.8100) 
  WALLACE_CSA_DUMMY_OP_groupi58_g3398__6131/S (@,m)   B->S  R     ADDFX1      pd_aon      1  2.8    86   407    1793  (48.6000,15.3900) 
  FE_OFC41_result_o_35/Y                      (@,m)   A->Y  R     CLKBUFX20   pd_aon      1 10.5    40   131    1924   (46.2000,3.4200) 
  result_o[35]                                -       -     R     (port)      pd_aon      -    -     -     0    1924              (-,-) 
#---------------------------------------------------------------------------------------------------------------------------------------

(p) : Instance is preserved but may be resized
(@) : Annotated capacitance.
(m) : Attribute cell_delay_multiplier is modified for this library cell.



Path 118: MET (1534 ps) Late External Delay Assertion at pin result_o[3]
           View: slow_0p9v_125c_cmax_func
          Group: clk_i_virtual
     Startpoint: (R) operand_a_i_sr_reg_8/CK
          Clock: (R) clk_i
       Endpoint: (R) result_o[3]
          Clock: (R) clk_i_virtual

                     Capture       Launch     
        Clock Edge:+    5000            0     
       Src Latency:+       0            0     
       Net Latency:+       0 (I)        0 (I) 
           Arrival:=    5000            0     
                                              
      Output Delay:-    1500                  
       Uncertainty:-      55                  
     Required Time:=    3445                  
      Launch Clock:-       0                  
         Data Path:-    1912                  
             Slack:=    1534                  

Exceptions/Constraints:
  output_delay             1500            func.sdc.gz_line_806   

Launch clock path:
#---------------------------------------------------------------------------------------------------------------------
#      Timing Point        Flags    Arc   Edge    Cell      Power  Fanout Load Trans Delay Arrival      Instance      
#                                                           Domain        (fF)  (ps)  (ps)   (ps)       Location      
#---------------------------------------------------------------------------------------------------------------------
  clk_i                   (i)       -     R     (arrival)   pd_aon     65  0.0     0     0      -4              (-,-) 
  operand_a_i_sr_reg_8/CK <<< (p,m) -     R     SDFFSRHQX2  pd_aon     65    -     0     0      -4  (14.6000,59.8500) 
#---------------------------------------------------------------------------------------------------------------------

#-------------------------------------------------------------------------------------------------------------------------------------
#               Timing Point                Flags   Arc   Edge    Cell      Power  Fanout Load Trans Delay Arrival      Instance      
#                                                                           Domain        (fF)  (ps)  (ps)   (ps)       Location      
#-------------------------------------------------------------------------------------------------------------------------------------
  operand_a_i_sr_reg_8/CK                   -       -     R     (arrival)   pd_aon     65    -     0     0       0              (-,-) 
  operand_a_i_sr_reg_8/Q                    (@,p,m) CK->Q R     SDFFSRHQX2  pd_aon     10 12.0   138   304     304  (14.6000,59.8500) 
  fopt3938/Y                                (@,m)   A->Y  F     INVX2       pd_aon      8  6.3   110   138     442  (73.8000,49.5900) 
  WALLACE_CSA_DUMMY_OP_groupi_g3641__9945/Y (@,m)   B->Y  R     NOR2XL      pd_aon      3  1.9   177   178     620  (79.0000,39.3300) 
  WALLACE_CSA_DUMMY_OP_groupi_g3572__1666/Y (@,m)   S0->Y F     MXI2XL      pd_aon      1  0.5   132   194     815  (83.8000,34.2000) 
  WALLACE_CSA_DUMMY_OP_groupi_g3546__6783/Y (@,m)   B->Y  R     XNOR2XL     pd_aon      2  1.6    74   229    1044  (84.4000,32.4900) 
  WALLACE_CSA_DUMMY_OP_groupi_g3475__1705/S (@,m)   A->S  F     ADDHXL      pd_aon      1  0.7    52   216    1260  (84.0000,18.8100) 
  WALLACE_CSA_DUMMY_OP_groupi_g3799__7410/Y (@,m)   S0->Y F     MXI2X1      pd_aon      1  1.2   130   139    1399  (84.0000,17.1000) 
  WALLACE_CSA_DUMMY_OP_groupi_g3398__1617/S (@,m)   B->S  R     ADDFX1      pd_aon      1  2.4    79   385    1784  (79.0000,11.9700) 
  FE_OFC83_result_o_3/Y                     (@,m)   A->Y  R     CLKBUFX20   pd_aon      1 10.5    39   127    1911   (78.2000,3.4200) 
  result_o[3]                               -       -     R     (port)      pd_aon      -    -     -     0    1912              (-,-) 
#-------------------------------------------------------------------------------------------------------------------------------------

(p) : Instance is preserved but may be resized
(@) : Annotated capacitance.
(m) : Attribute cell_delay_multiplier is modified for this library cell.



Path 119: MET (1668 ps) Late External Delay Assertion at pin result_o[50]
           View: slow_0p9v_125c_cmax_func
          Group: clk_i_virtual
     Startpoint: (R) operand_a_i_sr_reg_17/CK
          Clock: (R) clk_i
       Endpoint: (R) result_o[50]
          Clock: (R) clk_i_virtual

                     Capture       Launch     
        Clock Edge:+    5000            0     
       Src Latency:+       0            0     
       Net Latency:+       0 (I)        0 (I) 
           Arrival:=    5000            0     
                                              
      Output Delay:-    1500                  
       Uncertainty:-      55                  
     Required Time:=    3445                  
      Launch Clock:-       0                  
         Data Path:-    1777                  
             Slack:=    1668                  

Exceptions/Constraints:
  output_delay             1500            func.sdc.gz_line_778   

Launch clock path:
#--------------------------------------------------------------------------------------------------------------------
#      Timing Point         Flags    Arc   Edge   Cell      Power  Fanout Load Trans Delay Arrival      Instance     
#                                                           Domain        (fF)  (ps)  (ps)   (ps)       Location     
#--------------------------------------------------------------------------------------------------------------------
  clk_i                    (i)       -     R     (arrival)  pd_aon     65  0.0     0     0      -4             (-,-) 
  operand_a_i_sr_reg_17/CK <<< (p,m) -     R     SDFFRHQX2  pd_aon     65    -     0     0      -4  (5.6000,66.6900) 
#--------------------------------------------------------------------------------------------------------------------

#----------------------------------------------------------------------------------------------------------------------------------------
#                Timing Point                  Flags    Arc   Edge   Cell      Power  Fanout Load Trans Delay Arrival      Instance      
#                                                                              Domain        (fF)  (ps)  (ps)   (ps)       Location      
#----------------------------------------------------------------------------------------------------------------------------------------
  operand_a_i_sr_reg_17/CK                     -       -      R     (arrival)  pd_aon     65    -     0     0       0              (-,-) 
  operand_a_i_sr_reg_17/Q                      (@,p,m) CK->Q  R     SDFFRHQX2  pd_aon      7  8.9   115   334     334   (5.6000,66.6900) 
  FE_OFC187_operand_a_i_sr_17/Y                (@,m)   A->Y   F     INVX2      pd_aon      9  5.3    94   118     451  (50.4000,58.1400) 
  WALLACE_CSA_DUMMY_OP_groupi59_g3632__5115/Y  (@,m)   B->Y   R     NOR2XL     pd_aon      1  1.0   106   125     576  (49.6000,54.7200) 
  WALLACE_CSA_DUMMY_OP_groupi59_g3531__1666/S  (@,m)   B->S   F     ADDFXL     pd_aon      1  1.5    94   355     931  (44.8000,54.7200) 
  WALLACE_CSA_DUMMY_OP_groupi59_g3460__5107/CO (@,m)   CI->CO F     ADDFX1     pd_aon      1  1.3    63   225    1156  (38.4000,49.5900) 
  WALLACE_CSA_DUMMY_OP_groupi59_g3419__2398/S  (@,m)   B->S   R     ADDFX1     pd_aon      1  3.8   108   369    1525  (43.0000,49.5900) 
  FE_OFC26_result_o_50/Y                       (@,m)   A->Y   R     BUFX2      pd_aon      1  2.2    39   146    1671   (31.2000,3.4200) 
  FE_OFC264_result_o_50/Y                      (@,m)   A->Y   R     CLKBUFX20  pd_aon      1 10.5    38   105    1776   (31.2000,3.4200) 
  result_o[50]                                 -       -      R     (port)     pd_aon      -    -     -     0    1777              (-,-) 
#----------------------------------------------------------------------------------------------------------------------------------------

(p) : Instance is preserved but may be resized
(@) : Annotated capacitance.
(m) : Attribute cell_delay_multiplier is modified for this library cell.



Path 120: MET (1696 ps) Late External Delay Assertion at pin result_o[18]
           View: slow_0p9v_125c_cmax_func
          Group: clk_i_virtual
     Startpoint: (R) operand_b_i_sr_reg_24/CK
          Clock: (R) clk_i
       Endpoint: (R) result_o[18]
          Clock: (R) clk_i_virtual

                     Capture       Launch     
        Clock Edge:+    5000            0     
       Src Latency:+       0            0     
       Net Latency:+       0 (I)        0 (I) 
           Arrival:=    5000            0     
                                              
      Output Delay:-    1500                  
       Uncertainty:-      55                  
     Required Time:=    3445                  
      Launch Clock:-       0                  
         Data Path:-    1749                  
             Slack:=    1696                  

Exceptions/Constraints:
  output_delay             1500            func.sdc.gz_line_790   

Launch clock path:
#---------------------------------------------------------------------------------------------------------------------
#      Timing Point         Flags    Arc   Edge    Cell      Power  Fanout Load Trans Delay Arrival      Instance     
#                                                            Domain        (fF)  (ps)  (ps)   (ps)       Location     
#---------------------------------------------------------------------------------------------------------------------
  clk_i                    (i)       -     R     (arrival)   pd_aon     65  0.0     0     0      -4             (-,-) 
  operand_b_i_sr_reg_24/CK <<< (p,m) -     R     SDFFSRHQX2  pd_aon     65    -     0     0      -4  (5.2000,44.4600) 
#---------------------------------------------------------------------------------------------------------------------

#-----------------------------------------------------------------------------------------------------------------------------------------
#                Timing Point                  Flags    Arc   Edge    Cell      Power  Fanout Load Trans Delay Arrival      Instance      
#                                                                               Domain        (fF)  (ps)  (ps)   (ps)       Location      
#-----------------------------------------------------------------------------------------------------------------------------------------
  operand_b_i_sr_reg_24/CK                     -       -      R     (arrival)   pd_aon     65    -     0     0       0              (-,-) 
  operand_b_i_sr_reg_24/Q                      (@,p,m) CK->Q  R     SDFFSRHQX2  pd_aon     10 10.2   119   293     293   (5.2000,44.4600) 
  WALLACE_CSA_DUMMY_OP_groupi59_g3732/Y        (@,m)   A->Y   F     INVX2       pd_aon      8  6.0   106   126     419  (61.8000,54.7200) 
  WALLACE_CSA_DUMMY_OP_groupi57_g3657__7410/Y  (@,m)   A->Y   R     NOR2XL      pd_aon      1  1.0   110   142     561  (68.2000,56.4300) 
  WALLACE_CSA_DUMMY_OP_groupi57_g3531__1705/S  (@,m)   A->S   F     ADDFXL      pd_aon      1  1.2    77   356     917  (66.6000,54.7200) 
  WALLACE_CSA_DUMMY_OP_groupi57_g3460__1881/CO (@,m)   CI->CO F     ADDFX1      pd_aon      1  1.5    67   218    1135  (61.4000,53.0100) 
  WALLACE_CSA_DUMMY_OP_groupi57_g3419__6131/S  (@,m)   B->S   R     ADDFX1      pd_aon      1  3.5   101   366    1501  (67.2000,51.3000) 
  FE_OFC68_result_o_18/Y                       (@,m)   A->Y   R     BUFX2       pd_aon      1  2.2    39   142    1643   (63.2000,3.4200) 
  FE_OFC267_result_o_18/Y                      (@,m)   A->Y   R     CLKBUFX20   pd_aon      1 10.5    38   105    1748   (63.2000,3.4200) 
  result_o[18]                                 -       -      R     (port)      pd_aon      -    -     -     1    1749              (-,-) 
#-----------------------------------------------------------------------------------------------------------------------------------------

(p) : Instance is preserved but may be resized
(@) : Annotated capacitance.
(m) : Attribute cell_delay_multiplier is modified for this library cell.



Path 121: MET (1784 ps) Late External Delay Assertion at pin result_o[2]
           View: slow_0p9v_125c_cmax_func
          Group: clk_i_virtual
     Startpoint: (R) operand_a_i_sr_reg_1/CK
          Clock: (R) clk_i
       Endpoint: (R) result_o[2]
          Clock: (R) clk_i_virtual

                     Capture       Launch     
        Clock Edge:+    5000            0     
       Src Latency:+       0            0     
       Net Latency:+       0 (I)        0 (I) 
           Arrival:=    5000            0     
                                              
      Output Delay:-    1500                  
       Uncertainty:-      55                  
     Required Time:=    3445                  
      Launch Clock:-       0                  
         Data Path:-    1661                  
             Slack:=    1784                  

Exceptions/Constraints:
  output_delay             1500            func.sdc.gz_line_791   

Launch clock path:
#--------------------------------------------------------------------------------------------------------------------
#      Timing Point        Flags    Arc   Edge   Cell      Power  Fanout Load Trans Delay Arrival      Instance      
#                                                          Domain        (fF)  (ps)  (ps)   (ps)       Location      
#--------------------------------------------------------------------------------------------------------------------
  clk_i                   (i)       -     R     (arrival)  pd_aon     65  0.0     0     0      -4              (-,-) 
  operand_a_i_sr_reg_1/CK <<< (p,m) -     R     SDFFRHQX2  pd_aon     65    -     0     0      -4  (16.4000,49.5900) 
#--------------------------------------------------------------------------------------------------------------------

#--------------------------------------------------------------------------------------------------------------------------------------
#               Timing Point                 Flags    Arc   Edge   Cell      Power  Fanout Load Trans Delay Arrival      Instance      
#                                                                            Domain        (fF)  (ps)  (ps)   (ps)       Location      
#--------------------------------------------------------------------------------------------------------------------------------------
  operand_a_i_sr_reg_1/CK                    -       -      R     (arrival)  pd_aon     65    -     0     0       0              (-,-) 
  operand_a_i_sr_reg_1/Q                     (@,p,m) CK->Q  R     SDFFRHQX2  pd_aon      6 11.0   136   346     346  (16.4000,49.5900) 
  fopt4115/Y                                 (@,m)   A->Y   F     CLKINVX4   pd_aon     12 10.4    97   123     470  (66.2000,53.0100) 
  WALLACE_CSA_DUMMY_OP_groupi_g3632__7098/Y  (@,m)   B->Y   R     NOR2XL     pd_aon      1  1.1   113   131     601  (77.8000,29.0700) 
  WALLACE_CSA_DUMMY_OP_groupi_g3531__9945/S  (@,m)   B->S   F     ADDFXL     pd_aon      1  1.5    93   358     959  (77.0000,27.3600) 
  WALLACE_CSA_DUMMY_OP_groupi_g3460__6417/CO (@,m)   CI->CO F     ADDFX1     pd_aon      1  1.1    57   220    1179  (76.6000,13.6800) 
  WALLACE_CSA_DUMMY_OP_groupi_g3419__7410/S  (@,m)   B->S   R     ADDFX1     pd_aon      1  2.7    85   352    1531  (79.0000,15.3900) 
  FE_OFC84_result_o_2/Y                      (@,m)   A->Y   R     CLKBUFX20  pd_aon      1 10.5    39   130    1661   (79.2000,3.4200) 
  result_o[2]                                -       -      R     (port)     pd_aon      -    -     -     0    1661              (-,-) 
#--------------------------------------------------------------------------------------------------------------------------------------

(p) : Instance is preserved but may be resized
(@) : Annotated capacitance.
(m) : Attribute cell_delay_multiplier is modified for this library cell.



Path 122: MET (1802 ps) Late External Delay Assertion at pin result_o[34]
           View: slow_0p9v_125c_cmax_func
          Group: clk_i_virtual
     Startpoint: (R) operand_a_i_sr_reg_17/CK
          Clock: (R) clk_i
       Endpoint: (R) result_o[34]
          Clock: (R) clk_i_virtual

                     Capture       Launch     
        Clock Edge:+    5000            0     
       Src Latency:+       0            0     
       Net Latency:+       0 (I)        0 (I) 
           Arrival:=    5000            0     
                                              
      Output Delay:-    1500                  
       Uncertainty:-      55                  
     Required Time:=    3445                  
      Launch Clock:-       0                  
         Data Path:-    1643                  
             Slack:=    1802                  

Exceptions/Constraints:
  output_delay             1500            func.sdc.gz_line_815   

Launch clock path:
#--------------------------------------------------------------------------------------------------------------------
#      Timing Point         Flags    Arc   Edge   Cell      Power  Fanout Load Trans Delay Arrival      Instance     
#                                                           Domain        (fF)  (ps)  (ps)   (ps)       Location     
#--------------------------------------------------------------------------------------------------------------------
  clk_i                    (i)       -     R     (arrival)  pd_aon     65  0.0     0     0      -4             (-,-) 
  operand_a_i_sr_reg_17/CK <<< (p,m) -     R     SDFFRHQX2  pd_aon     65    -     0     0      -4  (5.6000,66.6900) 
#--------------------------------------------------------------------------------------------------------------------

#----------------------------------------------------------------------------------------------------------------------------------------
#                Timing Point                  Flags    Arc   Edge   Cell      Power  Fanout Load Trans Delay Arrival      Instance      
#                                                                              Domain        (fF)  (ps)  (ps)   (ps)       Location      
#----------------------------------------------------------------------------------------------------------------------------------------
  operand_a_i_sr_reg_17/CK                     -       -      R     (arrival)  pd_aon     65    -     0     0       0              (-,-) 
  operand_a_i_sr_reg_17/Q                      (@,p,m) CK->Q  R     SDFFRHQX2  pd_aon      7  8.9   115   334     334   (5.6000,66.6900) 
  FE_OFC187_operand_a_i_sr_17/Y                (@,m)   A->Y   F     INVX2      pd_aon      9  5.3    94   118     451  (50.4000,58.1400) 
  WALLACE_CSA_DUMMY_OP_groupi58_g3632__6161/Y  (@,m)   B->Y   R     NOR2XL     pd_aon      1  1.0   110   128     579  (54.2000,32.4900) 
  WALLACE_CSA_DUMMY_OP_groupi58_g3531__5477/S  (@,m)   B->S   F     ADDFXL     pd_aon      1  1.5    92   356     935  (48.8000,32.4900) 
  WALLACE_CSA_DUMMY_OP_groupi58_g3460__8428/CO (@,m)   CI->CO F     ADDFX1     pd_aon      1  1.1    57   220    1155  (46.8000,22.2300) 
  WALLACE_CSA_DUMMY_OP_groupi58_g3419__4319/S  (@,m)   B->S   R     ADDFX1     pd_aon      1  3.0    90   355    1510  (48.2000,20.5200) 
  FE_OFC42_result_o_34/Y                       (@,m)   A->Y   R     CLKBUFX20  pd_aon      1 10.5    40   133    1643   (47.2000,3.4200) 
  result_o[34]                                 -       -      R     (port)     pd_aon      -    -     -     0    1643              (-,-) 
#----------------------------------------------------------------------------------------------------------------------------------------

(p) : Instance is preserved but may be resized
(@) : Annotated capacitance.
(m) : Attribute cell_delay_multiplier is modified for this library cell.



Path 123: MET (1893 ps) Late External Delay Assertion at pin result_o[49]
           View: slow_0p9v_125c_cmax_func
          Group: clk_i_virtual
     Startpoint: (R) operand_a_i_sr_reg_17/CK
          Clock: (R) clk_i
       Endpoint: (R) result_o[49]
          Clock: (R) clk_i_virtual

                     Capture       Launch     
        Clock Edge:+    5000            0     
       Src Latency:+       0            0     
       Net Latency:+       0 (I)        0 (I) 
           Arrival:=    5000            0     
                                              
      Output Delay:-    1500                  
       Uncertainty:-      55                  
     Required Time:=    3445                  
      Launch Clock:-       0                  
         Data Path:-    1552                  
             Slack:=    1893                  

Exceptions/Constraints:
  output_delay             1500            func.sdc.gz_line_800   

Launch clock path:
#--------------------------------------------------------------------------------------------------------------------
#      Timing Point         Flags    Arc   Edge   Cell      Power  Fanout Load Trans Delay Arrival      Instance     
#                                                           Domain        (fF)  (ps)  (ps)   (ps)       Location     
#--------------------------------------------------------------------------------------------------------------------
  clk_i                    (i)       -     R     (arrival)  pd_aon     65  0.0     0     0      -4             (-,-) 
  operand_a_i_sr_reg_17/CK <<< (p,m) -     R     SDFFRHQX2  pd_aon     65    -     0     0      -4  (5.6000,66.6900) 
#--------------------------------------------------------------------------------------------------------------------

#--------------------------------------------------------------------------------------------------------------------------------------
#                Timing Point                 Flags   Arc   Edge   Cell      Power  Fanout Load Trans Delay Arrival      Instance      
#                                                                            Domain        (fF)  (ps)  (ps)   (ps)       Location      
#--------------------------------------------------------------------------------------------------------------------------------------
  operand_a_i_sr_reg_17/CK                    -       -     R     (arrival)  pd_aon     65    -     0     0       0              (-,-) 
  operand_a_i_sr_reg_17/Q                     (@,p,m) CK->Q R     SDFFRHQX2  pd_aon      7  8.9   115   334     334   (5.6000,66.6900) 
  FE_OFC187_operand_a_i_sr_17/Y               (@,m)   A->Y  F     INVX2      pd_aon      9  5.3    94   118     451  (50.4000,58.1400) 
  WALLACE_CSA_DUMMY_OP_groupi59_g3632__5115/Y (@,m)   B->Y  R     NOR2XL     pd_aon      1  1.0   106   125     576  (49.6000,54.7200) 
  WALLACE_CSA_DUMMY_OP_groupi59_g3531__1666/S (@,m)   B->S  F     ADDFXL     pd_aon      1  1.5    94   355     931  (44.8000,54.7200) 
  WALLACE_CSA_DUMMY_OP_groupi59_g3460__5107/S (@,m)   CI->S R     ADDFX1     pd_aon      1  3.5   101   374    1305  (38.4000,49.5900) 
  FE_OFC27_result_o_49/Y                      (@,m)   A->Y  R     BUFX2      pd_aon      1  2.2    39   142    1447   (32.2000,3.4200) 
  FE_OFC270_result_o_49/Y                     (@,m)   A->Y  R     CLKBUFX20  pd_aon      1 10.5    38   105    1552   (32.2000,3.4200) 
  result_o[49]                                -       -     R     (port)     pd_aon      -    -     -     1    1552              (-,-) 
#--------------------------------------------------------------------------------------------------------------------------------------

(p) : Instance is preserved but may be resized
(@) : Annotated capacitance.
(m) : Attribute cell_delay_multiplier is modified for this library cell.



Path 124: MET (1906 ps) Late External Delay Assertion at pin result_o[17]
           View: slow_0p9v_125c_cmax_func
          Group: clk_i_virtual
     Startpoint: (R) operand_b_i_sr_reg_24/CK
          Clock: (R) clk_i
       Endpoint: (R) result_o[17]
          Clock: (R) clk_i_virtual

                     Capture       Launch     
        Clock Edge:+    5000            0     
       Src Latency:+       0            0     
       Net Latency:+       0 (I)        0 (I) 
           Arrival:=    5000            0     
                                              
      Output Delay:-    1500                  
       Uncertainty:-      55                  
     Required Time:=    3445                  
      Launch Clock:-       0                  
         Data Path:-    1539                  
             Slack:=    1906                  

Exceptions/Constraints:
  output_delay             1500            func.sdc.gz_line_775   

Launch clock path:
#---------------------------------------------------------------------------------------------------------------------
#      Timing Point         Flags    Arc   Edge    Cell      Power  Fanout Load Trans Delay Arrival      Instance     
#                                                            Domain        (fF)  (ps)  (ps)   (ps)       Location     
#---------------------------------------------------------------------------------------------------------------------
  clk_i                    (i)       -     R     (arrival)   pd_aon     65  0.0     0     0      -4             (-,-) 
  operand_b_i_sr_reg_24/CK <<< (p,m) -     R     SDFFSRHQX2  pd_aon     65    -     0     0      -4  (5.2000,44.4600) 
#---------------------------------------------------------------------------------------------------------------------

#---------------------------------------------------------------------------------------------------------------------------------------
#                Timing Point                 Flags   Arc   Edge    Cell      Power  Fanout Load Trans Delay Arrival      Instance      
#                                                                             Domain        (fF)  (ps)  (ps)   (ps)       Location      
#---------------------------------------------------------------------------------------------------------------------------------------
  operand_b_i_sr_reg_24/CK                    -       -     R     (arrival)   pd_aon     65    -     0     0       0              (-,-) 
  operand_b_i_sr_reg_24/Q                     (@,p,m) CK->Q R     SDFFSRHQX2  pd_aon     10 10.2   119   293     293   (5.2000,44.4600) 
  WALLACE_CSA_DUMMY_OP_groupi59_g3732/Y       (@,m)   A->Y  F     INVX2       pd_aon      8  6.0   106   126     419  (61.8000,54.7200) 
  WALLACE_CSA_DUMMY_OP_groupi57_g3657__7410/Y (@,m)   A->Y  R     NOR2XL      pd_aon      1  1.0   110   142     561  (68.2000,56.4300) 
  WALLACE_CSA_DUMMY_OP_groupi57_g3531__1705/S (@,m)   A->S  F     ADDFXL      pd_aon      1  1.2    77   356     917  (66.6000,54.7200) 
  WALLACE_CSA_DUMMY_OP_groupi57_g3460__1881/S (@,m)   CI->S R     ADDFX1      pd_aon      1  3.9   109   370    1287  (61.4000,53.0100) 
  FE_OFC69_result_o_17/Y                      (@,m)   A->Y  R     BUFX2       pd_aon      1  2.2    39   146    1433   (64.2000,3.4200) 
  FE_OFC269_result_o_17/Y                     (@,m)   A->Y  R     CLKBUFX20   pd_aon      1 10.5    38   105    1538   (64.2000,3.4200) 
  result_o[17]                                -       -     R     (port)      pd_aon      -    -     -     0    1539              (-,-) 
#---------------------------------------------------------------------------------------------------------------------------------------

(p) : Instance is preserved but may be resized
(@) : Annotated capacitance.
(m) : Attribute cell_delay_multiplier is modified for this library cell.



Path 125: MET (1938 ps) Late External Delay Assertion at pin result_o[33]
           View: slow_0p9v_125c_cmax_func
          Group: clk_i_virtual
     Startpoint: (R) operand_a_i_sr_reg_17/CK
          Clock: (R) clk_i
       Endpoint: (R) result_o[33]
          Clock: (R) clk_i_virtual

                     Capture       Launch     
        Clock Edge:+    5000            0     
       Src Latency:+       0            0     
       Net Latency:+       0 (I)        0 (I) 
           Arrival:=    5000            0     
                                              
      Output Delay:-    1500                  
       Uncertainty:-      55                  
     Required Time:=    3445                  
      Launch Clock:-       0                  
         Data Path:-    1507                  
             Slack:=    1938                  

Exceptions/Constraints:
  output_delay             1500            func.sdc.gz_line_802   

Launch clock path:
#--------------------------------------------------------------------------------------------------------------------
#      Timing Point         Flags    Arc   Edge   Cell      Power  Fanout Load Trans Delay Arrival      Instance     
#                                                           Domain        (fF)  (ps)  (ps)   (ps)       Location     
#--------------------------------------------------------------------------------------------------------------------
  clk_i                    (i)       -     R     (arrival)  pd_aon     65  0.0     0     0      -4             (-,-) 
  operand_a_i_sr_reg_17/CK <<< (p,m) -     R     SDFFRHQX2  pd_aon     65    -     0     0      -4  (5.6000,66.6900) 
#--------------------------------------------------------------------------------------------------------------------

#--------------------------------------------------------------------------------------------------------------------------------------
#                Timing Point                 Flags   Arc   Edge   Cell      Power  Fanout Load Trans Delay Arrival      Instance      
#                                                                            Domain        (fF)  (ps)  (ps)   (ps)       Location      
#--------------------------------------------------------------------------------------------------------------------------------------
  operand_a_i_sr_reg_17/CK                    -       -     R     (arrival)  pd_aon     65    -     0     0       0              (-,-) 
  operand_a_i_sr_reg_17/Q                     (@,p,m) CK->Q R     SDFFRHQX2  pd_aon      7  8.9   115   334     334   (5.6000,66.6900) 
  FE_OFC187_operand_a_i_sr_17/Y               (@,m)   A->Y  F     INVX2      pd_aon      9  5.3    94   118     451  (50.4000,58.1400) 
  WALLACE_CSA_DUMMY_OP_groupi58_g3632__6161/Y (@,m)   B->Y  R     NOR2XL     pd_aon      1  1.0   110   128     579  (54.2000,32.4900) 
  WALLACE_CSA_DUMMY_OP_groupi58_g3531__5477/S (@,m)   B->S  F     ADDFXL     pd_aon      1  1.5    92   356     935  (48.8000,32.4900) 
  WALLACE_CSA_DUMMY_OP_groupi58_g3460__8428/S (@,m)   CI->S R     ADDFX1     pd_aon      1  1.5    60   348    1283  (46.8000,22.2300) 
  FE_OFC43_result_o_33/Y                      (@,m)   A->Y  R     BUFX2      pd_aon      1  2.2    38   119    1402   (48.2000,3.4200) 
  FE_OFC268_result_o_33/Y                     (@,m)   A->Y  R     CLKBUFX20  pd_aon      1 10.5    38   105    1506   (48.2000,3.4200) 
  result_o[33]                                -       -     R     (port)     pd_aon      -    -     -     1    1507              (-,-) 
#--------------------------------------------------------------------------------------------------------------------------------------

(p) : Instance is preserved but may be resized
(@) : Annotated capacitance.
(m) : Attribute cell_delay_multiplier is modified for this library cell.



Path 126: MET (1989 ps) Late External Delay Assertion at pin result_o[1]
           View: slow_0p9v_125c_cmax_func
          Group: clk_i_virtual
     Startpoint: (R) operand_a_i_sr_reg_1/CK
          Clock: (R) clk_i
       Endpoint: (R) result_o[1]
          Clock: (R) clk_i_virtual

                     Capture       Launch     
        Clock Edge:+    5000            0     
       Src Latency:+       0            0     
       Net Latency:+       0 (I)        0 (I) 
           Arrival:=    5000            0     
                                              
      Output Delay:-    1500                  
       Uncertainty:-      55                  
     Required Time:=    3445                  
      Launch Clock:-       0                  
         Data Path:-    1456                  
             Slack:=    1989                  

Exceptions/Constraints:
  output_delay             1500            func.sdc.gz_line_776   

Launch clock path:
#--------------------------------------------------------------------------------------------------------------------
#      Timing Point        Flags    Arc   Edge   Cell      Power  Fanout Load Trans Delay Arrival      Instance      
#                                                          Domain        (fF)  (ps)  (ps)   (ps)       Location      
#--------------------------------------------------------------------------------------------------------------------
  clk_i                   (i)       -     R     (arrival)  pd_aon     65  0.0     0     0      -4              (-,-) 
  operand_a_i_sr_reg_1/CK <<< (p,m) -     R     SDFFRHQX2  pd_aon     65    -     0     0      -4  (16.4000,49.5900) 
#--------------------------------------------------------------------------------------------------------------------

#------------------------------------------------------------------------------------------------------------------------------------
#               Timing Point                Flags   Arc   Edge   Cell      Power  Fanout Load Trans Delay Arrival      Instance      
#                                                                          Domain        (fF)  (ps)  (ps)   (ps)       Location      
#------------------------------------------------------------------------------------------------------------------------------------
  operand_a_i_sr_reg_1/CK                   -       -     R     (arrival)  pd_aon     65    -     0     0       0              (-,-) 
  operand_a_i_sr_reg_1/Q                    (@,p,m) CK->Q R     SDFFRHQX2  pd_aon      6 11.0   136   346     346  (16.4000,49.5900) 
  fopt4115/Y                                (@,m)   A->Y  F     CLKINVX4   pd_aon     12 10.4    97   123     470  (66.2000,53.0100) 
  WALLACE_CSA_DUMMY_OP_groupi_g3632__7098/Y (@,m)   B->Y  R     NOR2XL     pd_aon      1  1.1   113   131     601  (77.8000,29.0700) 
  WALLACE_CSA_DUMMY_OP_groupi_g3531__9945/S (@,m)   B->S  F     ADDFXL     pd_aon      1  1.5    93   358     959  (77.0000,27.3600) 
  WALLACE_CSA_DUMMY_OP_groupi_g3460__6417/S (@,m)   CI->S R     ADDFX1     pd_aon      1  2.9    88   365    1324  (76.6000,13.6800) 
  FE_OFC112_result_o_1/Y                    (@,m)   A->Y  R     CLKBUFX20  pd_aon      1 10.5    40   132    1455   (80.2000,3.4200) 
  result_o[1]                               -       -     R     (port)     pd_aon      -    -     -     0    1456              (-,-) 
#------------------------------------------------------------------------------------------------------------------------------------

(p) : Instance is preserved but may be resized
(@) : Annotated capacitance.
(m) : Attribute cell_delay_multiplier is modified for this library cell.



Path 127: MET (2442 ps) Late External Delay Assertion at pin result_o[48]
           View: slow_0p9v_125c_cmax_func
          Group: clk_i_virtual
     Startpoint: (R) operand_b_i_sr_reg_8/CK
          Clock: (R) clk_i
       Endpoint: (R) result_o[48]
          Clock: (R) clk_i_virtual

                     Capture       Launch     
        Clock Edge:+    5000            0     
       Src Latency:+       0            0     
       Net Latency:+       0 (I)        0 (I) 
           Arrival:=    5000            0     
                                              
      Output Delay:-    1500                  
       Uncertainty:-      55                  
     Required Time:=    3445                  
      Launch Clock:-       0                  
         Data Path:-    1003                  
             Slack:=    2442                  

Exceptions/Constraints:
  output_delay             1500            func.sdc.gz_line_787   

Launch clock path:
#---------------------------------------------------------------------------------------------------------------------
#      Timing Point        Flags    Arc   Edge    Cell      Power  Fanout Load Trans Delay Arrival      Instance      
#                                                           Domain        (fF)  (ps)  (ps)   (ps)       Location      
#---------------------------------------------------------------------------------------------------------------------
  clk_i                   (i)       -     R     (arrival)   pd_aon     65  0.0     0     0      -4              (-,-) 
  operand_b_i_sr_reg_8/CK <<< (p,m) -     R     SDFFSRHQX2  pd_aon     65    -     0     0      -4  (15.2000,35.9100) 
#---------------------------------------------------------------------------------------------------------------------

#---------------------------------------------------------------------------------------------------------------------------------------
#                Timing Point                 Flags   Arc   Edge    Cell      Power  Fanout Load Trans Delay Arrival      Instance      
#                                                                             Domain        (fF)  (ps)  (ps)   (ps)       Location      
#---------------------------------------------------------------------------------------------------------------------------------------
  operand_b_i_sr_reg_8/CK                     -       -     R     (arrival)   pd_aon     65    -     0     0       0              (-,-) 
  operand_b_i_sr_reg_8/Q                      (@,p,m) CK->Q R     SDFFSRHQX2  pd_aon     10 10.2   119   293     293  (15.2000,35.9100) 
  WALLACE_CSA_DUMMY_OP_groupi59_g3601__7098/Y (@,m)   A->Y  F     NAND2XL     pd_aon      2  0.7   111   162     454  (35.8000,47.8800) 
  WALLACE_CSA_DUMMY_OP_groupi59_g3566__2883/Y (@,m)   A->Y  R     XOR2XL      pd_aon      1  3.1   126   287     741  (34.8000,46.1700) 
  FE_OFC28_result_o_48/Y                      (@,m)   A->Y  R     BUFX2       pd_aon      1  2.2    39   156     897   (33.2000,3.4200) 
  FE_OFC271_result_o_48/Y                     (@,m)   A->Y  R     CLKBUFX20   pd_aon      1 10.5    38   105    1002   (33.2000,3.4200) 
  result_o[48]                                -       -     R     (port)      pd_aon      -    -     -     0    1003              (-,-) 
#---------------------------------------------------------------------------------------------------------------------------------------

(p) : Instance is preserved but may be resized
(@) : Annotated capacitance.
(m) : Attribute cell_delay_multiplier is modified for this library cell.



Path 128: MET (2464 ps) Late External Delay Assertion at pin result_o[16]
           View: slow_0p9v_125c_cmax_func
          Group: clk_i_virtual
     Startpoint: (R) operand_b_i_sr_reg_8/CK
          Clock: (R) clk_i
       Endpoint: (R) result_o[16]
          Clock: (R) clk_i_virtual

                     Capture       Launch     
        Clock Edge:+    5000            0     
       Src Latency:+       0            0     
       Net Latency:+       0 (I)        0 (I) 
           Arrival:=    5000            0     
                                              
      Output Delay:-    1500                  
       Uncertainty:-      55                  
     Required Time:=    3445                  
      Launch Clock:-       0                  
         Data Path:-     982                  
             Slack:=    2464                  

Exceptions/Constraints:
  output_delay             1500            func.sdc.gz_line_760   

Launch clock path:
#---------------------------------------------------------------------------------------------------------------------
#      Timing Point        Flags    Arc   Edge    Cell      Power  Fanout Load Trans Delay Arrival      Instance      
#                                                           Domain        (fF)  (ps)  (ps)   (ps)       Location      
#---------------------------------------------------------------------------------------------------------------------
  clk_i                   (i)       -     R     (arrival)   pd_aon     65  0.0     0     0      -4              (-,-) 
  operand_b_i_sr_reg_8/CK <<< (p,m) -     R     SDFFSRHQX2  pd_aon     65    -     0     0      -4  (15.2000,35.9100) 
#---------------------------------------------------------------------------------------------------------------------

#---------------------------------------------------------------------------------------------------------------------------------------
#                Timing Point                 Flags   Arc   Edge    Cell      Power  Fanout Load Trans Delay Arrival      Instance      
#                                                                             Domain        (fF)  (ps)  (ps)   (ps)       Location      
#---------------------------------------------------------------------------------------------------------------------------------------
  operand_b_i_sr_reg_8/CK                     -       -     R     (arrival)   pd_aon     65    -     0     0       0              (-,-) 
  operand_b_i_sr_reg_8/Q                      (@,p,m) CK->Q R     SDFFSRHQX2  pd_aon     10 10.2   119   293     293  (15.2000,35.9100) 
  WALLACE_CSA_DUMMY_OP_groupi57_g3601__5477/Y (@,m)   A->Y  F     NAND2XL     pd_aon      2  0.6   104   158     450  (61.4000,51.3000) 
  WALLACE_CSA_DUMMY_OP_groupi57_g3566__1617/Y (@,m)   A->Y  R     CLKXOR2X1   pd_aon      1  3.8    98   285     736  (62.8000,49.5900) 
  FE_OFC122_result_o_16/Y                     (@,m)   A->Y  R     BUFX2       pd_aon      1  2.2    39   140     876   (65.2000,3.4200) 
  FE_OFC266_result_o_16/Y                     (@,m)   A->Y  R     CLKBUFX20   pd_aon      1 10.5    38   105     981   (65.2000,3.4200) 
  result_o[16]                                -       -     R     (port)      pd_aon      -    -     -     1     982              (-,-) 
#---------------------------------------------------------------------------------------------------------------------------------------

(p) : Instance is preserved but may be resized
(@) : Annotated capacitance.
(m) : Attribute cell_delay_multiplier is modified for this library cell.



Path 129: MET (2503 ps) Late External Delay Assertion at pin result_o[0]
           View: slow_0p9v_125c_cmax_func
          Group: clk_i_virtual
     Startpoint: (R) operand_b_i_sr_reg_0/CK
          Clock: (R) clk_i
       Endpoint: (R) result_o[0]
          Clock: (R) clk_i_virtual

                     Capture       Launch     
        Clock Edge:+    5000            0     
       Src Latency:+       0            0     
       Net Latency:+       0 (I)        0 (I) 
           Arrival:=    5000            0     
                                              
      Output Delay:-    1500                  
       Uncertainty:-      55                  
     Required Time:=    3445                  
      Launch Clock:-       0                  
         Data Path:-     942                  
             Slack:=    2503                  

Exceptions/Constraints:
  output_delay             1500            func.sdc.gz_line_762   

Launch clock path:
#--------------------------------------------------------------------------------------------------------------------
#      Timing Point        Flags    Arc   Edge    Cell      Power  Fanout Load Trans Delay Arrival      Instance     
#                                                           Domain        (fF)  (ps)  (ps)   (ps)       Location     
#--------------------------------------------------------------------------------------------------------------------
  clk_i                   (i)       -     R     (arrival)   pd_aon     65  0.0     0     0      -4             (-,-) 
  operand_b_i_sr_reg_0/CK <<< (p,m) -     R     SDFFSRHQX2  pd_aon     65    -     0     0      -4  (5.2000,17.1000) 
#--------------------------------------------------------------------------------------------------------------------

#-------------------------------------------------------------------------------------------------------------------------------------
#               Timing Point                Flags   Arc   Edge    Cell      Power  Fanout Load Trans Delay Arrival      Instance      
#                                                                           Domain        (fF)  (ps)  (ps)   (ps)       Location      
#-------------------------------------------------------------------------------------------------------------------------------------
  operand_b_i_sr_reg_0/CK                   -       -     R     (arrival)   pd_aon     65    -     0     0       0              (-,-) 
  operand_b_i_sr_reg_0/Q                    (@,p,m) CK->Q R     SDFFSRHQX2  pd_aon     10 10.2   120   293     293   (5.2000,17.1000) 
  WALLACE_CSA_DUMMY_OP_groupi_g3601__1705/Y (@,m)   A->Y  F     NAND2X1     pd_aon      2  2.1   151   179     472  (70.8000,35.9100) 
  WALLACE_CSA_DUMMY_OP_groupi_g3566__6161/Y (@,m)   A->Y  R     XOR2XL      pd_aon      1  3.4   136   312     784  (74.2000,15.3900) 
  FE_OFC113_result_o_0/Y                    (@,m)   A->Y  R     CLKBUFX20   pd_aon      1 10.5    41   158     941   (81.2000,3.4200) 
  result_o[0]                               -       -     R     (port)      pd_aon      -    -     -     0     942              (-,-) 
#-------------------------------------------------------------------------------------------------------------------------------------

(p) : Instance is preserved but may be resized
(@) : Annotated capacitance.
(m) : Attribute cell_delay_multiplier is modified for this library cell.



Path 130: MET (2534 ps) Late External Delay Assertion at pin result_o[32]
           View: slow_0p9v_125c_cmax_func
          Group: clk_i_virtual
     Startpoint: (R) operand_b_i_sr_reg_0/CK
          Clock: (R) clk_i
       Endpoint: (R) result_o[32]
          Clock: (R) clk_i_virtual

                     Capture       Launch     
        Clock Edge:+    5000            0     
       Src Latency:+       0            0     
       Net Latency:+       0 (I)        0 (I) 
           Arrival:=    5000            0     
                                              
      Output Delay:-    1500                  
       Uncertainty:-      55                  
     Required Time:=    3445                  
      Launch Clock:-       0                  
         Data Path:-     911                  
             Slack:=    2534                  

Exceptions/Constraints:
  output_delay             1500            func.sdc.gz_line_788   

Launch clock path:
#--------------------------------------------------------------------------------------------------------------------
#      Timing Point        Flags    Arc   Edge    Cell      Power  Fanout Load Trans Delay Arrival      Instance     
#                                                           Domain        (fF)  (ps)  (ps)   (ps)       Location     
#--------------------------------------------------------------------------------------------------------------------
  clk_i                   (i)       -     R     (arrival)   pd_aon     65  0.0     0     0      -4             (-,-) 
  operand_b_i_sr_reg_0/CK <<< (p,m) -     R     SDFFSRHQX2  pd_aon     65    -     0     0      -4  (5.2000,17.1000) 
#--------------------------------------------------------------------------------------------------------------------

#---------------------------------------------------------------------------------------------------------------------------------------
#                Timing Point                 Flags   Arc   Edge    Cell      Power  Fanout Load Trans Delay Arrival      Instance      
#                                                                             Domain        (fF)  (ps)  (ps)   (ps)       Location      
#---------------------------------------------------------------------------------------------------------------------------------------
  operand_b_i_sr_reg_0/CK                     -       -     R     (arrival)   pd_aon     65    -     0     0       0              (-,-) 
  operand_b_i_sr_reg_0/Q                      (@,p,m) CK->Q R     SDFFSRHQX2  pd_aon     10 10.2   120   293     293   (5.2000,17.1000) 
  WALLACE_CSA_DUMMY_OP_groupi58_g3601__5115/Y (@,m)   A->Y  F     NAND2XL     pd_aon      2  0.7   112   163     456  (45.6000,25.6500) 
  WALLACE_CSA_DUMMY_OP_groupi58_g3566__7410/Y (@,m)   A->Y  R     XOR2XL      pd_aon      1  3.5   139   296     751  (48.2000,23.9400) 
  FE_OFC44_result_o_32/Y                      (@,m)   A->Y  R     CLKBUFX20   pd_aon      1 10.5    41   159     911   (49.2000,3.4200) 
  result_o[32]                                -       -     R     (port)      pd_aon      -    -     -     0     911              (-,-) 
#---------------------------------------------------------------------------------------------------------------------------------------

(p) : Instance is preserved but may be resized
(@) : Annotated capacitance.
(m) : Attribute cell_delay_multiplier is modified for this library cell.



Path 131: MET (4960 ps)
           View: slow_0p9v_125c_cmax_scan_shift
          Group: clk_i
     Startpoint: (R) operand_b_i_sr_reg_4/CK
          Clock: (R) clk_i
       Endpoint: (R) DFT_matmul_sync_lockup_latch_neg_edge/D
          Clock: (F) clk_i

                     Capture       Launch     
        Clock Edge:+    5000            0     
       Src Latency:+    -500            0     
       Net Latency:+       0 (I)        0 (I) 
           Arrival:=    5500            0     
                                              
     Time Borrowed:+       0                  
       Uncertainty:-     205                  
     Required Time:=    5295                  
      Launch Clock:-       0                  
         Data Path:-     335                  
             Slack:=    4960                  

Launch clock path:
#--------------------------------------------------------------------------------------------------------------------
#      Timing Point        Flags    Arc   Edge   Cell      Power  Fanout Load Trans Delay Arrival      Instance      
#                                                          Domain        (fF)  (ps)  (ps)   (ps)       Location      
#--------------------------------------------------------------------------------------------------------------------
  clk_i                   (i)       -     R     (arrival)  pd_aon     65  0.0     0     0      -4              (-,-) 
  operand_b_i_sr_reg_4/CK <<< (p,m) -     R     SDFFSRX2   pd_aon     65    -     0     0      -4  (13.6000,25.6500) 
#--------------------------------------------------------------------------------------------------------------------

#-----------------------------------------------------------------------------------------------------------------------------------
#              Timing Point               Flags    Arc   Edge   Cell      Power  Fanout Load Trans Delay Arrival      Instance      
#                                                                         Domain        (fF)  (ps)  (ps)   (ps)       Location      
#-----------------------------------------------------------------------------------------------------------------------------------
  operand_b_i_sr_reg_4/CK                 -       -      R     (arrival)  pd_aon     65    -     0     0       0              (-,-) 
  operand_b_i_sr_reg_4/QN                 (@,p,m) CK->QN R     SDFFSRX2   pd_aon      1  0.9    26   335     335  (13.6000,25.6500) 
  DFT_matmul_sync_lockup_latch_neg_edge/D (p,m)   -      R     TLATNXL    pd_aon      1    -     -     0     335  (21.0000,15.3900) 
#-----------------------------------------------------------------------------------------------------------------------------------

(p) : Instance is preserved but may be resized
(@) : Annotated capacitance.
(m) : Attribute cell_delay_multiplier is modified for this library cell.

Capture clock path:
#-------------------------------------------------------------------------------------------------------------------------------------
#              Timing Point                 Flags    Arc   Edge   Cell      Power  Fanout Load Trans Delay Arrival      Instance      
#                                                                           Domain        (fF)  (ps)  (ps)   (ps)       Location      
#-------------------------------------------------------------------------------------------------------------------------------------
  clk_i                                    (i)       -     F     (arrival)  pd_aon     65  0.0     0     0    5505              (-,-) 
  DFT_matmul_sync_lockup_latch_neg_edge/GN <<< (p,m) -     F     TLATNXL    pd_aon     65    -     0     0    5505  (21.0000,15.3900) 
#-------------------------------------------------------------------------------------------------------------------------------------



Path 132: MET (5868 ps) Recovery Check with Pin operand_a_i_sr_reg_20/CK->RN
           View: slow_0p9v_125c_cmax_func
          Group: clk_i
     Startpoint: (R) rst_ni
          Clock: (R) clk_i_virtual
       Endpoint: (R) operand_a_i_sr_reg_20/RN
          Clock: (R) clk_i

                     Capture       Launch     
        Clock Edge:+   10000            0     
        Drv Adjust:+       0           -8     
       Src Latency:+       0            0     
       Net Latency:+       0 (I)        0 (I) 
           Arrival:=   10000           -8     
                                              
          Recovery:-     166                  
       Uncertainty:-      55                  
     Required Time:=    9779                  
      Launch Clock:-      -8                  
       Input Delay:-    3500                  
         Data Path:-     420                  
             Slack:=    5868                  

Exceptions/Constraints:
  multi_cycle     0-launch, 2-capture     func.sdc.gz_line_825   
  input_delay             3500            func.sdc.gz_line_719   

#--------------------------------------------------------------------------------------------------------------------
#      Timing Point        Flags   Arc   Edge    Cell      Power  Fanout Load Trans Delay Arrival      Instance      
#                                                          Domain        (fF)  (ps)  (ps)   (ps)       Location      
#--------------------------------------------------------------------------------------------------------------------
  rst_ni                   (a,@)   -     R     (arrival)   pd_aon      1  0.6    51     0    3492              (-,-) 
  FE_OFC0_rst_ni/Y         (a,@,m) A->Y  F     INVXL       pd_aon      2  1.1    69    78    3570   (6.6000,80.3700) 
  FE_OFC1_rst_ni/Y         (a,@,m) A->Y  R     INVX2       pd_aon     28 12.2   141   122    3691   (6.6000,78.6600) 
  FE_OFC3_rst_ni/Y         (a,@,m) A->Y  R     BUFX2       pd_aon     27 10.9   129   219    3910  (15.2000,27.3600) 
  operand_a_i_sr_reg_20/RN (p,m)   -     R     SDFFSRHQX4  pd_aon     27    -     -     1    3912  (15.6000,80.3700) 
#--------------------------------------------------------------------------------------------------------------------

(p) : Instance is preserved but may be resized
(@) : Annotated capacitance.
(m) : Attribute cell_delay_multiplier is modified for this library cell.
(a) : Net has asynchronous load pins which are being considered ideal.

Capture clock path:
#----------------------------------------------------------------------------------------------------------------------
#      Timing Point         Flags    Arc   Edge    Cell      Power  Fanout Load Trans Delay Arrival      Instance      
#                                                            Domain        (fF)  (ps)  (ps)   (ps)       Location      
#----------------------------------------------------------------------------------------------------------------------
  clk_i                    (i)       -     R     (arrival)   pd_aon     65  0.0     0     0    9996              (-,-) 
  operand_a_i_sr_reg_20/CK <<< (p,m) -     R     SDFFSRHQX4  pd_aon     65    -     0     0    9996  (15.6000,80.3700) 
#----------------------------------------------------------------------------------------------------------------------



Path 133: MET (5868 ps) Recovery Check with Pin operand_a_i_sr_reg_13/CK->RN
           View: slow_0p9v_125c_cmax_func
          Group: clk_i
     Startpoint: (R) rst_ni
          Clock: (R) clk_i_virtual
       Endpoint: (R) operand_a_i_sr_reg_13/RN
          Clock: (R) clk_i

                     Capture       Launch     
        Clock Edge:+   10000            0     
        Drv Adjust:+       0           -8     
       Src Latency:+       0            0     
       Net Latency:+       0 (I)        0 (I) 
           Arrival:=   10000           -8     
                                              
          Recovery:-     166                  
       Uncertainty:-      55                  
     Required Time:=    9779                  
      Launch Clock:-      -8                  
       Input Delay:-    3500                  
         Data Path:-     420                  
             Slack:=    5868                  

Exceptions/Constraints:
  multi_cycle     0-launch, 2-capture     func.sdc.gz_line_825   
  input_delay             3500            func.sdc.gz_line_719   

#--------------------------------------------------------------------------------------------------------------------
#      Timing Point        Flags   Arc   Edge    Cell      Power  Fanout Load Trans Delay Arrival      Instance      
#                                                          Domain        (fF)  (ps)  (ps)   (ps)       Location      
#--------------------------------------------------------------------------------------------------------------------
  rst_ni                   (a,@)   -     R     (arrival)   pd_aon      1  0.6    51     0    3492              (-,-) 
  FE_OFC0_rst_ni/Y         (a,@,m) A->Y  F     INVXL       pd_aon      2  1.1    69    78    3570   (6.6000,80.3700) 
  FE_OFC1_rst_ni/Y         (a,@,m) A->Y  R     INVX2       pd_aon     28 12.2   141   122    3691   (6.6000,78.6600) 
  FE_OFC3_rst_ni/Y         (a,@,m) A->Y  R     BUFX2       pd_aon     27 10.9   129   219    3910  (15.2000,27.3600) 
  operand_a_i_sr_reg_13/RN (p,m)   -     R     SDFFSRHQX4  pd_aon     27    -     -     1    3912  (14.6000,75.2400) 
#--------------------------------------------------------------------------------------------------------------------

(p) : Instance is preserved but may be resized
(@) : Annotated capacitance.
(m) : Attribute cell_delay_multiplier is modified for this library cell.
(a) : Net has asynchronous load pins which are being considered ideal.

Capture clock path:
#----------------------------------------------------------------------------------------------------------------------
#      Timing Point         Flags    Arc   Edge    Cell      Power  Fanout Load Trans Delay Arrival      Instance      
#                                                            Domain        (fF)  (ps)  (ps)   (ps)       Location      
#----------------------------------------------------------------------------------------------------------------------
  clk_i                    (i)       -     R     (arrival)   pd_aon     65  0.0     0     0    9996              (-,-) 
  operand_a_i_sr_reg_13/CK <<< (p,m) -     R     SDFFSRHQX4  pd_aon     65    -     0     0    9996  (14.6000,75.2400) 
#----------------------------------------------------------------------------------------------------------------------



Path 134: MET (5868 ps) Recovery Check with Pin operand_b_i_sr_reg_27/CK->RN
           View: slow_0p9v_125c_cmax_func
          Group: clk_i
     Startpoint: (R) rst_ni
          Clock: (R) clk_i_virtual
       Endpoint: (R) operand_b_i_sr_reg_27/RN
          Clock: (R) clk_i

                     Capture       Launch     
        Clock Edge:+   10000            0     
        Drv Adjust:+       0           -8     
       Src Latency:+       0            0     
       Net Latency:+       0 (I)        0 (I) 
           Arrival:=   10000           -8     
                                              
          Recovery:-     166                  
       Uncertainty:-      55                  
     Required Time:=    9779                  
      Launch Clock:-      -8                  
       Input Delay:-    3500                  
         Data Path:-     419                  
             Slack:=    5868                  

Exceptions/Constraints:
  multi_cycle     0-launch, 2-capture     func.sdc.gz_line_825   
  input_delay             3500            func.sdc.gz_line_719   

#--------------------------------------------------------------------------------------------------------------------
#      Timing Point        Flags   Arc   Edge    Cell      Power  Fanout Load Trans Delay Arrival      Instance      
#                                                          Domain        (fF)  (ps)  (ps)   (ps)       Location      
#--------------------------------------------------------------------------------------------------------------------
  rst_ni                   (a,@)   -     R     (arrival)   pd_aon      1  0.6    51     0    3492              (-,-) 
  FE_OFC0_rst_ni/Y         (a,@,m) A->Y  F     INVXL       pd_aon      2  1.1    69    78    3570   (6.6000,80.3700) 
  FE_OFC1_rst_ni/Y         (a,@,m) A->Y  R     INVX2       pd_aon     28 12.2   141   122    3691   (6.6000,78.6600) 
  FE_OFC3_rst_ni/Y         (a,@,m) A->Y  R     BUFX2       pd_aon     27 10.9   129   219    3910  (15.2000,27.3600) 
  operand_b_i_sr_reg_27/RN (p,m)   -     R     SDFFSRHQX4  pd_aon     27    -     -     1    3911  (15.8000,47.8800) 
#--------------------------------------------------------------------------------------------------------------------

(p) : Instance is preserved but may be resized
(@) : Annotated capacitance.
(m) : Attribute cell_delay_multiplier is modified for this library cell.
(a) : Net has asynchronous load pins which are being considered ideal.

Capture clock path:
#----------------------------------------------------------------------------------------------------------------------
#      Timing Point         Flags    Arc   Edge    Cell      Power  Fanout Load Trans Delay Arrival      Instance      
#                                                            Domain        (fF)  (ps)  (ps)   (ps)       Location      
#----------------------------------------------------------------------------------------------------------------------
  clk_i                    (i)       -     R     (arrival)   pd_aon     65  0.0     0     0    9996              (-,-) 
  operand_b_i_sr_reg_27/CK <<< (p,m) -     R     SDFFSRHQX4  pd_aon     65    -     0     0    9996  (15.8000,47.8800) 
#----------------------------------------------------------------------------------------------------------------------



Path 135: MET (5868 ps) Recovery Check with Pin operand_b_i_sr_reg_10/CK->RN
           View: slow_0p9v_125c_cmax_func
          Group: clk_i
     Startpoint: (R) rst_ni
          Clock: (R) clk_i_virtual
       Endpoint: (R) operand_b_i_sr_reg_10/RN
          Clock: (R) clk_i

                     Capture       Launch     
        Clock Edge:+   10000            0     
        Drv Adjust:+       0           -8     
       Src Latency:+       0            0     
       Net Latency:+       0 (I)        0 (I) 
           Arrival:=   10000           -8     
                                              
          Recovery:-     166                  
       Uncertainty:-      55                  
     Required Time:=    9779                  
      Launch Clock:-      -8                  
       Input Delay:-    3500                  
         Data Path:-     419                  
             Slack:=    5868                  

Exceptions/Constraints:
  multi_cycle     0-launch, 2-capture     func.sdc.gz_line_825   
  input_delay             3500            func.sdc.gz_line_719   

#--------------------------------------------------------------------------------------------------------------------
#      Timing Point        Flags   Arc   Edge    Cell      Power  Fanout Load Trans Delay Arrival      Instance      
#                                                          Domain        (fF)  (ps)  (ps)   (ps)       Location      
#--------------------------------------------------------------------------------------------------------------------
  rst_ni                   (a,@)   -     R     (arrival)   pd_aon      1  0.6    51     0    3492              (-,-) 
  FE_OFC0_rst_ni/Y         (a,@,m) A->Y  F     INVXL       pd_aon      2  1.1    69    78    3570   (6.6000,80.3700) 
  FE_OFC1_rst_ni/Y         (a,@,m) A->Y  R     INVX2       pd_aon     28 12.2   141   122    3691   (6.6000,78.6600) 
  FE_OFC3_rst_ni/Y         (a,@,m) A->Y  R     BUFX2       pd_aon     27 10.9   129   219    3910  (15.2000,27.3600) 
  operand_b_i_sr_reg_10/RN (p,m)   -     R     SDFFSRHQX4  pd_aon     27    -     -     0    3911  (16.6000,41.0400) 
#--------------------------------------------------------------------------------------------------------------------

(p) : Instance is preserved but may be resized
(@) : Annotated capacitance.
(m) : Attribute cell_delay_multiplier is modified for this library cell.
(a) : Net has asynchronous load pins which are being considered ideal.

Capture clock path:
#----------------------------------------------------------------------------------------------------------------------
#      Timing Point         Flags    Arc   Edge    Cell      Power  Fanout Load Trans Delay Arrival      Instance      
#                                                            Domain        (fF)  (ps)  (ps)   (ps)       Location      
#----------------------------------------------------------------------------------------------------------------------
  clk_i                    (i)       -     R     (arrival)   pd_aon     65  0.0     0     0    9996              (-,-) 
  operand_b_i_sr_reg_10/CK <<< (p,m) -     R     SDFFSRHQX4  pd_aon     65    -     0     0    9996  (16.6000,41.0400) 
#----------------------------------------------------------------------------------------------------------------------



Path 136: MET (5868 ps) Recovery Check with Pin operand_a_i_sr_reg_6/CK->RN
           View: slow_0p9v_125c_cmax_func
          Group: clk_i
     Startpoint: (R) rst_ni
          Clock: (R) clk_i_virtual
       Endpoint: (R) operand_a_i_sr_reg_6/RN
          Clock: (R) clk_i

                     Capture       Launch     
        Clock Edge:+   10000            0     
        Drv Adjust:+       0           -8     
       Src Latency:+       0            0     
       Net Latency:+       0 (I)        0 (I) 
           Arrival:=   10000           -8     
                                              
          Recovery:-     165                  
       Uncertainty:-      55                  
     Required Time:=    9780                  
      Launch Clock:-      -8                  
       Input Delay:-    3500                  
         Data Path:-     420                  
             Slack:=    5868                  

Exceptions/Constraints:
  multi_cycle     0-launch, 2-capture     func.sdc.gz_line_825   
  input_delay             3500            func.sdc.gz_line_719   

#-------------------------------------------------------------------------------------------------------------------
#      Timing Point       Flags   Arc   Edge    Cell      Power  Fanout Load Trans Delay Arrival      Instance      
#                                                         Domain        (fF)  (ps)  (ps)   (ps)       Location      
#-------------------------------------------------------------------------------------------------------------------
  rst_ni                  (a,@)   -     R     (arrival)   pd_aon      1  0.6    51     0    3492              (-,-) 
  FE_OFC0_rst_ni/Y        (a,@,m) A->Y  F     INVXL       pd_aon      2  1.1    69    78    3570   (6.6000,80.3700) 
  FE_OFC1_rst_ni/Y        (a,@,m) A->Y  R     INVX2       pd_aon     28 12.2   141   122    3691   (6.6000,78.6600) 
  FE_OFC3_rst_ni/Y        (a,@,m) A->Y  R     BUFX2       pd_aon     27 10.9   129   219    3910  (15.2000,27.3600) 
  operand_a_i_sr_reg_6/RN (p,m)   -     R     SDFFSRHQX2  pd_aon     27    -     -     1    3912  (15.8000,73.5300) 
#-------------------------------------------------------------------------------------------------------------------

(p) : Instance is preserved but may be resized
(@) : Annotated capacitance.
(m) : Attribute cell_delay_multiplier is modified for this library cell.
(a) : Net has asynchronous load pins which are being considered ideal.

Capture clock path:
#---------------------------------------------------------------------------------------------------------------------
#      Timing Point        Flags    Arc   Edge    Cell      Power  Fanout Load Trans Delay Arrival      Instance      
#                                                           Domain        (fF)  (ps)  (ps)   (ps)       Location      
#---------------------------------------------------------------------------------------------------------------------
  clk_i                   (i)       -     R     (arrival)   pd_aon     65  0.0     0     0    9996              (-,-) 
  operand_a_i_sr_reg_6/CK <<< (p,m) -     R     SDFFSRHQX2  pd_aon     65    -     0     0    9996  (15.8000,73.5300) 
#---------------------------------------------------------------------------------------------------------------------



Path 137: MET (5868 ps) Recovery Check with Pin operand_a_i_sr_reg_7/CK->RN
           View: slow_0p9v_125c_cmax_func
          Group: clk_i
     Startpoint: (R) rst_ni
          Clock: (R) clk_i_virtual
       Endpoint: (R) operand_a_i_sr_reg_7/RN
          Clock: (R) clk_i

                     Capture       Launch     
        Clock Edge:+   10000            0     
        Drv Adjust:+       0           -8     
       Src Latency:+       0            0     
       Net Latency:+       0 (I)        0 (I) 
           Arrival:=   10000           -8     
                                              
          Recovery:-     165                  
       Uncertainty:-      55                  
     Required Time:=    9780                  
      Launch Clock:-      -8                  
       Input Delay:-    3500                  
         Data Path:-     420                  
             Slack:=    5868                  

Exceptions/Constraints:
  multi_cycle     0-launch, 2-capture     func.sdc.gz_line_825   
  input_delay             3500            func.sdc.gz_line_719   

#-------------------------------------------------------------------------------------------------------------------
#      Timing Point       Flags   Arc   Edge    Cell      Power  Fanout Load Trans Delay Arrival      Instance      
#                                                         Domain        (fF)  (ps)  (ps)   (ps)       Location      
#-------------------------------------------------------------------------------------------------------------------
  rst_ni                  (a,@)   -     R     (arrival)   pd_aon      1  0.6    51     0    3492              (-,-) 
  FE_OFC0_rst_ni/Y        (a,@,m) A->Y  F     INVXL       pd_aon      2  1.1    69    78    3570   (6.6000,80.3700) 
  FE_OFC1_rst_ni/Y        (a,@,m) A->Y  R     INVX2       pd_aon     28 12.2   141   122    3691   (6.6000,78.6600) 
  FE_OFC3_rst_ni/Y        (a,@,m) A->Y  R     BUFX2       pd_aon     27 10.9   129   219    3910  (15.2000,27.3600) 
  operand_a_i_sr_reg_7/RN (p,m)   -     R     SDFFSRHQX2  pd_aon     27    -     -     1    3912  (15.2000,71.8200) 
#-------------------------------------------------------------------------------------------------------------------

(p) : Instance is preserved but may be resized
(@) : Annotated capacitance.
(m) : Attribute cell_delay_multiplier is modified for this library cell.
(a) : Net has asynchronous load pins which are being considered ideal.

Capture clock path:
#---------------------------------------------------------------------------------------------------------------------
#      Timing Point        Flags    Arc   Edge    Cell      Power  Fanout Load Trans Delay Arrival      Instance      
#                                                           Domain        (fF)  (ps)  (ps)   (ps)       Location      
#---------------------------------------------------------------------------------------------------------------------
  clk_i                   (i)       -     R     (arrival)   pd_aon     65  0.0     0     0    9996              (-,-) 
  operand_a_i_sr_reg_7/CK <<< (p,m) -     R     SDFFSRHQX2  pd_aon     65    -     0     0    9996  (15.2000,71.8200) 
#---------------------------------------------------------------------------------------------------------------------



Path 138: MET (5868 ps) Recovery Check with Pin operand_a_i_sr_reg_18/CK->RN
           View: slow_0p9v_125c_cmax_func
          Group: clk_i
     Startpoint: (R) rst_ni
          Clock: (R) clk_i_virtual
       Endpoint: (R) operand_a_i_sr_reg_18/RN
          Clock: (R) clk_i

                     Capture       Launch     
        Clock Edge:+   10000            0     
        Drv Adjust:+       0           -8     
       Src Latency:+       0            0     
       Net Latency:+       0 (I)        0 (I) 
           Arrival:=   10000           -8     
                                              
          Recovery:-     165                  
       Uncertainty:-      55                  
     Required Time:=    9780                  
      Launch Clock:-      -8                  
       Input Delay:-    3500                  
         Data Path:-     420                  
             Slack:=    5868                  

Exceptions/Constraints:
  multi_cycle     0-launch, 2-capture     func.sdc.gz_line_825   
  input_delay             3500            func.sdc.gz_line_719   

#--------------------------------------------------------------------------------------------------------------------
#      Timing Point        Flags   Arc   Edge    Cell      Power  Fanout Load Trans Delay Arrival      Instance      
#                                                          Domain        (fF)  (ps)  (ps)   (ps)       Location      
#--------------------------------------------------------------------------------------------------------------------
  rst_ni                   (a,@)   -     R     (arrival)   pd_aon      1  0.6    51     0    3492              (-,-) 
  FE_OFC0_rst_ni/Y         (a,@,m) A->Y  F     INVXL       pd_aon      2  1.1    69    78    3570   (6.6000,80.3700) 
  FE_OFC1_rst_ni/Y         (a,@,m) A->Y  R     INVX2       pd_aon     28 12.2   141   122    3691   (6.6000,78.6600) 
  FE_OFC3_rst_ni/Y         (a,@,m) A->Y  R     BUFX2       pd_aon     27 10.9   129   219    3910  (15.2000,27.3600) 
  operand_a_i_sr_reg_18/RN (p,m)   -     R     SDFFSRHQX2  pd_aon     27    -     -     1    3912  (15.4000,68.4000) 
#--------------------------------------------------------------------------------------------------------------------

(p) : Instance is preserved but may be resized
(@) : Annotated capacitance.
(m) : Attribute cell_delay_multiplier is modified for this library cell.
(a) : Net has asynchronous load pins which are being considered ideal.

Capture clock path:
#----------------------------------------------------------------------------------------------------------------------
#      Timing Point         Flags    Arc   Edge    Cell      Power  Fanout Load Trans Delay Arrival      Instance      
#                                                            Domain        (fF)  (ps)  (ps)   (ps)       Location      
#----------------------------------------------------------------------------------------------------------------------
  clk_i                    (i)       -     R     (arrival)   pd_aon     65  0.0     0     0    9996              (-,-) 
  operand_a_i_sr_reg_18/CK <<< (p,m) -     R     SDFFSRHQX2  pd_aon     65    -     0     0    9996  (15.4000,68.4000) 
#----------------------------------------------------------------------------------------------------------------------



Path 139: MET (5868 ps) Recovery Check with Pin operand_b_i_sr_reg_28/CK->RN
           View: slow_0p9v_125c_cmax_func
          Group: clk_i
     Startpoint: (R) rst_ni
          Clock: (R) clk_i_virtual
       Endpoint: (R) operand_b_i_sr_reg_28/RN
          Clock: (R) clk_i

                     Capture       Launch     
        Clock Edge:+   10000            0     
        Drv Adjust:+       0           -8     
       Src Latency:+       0            0     
       Net Latency:+       0 (I)        0 (I) 
           Arrival:=   10000           -8     
                                              
          Recovery:-     165                  
       Uncertainty:-      55                  
     Required Time:=    9780                  
      Launch Clock:-      -8                  
       Input Delay:-    3500                  
         Data Path:-     420                  
             Slack:=    5868                  

Exceptions/Constraints:
  multi_cycle     0-launch, 2-capture     func.sdc.gz_line_825   
  input_delay             3500            func.sdc.gz_line_719   

#--------------------------------------------------------------------------------------------------------------------
#      Timing Point        Flags   Arc   Edge    Cell      Power  Fanout Load Trans Delay Arrival      Instance      
#                                                          Domain        (fF)  (ps)  (ps)   (ps)       Location      
#--------------------------------------------------------------------------------------------------------------------
  rst_ni                   (a,@)   -     R     (arrival)   pd_aon      1  0.6    51     0    3492              (-,-) 
  FE_OFC0_rst_ni/Y         (a,@,m) A->Y  F     INVXL       pd_aon      2  1.1    69    78    3570   (6.6000,80.3700) 
  FE_OFC1_rst_ni/Y         (a,@,m) A->Y  R     INVX2       pd_aon     28 12.2   141   122    3691   (6.6000,78.6600) 
  FE_OFC3_rst_ni/Y         (a,@,m) A->Y  R     BUFX2       pd_aon     27 10.9   129   219    3910  (15.2000,27.3600) 
  operand_b_i_sr_reg_28/RN (p,m)   -     R     SDFFSRHQX2  pd_aon     27    -     -     1    3912  (14.8000,66.6900) 
#--------------------------------------------------------------------------------------------------------------------

(p) : Instance is preserved but may be resized
(@) : Annotated capacitance.
(m) : Attribute cell_delay_multiplier is modified for this library cell.
(a) : Net has asynchronous load pins which are being considered ideal.

Capture clock path:
#----------------------------------------------------------------------------------------------------------------------
#      Timing Point         Flags    Arc   Edge    Cell      Power  Fanout Load Trans Delay Arrival      Instance      
#                                                            Domain        (fF)  (ps)  (ps)   (ps)       Location      
#----------------------------------------------------------------------------------------------------------------------
  clk_i                    (i)       -     R     (arrival)   pd_aon     65  0.0     0     0    9996              (-,-) 
  operand_b_i_sr_reg_28/CK <<< (p,m) -     R     SDFFSRHQX2  pd_aon     65    -     0     0    9996  (14.8000,66.6900) 
#----------------------------------------------------------------------------------------------------------------------



Path 140: MET (5868 ps) Recovery Check with Pin operand_a_i_sr_reg_14/CK->RN
           View: slow_0p9v_125c_cmax_func
          Group: clk_i
     Startpoint: (R) rst_ni
          Clock: (R) clk_i_virtual
       Endpoint: (R) operand_a_i_sr_reg_14/RN
          Clock: (R) clk_i

                     Capture       Launch     
        Clock Edge:+   10000            0     
        Drv Adjust:+       0           -8     
       Src Latency:+       0            0     
       Net Latency:+       0 (I)        0 (I) 
           Arrival:=   10000           -8     
                                              
          Recovery:-     165                  
       Uncertainty:-      55                  
     Required Time:=    9780                  
      Launch Clock:-      -8                  
       Input Delay:-    3500                  
         Data Path:-     420                  
             Slack:=    5868                  

Exceptions/Constraints:
  multi_cycle     0-launch, 2-capture     func.sdc.gz_line_825   
  input_delay             3500            func.sdc.gz_line_719   

#--------------------------------------------------------------------------------------------------------------------
#      Timing Point        Flags   Arc   Edge    Cell      Power  Fanout Load Trans Delay Arrival      Instance      
#                                                          Domain        (fF)  (ps)  (ps)   (ps)       Location      
#--------------------------------------------------------------------------------------------------------------------
  rst_ni                   (a,@)   -     R     (arrival)   pd_aon      1  0.6    51     0    3492              (-,-) 
  FE_OFC0_rst_ni/Y         (a,@,m) A->Y  F     INVXL       pd_aon      2  1.1    69    78    3570   (6.6000,80.3700) 
  FE_OFC1_rst_ni/Y         (a,@,m) A->Y  R     INVX2       pd_aon     28 12.2   141   122    3691   (6.6000,78.6600) 
  FE_OFC3_rst_ni/Y         (a,@,m) A->Y  R     BUFX2       pd_aon     27 10.9   129   219    3910  (15.2000,27.3600) 
  operand_a_i_sr_reg_14/RN (p,m)   -     R     SDFFSRHQX2  pd_aon     27    -     -     1    3912  (15.0000,76.9500) 
#--------------------------------------------------------------------------------------------------------------------

(p) : Instance is preserved but may be resized
(@) : Annotated capacitance.
(m) : Attribute cell_delay_multiplier is modified for this library cell.
(a) : Net has asynchronous load pins which are being considered ideal.

Capture clock path:
#----------------------------------------------------------------------------------------------------------------------
#      Timing Point         Flags    Arc   Edge    Cell      Power  Fanout Load Trans Delay Arrival      Instance      
#                                                            Domain        (fF)  (ps)  (ps)   (ps)       Location      
#----------------------------------------------------------------------------------------------------------------------
  clk_i                    (i)       -     R     (arrival)   pd_aon     65  0.0     0     0    9996              (-,-) 
  operand_a_i_sr_reg_14/CK <<< (p,m) -     R     SDFFSRHQX2  pd_aon     65    -     0     0    9996  (15.0000,76.9500) 
#----------------------------------------------------------------------------------------------------------------------



Path 141: MET (5868 ps) Recovery Check with Pin operand_a_i_sr_reg_19/CK->RN
           View: slow_0p9v_125c_cmax_func
          Group: clk_i
     Startpoint: (R) rst_ni
          Clock: (R) clk_i_virtual
       Endpoint: (R) operand_a_i_sr_reg_19/RN
          Clock: (R) clk_i

                     Capture       Launch     
        Clock Edge:+   10000            0     
        Drv Adjust:+       0           -8     
       Src Latency:+       0            0     
       Net Latency:+       0 (I)        0 (I) 
           Arrival:=   10000           -8     
                                              
          Recovery:-     165                  
       Uncertainty:-      55                  
     Required Time:=    9780                  
      Launch Clock:-      -8                  
       Input Delay:-    3500                  
         Data Path:-     420                  
             Slack:=    5868                  

Exceptions/Constraints:
  multi_cycle     0-launch, 2-capture     func.sdc.gz_line_825   
  input_delay             3500            func.sdc.gz_line_719   

#--------------------------------------------------------------------------------------------------------------------
#      Timing Point        Flags   Arc   Edge    Cell      Power  Fanout Load Trans Delay Arrival      Instance      
#                                                          Domain        (fF)  (ps)  (ps)   (ps)       Location      
#--------------------------------------------------------------------------------------------------------------------
  rst_ni                   (a,@)   -     R     (arrival)   pd_aon      1  0.6    51     0    3492              (-,-) 
  FE_OFC0_rst_ni/Y         (a,@,m) A->Y  F     INVXL       pd_aon      2  1.1    69    78    3570   (6.6000,80.3700) 
  FE_OFC1_rst_ni/Y         (a,@,m) A->Y  R     INVX2       pd_aon     28 12.2   141   122    3691   (6.6000,78.6600) 
  FE_OFC3_rst_ni/Y         (a,@,m) A->Y  R     BUFX2       pd_aon     27 10.9   129   219    3910  (15.2000,27.3600) 
  operand_a_i_sr_reg_19/RN (p,m)   -     R     SDFFSRHQX2  pd_aon     27    -     -     1    3912  (15.0000,78.6600) 
#--------------------------------------------------------------------------------------------------------------------

(p) : Instance is preserved but may be resized
(@) : Annotated capacitance.
(m) : Attribute cell_delay_multiplier is modified for this library cell.
(a) : Net has asynchronous load pins which are being considered ideal.

Capture clock path:
#----------------------------------------------------------------------------------------------------------------------
#      Timing Point         Flags    Arc   Edge    Cell      Power  Fanout Load Trans Delay Arrival      Instance      
#                                                            Domain        (fF)  (ps)  (ps)   (ps)       Location      
#----------------------------------------------------------------------------------------------------------------------
  clk_i                    (i)       -     R     (arrival)   pd_aon     65  0.0     0     0    9996              (-,-) 
  operand_a_i_sr_reg_19/CK <<< (p,m) -     R     SDFFSRHQX2  pd_aon     65    -     0     0    9996  (15.0000,78.6600) 
#----------------------------------------------------------------------------------------------------------------------



Path 142: MET (5868 ps) Recovery Check with Pin operand_a_i_sr_reg_9/CK->RN
           View: slow_0p9v_125c_cmax_func
          Group: clk_i
     Startpoint: (R) rst_ni
          Clock: (R) clk_i_virtual
       Endpoint: (R) operand_a_i_sr_reg_9/RN
          Clock: (R) clk_i

                     Capture       Launch     
        Clock Edge:+   10000            0     
        Drv Adjust:+       0           -8     
       Src Latency:+       0            0     
       Net Latency:+       0 (I)        0 (I) 
           Arrival:=   10000           -8     
                                              
          Recovery:-     165                  
       Uncertainty:-      55                  
     Required Time:=    9780                  
      Launch Clock:-      -8                  
       Input Delay:-    3500                  
         Data Path:-     419                  
             Slack:=    5868                  

Exceptions/Constraints:
  multi_cycle     0-launch, 2-capture     func.sdc.gz_line_825   
  input_delay             3500            func.sdc.gz_line_719   

#-------------------------------------------------------------------------------------------------------------------
#      Timing Point       Flags   Arc   Edge    Cell      Power  Fanout Load Trans Delay Arrival      Instance      
#                                                         Domain        (fF)  (ps)  (ps)   (ps)       Location      
#-------------------------------------------------------------------------------------------------------------------
  rst_ni                  (a,@)   -     R     (arrival)   pd_aon      1  0.6    51     0    3492              (-,-) 
  FE_OFC0_rst_ni/Y        (a,@,m) A->Y  F     INVXL       pd_aon      2  1.1    69    78    3570   (6.6000,80.3700) 
  FE_OFC1_rst_ni/Y        (a,@,m) A->Y  R     INVX2       pd_aon     28 12.2   141   122    3691   (6.6000,78.6600) 
  FE_OFC3_rst_ni/Y        (a,@,m) A->Y  R     BUFX2       pd_aon     27 10.9   129   219    3910  (15.2000,27.3600) 
  operand_a_i_sr_reg_9/RN (p,m)   -     R     SDFFSRHQX2  pd_aon     27    -     -     1    3912  (16.0000,61.5600) 
#-------------------------------------------------------------------------------------------------------------------

(p) : Instance is preserved but may be resized
(@) : Annotated capacitance.
(m) : Attribute cell_delay_multiplier is modified for this library cell.
(a) : Net has asynchronous load pins which are being considered ideal.

Capture clock path:
#---------------------------------------------------------------------------------------------------------------------
#      Timing Point        Flags    Arc   Edge    Cell      Power  Fanout Load Trans Delay Arrival      Instance      
#                                                           Domain        (fF)  (ps)  (ps)   (ps)       Location      
#---------------------------------------------------------------------------------------------------------------------
  clk_i                   (i)       -     R     (arrival)   pd_aon     65  0.0     0     0    9996              (-,-) 
  operand_a_i_sr_reg_9/CK <<< (p,m) -     R     SDFFSRHQX2  pd_aon     65    -     0     0    9996  (16.0000,61.5600) 
#---------------------------------------------------------------------------------------------------------------------



Path 143: MET (5868 ps) Recovery Check with Pin operand_a_i_sr_reg_8/CK->RN
           View: slow_0p9v_125c_cmax_func
          Group: clk_i
     Startpoint: (R) rst_ni
          Clock: (R) clk_i_virtual
       Endpoint: (R) operand_a_i_sr_reg_8/RN
          Clock: (R) clk_i

                     Capture       Launch     
        Clock Edge:+   10000            0     
        Drv Adjust:+       0           -8     
       Src Latency:+       0            0     
       Net Latency:+       0 (I)        0 (I) 
           Arrival:=   10000           -8     
                                              
          Recovery:-     165                  
       Uncertainty:-      55                  
     Required Time:=    9780                  
      Launch Clock:-      -8                  
       Input Delay:-    3500                  
         Data Path:-     419                  
             Slack:=    5868                  

Exceptions/Constraints:
  multi_cycle     0-launch, 2-capture     func.sdc.gz_line_825   
  input_delay             3500            func.sdc.gz_line_719   

#-------------------------------------------------------------------------------------------------------------------
#      Timing Point       Flags   Arc   Edge    Cell      Power  Fanout Load Trans Delay Arrival      Instance      
#                                                         Domain        (fF)  (ps)  (ps)   (ps)       Location      
#-------------------------------------------------------------------------------------------------------------------
  rst_ni                  (a,@)   -     R     (arrival)   pd_aon      1  0.6    51     0    3492              (-,-) 
  FE_OFC0_rst_ni/Y        (a,@,m) A->Y  F     INVXL       pd_aon      2  1.1    69    78    3570   (6.6000,80.3700) 
  FE_OFC1_rst_ni/Y        (a,@,m) A->Y  R     INVX2       pd_aon     28 12.2   141   122    3691   (6.6000,78.6600) 
  FE_OFC3_rst_ni/Y        (a,@,m) A->Y  R     BUFX2       pd_aon     27 10.9   129   219    3910  (15.2000,27.3600) 
  operand_a_i_sr_reg_8/RN (p,m)   -     R     SDFFSRHQX2  pd_aon     27    -     -     1    3912  (14.6000,59.8500) 
#-------------------------------------------------------------------------------------------------------------------

(p) : Instance is preserved but may be resized
(@) : Annotated capacitance.
(m) : Attribute cell_delay_multiplier is modified for this library cell.
(a) : Net has asynchronous load pins which are being considered ideal.

Capture clock path:
#---------------------------------------------------------------------------------------------------------------------
#      Timing Point        Flags    Arc   Edge    Cell      Power  Fanout Load Trans Delay Arrival      Instance      
#                                                           Domain        (fF)  (ps)  (ps)   (ps)       Location      
#---------------------------------------------------------------------------------------------------------------------
  clk_i                   (i)       -     R     (arrival)   pd_aon     65  0.0     0     0    9996              (-,-) 
  operand_a_i_sr_reg_8/CK <<< (p,m) -     R     SDFFSRHQX2  pd_aon     65    -     0     0    9996  (14.6000,59.8500) 
#---------------------------------------------------------------------------------------------------------------------



Path 144: MET (5868 ps) Recovery Check with Pin operand_a_i_sr_reg_5/CK->RN
           View: slow_0p9v_125c_cmax_func
          Group: clk_i
     Startpoint: (R) rst_ni
          Clock: (R) clk_i_virtual
       Endpoint: (R) operand_a_i_sr_reg_5/RN
          Clock: (R) clk_i

                     Capture       Launch     
        Clock Edge:+   10000            0     
        Drv Adjust:+       0           -8     
       Src Latency:+       0            0     
       Net Latency:+       0 (I)        0 (I) 
           Arrival:=   10000           -8     
                                              
          Recovery:-     165                  
       Uncertainty:-      55                  
     Required Time:=    9780                  
      Launch Clock:-      -8                  
       Input Delay:-    3500                  
         Data Path:-     419                  
             Slack:=    5868                  

Exceptions/Constraints:
  multi_cycle     0-launch, 2-capture     func.sdc.gz_line_825   
  input_delay             3500            func.sdc.gz_line_719   

#-------------------------------------------------------------------------------------------------------------------
#      Timing Point       Flags   Arc   Edge    Cell      Power  Fanout Load Trans Delay Arrival      Instance      
#                                                         Domain        (fF)  (ps)  (ps)   (ps)       Location      
#-------------------------------------------------------------------------------------------------------------------
  rst_ni                  (a,@)   -     R     (arrival)   pd_aon      1  0.6    51     0    3492              (-,-) 
  FE_OFC0_rst_ni/Y        (a,@,m) A->Y  F     INVXL       pd_aon      2  1.1    69    78    3570   (6.6000,80.3700) 
  FE_OFC1_rst_ni/Y        (a,@,m) A->Y  R     INVX2       pd_aon     28 12.2   141   122    3691   (6.6000,78.6600) 
  FE_OFC3_rst_ni/Y        (a,@,m) A->Y  R     BUFX2       pd_aon     27 10.9   129   219    3910  (15.2000,27.3600) 
  operand_a_i_sr_reg_5/RN (p,m)   -     R     SDFFSRHQX2  pd_aon     27    -     -     1    3912  (15.6000,64.9800) 
#-------------------------------------------------------------------------------------------------------------------

(p) : Instance is preserved but may be resized
(@) : Annotated capacitance.
(m) : Attribute cell_delay_multiplier is modified for this library cell.
(a) : Net has asynchronous load pins which are being considered ideal.

Capture clock path:
#---------------------------------------------------------------------------------------------------------------------
#      Timing Point        Flags    Arc   Edge    Cell      Power  Fanout Load Trans Delay Arrival      Instance      
#                                                           Domain        (fF)  (ps)  (ps)   (ps)       Location      
#---------------------------------------------------------------------------------------------------------------------
  clk_i                   (i)       -     R     (arrival)   pd_aon     65  0.0     0     0    9996              (-,-) 
  operand_a_i_sr_reg_5/CK <<< (p,m) -     R     SDFFSRHQX2  pd_aon     65    -     0     0    9996  (15.6000,64.9800) 
#---------------------------------------------------------------------------------------------------------------------



Path 145: MET (5869 ps) Recovery Check with Pin operand_a_i_sr_reg_4/CK->RN
           View: slow_0p9v_125c_cmax_func
          Group: clk_i
     Startpoint: (R) rst_ni
          Clock: (R) clk_i_virtual
       Endpoint: (R) operand_a_i_sr_reg_4/RN
          Clock: (R) clk_i

                     Capture       Launch     
        Clock Edge:+   10000            0     
        Drv Adjust:+       0           -8     
       Src Latency:+       0            0     
       Net Latency:+       0 (I)        0 (I) 
           Arrival:=   10000           -8     
                                              
          Recovery:-     165                  
       Uncertainty:-      55                  
     Required Time:=    9780                  
      Launch Clock:-      -8                  
       Input Delay:-    3500                  
         Data Path:-     419                  
             Slack:=    5869                  

Exceptions/Constraints:
  multi_cycle     0-launch, 2-capture     func.sdc.gz_line_825   
  input_delay             3500            func.sdc.gz_line_719   

#-------------------------------------------------------------------------------------------------------------------
#      Timing Point       Flags   Arc   Edge    Cell      Power  Fanout Load Trans Delay Arrival      Instance      
#                                                         Domain        (fF)  (ps)  (ps)   (ps)       Location      
#-------------------------------------------------------------------------------------------------------------------
  rst_ni                  (a,@)   -     R     (arrival)   pd_aon      1  0.6    51     0    3492              (-,-) 
  FE_OFC0_rst_ni/Y        (a,@,m) A->Y  F     INVXL       pd_aon      2  1.1    69    78    3570   (6.6000,80.3700) 
  FE_OFC1_rst_ni/Y        (a,@,m) A->Y  R     INVX2       pd_aon     28 12.2   141   122    3691   (6.6000,78.6600) 
  FE_OFC3_rst_ni/Y        (a,@,m) A->Y  R     BUFX2       pd_aon     27 10.9   129   219    3910  (15.2000,27.3600) 
  operand_a_i_sr_reg_4/RN (p,m)   -     R     SDFFSRHQX2  pd_aon     27    -     -     1    3912  (14.4000,58.1400) 
#-------------------------------------------------------------------------------------------------------------------

(p) : Instance is preserved but may be resized
(@) : Annotated capacitance.
(m) : Attribute cell_delay_multiplier is modified for this library cell.
(a) : Net has asynchronous load pins which are being considered ideal.

Capture clock path:
#---------------------------------------------------------------------------------------------------------------------
#      Timing Point        Flags    Arc   Edge    Cell      Power  Fanout Load Trans Delay Arrival      Instance      
#                                                           Domain        (fF)  (ps)  (ps)   (ps)       Location      
#---------------------------------------------------------------------------------------------------------------------
  clk_i                   (i)       -     R     (arrival)   pd_aon     65  0.0     0     0    9996              (-,-) 
  operand_a_i_sr_reg_4/CK <<< (p,m) -     R     SDFFSRHQX2  pd_aon     65    -     0     0    9996  (14.4000,58.1400) 
#---------------------------------------------------------------------------------------------------------------------



Path 146: MET (5869 ps) Recovery Check with Pin operand_b_i_sr_reg_26/CK->RN
           View: slow_0p9v_125c_cmax_func
          Group: clk_i
     Startpoint: (R) rst_ni
          Clock: (R) clk_i_virtual
       Endpoint: (R) operand_b_i_sr_reg_26/RN
          Clock: (R) clk_i

                     Capture       Launch     
        Clock Edge:+   10000            0     
        Drv Adjust:+       0           -8     
       Src Latency:+       0            0     
       Net Latency:+       0 (I)        0 (I) 
           Arrival:=   10000           -8     
                                              
          Recovery:-     165                  
       Uncertainty:-      55                  
     Required Time:=    9780                  
      Launch Clock:-      -8                  
       Input Delay:-    3500                  
         Data Path:-     419                  
             Slack:=    5869                  

Exceptions/Constraints:
  multi_cycle     0-launch, 2-capture     func.sdc.gz_line_825   
  input_delay             3500            func.sdc.gz_line_719   

#--------------------------------------------------------------------------------------------------------------------
#      Timing Point        Flags   Arc   Edge    Cell      Power  Fanout Load Trans Delay Arrival      Instance      
#                                                          Domain        (fF)  (ps)  (ps)   (ps)       Location      
#--------------------------------------------------------------------------------------------------------------------
  rst_ni                   (a,@)   -     R     (arrival)   pd_aon      1  0.6    51     0    3492              (-,-) 
  FE_OFC0_rst_ni/Y         (a,@,m) A->Y  F     INVXL       pd_aon      2  1.1    69    78    3570   (6.6000,80.3700) 
  FE_OFC1_rst_ni/Y         (a,@,m) A->Y  R     INVX2       pd_aon     28 12.2   141   122    3691   (6.6000,78.6600) 
  FE_OFC3_rst_ni/Y         (a,@,m) A->Y  R     BUFX2       pd_aon     27 10.9   129   219    3910  (15.2000,27.3600) 
  operand_b_i_sr_reg_26/RN (p,m)   -     R     SDFFSRHQX2  pd_aon     27    -     -     1    3912  (16.0000,56.4300) 
#--------------------------------------------------------------------------------------------------------------------

(p) : Instance is preserved but may be resized
(@) : Annotated capacitance.
(m) : Attribute cell_delay_multiplier is modified for this library cell.
(a) : Net has asynchronous load pins which are being considered ideal.

Capture clock path:
#----------------------------------------------------------------------------------------------------------------------
#      Timing Point         Flags    Arc   Edge    Cell      Power  Fanout Load Trans Delay Arrival      Instance      
#                                                            Domain        (fF)  (ps)  (ps)   (ps)       Location      
#----------------------------------------------------------------------------------------------------------------------
  clk_i                    (i)       -     R     (arrival)   pd_aon     65  0.0     0     0    9996              (-,-) 
  operand_b_i_sr_reg_26/CK <<< (p,m) -     R     SDFFSRHQX2  pd_aon     65    -     0     0    9996  (16.0000,56.4300) 
#----------------------------------------------------------------------------------------------------------------------



Path 147: MET (5869 ps) Recovery Check with Pin operand_a_i_sr_reg_2/CK->RN
           View: slow_0p9v_125c_cmax_func
          Group: clk_i
     Startpoint: (R) rst_ni
          Clock: (R) clk_i_virtual
       Endpoint: (R) operand_a_i_sr_reg_2/RN
          Clock: (R) clk_i

                     Capture       Launch     
        Clock Edge:+   10000            0     
        Drv Adjust:+       0           -8     
       Src Latency:+       0            0     
       Net Latency:+       0 (I)        0 (I) 
           Arrival:=   10000           -8     
                                              
          Recovery:-     165                  
       Uncertainty:-      55                  
     Required Time:=    9780                  
      Launch Clock:-      -8                  
       Input Delay:-    3500                  
         Data Path:-     419                  
             Slack:=    5869                  

Exceptions/Constraints:
  multi_cycle     0-launch, 2-capture     func.sdc.gz_line_825   
  input_delay             3500            func.sdc.gz_line_719   

#-------------------------------------------------------------------------------------------------------------------
#      Timing Point       Flags   Arc   Edge    Cell      Power  Fanout Load Trans Delay Arrival      Instance      
#                                                         Domain        (fF)  (ps)  (ps)   (ps)       Location      
#-------------------------------------------------------------------------------------------------------------------
  rst_ni                  (a,@)   -     R     (arrival)   pd_aon      1  0.6    51     0    3492              (-,-) 
  FE_OFC0_rst_ni/Y        (a,@,m) A->Y  F     INVXL       pd_aon      2  1.1    69    78    3570   (6.6000,80.3700) 
  FE_OFC1_rst_ni/Y        (a,@,m) A->Y  R     INVX2       pd_aon     28 12.2   141   122    3691   (6.6000,78.6600) 
  FE_OFC3_rst_ni/Y        (a,@,m) A->Y  R     BUFX2       pd_aon     27 10.9   129   219    3910  (15.2000,27.3600) 
  operand_a_i_sr_reg_2/RN (p,m)   -     R     SDFFSRHQX2  pd_aon     27    -     -     1    3911  (15.8000,51.3000) 
#-------------------------------------------------------------------------------------------------------------------

(p) : Instance is preserved but may be resized
(@) : Annotated capacitance.
(m) : Attribute cell_delay_multiplier is modified for this library cell.
(a) : Net has asynchronous load pins which are being considered ideal.

Capture clock path:
#---------------------------------------------------------------------------------------------------------------------
#      Timing Point        Flags    Arc   Edge    Cell      Power  Fanout Load Trans Delay Arrival      Instance      
#                                                           Domain        (fF)  (ps)  (ps)   (ps)       Location      
#---------------------------------------------------------------------------------------------------------------------
  clk_i                   (i)       -     R     (arrival)   pd_aon     65  0.0     0     0    9996              (-,-) 
  operand_a_i_sr_reg_2/CK <<< (p,m) -     R     SDFFSRHQX2  pd_aon     65    -     0     0    9996  (15.8000,51.3000) 
#---------------------------------------------------------------------------------------------------------------------



Path 148: MET (5869 ps) Recovery Check with Pin operand_b_i_sr_reg_5/CK->RN
           View: slow_0p9v_125c_cmax_func
          Group: clk_i
     Startpoint: (R) rst_ni
          Clock: (R) clk_i_virtual
       Endpoint: (R) operand_b_i_sr_reg_5/RN
          Clock: (R) clk_i

                     Capture       Launch     
        Clock Edge:+   10000            0     
        Drv Adjust:+       0           -8     
       Src Latency:+       0            0     
       Net Latency:+       0 (I)        0 (I) 
           Arrival:=   10000           -8     
                                              
          Recovery:-     166                  
       Uncertainty:-      55                  
     Required Time:=    9779                  
      Launch Clock:-      -8                  
       Input Delay:-    3500                  
         Data Path:-     418                  
             Slack:=    5869                  

Exceptions/Constraints:
  multi_cycle     0-launch, 2-capture     func.sdc.gz_line_825   
  input_delay             3500            func.sdc.gz_line_719   

#-------------------------------------------------------------------------------------------------------------------
#      Timing Point       Flags   Arc   Edge    Cell      Power  Fanout Load Trans Delay Arrival      Instance      
#                                                         Domain        (fF)  (ps)  (ps)   (ps)       Location      
#-------------------------------------------------------------------------------------------------------------------
  rst_ni                  (a,@)   -     R     (arrival)   pd_aon      1  0.6    51     0    3492              (-,-) 
  FE_OFC0_rst_ni/Y        (a,@,m) A->Y  F     INVXL       pd_aon      2  1.1    69    78    3570   (6.6000,80.3700) 
  FE_OFC1_rst_ni/Y        (a,@,m) A->Y  R     INVX2       pd_aon     28 12.2   141   122    3691   (6.6000,78.6600) 
  FE_OFC3_rst_ni/Y        (a,@,m) A->Y  R     BUFX2       pd_aon     27 10.9   129   219    3910  (15.2000,27.3600) 
  operand_b_i_sr_reg_5/RN (p,m)   -     R     SDFFSRHQX4  pd_aon     27    -     -     0    3910  (13.6000,27.3600) 
#-------------------------------------------------------------------------------------------------------------------

(p) : Instance is preserved but may be resized
(@) : Annotated capacitance.
(m) : Attribute cell_delay_multiplier is modified for this library cell.
(a) : Net has asynchronous load pins which are being considered ideal.

Capture clock path:
#---------------------------------------------------------------------------------------------------------------------
#      Timing Point        Flags    Arc   Edge    Cell      Power  Fanout Load Trans Delay Arrival      Instance      
#                                                           Domain        (fF)  (ps)  (ps)   (ps)       Location      
#---------------------------------------------------------------------------------------------------------------------
  clk_i                   (i)       -     R     (arrival)   pd_aon     65  0.0     0     0    9996              (-,-) 
  operand_b_i_sr_reg_5/CK <<< (p,m) -     R     SDFFSRHQX4  pd_aon     65    -     0     0    9996  (13.6000,27.3600) 
#---------------------------------------------------------------------------------------------------------------------



Path 149: MET (5869 ps) Recovery Check with Pin operand_a_i_sr_reg_0/CK->RN
           View: slow_0p9v_125c_cmax_func
          Group: clk_i
     Startpoint: (R) rst_ni
          Clock: (R) clk_i_virtual
       Endpoint: (R) operand_a_i_sr_reg_0/RN
          Clock: (R) clk_i

                     Capture       Launch     
        Clock Edge:+   10000            0     
        Drv Adjust:+       0           -8     
       Src Latency:+       0            0     
       Net Latency:+       0 (I)        0 (I) 
           Arrival:=   10000           -8     
                                              
          Recovery:-     165                  
       Uncertainty:-      55                  
     Required Time:=    9780                  
      Launch Clock:-      -8                  
       Input Delay:-    3500                  
         Data Path:-     419                  
             Slack:=    5869                  

Exceptions/Constraints:
  multi_cycle     0-launch, 2-capture     func.sdc.gz_line_825   
  input_delay             3500            func.sdc.gz_line_719   

#-------------------------------------------------------------------------------------------------------------------
#      Timing Point       Flags   Arc   Edge    Cell      Power  Fanout Load Trans Delay Arrival      Instance      
#                                                         Domain        (fF)  (ps)  (ps)   (ps)       Location      
#-------------------------------------------------------------------------------------------------------------------
  rst_ni                  (a,@)   -     R     (arrival)   pd_aon      1  0.6    51     0    3492              (-,-) 
  FE_OFC0_rst_ni/Y        (a,@,m) A->Y  F     INVXL       pd_aon      2  1.1    69    78    3570   (6.6000,80.3700) 
  FE_OFC1_rst_ni/Y        (a,@,m) A->Y  R     INVX2       pd_aon     28 12.2   141   122    3691   (6.6000,78.6600) 
  FE_OFC3_rst_ni/Y        (a,@,m) A->Y  R     BUFX2       pd_aon     27 10.9   129   219    3910  (15.2000,27.3600) 
  operand_a_i_sr_reg_0/RN (p,m)   -     R     SDFFSRHQX2  pd_aon     27    -     -     1    3911  (15.8000,46.1700) 
#-------------------------------------------------------------------------------------------------------------------

(p) : Instance is preserved but may be resized
(@) : Annotated capacitance.
(m) : Attribute cell_delay_multiplier is modified for this library cell.
(a) : Net has asynchronous load pins which are being considered ideal.

Capture clock path:
#---------------------------------------------------------------------------------------------------------------------
#      Timing Point        Flags    Arc   Edge    Cell      Power  Fanout Load Trans Delay Arrival      Instance      
#                                                           Domain        (fF)  (ps)  (ps)   (ps)       Location      
#---------------------------------------------------------------------------------------------------------------------
  clk_i                   (i)       -     R     (arrival)   pd_aon     65  0.0     0     0    9996              (-,-) 
  operand_a_i_sr_reg_0/CK <<< (p,m) -     R     SDFFSRHQX2  pd_aon     65    -     0     0    9996  (15.8000,46.1700) 
#---------------------------------------------------------------------------------------------------------------------



Path 150: MET (5869 ps) Recovery Check with Pin operand_b_i_sr_reg_11/CK->RN
           View: slow_0p9v_125c_cmax_func
          Group: clk_i
     Startpoint: (R) rst_ni
          Clock: (R) clk_i_virtual
       Endpoint: (R) operand_b_i_sr_reg_11/RN
          Clock: (R) clk_i

                     Capture       Launch     
        Clock Edge:+   10000            0     
        Drv Adjust:+       0           -8     
       Src Latency:+       0            0     
       Net Latency:+       0 (I)        0 (I) 
           Arrival:=   10000           -8     
                                              
          Recovery:-     165                  
       Uncertainty:-      55                  
     Required Time:=    9780                  
      Launch Clock:-      -8                  
       Input Delay:-    3500                  
         Data Path:-     419                  
             Slack:=    5869                  

Exceptions/Constraints:
  multi_cycle     0-launch, 2-capture     func.sdc.gz_line_825   
  input_delay             3500            func.sdc.gz_line_719   

#--------------------------------------------------------------------------------------------------------------------
#      Timing Point        Flags   Arc   Edge    Cell      Power  Fanout Load Trans Delay Arrival      Instance      
#                                                          Domain        (fF)  (ps)  (ps)   (ps)       Location      
#--------------------------------------------------------------------------------------------------------------------
  rst_ni                   (a,@)   -     R     (arrival)   pd_aon      1  0.6    51     0    3492              (-,-) 
  FE_OFC0_rst_ni/Y         (a,@,m) A->Y  F     INVXL       pd_aon      2  1.1    69    78    3570   (6.6000,80.3700) 
  FE_OFC1_rst_ni/Y         (a,@,m) A->Y  R     INVX2       pd_aon     28 12.2   141   122    3691   (6.6000,78.6600) 
  FE_OFC3_rst_ni/Y         (a,@,m) A->Y  R     BUFX2       pd_aon     27 10.9   129   219    3910  (15.2000,27.3600) 
  operand_b_i_sr_reg_11/RN (p,m)   -     R     SDFFSRHQX2  pd_aon     27    -     -     0    3911  (16.6000,42.7500) 
#--------------------------------------------------------------------------------------------------------------------

(p) : Instance is preserved but may be resized
(@) : Annotated capacitance.
(m) : Attribute cell_delay_multiplier is modified for this library cell.
(a) : Net has asynchronous load pins which are being considered ideal.

Capture clock path:
#----------------------------------------------------------------------------------------------------------------------
#      Timing Point         Flags    Arc   Edge    Cell      Power  Fanout Load Trans Delay Arrival      Instance      
#                                                            Domain        (fF)  (ps)  (ps)   (ps)       Location      
#----------------------------------------------------------------------------------------------------------------------
  clk_i                    (i)       -     R     (arrival)   pd_aon     65  0.0     0     0    9996              (-,-) 
  operand_b_i_sr_reg_11/CK <<< (p,m) -     R     SDFFSRHQX2  pd_aon     65    -     0     0    9996  (16.6000,42.7500) 
#----------------------------------------------------------------------------------------------------------------------



Path 151: MET (5869 ps) Recovery Check with Pin operand_b_i_sr_reg_8/CK->RN
           View: slow_0p9v_125c_cmax_func
          Group: clk_i
     Startpoint: (R) rst_ni
          Clock: (R) clk_i_virtual
       Endpoint: (R) operand_b_i_sr_reg_8/RN
          Clock: (R) clk_i

                     Capture       Launch     
        Clock Edge:+   10000            0     
        Drv Adjust:+       0           -8     
       Src Latency:+       0            0     
       Net Latency:+       0 (I)        0 (I) 
           Arrival:=   10000           -8     
                                              
          Recovery:-     165                  
       Uncertainty:-      55                  
     Required Time:=    9780                  
      Launch Clock:-      -8                  
       Input Delay:-    3500                  
         Data Path:-     419                  
             Slack:=    5869                  

Exceptions/Constraints:
  multi_cycle     0-launch, 2-capture     func.sdc.gz_line_825   
  input_delay             3500            func.sdc.gz_line_719   

#-------------------------------------------------------------------------------------------------------------------
#      Timing Point       Flags   Arc   Edge    Cell      Power  Fanout Load Trans Delay Arrival      Instance      
#                                                         Domain        (fF)  (ps)  (ps)   (ps)       Location      
#-------------------------------------------------------------------------------------------------------------------
  rst_ni                  (a,@)   -     R     (arrival)   pd_aon      1  0.6    51     0    3492              (-,-) 
  FE_OFC0_rst_ni/Y        (a,@,m) A->Y  F     INVXL       pd_aon      2  1.1    69    78    3570   (6.6000,80.3700) 
  FE_OFC1_rst_ni/Y        (a,@,m) A->Y  R     INVX2       pd_aon     28 12.2   141   122    3691   (6.6000,78.6600) 
  FE_OFC3_rst_ni/Y        (a,@,m) A->Y  R     BUFX2       pd_aon     27 10.9   129   219    3910  (15.2000,27.3600) 
  operand_b_i_sr_reg_8/RN (p,m)   -     R     SDFFSRHQX2  pd_aon     27    -     -     0    3911  (15.2000,35.9100) 
#-------------------------------------------------------------------------------------------------------------------

(p) : Instance is preserved but may be resized
(@) : Annotated capacitance.
(m) : Attribute cell_delay_multiplier is modified for this library cell.
(a) : Net has asynchronous load pins which are being considered ideal.

Capture clock path:
#---------------------------------------------------------------------------------------------------------------------
#      Timing Point        Flags    Arc   Edge    Cell      Power  Fanout Load Trans Delay Arrival      Instance      
#                                                           Domain        (fF)  (ps)  (ps)   (ps)       Location      
#---------------------------------------------------------------------------------------------------------------------
  clk_i                   (i)       -     R     (arrival)   pd_aon     65  0.0     0     0    9996              (-,-) 
  operand_b_i_sr_reg_8/CK <<< (p,m) -     R     SDFFSRHQX2  pd_aon     65    -     0     0    9996  (15.2000,35.9100) 
#---------------------------------------------------------------------------------------------------------------------



Path 152: MET (5869 ps) Recovery Check with Pin operand_b_i_sr_reg_17/CK->RN
           View: slow_0p9v_125c_cmax_func
          Group: clk_i
     Startpoint: (R) rst_ni
          Clock: (R) clk_i_virtual
       Endpoint: (R) operand_b_i_sr_reg_17/RN
          Clock: (R) clk_i

                     Capture       Launch     
        Clock Edge:+   10000            0     
        Drv Adjust:+       0           -8     
       Src Latency:+       0            0     
       Net Latency:+       0 (I)        0 (I) 
           Arrival:=   10000           -8     
                                              
          Recovery:-     165                  
       Uncertainty:-      55                  
     Required Time:=    9780                  
      Launch Clock:-      -8                  
       Input Delay:-    3500                  
         Data Path:-     418                  
             Slack:=    5869                  

Exceptions/Constraints:
  multi_cycle     0-launch, 2-capture     func.sdc.gz_line_825   
  input_delay             3500            func.sdc.gz_line_719   

#--------------------------------------------------------------------------------------------------------------------
#      Timing Point        Flags   Arc   Edge    Cell      Power  Fanout Load Trans Delay Arrival      Instance      
#                                                          Domain        (fF)  (ps)  (ps)   (ps)       Location      
#--------------------------------------------------------------------------------------------------------------------
  rst_ni                   (a,@)   -     R     (arrival)   pd_aon      1  0.6    51     0    3492              (-,-) 
  FE_OFC0_rst_ni/Y         (a,@,m) A->Y  F     INVXL       pd_aon      2  1.1    69    78    3570   (6.6000,80.3700) 
  FE_OFC1_rst_ni/Y         (a,@,m) A->Y  R     INVX2       pd_aon     28 12.2   141   122    3691   (6.6000,78.6600) 
  FE_OFC3_rst_ni/Y         (a,@,m) A->Y  R     BUFX2       pd_aon     27 10.9   129   219    3910  (15.2000,27.3600) 
  operand_b_i_sr_reg_17/RN (p,m)   -     R     SDFFSRHQX2  pd_aon     27    -     -     0    3911  (14.8000,34.2000) 
#--------------------------------------------------------------------------------------------------------------------

(p) : Instance is preserved but may be resized
(@) : Annotated capacitance.
(m) : Attribute cell_delay_multiplier is modified for this library cell.
(a) : Net has asynchronous load pins which are being considered ideal.

Capture clock path:
#----------------------------------------------------------------------------------------------------------------------
#      Timing Point         Flags    Arc   Edge    Cell      Power  Fanout Load Trans Delay Arrival      Instance      
#                                                            Domain        (fF)  (ps)  (ps)   (ps)       Location      
#----------------------------------------------------------------------------------------------------------------------
  clk_i                    (i)       -     R     (arrival)   pd_aon     65  0.0     0     0    9996              (-,-) 
  operand_b_i_sr_reg_17/CK <<< (p,m) -     R     SDFFSRHQX2  pd_aon     65    -     0     0    9996  (14.8000,34.2000) 
#----------------------------------------------------------------------------------------------------------------------



Path 153: MET (5870 ps) Recovery Check with Pin operand_b_i_sr_reg_16/CK->RN
           View: slow_0p9v_125c_cmax_func
          Group: clk_i
     Startpoint: (R) rst_ni
          Clock: (R) clk_i_virtual
       Endpoint: (R) operand_b_i_sr_reg_16/RN
          Clock: (R) clk_i

                     Capture       Launch     
        Clock Edge:+   10000            0     
        Drv Adjust:+       0           -8     
       Src Latency:+       0            0     
       Net Latency:+       0 (I)        0 (I) 
           Arrival:=   10000           -8     
                                              
          Recovery:-     165                  
       Uncertainty:-      55                  
     Required Time:=    9780                  
      Launch Clock:-      -8                  
       Input Delay:-    3500                  
         Data Path:-     418                  
             Slack:=    5870                  

Exceptions/Constraints:
  multi_cycle     0-launch, 2-capture     func.sdc.gz_line_825   
  input_delay             3500            func.sdc.gz_line_719   

#--------------------------------------------------------------------------------------------------------------------
#      Timing Point        Flags   Arc   Edge    Cell      Power  Fanout Load Trans Delay Arrival      Instance      
#                                                          Domain        (fF)  (ps)  (ps)   (ps)       Location      
#--------------------------------------------------------------------------------------------------------------------
  rst_ni                   (a,@)   -     R     (arrival)   pd_aon      1  0.6    51     0    3492              (-,-) 
  FE_OFC0_rst_ni/Y         (a,@,m) A->Y  F     INVXL       pd_aon      2  1.1    69    78    3570   (6.6000,80.3700) 
  FE_OFC1_rst_ni/Y         (a,@,m) A->Y  R     INVX2       pd_aon     28 12.2   141   122    3691   (6.6000,78.6600) 
  FE_OFC3_rst_ni/Y         (a,@,m) A->Y  R     BUFX2       pd_aon     27 10.9   129   219    3910  (15.2000,27.3600) 
  operand_b_i_sr_reg_16/RN (p,m)   -     R     SDFFSRHQX2  pd_aon     27    -     -     0    3911  (15.4000,30.7800) 
#--------------------------------------------------------------------------------------------------------------------

(p) : Instance is preserved but may be resized
(@) : Annotated capacitance.
(m) : Attribute cell_delay_multiplier is modified for this library cell.
(a) : Net has asynchronous load pins which are being considered ideal.

Capture clock path:
#----------------------------------------------------------------------------------------------------------------------
#      Timing Point         Flags    Arc   Edge    Cell      Power  Fanout Load Trans Delay Arrival      Instance      
#                                                            Domain        (fF)  (ps)  (ps)   (ps)       Location      
#----------------------------------------------------------------------------------------------------------------------
  clk_i                    (i)       -     R     (arrival)   pd_aon     65  0.0     0     0    9996              (-,-) 
  operand_b_i_sr_reg_16/CK <<< (p,m) -     R     SDFFSRHQX2  pd_aon     65    -     0     0    9996  (15.4000,30.7800) 
#----------------------------------------------------------------------------------------------------------------------



Path 154: MET (5874 ps) Recovery Check with Pin operand_a_i_sr_reg_3/CK->RN
           View: slow_0p9v_125c_cmax_func
          Group: clk_i
     Startpoint: (R) rst_ni
          Clock: (R) clk_i_virtual
       Endpoint: (R) operand_a_i_sr_reg_3/RN
          Clock: (R) clk_i

                     Capture       Launch     
        Clock Edge:+   10000            0     
        Drv Adjust:+       0           -8     
       Src Latency:+       0            0     
       Net Latency:+       0 (I)        0 (I) 
           Arrival:=   10000           -8     
                                              
          Recovery:-     159                  
       Uncertainty:-      55                  
     Required Time:=    9786                  
      Launch Clock:-      -8                  
       Input Delay:-    3500                  
         Data Path:-     419                  
             Slack:=    5874                  

Exceptions/Constraints:
  multi_cycle     0-launch, 2-capture     func.sdc.gz_line_825   
  input_delay             3500            func.sdc.gz_line_719   

#-------------------------------------------------------------------------------------------------------------------
#      Timing Point       Flags   Arc   Edge    Cell      Power  Fanout Load Trans Delay Arrival      Instance      
#                                                         Domain        (fF)  (ps)  (ps)   (ps)       Location      
#-------------------------------------------------------------------------------------------------------------------
  rst_ni                  (a,@)   -     R     (arrival)   pd_aon      1  0.6    51     0    3492              (-,-) 
  FE_OFC0_rst_ni/Y        (a,@,m) A->Y  F     INVXL       pd_aon      2  1.1    69    78    3570   (6.6000,80.3700) 
  FE_OFC1_rst_ni/Y        (a,@,m) A->Y  R     INVX2       pd_aon     28 12.2   141   122    3691   (6.6000,78.6600) 
  FE_OFC3_rst_ni/Y        (a,@,m) A->Y  R     BUFX2       pd_aon     27 10.9   129   219    3910  (15.2000,27.3600) 
  operand_a_i_sr_reg_3/RN (p,m)   -     R     SDFFSRHQX1  pd_aon     27    -     -     1    3911  (15.8000,53.0100) 
#-------------------------------------------------------------------------------------------------------------------

(p) : Instance is preserved but may be resized
(@) : Annotated capacitance.
(m) : Attribute cell_delay_multiplier is modified for this library cell.
(a) : Net has asynchronous load pins which are being considered ideal.

Capture clock path:
#---------------------------------------------------------------------------------------------------------------------
#      Timing Point        Flags    Arc   Edge    Cell      Power  Fanout Load Trans Delay Arrival      Instance      
#                                                           Domain        (fF)  (ps)  (ps)   (ps)       Location      
#---------------------------------------------------------------------------------------------------------------------
  clk_i                   (i)       -     R     (arrival)   pd_aon     65  0.0     0     0    9996              (-,-) 
  operand_a_i_sr_reg_3/CK <<< (p,m) -     R     SDFFSRHQX1  pd_aon     65    -     0     0    9996  (15.8000,53.0100) 
#---------------------------------------------------------------------------------------------------------------------



Path 155: MET (5875 ps) Recovery Check with Pin operand_b_i_sr_reg_9/CK->RN
           View: slow_0p9v_125c_cmax_func
          Group: clk_i
     Startpoint: (R) rst_ni
          Clock: (R) clk_i_virtual
       Endpoint: (R) operand_b_i_sr_reg_9/RN
          Clock: (R) clk_i

                     Capture       Launch     
        Clock Edge:+   10000            0     
        Drv Adjust:+       0           -8     
       Src Latency:+       0            0     
       Net Latency:+       0 (I)        0 (I) 
           Arrival:=   10000           -8     
                                              
          Recovery:-     159                  
       Uncertainty:-      55                  
     Required Time:=    9786                  
      Launch Clock:-      -8                  
       Input Delay:-    3500                  
         Data Path:-     419                  
             Slack:=    5875                  

Exceptions/Constraints:
  multi_cycle     0-launch, 2-capture     func.sdc.gz_line_825   
  input_delay             3500            func.sdc.gz_line_719   

#-------------------------------------------------------------------------------------------------------------------
#      Timing Point       Flags   Arc   Edge    Cell      Power  Fanout Load Trans Delay Arrival      Instance      
#                                                         Domain        (fF)  (ps)  (ps)   (ps)       Location      
#-------------------------------------------------------------------------------------------------------------------
  rst_ni                  (a,@)   -     R     (arrival)   pd_aon      1  0.6    51     0    3492              (-,-) 
  FE_OFC0_rst_ni/Y        (a,@,m) A->Y  F     INVXL       pd_aon      2  1.1    69    78    3570   (6.6000,80.3700) 
  FE_OFC1_rst_ni/Y        (a,@,m) A->Y  R     INVX2       pd_aon     28 12.2   141   122    3691   (6.6000,78.6600) 
  FE_OFC3_rst_ni/Y        (a,@,m) A->Y  R     BUFX2       pd_aon     27 10.9   129   219    3910  (15.2000,27.3600) 
  operand_b_i_sr_reg_9/RN (p,m)   -     R     SDFFSRHQX1  pd_aon     27    -     -     0    3911  (16.6000,37.6200) 
#-------------------------------------------------------------------------------------------------------------------

(p) : Instance is preserved but may be resized
(@) : Annotated capacitance.
(m) : Attribute cell_delay_multiplier is modified for this library cell.
(a) : Net has asynchronous load pins which are being considered ideal.

Capture clock path:
#---------------------------------------------------------------------------------------------------------------------
#      Timing Point        Flags    Arc   Edge    Cell      Power  Fanout Load Trans Delay Arrival      Instance      
#                                                           Domain        (fF)  (ps)  (ps)   (ps)       Location      
#---------------------------------------------------------------------------------------------------------------------
  clk_i                   (i)       -     R     (arrival)   pd_aon     65  0.0     0     0    9996              (-,-) 
  operand_b_i_sr_reg_9/CK <<< (p,m) -     R     SDFFSRHQX1  pd_aon     65    -     0     0    9996  (16.6000,37.6200) 
#---------------------------------------------------------------------------------------------------------------------



Path 156: MET (5878 ps) Recovery Check with Pin operand_b_i_sr_reg_4/CK->RN
           View: slow_0p9v_125c_cmax_func
          Group: clk_i
     Startpoint: (R) rst_ni
          Clock: (R) clk_i_virtual
       Endpoint: (R) operand_b_i_sr_reg_4/RN
          Clock: (R) clk_i

                     Capture       Launch     
        Clock Edge:+   10000            0     
        Drv Adjust:+       0           -8     
       Src Latency:+       0            0     
       Net Latency:+       0 (I)        0 (I) 
           Arrival:=   10000           -8     
                                              
          Recovery:-     157                  
       Uncertainty:-      55                  
     Required Time:=    9788                  
      Launch Clock:-      -8                  
       Input Delay:-    3500                  
         Data Path:-     418                  
             Slack:=    5878                  

Exceptions/Constraints:
  multi_cycle     0-launch, 2-capture     func.sdc.gz_line_825   
  input_delay             3500            func.sdc.gz_line_719   

#------------------------------------------------------------------------------------------------------------------
#      Timing Point       Flags   Arc   Edge   Cell      Power  Fanout Load Trans Delay Arrival      Instance      
#                                                        Domain        (fF)  (ps)  (ps)   (ps)       Location      
#------------------------------------------------------------------------------------------------------------------
  rst_ni                  (a,@)   -     R     (arrival)  pd_aon      1  0.6    51     0    3492              (-,-) 
  FE_OFC0_rst_ni/Y        (a,@,m) A->Y  F     INVXL      pd_aon      2  1.1    69    78    3570   (6.6000,80.3700) 
  FE_OFC1_rst_ni/Y        (a,@,m) A->Y  R     INVX2      pd_aon     28 12.2   141   122    3691   (6.6000,78.6600) 
  FE_OFC3_rst_ni/Y        (a,@,m) A->Y  R     BUFX2      pd_aon     27 10.9   129   219    3910  (15.2000,27.3600) 
  operand_b_i_sr_reg_4/RN (p,m)   -     R     SDFFSRX2   pd_aon     27    -     -     0    3910  (13.6000,25.6500) 
#------------------------------------------------------------------------------------------------------------------

(p) : Instance is preserved but may be resized
(@) : Annotated capacitance.
(m) : Attribute cell_delay_multiplier is modified for this library cell.
(a) : Net has asynchronous load pins which are being considered ideal.

Capture clock path:
#--------------------------------------------------------------------------------------------------------------------
#      Timing Point        Flags    Arc   Edge   Cell      Power  Fanout Load Trans Delay Arrival      Instance      
#                                                          Domain        (fF)  (ps)  (ps)   (ps)       Location      
#--------------------------------------------------------------------------------------------------------------------
  clk_i                   (i)       -     R     (arrival)  pd_aon     65  0.0     0     0    9996              (-,-) 
  operand_b_i_sr_reg_4/CK <<< (p,m) -     R     SDFFSRX2   pd_aon     65    -     0     0    9996  (13.6000,25.6500) 
#--------------------------------------------------------------------------------------------------------------------



Path 157: MET (5883 ps) Recovery Check with Pin operand_b_i_sr_reg_12/CK->RN
           View: slow_0p9v_125c_cmax_func
          Group: clk_i
     Startpoint: (R) rst_ni
          Clock: (R) clk_i_virtual
       Endpoint: (R) operand_b_i_sr_reg_12/RN
          Clock: (R) clk_i

                     Capture       Launch     
        Clock Edge:+   10000            0     
        Drv Adjust:+       0           -8     
       Src Latency:+       0            0     
       Net Latency:+       0 (I)        0 (I) 
           Arrival:=   10000           -8     
                                              
          Recovery:-     151                  
       Uncertainty:-      55                  
     Required Time:=    9794                  
      Launch Clock:-      -8                  
       Input Delay:-    3500                  
         Data Path:-     419                  
             Slack:=    5883                  

Exceptions/Constraints:
  multi_cycle     0-launch, 2-capture     func.sdc.gz_line_825   
  input_delay             3500            func.sdc.gz_line_719   

#-------------------------------------------------------------------------------------------------------------------
#      Timing Point        Flags   Arc   Edge   Cell      Power  Fanout Load Trans Delay Arrival      Instance      
#                                                         Domain        (fF)  (ps)  (ps)   (ps)       Location      
#-------------------------------------------------------------------------------------------------------------------
  rst_ni                   (a,@)   -     R     (arrival)  pd_aon      1  0.6    51     0    3492              (-,-) 
  FE_OFC0_rst_ni/Y         (a,@,m) A->Y  F     INVXL      pd_aon      2  1.1    69    78    3570   (6.6000,80.3700) 
  FE_OFC1_rst_ni/Y         (a,@,m) A->Y  R     INVX2      pd_aon     28 12.2   141   122    3691   (6.6000,78.6600) 
  FE_OFC3_rst_ni/Y         (a,@,m) A->Y  R     BUFX2      pd_aon     27 10.9   129   219    3910  (15.2000,27.3600) 
  operand_b_i_sr_reg_12/RN (p,m)   -     R     SDFFSRX1   pd_aon     27    -     -     1    3911  (15.8000,44.4600) 
#-------------------------------------------------------------------------------------------------------------------

(p) : Instance is preserved but may be resized
(@) : Annotated capacitance.
(m) : Attribute cell_delay_multiplier is modified for this library cell.
(a) : Net has asynchronous load pins which are being considered ideal.

Capture clock path:
#---------------------------------------------------------------------------------------------------------------------
#      Timing Point         Flags    Arc   Edge   Cell      Power  Fanout Load Trans Delay Arrival      Instance      
#                                                           Domain        (fF)  (ps)  (ps)   (ps)       Location      
#---------------------------------------------------------------------------------------------------------------------
  clk_i                    (i)       -     R     (arrival)  pd_aon     65  0.0     0     0    9996              (-,-) 
  operand_b_i_sr_reg_12/CK <<< (p,m) -     R     SDFFSRX1   pd_aon     65    -     0     0    9996  (15.8000,44.4600) 
#---------------------------------------------------------------------------------------------------------------------



Path 158: MET (6060 ps) Recovery Check with Pin operand_a_i_sr_reg_1/CK->RN
           View: slow_0p9v_125c_cmax_func
          Group: clk_i
     Startpoint: (R) rst_ni
          Clock: (R) clk_i_virtual
       Endpoint: (R) operand_a_i_sr_reg_1/RN
          Clock: (R) clk_i

                     Capture       Launch     
        Clock Edge:+   10000            0     
        Drv Adjust:+       0           -8     
       Src Latency:+       0            0     
       Net Latency:+       0 (I)        0 (I) 
           Arrival:=   10000           -8     
                                              
          Recovery:-     -26                  
       Uncertainty:-      55                  
     Required Time:=    9971                  
      Launch Clock:-      -8                  
       Input Delay:-    3500                  
         Data Path:-     419                  
             Slack:=    6060                  

Exceptions/Constraints:
  multi_cycle     0-launch, 2-capture     func.sdc.gz_line_825   
  input_delay             3500            func.sdc.gz_line_719   

#------------------------------------------------------------------------------------------------------------------
#      Timing Point       Flags   Arc   Edge   Cell      Power  Fanout Load Trans Delay Arrival      Instance      
#                                                        Domain        (fF)  (ps)  (ps)   (ps)       Location      
#------------------------------------------------------------------------------------------------------------------
  rst_ni                  (a,@)   -     R     (arrival)  pd_aon      1  0.6    51     0    3492              (-,-) 
  FE_OFC0_rst_ni/Y        (a,@,m) A->Y  F     INVXL      pd_aon      2  1.1    69    78    3570   (6.6000,80.3700) 
  FE_OFC1_rst_ni/Y        (a,@,m) A->Y  R     INVX2      pd_aon     28 12.2   141   122    3691   (6.6000,78.6600) 
  FE_OFC3_rst_ni/Y        (a,@,m) A->Y  R     BUFX2      pd_aon     27 10.9   129   219    3910  (15.2000,27.3600) 
  operand_a_i_sr_reg_1/RN (p,m)   -     R     SDFFRHQX2  pd_aon     27    -     -     1    3911  (16.4000,49.5900) 
#------------------------------------------------------------------------------------------------------------------

(p) : Instance is preserved but may be resized
(@) : Annotated capacitance.
(m) : Attribute cell_delay_multiplier is modified for this library cell.
(a) : Net has asynchronous load pins which are being considered ideal.

Capture clock path:
#--------------------------------------------------------------------------------------------------------------------
#      Timing Point        Flags    Arc   Edge   Cell      Power  Fanout Load Trans Delay Arrival      Instance      
#                                                          Domain        (fF)  (ps)  (ps)   (ps)       Location      
#--------------------------------------------------------------------------------------------------------------------
  clk_i                   (i)       -     R     (arrival)  pd_aon     65  0.0     0     0    9996              (-,-) 
  operand_a_i_sr_reg_1/CK <<< (p,m) -     R     SDFFRHQX2  pd_aon     65    -     0     0    9996  (16.4000,49.5900) 
#--------------------------------------------------------------------------------------------------------------------



Path 159: MET (6080 ps) Recovery Check with Pin operand_b_i_sr_reg_3/CK->RN
           View: slow_0p9v_125c_cmax_func
          Group: clk_i
     Startpoint: (R) rst_ni
          Clock: (R) clk_i_virtual
       Endpoint: (R) operand_b_i_sr_reg_3/RN
          Clock: (R) clk_i

                     Capture       Launch     
        Clock Edge:+   10000            0     
        Drv Adjust:+       0           -8     
       Src Latency:+       0            0     
       Net Latency:+       0 (I)        0 (I) 
           Arrival:=   10000           -8     
                                              
          Recovery:-     172                  
       Uncertainty:-      55                  
     Required Time:=    9773                  
      Launch Clock:-      -8                  
       Input Delay:-    3500                  
         Data Path:-     201                  
             Slack:=    6080                  

Exceptions/Constraints:
  multi_cycle     0-launch, 2-capture     func.sdc.gz_line_825   
  input_delay             3500            func.sdc.gz_line_719   

#------------------------------------------------------------------------------------------------------------------
#      Timing Point       Flags   Arc   Edge    Cell      Power  Fanout Load Trans Delay Arrival      Instance     
#                                                         Domain        (fF)  (ps)  (ps)   (ps)       Location     
#------------------------------------------------------------------------------------------------------------------
  rst_ni                  (a,@)   -     R     (arrival)   pd_aon      1  0.6    51     0    3492             (-,-) 
  FE_OFC0_rst_ni/Y        (a,@,m) A->Y  F     INVXL       pd_aon      2  1.1    69    78    3570  (6.6000,80.3700) 
  FE_OFC1_rst_ni/Y        (a,@,m) A->Y  R     INVX2       pd_aon     28 12.2   141   122    3691  (6.6000,78.6600) 
  operand_b_i_sr_reg_3/RN (p,m)   -     R     SDFFSRHQX4  pd_aon     28    -     -     2    3693  (5.0000,22.2300) 
#------------------------------------------------------------------------------------------------------------------

(p) : Instance is preserved but may be resized
(@) : Annotated capacitance.
(m) : Attribute cell_delay_multiplier is modified for this library cell.
(a) : Net has asynchronous load pins which are being considered ideal.

Capture clock path:
#--------------------------------------------------------------------------------------------------------------------
#      Timing Point        Flags    Arc   Edge    Cell      Power  Fanout Load Trans Delay Arrival      Instance     
#                                                           Domain        (fF)  (ps)  (ps)   (ps)       Location     
#--------------------------------------------------------------------------------------------------------------------
  clk_i                   (i)       -     R     (arrival)   pd_aon     65  0.0     0     0    9996             (-,-) 
  operand_b_i_sr_reg_3/CK <<< (p,m) -     R     SDFFSRHQX4  pd_aon     65    -     0     0    9996  (5.0000,22.2300) 
#--------------------------------------------------------------------------------------------------------------------



Path 160: MET (6080 ps) Recovery Check with Pin operand_b_i_sr_reg_19/CK->RN
           View: slow_0p9v_125c_cmax_func
          Group: clk_i
     Startpoint: (R) rst_ni
          Clock: (R) clk_i_virtual
       Endpoint: (R) operand_b_i_sr_reg_19/RN
          Clock: (R) clk_i

                     Capture       Launch     
        Clock Edge:+   10000            0     
        Drv Adjust:+       0           -8     
       Src Latency:+       0            0     
       Net Latency:+       0 (I)        0 (I) 
           Arrival:=   10000           -8     
                                              
          Recovery:-     172                  
       Uncertainty:-      55                  
     Required Time:=    9773                  
      Launch Clock:-      -8                  
       Input Delay:-    3500                  
         Data Path:-     201                  
             Slack:=    6080                  

Exceptions/Constraints:
  multi_cycle     0-launch, 2-capture     func.sdc.gz_line_825   
  input_delay             3500            func.sdc.gz_line_719   

#-------------------------------------------------------------------------------------------------------------------
#      Timing Point        Flags   Arc   Edge    Cell      Power  Fanout Load Trans Delay Arrival      Instance     
#                                                          Domain        (fF)  (ps)  (ps)   (ps)       Location     
#-------------------------------------------------------------------------------------------------------------------
  rst_ni                   (a,@)   -     R     (arrival)   pd_aon      1  0.6    51     0    3492             (-,-) 
  FE_OFC0_rst_ni/Y         (a,@,m) A->Y  F     INVXL       pd_aon      2  1.1    69    78    3570  (6.6000,80.3700) 
  FE_OFC1_rst_ni/Y         (a,@,m) A->Y  R     INVX2       pd_aon     28 12.2   141   122    3691  (6.6000,78.6600) 
  operand_b_i_sr_reg_19/RN (p,m)   -     R     SDFFSRHQX4  pd_aon     28    -     -     2    3693  (5.4000,37.6200) 
#-------------------------------------------------------------------------------------------------------------------

(p) : Instance is preserved but may be resized
(@) : Annotated capacitance.
(m) : Attribute cell_delay_multiplier is modified for this library cell.
(a) : Net has asynchronous load pins which are being considered ideal.

Capture clock path:
#---------------------------------------------------------------------------------------------------------------------
#      Timing Point         Flags    Arc   Edge    Cell      Power  Fanout Load Trans Delay Arrival      Instance     
#                                                            Domain        (fF)  (ps)  (ps)   (ps)       Location     
#---------------------------------------------------------------------------------------------------------------------
  clk_i                    (i)       -     R     (arrival)   pd_aon     65  0.0     0     0    9996             (-,-) 
  operand_b_i_sr_reg_19/CK <<< (p,m) -     R     SDFFSRHQX4  pd_aon     65    -     0     0    9996  (5.4000,37.6200) 
#---------------------------------------------------------------------------------------------------------------------



Path 161: MET (6080 ps) Recovery Check with Pin operand_b_i_sr_reg_21/CK->RN
           View: slow_0p9v_125c_cmax_func
          Group: clk_i
     Startpoint: (R) rst_ni
          Clock: (R) clk_i_virtual
       Endpoint: (R) operand_b_i_sr_reg_21/RN
          Clock: (R) clk_i

                     Capture       Launch     
        Clock Edge:+   10000            0     
        Drv Adjust:+       0           -8     
       Src Latency:+       0            0     
       Net Latency:+       0 (I)        0 (I) 
           Arrival:=   10000           -8     
                                              
          Recovery:-     172                  
       Uncertainty:-      55                  
     Required Time:=    9773                  
      Launch Clock:-      -8                  
       Input Delay:-    3500                  
         Data Path:-     201                  
             Slack:=    6080                  

Exceptions/Constraints:
  multi_cycle     0-launch, 2-capture     func.sdc.gz_line_825   
  input_delay             3500            func.sdc.gz_line_719   

#-------------------------------------------------------------------------------------------------------------------
#      Timing Point        Flags   Arc   Edge    Cell      Power  Fanout Load Trans Delay Arrival      Instance     
#                                                          Domain        (fF)  (ps)  (ps)   (ps)       Location     
#-------------------------------------------------------------------------------------------------------------------
  rst_ni                   (a,@)   -     R     (arrival)   pd_aon      1  0.6    51     0    3492             (-,-) 
  FE_OFC0_rst_ni/Y         (a,@,m) A->Y  F     INVXL       pd_aon      2  1.1    69    78    3570  (6.6000,80.3700) 
  FE_OFC1_rst_ni/Y         (a,@,m) A->Y  R     INVX2       pd_aon     28 12.2   141   122    3691  (6.6000,78.6600) 
  operand_b_i_sr_reg_21/RN (p,m)   -     R     SDFFSRHQX4  pd_aon     28    -     -     2    3693  (5.4000,41.0400) 
#-------------------------------------------------------------------------------------------------------------------

(p) : Instance is preserved but may be resized
(@) : Annotated capacitance.
(m) : Attribute cell_delay_multiplier is modified for this library cell.
(a) : Net has asynchronous load pins which are being considered ideal.

Capture clock path:
#---------------------------------------------------------------------------------------------------------------------
#      Timing Point         Flags    Arc   Edge    Cell      Power  Fanout Load Trans Delay Arrival      Instance     
#                                                            Domain        (fF)  (ps)  (ps)   (ps)       Location     
#---------------------------------------------------------------------------------------------------------------------
  clk_i                    (i)       -     R     (arrival)   pd_aon     65  0.0     0     0    9996             (-,-) 
  operand_b_i_sr_reg_21/CK <<< (p,m) -     R     SDFFSRHQX4  pd_aon     65    -     0     0    9996  (5.4000,41.0400) 
#---------------------------------------------------------------------------------------------------------------------



Path 162: MET (6080 ps) Recovery Check with Pin operand_b_i_sr_reg_22/CK->RN
           View: slow_0p9v_125c_cmax_func
          Group: clk_i
     Startpoint: (R) rst_ni
          Clock: (R) clk_i_virtual
       Endpoint: (R) operand_b_i_sr_reg_22/RN
          Clock: (R) clk_i

                     Capture       Launch     
        Clock Edge:+   10000            0     
        Drv Adjust:+       0           -8     
       Src Latency:+       0            0     
       Net Latency:+       0 (I)        0 (I) 
           Arrival:=   10000           -8     
                                              
          Recovery:-     172                  
       Uncertainty:-      55                  
     Required Time:=    9773                  
      Launch Clock:-      -8                  
       Input Delay:-    3500                  
         Data Path:-     201                  
             Slack:=    6080                  

Exceptions/Constraints:
  multi_cycle     0-launch, 2-capture     func.sdc.gz_line_825   
  input_delay             3500            func.sdc.gz_line_719   

#-------------------------------------------------------------------------------------------------------------------
#      Timing Point        Flags   Arc   Edge    Cell      Power  Fanout Load Trans Delay Arrival      Instance     
#                                                          Domain        (fF)  (ps)  (ps)   (ps)       Location     
#-------------------------------------------------------------------------------------------------------------------
  rst_ni                   (a,@)   -     R     (arrival)   pd_aon      1  0.6    51     0    3492             (-,-) 
  FE_OFC0_rst_ni/Y         (a,@,m) A->Y  F     INVXL       pd_aon      2  1.1    69    78    3570  (6.6000,80.3700) 
  FE_OFC1_rst_ni/Y         (a,@,m) A->Y  R     INVX2       pd_aon     28 12.2   141   122    3691  (6.6000,78.6600) 
  operand_b_i_sr_reg_22/RN (p,m)   -     R     SDFFSRHQX4  pd_aon     28    -     -     2    3693  (5.4000,42.7500) 
#-------------------------------------------------------------------------------------------------------------------

(p) : Instance is preserved but may be resized
(@) : Annotated capacitance.
(m) : Attribute cell_delay_multiplier is modified for this library cell.
(a) : Net has asynchronous load pins which are being considered ideal.

Capture clock path:
#---------------------------------------------------------------------------------------------------------------------
#      Timing Point         Flags    Arc   Edge    Cell      Power  Fanout Load Trans Delay Arrival      Instance     
#                                                            Domain        (fF)  (ps)  (ps)   (ps)       Location     
#---------------------------------------------------------------------------------------------------------------------
  clk_i                    (i)       -     R     (arrival)   pd_aon     65  0.0     0     0    9996             (-,-) 
  operand_b_i_sr_reg_22/CK <<< (p,m) -     R     SDFFSRHQX4  pd_aon     65    -     0     0    9996  (5.4000,42.7500) 
#---------------------------------------------------------------------------------------------------------------------



Path 163: MET (6080 ps) Recovery Check with Pin operand_b_i_sr_reg_30/CK->RN
           View: slow_0p9v_125c_cmax_func
          Group: clk_i
     Startpoint: (R) rst_ni
          Clock: (R) clk_i_virtual
       Endpoint: (R) operand_b_i_sr_reg_30/RN
          Clock: (R) clk_i

                     Capture       Launch     
        Clock Edge:+   10000            0     
        Drv Adjust:+       0           -8     
       Src Latency:+       0            0     
       Net Latency:+       0 (I)        0 (I) 
           Arrival:=   10000           -8     
                                              
          Recovery:-     172                  
       Uncertainty:-      55                  
     Required Time:=    9773                  
      Launch Clock:-      -8                  
       Input Delay:-    3500                  
         Data Path:-     200                  
             Slack:=    6080                  

Exceptions/Constraints:
  multi_cycle     0-launch, 2-capture     func.sdc.gz_line_825   
  input_delay             3500            func.sdc.gz_line_719   

#-------------------------------------------------------------------------------------------------------------------
#      Timing Point        Flags   Arc   Edge    Cell      Power  Fanout Load Trans Delay Arrival      Instance     
#                                                          Domain        (fF)  (ps)  (ps)   (ps)       Location     
#-------------------------------------------------------------------------------------------------------------------
  rst_ni                   (a,@)   -     R     (arrival)   pd_aon      1  0.6    51     0    3492             (-,-) 
  FE_OFC0_rst_ni/Y         (a,@,m) A->Y  F     INVXL       pd_aon      2  1.1    69    78    3570  (6.6000,80.3700) 
  FE_OFC1_rst_ni/Y         (a,@,m) A->Y  R     INVX2       pd_aon     28 12.2   141   122    3691  (6.6000,78.6600) 
  operand_b_i_sr_reg_30/RN (p,m)   -     R     SDFFSRHQX4  pd_aon     28    -     -     1    3693  (5.4000,54.7200) 
#-------------------------------------------------------------------------------------------------------------------

(p) : Instance is preserved but may be resized
(@) : Annotated capacitance.
(m) : Attribute cell_delay_multiplier is modified for this library cell.
(a) : Net has asynchronous load pins which are being considered ideal.

Capture clock path:
#---------------------------------------------------------------------------------------------------------------------
#      Timing Point         Flags    Arc   Edge    Cell      Power  Fanout Load Trans Delay Arrival      Instance     
#                                                            Domain        (fF)  (ps)  (ps)   (ps)       Location     
#---------------------------------------------------------------------------------------------------------------------
  clk_i                    (i)       -     R     (arrival)   pd_aon     65  0.0     0     0    9996             (-,-) 
  operand_b_i_sr_reg_30/CK <<< (p,m) -     R     SDFFSRHQX4  pd_aon     65    -     0     0    9996  (5.4000,54.7200) 
#---------------------------------------------------------------------------------------------------------------------



Path 164: MET (6080 ps) Recovery Check with Pin operand_b_i_sr_reg_13/CK->RN
           View: slow_0p9v_125c_cmax_func
          Group: clk_i
     Startpoint: (R) rst_ni
          Clock: (R) clk_i_virtual
       Endpoint: (R) operand_b_i_sr_reg_13/RN
          Clock: (R) clk_i

                     Capture       Launch     
        Clock Edge:+   10000            0     
        Drv Adjust:+       0           -8     
       Src Latency:+       0            0     
       Net Latency:+       0 (I)        0 (I) 
           Arrival:=   10000           -8     
                                              
          Recovery:-     172                  
       Uncertainty:-      55                  
     Required Time:=    9773                  
      Launch Clock:-      -8                  
       Input Delay:-    3500                  
         Data Path:-     200                  
             Slack:=    6080                  

Exceptions/Constraints:
  multi_cycle     0-launch, 2-capture     func.sdc.gz_line_825   
  input_delay             3500            func.sdc.gz_line_719   

#-------------------------------------------------------------------------------------------------------------------
#      Timing Point        Flags   Arc   Edge    Cell      Power  Fanout Load Trans Delay Arrival      Instance     
#                                                          Domain        (fF)  (ps)  (ps)   (ps)       Location     
#-------------------------------------------------------------------------------------------------------------------
  rst_ni                   (a,@)   -     R     (arrival)   pd_aon      1  0.6    51     0    3492             (-,-) 
  FE_OFC0_rst_ni/Y         (a,@,m) A->Y  F     INVXL       pd_aon      2  1.1    69    78    3570  (6.6000,80.3700) 
  FE_OFC1_rst_ni/Y         (a,@,m) A->Y  R     INVX2       pd_aon     28 12.2   141   122    3691  (6.6000,78.6600) 
  operand_b_i_sr_reg_13/RN (p,m)   -     R     SDFFSRHQX4  pd_aon     28    -     -     1    3693  (5.4000,49.5900) 
#-------------------------------------------------------------------------------------------------------------------

(p) : Instance is preserved but may be resized
(@) : Annotated capacitance.
(m) : Attribute cell_delay_multiplier is modified for this library cell.
(a) : Net has asynchronous load pins which are being considered ideal.

Capture clock path:
#---------------------------------------------------------------------------------------------------------------------
#      Timing Point         Flags    Arc   Edge    Cell      Power  Fanout Load Trans Delay Arrival      Instance     
#                                                            Domain        (fF)  (ps)  (ps)   (ps)       Location     
#---------------------------------------------------------------------------------------------------------------------
  clk_i                    (i)       -     R     (arrival)   pd_aon     65  0.0     0     0    9996             (-,-) 
  operand_b_i_sr_reg_13/CK <<< (p,m) -     R     SDFFSRHQX4  pd_aon     65    -     0     0    9996  (5.4000,49.5900) 
#---------------------------------------------------------------------------------------------------------------------



Path 165: MET (6080 ps) Recovery Check with Pin operand_b_i_sr_reg_29/CK->RN
           View: slow_0p9v_125c_cmax_func
          Group: clk_i
     Startpoint: (R) rst_ni
          Clock: (R) clk_i_virtual
       Endpoint: (R) operand_b_i_sr_reg_29/RN
          Clock: (R) clk_i

                     Capture       Launch     
        Clock Edge:+   10000            0     
        Drv Adjust:+       0           -8     
       Src Latency:+       0            0     
       Net Latency:+       0 (I)        0 (I) 
           Arrival:=   10000           -8     
                                              
          Recovery:-     172                  
       Uncertainty:-      55                  
     Required Time:=    9773                  
      Launch Clock:-      -8                  
       Input Delay:-    3500                  
         Data Path:-     200                  
             Slack:=    6080                  

Exceptions/Constraints:
  multi_cycle     0-launch, 2-capture     func.sdc.gz_line_825   
  input_delay             3500            func.sdc.gz_line_719   

#-------------------------------------------------------------------------------------------------------------------
#      Timing Point        Flags   Arc   Edge    Cell      Power  Fanout Load Trans Delay Arrival      Instance     
#                                                          Domain        (fF)  (ps)  (ps)   (ps)       Location     
#-------------------------------------------------------------------------------------------------------------------
  rst_ni                   (a,@)   -     R     (arrival)   pd_aon      1  0.6    51     0    3492             (-,-) 
  FE_OFC0_rst_ni/Y         (a,@,m) A->Y  F     INVXL       pd_aon      2  1.1    69    78    3570  (6.6000,80.3700) 
  FE_OFC1_rst_ni/Y         (a,@,m) A->Y  R     INVX2       pd_aon     28 12.2   141   122    3691  (6.6000,78.6600) 
  operand_b_i_sr_reg_29/RN (p,m)   -     R     SDFFSRHQX4  pd_aon     28    -     -     1    3693  (5.2000,56.4300) 
#-------------------------------------------------------------------------------------------------------------------

(p) : Instance is preserved but may be resized
(@) : Annotated capacitance.
(m) : Attribute cell_delay_multiplier is modified for this library cell.
(a) : Net has asynchronous load pins which are being considered ideal.

Capture clock path:
#---------------------------------------------------------------------------------------------------------------------
#      Timing Point         Flags    Arc   Edge    Cell      Power  Fanout Load Trans Delay Arrival      Instance     
#                                                            Domain        (fF)  (ps)  (ps)   (ps)       Location     
#---------------------------------------------------------------------------------------------------------------------
  clk_i                    (i)       -     R     (arrival)   pd_aon     65  0.0     0     0    9996             (-,-) 
  operand_b_i_sr_reg_29/CK <<< (p,m) -     R     SDFFSRHQX4  pd_aon     65    -     0     0    9996  (5.2000,56.4300) 
#---------------------------------------------------------------------------------------------------------------------



Path 166: MET (6081 ps) Recovery Check with Pin operand_a_i_sr_reg_10/CK->RN
           View: slow_0p9v_125c_cmax_func
          Group: clk_i
     Startpoint: (R) rst_ni
          Clock: (R) clk_i_virtual
       Endpoint: (R) operand_a_i_sr_reg_10/RN
          Clock: (R) clk_i

                     Capture       Launch     
        Clock Edge:+   10000            0     
        Drv Adjust:+       0           -8     
       Src Latency:+       0            0     
       Net Latency:+       0 (I)        0 (I) 
           Arrival:=   10000           -8     
                                              
          Recovery:-     172                  
       Uncertainty:-      55                  
     Required Time:=    9773                  
      Launch Clock:-      -8                  
       Input Delay:-    3500                  
         Data Path:-     200                  
             Slack:=    6081                  

Exceptions/Constraints:
  multi_cycle     0-launch, 2-capture     func.sdc.gz_line_825   
  input_delay             3500            func.sdc.gz_line_719   

#-------------------------------------------------------------------------------------------------------------------
#      Timing Point        Flags   Arc   Edge    Cell      Power  Fanout Load Trans Delay Arrival      Instance     
#                                                          Domain        (fF)  (ps)  (ps)   (ps)       Location     
#-------------------------------------------------------------------------------------------------------------------
  rst_ni                   (a,@)   -     R     (arrival)   pd_aon      1  0.6    51     0    3492             (-,-) 
  FE_OFC0_rst_ni/Y         (a,@,m) A->Y  F     INVXL       pd_aon      2  1.1    69    78    3570  (6.6000,80.3700) 
  FE_OFC1_rst_ni/Y         (a,@,m) A->Y  R     INVX2       pd_aon     28 12.2   141   122    3691  (6.6000,78.6600) 
  operand_a_i_sr_reg_10/RN (p,m)   -     R     SDFFSRHQX4  pd_aon     28    -     -     1    3692  (5.2000,61.5600) 
#-------------------------------------------------------------------------------------------------------------------

(p) : Instance is preserved but may be resized
(@) : Annotated capacitance.
(m) : Attribute cell_delay_multiplier is modified for this library cell.
(a) : Net has asynchronous load pins which are being considered ideal.

Capture clock path:
#---------------------------------------------------------------------------------------------------------------------
#      Timing Point         Flags    Arc   Edge    Cell      Power  Fanout Load Trans Delay Arrival      Instance     
#                                                            Domain        (fF)  (ps)  (ps)   (ps)       Location     
#---------------------------------------------------------------------------------------------------------------------
  clk_i                    (i)       -     R     (arrival)   pd_aon     65  0.0     0     0    9996             (-,-) 
  operand_a_i_sr_reg_10/CK <<< (p,m) -     R     SDFFSRHQX4  pd_aon     65    -     0     0    9996  (5.2000,61.5600) 
#---------------------------------------------------------------------------------------------------------------------



Path 167: MET (6081 ps) Recovery Check with Pin operand_b_i_sr_reg_0/CK->RN
           View: slow_0p9v_125c_cmax_func
          Group: clk_i
     Startpoint: (R) rst_ni
          Clock: (R) clk_i_virtual
       Endpoint: (R) operand_b_i_sr_reg_0/RN
          Clock: (R) clk_i

                     Capture       Launch     
        Clock Edge:+   10000            0     
        Drv Adjust:+       0           -8     
       Src Latency:+       0            0     
       Net Latency:+       0 (I)        0 (I) 
           Arrival:=   10000           -8     
                                              
          Recovery:-     171                  
       Uncertainty:-      55                  
     Required Time:=    9774                  
      Launch Clock:-      -8                  
       Input Delay:-    3500                  
         Data Path:-     201                  
             Slack:=    6081                  

Exceptions/Constraints:
  multi_cycle     0-launch, 2-capture     func.sdc.gz_line_825   
  input_delay             3500            func.sdc.gz_line_719   

#------------------------------------------------------------------------------------------------------------------
#      Timing Point       Flags   Arc   Edge    Cell      Power  Fanout Load Trans Delay Arrival      Instance     
#                                                         Domain        (fF)  (ps)  (ps)   (ps)       Location     
#------------------------------------------------------------------------------------------------------------------
  rst_ni                  (a,@)   -     R     (arrival)   pd_aon      1  0.6    51     0    3492             (-,-) 
  FE_OFC0_rst_ni/Y        (a,@,m) A->Y  F     INVXL       pd_aon      2  1.1    69    78    3570  (6.6000,80.3700) 
  FE_OFC1_rst_ni/Y        (a,@,m) A->Y  R     INVX2       pd_aon     28 12.2   141   122    3691  (6.6000,78.6600) 
  operand_b_i_sr_reg_0/RN (p,m)   -     R     SDFFSRHQX2  pd_aon     28    -     -     2    3693  (5.2000,17.1000) 
#------------------------------------------------------------------------------------------------------------------

(p) : Instance is preserved but may be resized
(@) : Annotated capacitance.
(m) : Attribute cell_delay_multiplier is modified for this library cell.
(a) : Net has asynchronous load pins which are being considered ideal.

Capture clock path:
#--------------------------------------------------------------------------------------------------------------------
#      Timing Point        Flags    Arc   Edge    Cell      Power  Fanout Load Trans Delay Arrival      Instance     
#                                                           Domain        (fF)  (ps)  (ps)   (ps)       Location     
#--------------------------------------------------------------------------------------------------------------------
  clk_i                   (i)       -     R     (arrival)   pd_aon     65  0.0     0     0    9996             (-,-) 
  operand_b_i_sr_reg_0/CK <<< (p,m) -     R     SDFFSRHQX2  pd_aon     65    -     0     0    9996  (5.2000,17.1000) 
#--------------------------------------------------------------------------------------------------------------------



Path 168: MET (6081 ps) Recovery Check with Pin operand_b_i_sr_reg_1/CK->RN
           View: slow_0p9v_125c_cmax_func
          Group: clk_i
     Startpoint: (R) rst_ni
          Clock: (R) clk_i_virtual
       Endpoint: (R) operand_b_i_sr_reg_1/RN
          Clock: (R) clk_i

                     Capture       Launch     
        Clock Edge:+   10000            0     
        Drv Adjust:+       0           -8     
       Src Latency:+       0            0     
       Net Latency:+       0 (I)        0 (I) 
           Arrival:=   10000           -8     
                                              
          Recovery:-     171                  
       Uncertainty:-      55                  
     Required Time:=    9774                  
      Launch Clock:-      -8                  
       Input Delay:-    3500                  
         Data Path:-     201                  
             Slack:=    6081                  

Exceptions/Constraints:
  multi_cycle     0-launch, 2-capture     func.sdc.gz_line_825   
  input_delay             3500            func.sdc.gz_line_719   

#------------------------------------------------------------------------------------------------------------------
#      Timing Point       Flags   Arc   Edge    Cell      Power  Fanout Load Trans Delay Arrival      Instance     
#                                                         Domain        (fF)  (ps)  (ps)   (ps)       Location     
#------------------------------------------------------------------------------------------------------------------
  rst_ni                  (a,@)   -     R     (arrival)   pd_aon      1  0.6    51     0    3492             (-,-) 
  FE_OFC0_rst_ni/Y        (a,@,m) A->Y  F     INVXL       pd_aon      2  1.1    69    78    3570  (6.6000,80.3700) 
  FE_OFC1_rst_ni/Y        (a,@,m) A->Y  R     INVX2       pd_aon     28 12.2   141   122    3691  (6.6000,78.6600) 
  operand_b_i_sr_reg_1/RN (p,m)   -     R     SDFFSRHQX2  pd_aon     28    -     -     2    3693  (5.2000,18.8100) 
#------------------------------------------------------------------------------------------------------------------

(p) : Instance is preserved but may be resized
(@) : Annotated capacitance.
(m) : Attribute cell_delay_multiplier is modified for this library cell.
(a) : Net has asynchronous load pins which are being considered ideal.

Capture clock path:
#--------------------------------------------------------------------------------------------------------------------
#      Timing Point        Flags    Arc   Edge    Cell      Power  Fanout Load Trans Delay Arrival      Instance     
#                                                           Domain        (fF)  (ps)  (ps)   (ps)       Location     
#--------------------------------------------------------------------------------------------------------------------
  clk_i                   (i)       -     R     (arrival)   pd_aon     65  0.0     0     0    9996             (-,-) 
  operand_b_i_sr_reg_1/CK <<< (p,m) -     R     SDFFSRHQX2  pd_aon     65    -     0     0    9996  (5.2000,18.8100) 
#--------------------------------------------------------------------------------------------------------------------



Path 169: MET (6081 ps) Recovery Check with Pin operand_b_i_sr_reg_2/CK->RN
           View: slow_0p9v_125c_cmax_func
          Group: clk_i
     Startpoint: (R) rst_ni
          Clock: (R) clk_i_virtual
       Endpoint: (R) operand_b_i_sr_reg_2/RN
          Clock: (R) clk_i

                     Capture       Launch     
        Clock Edge:+   10000            0     
        Drv Adjust:+       0           -8     
       Src Latency:+       0            0     
       Net Latency:+       0 (I)        0 (I) 
           Arrival:=   10000           -8     
                                              
          Recovery:-     171                  
       Uncertainty:-      55                  
     Required Time:=    9774                  
      Launch Clock:-      -8                  
       Input Delay:-    3500                  
         Data Path:-     201                  
             Slack:=    6081                  

Exceptions/Constraints:
  multi_cycle     0-launch, 2-capture     func.sdc.gz_line_825   
  input_delay             3500            func.sdc.gz_line_719   

#------------------------------------------------------------------------------------------------------------------
#      Timing Point       Flags   Arc   Edge    Cell      Power  Fanout Load Trans Delay Arrival      Instance     
#                                                         Domain        (fF)  (ps)  (ps)   (ps)       Location     
#------------------------------------------------------------------------------------------------------------------
  rst_ni                  (a,@)   -     R     (arrival)   pd_aon      1  0.6    51     0    3492             (-,-) 
  FE_OFC0_rst_ni/Y        (a,@,m) A->Y  F     INVXL       pd_aon      2  1.1    69    78    3570  (6.6000,80.3700) 
  FE_OFC1_rst_ni/Y        (a,@,m) A->Y  R     INVX2       pd_aon     28 12.2   141   122    3691  (6.6000,78.6600) 
  operand_b_i_sr_reg_2/RN (p,m)   -     R     SDFFSRHQX2  pd_aon     28    -     -     2    3693  (5.2000,20.5200) 
#------------------------------------------------------------------------------------------------------------------

(p) : Instance is preserved but may be resized
(@) : Annotated capacitance.
(m) : Attribute cell_delay_multiplier is modified for this library cell.
(a) : Net has asynchronous load pins which are being considered ideal.

Capture clock path:
#--------------------------------------------------------------------------------------------------------------------
#      Timing Point        Flags    Arc   Edge    Cell      Power  Fanout Load Trans Delay Arrival      Instance     
#                                                           Domain        (fF)  (ps)  (ps)   (ps)       Location     
#--------------------------------------------------------------------------------------------------------------------
  clk_i                   (i)       -     R     (arrival)   pd_aon     65  0.0     0     0    9996             (-,-) 
  operand_b_i_sr_reg_2/CK <<< (p,m) -     R     SDFFSRHQX2  pd_aon     65    -     0     0    9996  (5.2000,20.5200) 
#--------------------------------------------------------------------------------------------------------------------



Path 170: MET (6081 ps) Recovery Check with Pin operand_b_i_sr_reg_23/CK->RN
           View: slow_0p9v_125c_cmax_func
          Group: clk_i
     Startpoint: (R) rst_ni
          Clock: (R) clk_i_virtual
       Endpoint: (R) operand_b_i_sr_reg_23/RN
          Clock: (R) clk_i

                     Capture       Launch     
        Clock Edge:+   10000            0     
        Drv Adjust:+       0           -8     
       Src Latency:+       0            0     
       Net Latency:+       0 (I)        0 (I) 
           Arrival:=   10000           -8     
                                              
          Recovery:-     171                  
       Uncertainty:-      55                  
     Required Time:=    9774                  
      Launch Clock:-      -8                  
       Input Delay:-    3500                  
         Data Path:-     201                  
             Slack:=    6081                  

Exceptions/Constraints:
  multi_cycle     0-launch, 2-capture     func.sdc.gz_line_825   
  input_delay             3500            func.sdc.gz_line_719   

#-------------------------------------------------------------------------------------------------------------------
#      Timing Point        Flags   Arc   Edge    Cell      Power  Fanout Load Trans Delay Arrival      Instance     
#                                                          Domain        (fF)  (ps)  (ps)   (ps)       Location     
#-------------------------------------------------------------------------------------------------------------------
  rst_ni                   (a,@)   -     R     (arrival)   pd_aon      1  0.6    51     0    3492             (-,-) 
  FE_OFC0_rst_ni/Y         (a,@,m) A->Y  F     INVXL       pd_aon      2  1.1    69    78    3570  (6.6000,80.3700) 
  FE_OFC1_rst_ni/Y         (a,@,m) A->Y  R     INVX2       pd_aon     28 12.2   141   122    3691  (6.6000,78.6600) 
  operand_b_i_sr_reg_23/RN (p,m)   -     R     SDFFSRHQX2  pd_aon     28    -     -     2    3693  (5.0000,30.7800) 
#-------------------------------------------------------------------------------------------------------------------

(p) : Instance is preserved but may be resized
(@) : Annotated capacitance.
(m) : Attribute cell_delay_multiplier is modified for this library cell.
(a) : Net has asynchronous load pins which are being considered ideal.

Capture clock path:
#---------------------------------------------------------------------------------------------------------------------
#      Timing Point         Flags    Arc   Edge    Cell      Power  Fanout Load Trans Delay Arrival      Instance     
#                                                            Domain        (fF)  (ps)  (ps)   (ps)       Location     
#---------------------------------------------------------------------------------------------------------------------
  clk_i                    (i)       -     R     (arrival)   pd_aon     65  0.0     0     0    9996             (-,-) 
  operand_b_i_sr_reg_23/CK <<< (p,m) -     R     SDFFSRHQX2  pd_aon     65    -     0     0    9996  (5.0000,30.7800) 
#---------------------------------------------------------------------------------------------------------------------



Path 171: MET (6081 ps) Recovery Check with Pin operand_b_i_sr_reg_18/CK->RN
           View: slow_0p9v_125c_cmax_func
          Group: clk_i
     Startpoint: (R) rst_ni
          Clock: (R) clk_i_virtual
       Endpoint: (R) operand_b_i_sr_reg_18/RN
          Clock: (R) clk_i

                     Capture       Launch     
        Clock Edge:+   10000            0     
        Drv Adjust:+       0           -8     
       Src Latency:+       0            0     
       Net Latency:+       0 (I)        0 (I) 
           Arrival:=   10000           -8     
                                              
          Recovery:-     171                  
       Uncertainty:-      55                  
     Required Time:=    9774                  
      Launch Clock:-      -8                  
       Input Delay:-    3500                  
         Data Path:-     201                  
             Slack:=    6081                  

Exceptions/Constraints:
  multi_cycle     0-launch, 2-capture     func.sdc.gz_line_825   
  input_delay             3500            func.sdc.gz_line_719   

#-------------------------------------------------------------------------------------------------------------------
#      Timing Point        Flags   Arc   Edge    Cell      Power  Fanout Load Trans Delay Arrival      Instance     
#                                                          Domain        (fF)  (ps)  (ps)   (ps)       Location     
#-------------------------------------------------------------------------------------------------------------------
  rst_ni                   (a,@)   -     R     (arrival)   pd_aon      1  0.6    51     0    3492             (-,-) 
  FE_OFC0_rst_ni/Y         (a,@,m) A->Y  F     INVXL       pd_aon      2  1.1    69    78    3570  (6.6000,80.3700) 
  FE_OFC1_rst_ni/Y         (a,@,m) A->Y  R     INVX2       pd_aon     28 12.2   141   122    3691  (6.6000,78.6600) 
  operand_b_i_sr_reg_18/RN (p,m)   -     R     SDFFSRHQX2  pd_aon     28    -     -     2    3693  (5.2000,35.9100) 
#-------------------------------------------------------------------------------------------------------------------

(p) : Instance is preserved but may be resized
(@) : Annotated capacitance.
(m) : Attribute cell_delay_multiplier is modified for this library cell.
(a) : Net has asynchronous load pins which are being considered ideal.

Capture clock path:
#---------------------------------------------------------------------------------------------------------------------
#      Timing Point         Flags    Arc   Edge    Cell      Power  Fanout Load Trans Delay Arrival      Instance     
#                                                            Domain        (fF)  (ps)  (ps)   (ps)       Location     
#---------------------------------------------------------------------------------------------------------------------
  clk_i                    (i)       -     R     (arrival)   pd_aon     65  0.0     0     0    9996             (-,-) 
  operand_b_i_sr_reg_18/CK <<< (p,m) -     R     SDFFSRHQX2  pd_aon     65    -     0     0    9996  (5.2000,35.9100) 
#---------------------------------------------------------------------------------------------------------------------



Path 172: MET (6081 ps) Recovery Check with Pin operand_b_i_sr_reg_20/CK->RN
           View: slow_0p9v_125c_cmax_func
          Group: clk_i
     Startpoint: (R) rst_ni
          Clock: (R) clk_i_virtual
       Endpoint: (R) operand_b_i_sr_reg_20/RN
          Clock: (R) clk_i

                     Capture       Launch     
        Clock Edge:+   10000            0     
        Drv Adjust:+       0           -8     
       Src Latency:+       0            0     
       Net Latency:+       0 (I)        0 (I) 
           Arrival:=   10000           -8     
                                              
          Recovery:-     171                  
       Uncertainty:-      55                  
     Required Time:=    9774                  
      Launch Clock:-      -8                  
       Input Delay:-    3500                  
         Data Path:-     201                  
             Slack:=    6081                  

Exceptions/Constraints:
  multi_cycle     0-launch, 2-capture     func.sdc.gz_line_825   
  input_delay             3500            func.sdc.gz_line_719   

#-------------------------------------------------------------------------------------------------------------------
#      Timing Point        Flags   Arc   Edge    Cell      Power  Fanout Load Trans Delay Arrival      Instance     
#                                                          Domain        (fF)  (ps)  (ps)   (ps)       Location     
#-------------------------------------------------------------------------------------------------------------------
  rst_ni                   (a,@)   -     R     (arrival)   pd_aon      1  0.6    51     0    3492             (-,-) 
  FE_OFC0_rst_ni/Y         (a,@,m) A->Y  F     INVXL       pd_aon      2  1.1    69    78    3570  (6.6000,80.3700) 
  FE_OFC1_rst_ni/Y         (a,@,m) A->Y  R     INVX2       pd_aon     28 12.2   141   122    3691  (6.6000,78.6600) 
  operand_b_i_sr_reg_20/RN (p,m)   -     R     SDFFSRHQX2  pd_aon     28    -     -     2    3693  (5.4000,32.4900) 
#-------------------------------------------------------------------------------------------------------------------

(p) : Instance is preserved but may be resized
(@) : Annotated capacitance.
(m) : Attribute cell_delay_multiplier is modified for this library cell.
(a) : Net has asynchronous load pins which are being considered ideal.

Capture clock path:
#---------------------------------------------------------------------------------------------------------------------
#      Timing Point         Flags    Arc   Edge    Cell      Power  Fanout Load Trans Delay Arrival      Instance     
#                                                            Domain        (fF)  (ps)  (ps)   (ps)       Location     
#---------------------------------------------------------------------------------------------------------------------
  clk_i                    (i)       -     R     (arrival)   pd_aon     65  0.0     0     0    9996             (-,-) 
  operand_b_i_sr_reg_20/CK <<< (p,m) -     R     SDFFSRHQX2  pd_aon     65    -     0     0    9996  (5.4000,32.4900) 
#---------------------------------------------------------------------------------------------------------------------



Path 173: MET (6081 ps) Recovery Check with Pin operand_a_i_sr_reg_12/CK->RN
           View: slow_0p9v_125c_cmax_func
          Group: clk_i
     Startpoint: (R) rst_ni
          Clock: (R) clk_i_virtual
       Endpoint: (R) operand_a_i_sr_reg_12/RN
          Clock: (R) clk_i

                     Capture       Launch     
        Clock Edge:+   10000            0     
        Drv Adjust:+       0           -8     
       Src Latency:+       0            0     
       Net Latency:+       0 (I)        0 (I) 
           Arrival:=   10000           -8     
                                              
          Recovery:-     172                  
       Uncertainty:-      55                  
     Required Time:=    9773                  
      Launch Clock:-      -8                  
       Input Delay:-    3500                  
         Data Path:-     200                  
             Slack:=    6081                  

Exceptions/Constraints:
  multi_cycle     0-launch, 2-capture     func.sdc.gz_line_825   
  input_delay             3500            func.sdc.gz_line_719   

#-------------------------------------------------------------------------------------------------------------------
#      Timing Point        Flags   Arc   Edge    Cell      Power  Fanout Load Trans Delay Arrival      Instance     
#                                                          Domain        (fF)  (ps)  (ps)   (ps)       Location     
#-------------------------------------------------------------------------------------------------------------------
  rst_ni                   (a,@)   -     R     (arrival)   pd_aon      1  0.6    51     0    3492             (-,-) 
  FE_OFC0_rst_ni/Y         (a,@,m) A->Y  F     INVXL       pd_aon      2  1.1    69    78    3570  (6.6000,80.3700) 
  FE_OFC1_rst_ni/Y         (a,@,m) A->Y  R     INVX2       pd_aon     28 12.2   141   122    3691  (6.6000,78.6600) 
  operand_a_i_sr_reg_12/RN (p,m)   -     R     SDFFSRHQX4  pd_aon     28    -     -     1    3692  (5.2000,71.8200) 
#-------------------------------------------------------------------------------------------------------------------

(p) : Instance is preserved but may be resized
(@) : Annotated capacitance.
(m) : Attribute cell_delay_multiplier is modified for this library cell.
(a) : Net has asynchronous load pins which are being considered ideal.

Capture clock path:
#---------------------------------------------------------------------------------------------------------------------
#      Timing Point         Flags    Arc   Edge    Cell      Power  Fanout Load Trans Delay Arrival      Instance     
#                                                            Domain        (fF)  (ps)  (ps)   (ps)       Location     
#---------------------------------------------------------------------------------------------------------------------
  clk_i                    (i)       -     R     (arrival)   pd_aon     65  0.0     0     0    9996             (-,-) 
  operand_a_i_sr_reg_12/CK <<< (p,m) -     R     SDFFSRHQX4  pd_aon     65    -     0     0    9996  (5.2000,71.8200) 
#---------------------------------------------------------------------------------------------------------------------



Path 174: MET (6081 ps) Recovery Check with Pin operand_a_i_sr_reg_11/CK->RN
           View: slow_0p9v_125c_cmax_func
          Group: clk_i
     Startpoint: (R) rst_ni
          Clock: (R) clk_i_virtual
       Endpoint: (R) operand_a_i_sr_reg_11/RN
          Clock: (R) clk_i

                     Capture       Launch     
        Clock Edge:+   10000            0     
        Drv Adjust:+       0           -8     
       Src Latency:+       0            0     
       Net Latency:+       0 (I)        0 (I) 
           Arrival:=   10000           -8     
                                              
          Recovery:-     172                  
       Uncertainty:-      55                  
     Required Time:=    9773                  
      Launch Clock:-      -8                  
       Input Delay:-    3500                  
         Data Path:-     200                  
             Slack:=    6081                  

Exceptions/Constraints:
  multi_cycle     0-launch, 2-capture     func.sdc.gz_line_825   
  input_delay             3500            func.sdc.gz_line_719   

#-------------------------------------------------------------------------------------------------------------------
#      Timing Point        Flags   Arc   Edge    Cell      Power  Fanout Load Trans Delay Arrival      Instance     
#                                                          Domain        (fF)  (ps)  (ps)   (ps)       Location     
#-------------------------------------------------------------------------------------------------------------------
  rst_ni                   (a,@)   -     R     (arrival)   pd_aon      1  0.6    51     0    3492             (-,-) 
  FE_OFC0_rst_ni/Y         (a,@,m) A->Y  F     INVXL       pd_aon      2  1.1    69    78    3570  (6.6000,80.3700) 
  FE_OFC1_rst_ni/Y         (a,@,m) A->Y  R     INVX2       pd_aon     28 12.2   141   122    3691  (6.6000,78.6600) 
  operand_a_i_sr_reg_11/RN (p,m)   -     R     SDFFSRHQX4  pd_aon     28    -     -     1    3692  (5.2000,68.4000) 
#-------------------------------------------------------------------------------------------------------------------

(p) : Instance is preserved but may be resized
(@) : Annotated capacitance.
(m) : Attribute cell_delay_multiplier is modified for this library cell.
(a) : Net has asynchronous load pins which are being considered ideal.

Capture clock path:
#---------------------------------------------------------------------------------------------------------------------
#      Timing Point         Flags    Arc   Edge    Cell      Power  Fanout Load Trans Delay Arrival      Instance     
#                                                            Domain        (fF)  (ps)  (ps)   (ps)       Location     
#---------------------------------------------------------------------------------------------------------------------
  clk_i                    (i)       -     R     (arrival)   pd_aon     65  0.0     0     0    9996             (-,-) 
  operand_a_i_sr_reg_11/CK <<< (p,m) -     R     SDFFSRHQX4  pd_aon     65    -     0     0    9996  (5.2000,68.4000) 
#---------------------------------------------------------------------------------------------------------------------



Path 175: MET (6081 ps) Recovery Check with Pin operand_b_i_sr_reg_25/CK->RN
           View: slow_0p9v_125c_cmax_func
          Group: clk_i
     Startpoint: (R) rst_ni
          Clock: (R) clk_i_virtual
       Endpoint: (R) operand_b_i_sr_reg_25/RN
          Clock: (R) clk_i

                     Capture       Launch     
        Clock Edge:+   10000            0     
        Drv Adjust:+       0           -8     
       Src Latency:+       0            0     
       Net Latency:+       0 (I)        0 (I) 
           Arrival:=   10000           -8     
                                              
          Recovery:-     171                  
       Uncertainty:-      55                  
     Required Time:=    9774                  
      Launch Clock:-      -8                  
       Input Delay:-    3500                  
         Data Path:-     201                  
             Slack:=    6081                  

Exceptions/Constraints:
  multi_cycle     0-launch, 2-capture     func.sdc.gz_line_825   
  input_delay             3500            func.sdc.gz_line_719   

#-------------------------------------------------------------------------------------------------------------------
#      Timing Point        Flags   Arc   Edge    Cell      Power  Fanout Load Trans Delay Arrival      Instance     
#                                                          Domain        (fF)  (ps)  (ps)   (ps)       Location     
#-------------------------------------------------------------------------------------------------------------------
  rst_ni                   (a,@)   -     R     (arrival)   pd_aon      1  0.6    51     0    3492             (-,-) 
  FE_OFC0_rst_ni/Y         (a,@,m) A->Y  F     INVXL       pd_aon      2  1.1    69    78    3570  (6.6000,80.3700) 
  FE_OFC1_rst_ni/Y         (a,@,m) A->Y  R     INVX2       pd_aon     28 12.2   141   122    3691  (6.6000,78.6600) 
  operand_b_i_sr_reg_25/RN (p,m)   -     R     SDFFSRHQX2  pd_aon     28    -     -     1    3693  (5.2000,47.8800) 
#-------------------------------------------------------------------------------------------------------------------

(p) : Instance is preserved but may be resized
(@) : Annotated capacitance.
(m) : Attribute cell_delay_multiplier is modified for this library cell.
(a) : Net has asynchronous load pins which are being considered ideal.

Capture clock path:
#---------------------------------------------------------------------------------------------------------------------
#      Timing Point         Flags    Arc   Edge    Cell      Power  Fanout Load Trans Delay Arrival      Instance     
#                                                            Domain        (fF)  (ps)  (ps)   (ps)       Location     
#---------------------------------------------------------------------------------------------------------------------
  clk_i                    (i)       -     R     (arrival)   pd_aon     65  0.0     0     0    9996             (-,-) 
  operand_b_i_sr_reg_25/CK <<< (p,m) -     R     SDFFSRHQX2  pd_aon     65    -     0     0    9996  (5.2000,47.8800) 
#---------------------------------------------------------------------------------------------------------------------



Path 176: MET (6081 ps) Recovery Check with Pin operand_b_i_sr_reg_24/CK->RN
           View: slow_0p9v_125c_cmax_func
          Group: clk_i
     Startpoint: (R) rst_ni
          Clock: (R) clk_i_virtual
       Endpoint: (R) operand_b_i_sr_reg_24/RN
          Clock: (R) clk_i

                     Capture       Launch     
        Clock Edge:+   10000            0     
        Drv Adjust:+       0           -8     
       Src Latency:+       0            0     
       Net Latency:+       0 (I)        0 (I) 
           Arrival:=   10000           -8     
                                              
          Recovery:-     171                  
       Uncertainty:-      55                  
     Required Time:=    9774                  
      Launch Clock:-      -8                  
       Input Delay:-    3500                  
         Data Path:-     201                  
             Slack:=    6081                  

Exceptions/Constraints:
  multi_cycle     0-launch, 2-capture     func.sdc.gz_line_825   
  input_delay             3500            func.sdc.gz_line_719   

#-------------------------------------------------------------------------------------------------------------------
#      Timing Point        Flags   Arc   Edge    Cell      Power  Fanout Load Trans Delay Arrival      Instance     
#                                                          Domain        (fF)  (ps)  (ps)   (ps)       Location     
#-------------------------------------------------------------------------------------------------------------------
  rst_ni                   (a,@)   -     R     (arrival)   pd_aon      1  0.6    51     0    3492             (-,-) 
  FE_OFC0_rst_ni/Y         (a,@,m) A->Y  F     INVXL       pd_aon      2  1.1    69    78    3570  (6.6000,80.3700) 
  FE_OFC1_rst_ni/Y         (a,@,m) A->Y  R     INVX2       pd_aon     28 12.2   141   122    3691  (6.6000,78.6600) 
  operand_b_i_sr_reg_24/RN (p,m)   -     R     SDFFSRHQX2  pd_aon     28    -     -     1    3693  (5.2000,44.4600) 
#-------------------------------------------------------------------------------------------------------------------

(p) : Instance is preserved but may be resized
(@) : Annotated capacitance.
(m) : Attribute cell_delay_multiplier is modified for this library cell.
(a) : Net has asynchronous load pins which are being considered ideal.

Capture clock path:
#---------------------------------------------------------------------------------------------------------------------
#      Timing Point         Flags    Arc   Edge    Cell      Power  Fanout Load Trans Delay Arrival      Instance     
#                                                            Domain        (fF)  (ps)  (ps)   (ps)       Location     
#---------------------------------------------------------------------------------------------------------------------
  clk_i                    (i)       -     R     (arrival)   pd_aon     65  0.0     0     0    9996             (-,-) 
  operand_b_i_sr_reg_24/CK <<< (p,m) -     R     SDFFSRHQX2  pd_aon     65    -     0     0    9996  (5.2000,44.4600) 
#---------------------------------------------------------------------------------------------------------------------



Path 177: MET (6082 ps) Recovery Check with Pin operand_a_i_sr_reg_16/CK->RN
           View: slow_0p9v_125c_cmax_func
          Group: clk_i
     Startpoint: (R) rst_ni
          Clock: (R) clk_i_virtual
       Endpoint: (R) operand_a_i_sr_reg_16/RN
          Clock: (R) clk_i

                     Capture       Launch     
        Clock Edge:+   10000            0     
        Drv Adjust:+       0           -8     
       Src Latency:+       0            0     
       Net Latency:+       0 (I)        0 (I) 
           Arrival:=   10000           -8     
                                              
          Recovery:-     171                  
       Uncertainty:-      55                  
     Required Time:=    9774                  
      Launch Clock:-      -8                  
       Input Delay:-    3500                  
         Data Path:-     200                  
             Slack:=    6082                  

Exceptions/Constraints:
  multi_cycle     0-launch, 2-capture     func.sdc.gz_line_825   
  input_delay             3500            func.sdc.gz_line_719   

#-------------------------------------------------------------------------------------------------------------------
#      Timing Point        Flags   Arc   Edge    Cell      Power  Fanout Load Trans Delay Arrival      Instance     
#                                                          Domain        (fF)  (ps)  (ps)   (ps)       Location     
#-------------------------------------------------------------------------------------------------------------------
  rst_ni                   (a,@)   -     R     (arrival)   pd_aon      1  0.6    51     0    3492             (-,-) 
  FE_OFC0_rst_ni/Y         (a,@,m) A->Y  F     INVXL       pd_aon      2  1.1    69    78    3570  (6.6000,80.3700) 
  FE_OFC1_rst_ni/Y         (a,@,m) A->Y  R     INVX2       pd_aon     28 12.2   141   122    3691  (6.6000,78.6600) 
  operand_a_i_sr_reg_16/RN (p,m)   -     R     SDFFSRHQX2  pd_aon     28    -     -     1    3692  (5.2000,64.9800) 
#-------------------------------------------------------------------------------------------------------------------

(p) : Instance is preserved but may be resized
(@) : Annotated capacitance.
(m) : Attribute cell_delay_multiplier is modified for this library cell.
(a) : Net has asynchronous load pins which are being considered ideal.

Capture clock path:
#---------------------------------------------------------------------------------------------------------------------
#      Timing Point         Flags    Arc   Edge    Cell      Power  Fanout Load Trans Delay Arrival      Instance     
#                                                            Domain        (fF)  (ps)  (ps)   (ps)       Location     
#---------------------------------------------------------------------------------------------------------------------
  clk_i                    (i)       -     R     (arrival)   pd_aon     65  0.0     0     0    9996             (-,-) 
  operand_a_i_sr_reg_16/CK <<< (p,m) -     R     SDFFSRHQX2  pd_aon     65    -     0     0    9996  (5.2000,64.9800) 
#---------------------------------------------------------------------------------------------------------------------



Path 178: MET (6082 ps) Recovery Check with Pin operand_a_i_sr_reg_24/CK->RN
           View: slow_0p9v_125c_cmax_func
          Group: clk_i
     Startpoint: (R) rst_ni
          Clock: (R) clk_i_virtual
       Endpoint: (R) operand_a_i_sr_reg_24/RN
          Clock: (R) clk_i

                     Capture       Launch     
        Clock Edge:+   10000            0     
        Drv Adjust:+       0           -8     
       Src Latency:+       0            0     
       Net Latency:+       0 (I)        0 (I) 
           Arrival:=   10000           -8     
                                              
          Recovery:-     171                  
       Uncertainty:-      55                  
     Required Time:=    9774                  
      Launch Clock:-      -8                  
       Input Delay:-    3500                  
         Data Path:-     200                  
             Slack:=    6082                  

Exceptions/Constraints:
  multi_cycle     0-launch, 2-capture     func.sdc.gz_line_825   
  input_delay             3500            func.sdc.gz_line_719   

#-------------------------------------------------------------------------------------------------------------------
#      Timing Point        Flags   Arc   Edge    Cell      Power  Fanout Load Trans Delay Arrival      Instance     
#                                                          Domain        (fF)  (ps)  (ps)   (ps)       Location     
#-------------------------------------------------------------------------------------------------------------------
  rst_ni                   (a,@)   -     R     (arrival)   pd_aon      1  0.6    51     0    3492             (-,-) 
  FE_OFC0_rst_ni/Y         (a,@,m) A->Y  F     INVXL       pd_aon      2  1.1    69    78    3570  (6.6000,80.3700) 
  FE_OFC1_rst_ni/Y         (a,@,m) A->Y  R     INVX2       pd_aon     28 12.2   141   122    3691  (6.6000,78.6600) 
  operand_a_i_sr_reg_24/RN (p,m)   -     R     SDFFSRHQX2  pd_aon     28    -     -     0    3692  (5.2000,73.5300) 
#-------------------------------------------------------------------------------------------------------------------

(p) : Instance is preserved but may be resized
(@) : Annotated capacitance.
(m) : Attribute cell_delay_multiplier is modified for this library cell.
(a) : Net has asynchronous load pins which are being considered ideal.

Capture clock path:
#---------------------------------------------------------------------------------------------------------------------
#      Timing Point         Flags    Arc   Edge    Cell      Power  Fanout Load Trans Delay Arrival      Instance     
#                                                            Domain        (fF)  (ps)  (ps)   (ps)       Location     
#---------------------------------------------------------------------------------------------------------------------
  clk_i                    (i)       -     R     (arrival)   pd_aon     65  0.0     0     0    9996             (-,-) 
  operand_a_i_sr_reg_24/CK <<< (p,m) -     R     SDFFSRHQX2  pd_aon     65    -     0     0    9996  (5.2000,73.5300) 
#---------------------------------------------------------------------------------------------------------------------



Path 179: MET (6082 ps) Recovery Check with Pin operand_b_i_sr_reg_31/CK->RN
           View: slow_0p9v_125c_cmax_func
          Group: clk_i
     Startpoint: (R) rst_ni
          Clock: (R) clk_i_virtual
       Endpoint: (R) operand_b_i_sr_reg_31/RN
          Clock: (R) clk_i

                     Capture       Launch     
        Clock Edge:+   10000            0     
        Drv Adjust:+       0           -8     
       Src Latency:+       0            0     
       Net Latency:+       0 (I)        0 (I) 
           Arrival:=   10000           -8     
                                              
          Recovery:-     171                  
       Uncertainty:-      55                  
     Required Time:=    9774                  
      Launch Clock:-      -8                  
       Input Delay:-    3500                  
         Data Path:-     200                  
             Slack:=    6082                  

Exceptions/Constraints:
  multi_cycle     0-launch, 2-capture     func.sdc.gz_line_825   
  input_delay             3500            func.sdc.gz_line_719   

#-------------------------------------------------------------------------------------------------------------------
#      Timing Point        Flags   Arc   Edge    Cell      Power  Fanout Load Trans Delay Arrival      Instance     
#                                                          Domain        (fF)  (ps)  (ps)   (ps)       Location     
#-------------------------------------------------------------------------------------------------------------------
  rst_ni                   (a,@)   -     R     (arrival)   pd_aon      1  0.6    51     0    3492             (-,-) 
  FE_OFC0_rst_ni/Y         (a,@,m) A->Y  F     INVXL       pd_aon      2  1.1    69    78    3570  (6.6000,80.3700) 
  FE_OFC1_rst_ni/Y         (a,@,m) A->Y  R     INVX2       pd_aon     28 12.2   141   122    3691  (6.6000,78.6600) 
  operand_b_i_sr_reg_31/RN (p,m)   -     R     SDFFSRHQX2  pd_aon     28    -     -     0    3692  (5.0000,75.2400) 
#-------------------------------------------------------------------------------------------------------------------

(p) : Instance is preserved but may be resized
(@) : Annotated capacitance.
(m) : Attribute cell_delay_multiplier is modified for this library cell.
(a) : Net has asynchronous load pins which are being considered ideal.

Capture clock path:
#---------------------------------------------------------------------------------------------------------------------
#      Timing Point         Flags    Arc   Edge    Cell      Power  Fanout Load Trans Delay Arrival      Instance     
#                                                            Domain        (fF)  (ps)  (ps)   (ps)       Location     
#---------------------------------------------------------------------------------------------------------------------
  clk_i                    (i)       -     R     (arrival)   pd_aon     65  0.0     0     0    9996             (-,-) 
  operand_b_i_sr_reg_31/CK <<< (p,m) -     R     SDFFSRHQX2  pd_aon     65    -     0     0    9996  (5.0000,75.2400) 
#---------------------------------------------------------------------------------------------------------------------



Path 180: MET (6088 ps) Recovery Check with Pin operand_a_i_sr_reg_25/CK->RN
           View: slow_0p9v_125c_cmax_func
          Group: clk_i
     Startpoint: (R) rst_ni
          Clock: (R) clk_i_virtual
       Endpoint: (R) operand_a_i_sr_reg_25/RN
          Clock: (R) clk_i

                     Capture       Launch     
        Clock Edge:+   10000            0     
        Drv Adjust:+       0           -8     
       Src Latency:+       0            0     
       Net Latency:+       0 (I)        0 (I) 
           Arrival:=   10000           -8     
                                              
          Recovery:-     165                  
       Uncertainty:-      55                  
     Required Time:=    9780                  
      Launch Clock:-      -8                  
       Input Delay:-    3500                  
         Data Path:-     200                  
             Slack:=    6088                  

Exceptions/Constraints:
  multi_cycle     0-launch, 2-capture     func.sdc.gz_line_825   
  input_delay             3500            func.sdc.gz_line_719   

#-------------------------------------------------------------------------------------------------------------------
#      Timing Point        Flags   Arc   Edge    Cell      Power  Fanout Load Trans Delay Arrival      Instance     
#                                                          Domain        (fF)  (ps)  (ps)   (ps)       Location     
#-------------------------------------------------------------------------------------------------------------------
  rst_ni                   (a,@)   -     R     (arrival)   pd_aon      1  0.6    51     0    3492             (-,-) 
  FE_OFC0_rst_ni/Y         (a,@,m) A->Y  F     INVXL       pd_aon      2  1.1    69    78    3570  (6.6000,80.3700) 
  FE_OFC1_rst_ni/Y         (a,@,m) A->Y  R     INVX2       pd_aon     28 12.2   141   122    3691  (6.6000,78.6600) 
  operand_a_i_sr_reg_25/RN (p,m)   -     R     SDFFSRHQX1  pd_aon     28    -     -     0    3692  (5.2000,78.6600) 
#-------------------------------------------------------------------------------------------------------------------

(p) : Instance is preserved but may be resized
(@) : Annotated capacitance.
(m) : Attribute cell_delay_multiplier is modified for this library cell.
(a) : Net has asynchronous load pins which are being considered ideal.

Capture clock path:
#---------------------------------------------------------------------------------------------------------------------
#      Timing Point         Flags    Arc   Edge    Cell      Power  Fanout Load Trans Delay Arrival      Instance     
#                                                            Domain        (fF)  (ps)  (ps)   (ps)       Location     
#---------------------------------------------------------------------------------------------------------------------
  clk_i                    (i)       -     R     (arrival)   pd_aon     65  0.0     0     0    9996             (-,-) 
  operand_a_i_sr_reg_25/CK <<< (p,m) -     R     SDFFSRHQX1  pd_aon     65    -     0     0    9996  (5.2000,78.6600) 
#---------------------------------------------------------------------------------------------------------------------



Path 181: MET (6090 ps) Recovery Check with Pin operand_a_i_sr_reg_22/CK->RN
           View: slow_0p9v_125c_cmax_func
          Group: clk_i
     Startpoint: (R) rst_ni
          Clock: (R) clk_i_virtual
       Endpoint: (R) operand_a_i_sr_reg_22/RN
          Clock: (R) clk_i

                     Capture       Launch     
        Clock Edge:+   10000            0     
        Drv Adjust:+       0           -8     
       Src Latency:+       0            0     
       Net Latency:+       0 (I)        0 (I) 
           Arrival:=   10000           -8     
                                              
          Recovery:-     166                  
       Uncertainty:-      55                  
     Required Time:=    9780                  
      Launch Clock:-      -8                  
       Input Delay:-    3500                  
         Data Path:-     198                  
             Slack:=    6090                  

Exceptions/Constraints:
  multi_cycle     0-launch, 2-capture     func.sdc.gz_line_825   
  input_delay             3500            func.sdc.gz_line_719   

#-------------------------------------------------------------------------------------------------------------------
#      Timing Point        Flags   Arc   Edge    Cell      Power  Fanout Load Trans Delay Arrival      Instance     
#                                                          Domain        (fF)  (ps)  (ps)   (ps)       Location     
#-------------------------------------------------------------------------------------------------------------------
  rst_ni                   (a,@)   -     R     (arrival)   pd_aon      1  0.6    51     0    3492             (-,-) 
  FE_OFC0_rst_ni/Y         (a,@,m) A->Y  F     INVXL       pd_aon      2  1.1    69    78    3570  (6.6000,80.3700) 
  FE_OFC2_rst_ni/Y         (a,@,m) A->Y  R     INVXL       pd_aon     10  3.1   128   120    3690  (6.8000,80.3700) 
  operand_a_i_sr_reg_22/RN (p,m)   -     R     SDFFSRHQX4  pd_aon     10    -     -     0    3690  (4.8000,85.5000) 
#-------------------------------------------------------------------------------------------------------------------

(p) : Instance is preserved but may be resized
(@) : Annotated capacitance.
(m) : Attribute cell_delay_multiplier is modified for this library cell.
(a) : Net has asynchronous load pins which are being considered ideal.

Capture clock path:
#---------------------------------------------------------------------------------------------------------------------
#      Timing Point         Flags    Arc   Edge    Cell      Power  Fanout Load Trans Delay Arrival      Instance     
#                                                            Domain        (fF)  (ps)  (ps)   (ps)       Location     
#---------------------------------------------------------------------------------------------------------------------
  clk_i                    (i)       -     R     (arrival)   pd_aon     65  0.0     0     0    9996             (-,-) 
  operand_a_i_sr_reg_22/CK <<< (p,m) -     R     SDFFSRHQX4  pd_aon     65    -     0     0    9996  (4.8000,85.5000) 
#---------------------------------------------------------------------------------------------------------------------



Path 182: MET (6090 ps) Recovery Check with Pin operand_a_i_sr_reg_29/CK->RN
           View: slow_0p9v_125c_cmax_func
          Group: clk_i
     Startpoint: (R) rst_ni
          Clock: (R) clk_i_virtual
       Endpoint: (R) operand_a_i_sr_reg_29/RN
          Clock: (R) clk_i

                     Capture       Launch     
        Clock Edge:+   10000            0     
        Drv Adjust:+       0           -8     
       Src Latency:+       0            0     
       Net Latency:+       0 (I)        0 (I) 
           Arrival:=   10000           -8     
                                              
          Recovery:-     166                  
       Uncertainty:-      55                  
     Required Time:=    9780                  
      Launch Clock:-      -8                  
       Input Delay:-    3500                  
         Data Path:-     198                  
             Slack:=    6090                  

Exceptions/Constraints:
  multi_cycle     0-launch, 2-capture     func.sdc.gz_line_825   
  input_delay             3500            func.sdc.gz_line_719   

#-------------------------------------------------------------------------------------------------------------------
#      Timing Point        Flags   Arc   Edge    Cell      Power  Fanout Load Trans Delay Arrival      Instance     
#                                                          Domain        (fF)  (ps)  (ps)   (ps)       Location     
#-------------------------------------------------------------------------------------------------------------------
  rst_ni                   (a,@)   -     R     (arrival)   pd_aon      1  0.6    51     0    3492             (-,-) 
  FE_OFC0_rst_ni/Y         (a,@,m) A->Y  F     INVXL       pd_aon      2  1.1    69    78    3570  (6.6000,80.3700) 
  FE_OFC2_rst_ni/Y         (a,@,m) A->Y  R     INVXL       pd_aon     10  3.1   128   120    3690  (6.8000,80.3700) 
  operand_a_i_sr_reg_29/RN (p,m)   -     R     SDFFSRHQX4  pd_aon     10    -     -     0    3690  (5.2000,95.7600) 
#-------------------------------------------------------------------------------------------------------------------

(p) : Instance is preserved but may be resized
(@) : Annotated capacitance.
(m) : Attribute cell_delay_multiplier is modified for this library cell.
(a) : Net has asynchronous load pins which are being considered ideal.

Capture clock path:
#---------------------------------------------------------------------------------------------------------------------
#      Timing Point         Flags    Arc   Edge    Cell      Power  Fanout Load Trans Delay Arrival      Instance     
#                                                            Domain        (fF)  (ps)  (ps)   (ps)       Location     
#---------------------------------------------------------------------------------------------------------------------
  clk_i                    (i)       -     R     (arrival)   pd_aon     65  0.0     0     0    9996             (-,-) 
  operand_a_i_sr_reg_29/CK <<< (p,m) -     R     SDFFSRHQX4  pd_aon     65    -     0     0    9996  (5.2000,95.7600) 
#---------------------------------------------------------------------------------------------------------------------



Path 183: MET (6090 ps) Recovery Check with Pin operand_a_i_sr_reg_30/CK->RN
           View: slow_0p9v_125c_cmax_func
          Group: clk_i
     Startpoint: (R) rst_ni
          Clock: (R) clk_i_virtual
       Endpoint: (R) operand_a_i_sr_reg_30/RN
          Clock: (R) clk_i

                     Capture       Launch     
        Clock Edge:+   10000            0     
        Drv Adjust:+       0           -8     
       Src Latency:+       0            0     
       Net Latency:+       0 (I)        0 (I) 
           Arrival:=   10000           -8     
                                              
          Recovery:-     166                  
       Uncertainty:-      55                  
     Required Time:=    9780                  
      Launch Clock:-      -8                  
       Input Delay:-    3500                  
         Data Path:-     198                  
             Slack:=    6090                  

Exceptions/Constraints:
  multi_cycle     0-launch, 2-capture     func.sdc.gz_line_825   
  input_delay             3500            func.sdc.gz_line_719   

#-------------------------------------------------------------------------------------------------------------------
#      Timing Point        Flags   Arc   Edge    Cell      Power  Fanout Load Trans Delay Arrival      Instance     
#                                                          Domain        (fF)  (ps)  (ps)   (ps)       Location     
#-------------------------------------------------------------------------------------------------------------------
  rst_ni                   (a,@)   -     R     (arrival)   pd_aon      1  0.6    51     0    3492             (-,-) 
  FE_OFC0_rst_ni/Y         (a,@,m) A->Y  F     INVXL       pd_aon      2  1.1    69    78    3570  (6.6000,80.3700) 
  FE_OFC2_rst_ni/Y         (a,@,m) A->Y  R     INVXL       pd_aon     10  3.1   128   120    3690  (6.8000,80.3700) 
  operand_a_i_sr_reg_30/RN (p,m)   -     R     SDFFSRHQX4  pd_aon     10    -     -     0    3690  (5.0000,94.0500) 
#-------------------------------------------------------------------------------------------------------------------

(p) : Instance is preserved but may be resized
(@) : Annotated capacitance.
(m) : Attribute cell_delay_multiplier is modified for this library cell.
(a) : Net has asynchronous load pins which are being considered ideal.

Capture clock path:
#---------------------------------------------------------------------------------------------------------------------
#      Timing Point         Flags    Arc   Edge    Cell      Power  Fanout Load Trans Delay Arrival      Instance     
#                                                            Domain        (fF)  (ps)  (ps)   (ps)       Location     
#---------------------------------------------------------------------------------------------------------------------
  clk_i                    (i)       -     R     (arrival)   pd_aon     65  0.0     0     0    9996             (-,-) 
  operand_a_i_sr_reg_30/CK <<< (p,m) -     R     SDFFSRHQX4  pd_aon     65    -     0     0    9996  (5.0000,94.0500) 
#---------------------------------------------------------------------------------------------------------------------



Path 184: MET (6090 ps) Recovery Check with Pin operand_a_i_sr_reg_26/CK->RN
           View: slow_0p9v_125c_cmax_func
          Group: clk_i
     Startpoint: (R) rst_ni
          Clock: (R) clk_i_virtual
       Endpoint: (R) operand_a_i_sr_reg_26/RN
          Clock: (R) clk_i

                     Capture       Launch     
        Clock Edge:+   10000            0     
        Drv Adjust:+       0           -8     
       Src Latency:+       0            0     
       Net Latency:+       0 (I)        0 (I) 
           Arrival:=   10000           -8     
                                              
          Recovery:-     166                  
       Uncertainty:-      55                  
     Required Time:=    9780                  
      Launch Clock:-      -8                  
       Input Delay:-    3500                  
         Data Path:-     198                  
             Slack:=    6090                  

Exceptions/Constraints:
  multi_cycle     0-launch, 2-capture     func.sdc.gz_line_825   
  input_delay             3500            func.sdc.gz_line_719   

#-------------------------------------------------------------------------------------------------------------------
#      Timing Point        Flags   Arc   Edge    Cell      Power  Fanout Load Trans Delay Arrival      Instance     
#                                                          Domain        (fF)  (ps)  (ps)   (ps)       Location     
#-------------------------------------------------------------------------------------------------------------------
  rst_ni                   (a,@)   -     R     (arrival)   pd_aon      1  0.6    51     0    3492             (-,-) 
  FE_OFC0_rst_ni/Y         (a,@,m) A->Y  F     INVXL       pd_aon      2  1.1    69    78    3570  (6.6000,80.3700) 
  FE_OFC2_rst_ni/Y         (a,@,m) A->Y  R     INVXL       pd_aon     10  3.1   128   120    3690  (6.8000,80.3700) 
  operand_a_i_sr_reg_26/RN (p,m)   -     R     SDFFSRHQX4  pd_aon     10    -     -     0    3690  (5.8000,83.7900) 
#-------------------------------------------------------------------------------------------------------------------

(p) : Instance is preserved but may be resized
(@) : Annotated capacitance.
(m) : Attribute cell_delay_multiplier is modified for this library cell.
(a) : Net has asynchronous load pins which are being considered ideal.

Capture clock path:
#---------------------------------------------------------------------------------------------------------------------
#      Timing Point         Flags    Arc   Edge    Cell      Power  Fanout Load Trans Delay Arrival      Instance     
#                                                            Domain        (fF)  (ps)  (ps)   (ps)       Location     
#---------------------------------------------------------------------------------------------------------------------
  clk_i                    (i)       -     R     (arrival)   pd_aon     65  0.0     0     0    9996             (-,-) 
  operand_a_i_sr_reg_26/CK <<< (p,m) -     R     SDFFSRHQX4  pd_aon     65    -     0     0    9996  (5.8000,83.7900) 
#---------------------------------------------------------------------------------------------------------------------



Path 185: MET (6090 ps) Recovery Check with Pin operand_a_i_sr_reg_15/CK->RN
           View: slow_0p9v_125c_cmax_func
          Group: clk_i
     Startpoint: (R) rst_ni
          Clock: (R) clk_i_virtual
       Endpoint: (R) operand_a_i_sr_reg_15/RN
          Clock: (R) clk_i

                     Capture       Launch     
        Clock Edge:+   10000            0     
        Drv Adjust:+       0           -8     
       Src Latency:+       0            0     
       Net Latency:+       0 (I)        0 (I) 
           Arrival:=   10000           -8     
                                              
          Recovery:-     166                  
       Uncertainty:-      55                  
     Required Time:=    9780                  
      Launch Clock:-      -8                  
       Input Delay:-    3500                  
         Data Path:-     198                  
             Slack:=    6090                  

Exceptions/Constraints:
  multi_cycle     0-launch, 2-capture     func.sdc.gz_line_825   
  input_delay             3500            func.sdc.gz_line_719   

#-------------------------------------------------------------------------------------------------------------------
#      Timing Point        Flags   Arc   Edge    Cell      Power  Fanout Load Trans Delay Arrival      Instance     
#                                                          Domain        (fF)  (ps)  (ps)   (ps)       Location     
#-------------------------------------------------------------------------------------------------------------------
  rst_ni                   (a,@)   -     R     (arrival)   pd_aon      1  0.6    51     0    3492             (-,-) 
  FE_OFC0_rst_ni/Y         (a,@,m) A->Y  F     INVXL       pd_aon      2  1.1    69    78    3570  (6.6000,80.3700) 
  FE_OFC2_rst_ni/Y         (a,@,m) A->Y  R     INVXL       pd_aon     10  3.1   128   120    3690  (6.8000,80.3700) 
  operand_a_i_sr_reg_15/RN (p,m)   -     R     SDFFSRHQX4  pd_aon     10    -     -     0    3690  (5.2000,80.3700) 
#-------------------------------------------------------------------------------------------------------------------

(p) : Instance is preserved but may be resized
(@) : Annotated capacitance.
(m) : Attribute cell_delay_multiplier is modified for this library cell.
(a) : Net has asynchronous load pins which are being considered ideal.

Capture clock path:
#---------------------------------------------------------------------------------------------------------------------
#      Timing Point         Flags    Arc   Edge    Cell      Power  Fanout Load Trans Delay Arrival      Instance     
#                                                            Domain        (fF)  (ps)  (ps)   (ps)       Location     
#---------------------------------------------------------------------------------------------------------------------
  clk_i                    (i)       -     R     (arrival)   pd_aon     65  0.0     0     0    9996             (-,-) 
  operand_a_i_sr_reg_15/CK <<< (p,m) -     R     SDFFSRHQX4  pd_aon     65    -     0     0    9996  (5.2000,80.3700) 
#---------------------------------------------------------------------------------------------------------------------



Path 186: MET (6090 ps) Recovery Check with Pin operand_b_i_sr_reg_14/CK->RN
           View: slow_0p9v_125c_cmax_func
          Group: clk_i
     Startpoint: (R) rst_ni
          Clock: (R) clk_i_virtual
       Endpoint: (R) operand_b_i_sr_reg_14/RN
          Clock: (R) clk_i

                     Capture       Launch     
        Clock Edge:+   10000            0     
        Drv Adjust:+       0           -8     
       Src Latency:+       0            0     
       Net Latency:+       0 (I)        0 (I) 
           Arrival:=   10000           -8     
                                              
          Recovery:-     162                  
       Uncertainty:-      55                  
     Required Time:=    9783                  
      Launch Clock:-      -8                  
       Input Delay:-    3500                  
         Data Path:-     200                  
             Slack:=    6090                  

Exceptions/Constraints:
  multi_cycle     0-launch, 2-capture     func.sdc.gz_line_825   
  input_delay             3500            func.sdc.gz_line_719   

#------------------------------------------------------------------------------------------------------------------
#      Timing Point        Flags   Arc   Edge   Cell      Power  Fanout Load Trans Delay Arrival      Instance     
#                                                         Domain        (fF)  (ps)  (ps)   (ps)       Location     
#------------------------------------------------------------------------------------------------------------------
  rst_ni                   (a,@)   -     R     (arrival)  pd_aon      1  0.6    51     0    3492             (-,-) 
  FE_OFC0_rst_ni/Y         (a,@,m) A->Y  F     INVXL      pd_aon      2  1.1    69    78    3570  (6.6000,80.3700) 
  FE_OFC1_rst_ni/Y         (a,@,m) A->Y  R     INVX2      pd_aon     28 12.2   141   122    3691  (6.6000,78.6600) 
  operand_b_i_sr_reg_14/RN (p,m)   -     R     SDFFSRX4   pd_aon     28    -     -     1    3693  (5.8000,53.0100) 
#------------------------------------------------------------------------------------------------------------------

(p) : Instance is preserved but may be resized
(@) : Annotated capacitance.
(m) : Attribute cell_delay_multiplier is modified for this library cell.
(a) : Net has asynchronous load pins which are being considered ideal.

Capture clock path:
#--------------------------------------------------------------------------------------------------------------------
#      Timing Point         Flags    Arc   Edge   Cell      Power  Fanout Load Trans Delay Arrival      Instance     
#                                                           Domain        (fF)  (ps)  (ps)   (ps)       Location     
#--------------------------------------------------------------------------------------------------------------------
  clk_i                    (i)       -     R     (arrival)  pd_aon     65  0.0     0     0    9996             (-,-) 
  operand_b_i_sr_reg_14/CK <<< (p,m) -     R     SDFFSRX4   pd_aon     65    -     0     0    9996  (5.8000,53.0100) 
#--------------------------------------------------------------------------------------------------------------------



Path 187: MET (6090 ps) Recovery Check with Pin operand_a_i_sr_reg_28/CK->RN
           View: slow_0p9v_125c_cmax_func
          Group: clk_i
     Startpoint: (R) rst_ni
          Clock: (R) clk_i_virtual
       Endpoint: (R) operand_a_i_sr_reg_28/RN
          Clock: (R) clk_i

                     Capture       Launch     
        Clock Edge:+   10000            0     
        Drv Adjust:+       0           -8     
       Src Latency:+       0            0     
       Net Latency:+       0 (I)        0 (I) 
           Arrival:=   10000           -8     
                                              
          Recovery:-     165                  
       Uncertainty:-      55                  
     Required Time:=    9780                  
      Launch Clock:-      -8                  
       Input Delay:-    3500                  
         Data Path:-     198                  
             Slack:=    6090                  

Exceptions/Constraints:
  multi_cycle     0-launch, 2-capture     func.sdc.gz_line_825   
  input_delay             3500            func.sdc.gz_line_719   

#-------------------------------------------------------------------------------------------------------------------
#      Timing Point        Flags   Arc   Edge    Cell      Power  Fanout Load Trans Delay Arrival      Instance     
#                                                          Domain        (fF)  (ps)  (ps)   (ps)       Location     
#-------------------------------------------------------------------------------------------------------------------
  rst_ni                   (a,@)   -     R     (arrival)   pd_aon      1  0.6    51     0    3492             (-,-) 
  FE_OFC0_rst_ni/Y         (a,@,m) A->Y  F     INVXL       pd_aon      2  1.1    69    78    3570  (6.6000,80.3700) 
  FE_OFC2_rst_ni/Y         (a,@,m) A->Y  R     INVXL       pd_aon     10  3.1   128   120    3690  (6.8000,80.3700) 
  operand_a_i_sr_reg_28/RN (p,m)   -     R     SDFFSRHQX2  pd_aon     10    -     -     0    3690  (4.8000,92.3400) 
#-------------------------------------------------------------------------------------------------------------------

(p) : Instance is preserved but may be resized
(@) : Annotated capacitance.
(m) : Attribute cell_delay_multiplier is modified for this library cell.
(a) : Net has asynchronous load pins which are being considered ideal.

Capture clock path:
#---------------------------------------------------------------------------------------------------------------------
#      Timing Point         Flags    Arc   Edge    Cell      Power  Fanout Load Trans Delay Arrival      Instance     
#                                                            Domain        (fF)  (ps)  (ps)   (ps)       Location     
#---------------------------------------------------------------------------------------------------------------------
  clk_i                    (i)       -     R     (arrival)   pd_aon     65  0.0     0     0    9996             (-,-) 
  operand_a_i_sr_reg_28/CK <<< (p,m) -     R     SDFFSRHQX2  pd_aon     65    -     0     0    9996  (4.8000,92.3400) 
#---------------------------------------------------------------------------------------------------------------------



Path 188: MET (6090 ps) Recovery Check with Pin operand_a_i_sr_reg_21/CK->RN
           View: slow_0p9v_125c_cmax_func
          Group: clk_i
     Startpoint: (R) rst_ni
          Clock: (R) clk_i_virtual
       Endpoint: (R) operand_a_i_sr_reg_21/RN
          Clock: (R) clk_i

                     Capture       Launch     
        Clock Edge:+   10000            0     
        Drv Adjust:+       0           -8     
       Src Latency:+       0            0     
       Net Latency:+       0 (I)        0 (I) 
           Arrival:=   10000           -8     
                                              
          Recovery:-     165                  
       Uncertainty:-      55                  
     Required Time:=    9780                  
      Launch Clock:-      -8                  
       Input Delay:-    3500                  
         Data Path:-     198                  
             Slack:=    6090                  

Exceptions/Constraints:
  multi_cycle     0-launch, 2-capture     func.sdc.gz_line_825   
  input_delay             3500            func.sdc.gz_line_719   

#-------------------------------------------------------------------------------------------------------------------
#      Timing Point        Flags   Arc   Edge    Cell      Power  Fanout Load Trans Delay Arrival      Instance     
#                                                          Domain        (fF)  (ps)  (ps)   (ps)       Location     
#-------------------------------------------------------------------------------------------------------------------
  rst_ni                   (a,@)   -     R     (arrival)   pd_aon      1  0.6    51     0    3492             (-,-) 
  FE_OFC0_rst_ni/Y         (a,@,m) A->Y  F     INVXL       pd_aon      2  1.1    69    78    3570  (6.6000,80.3700) 
  FE_OFC2_rst_ni/Y         (a,@,m) A->Y  R     INVXL       pd_aon     10  3.1   128   120    3690  (6.8000,80.3700) 
  operand_a_i_sr_reg_21/RN (p,m)   -     R     SDFFSRHQX2  pd_aon     10    -     -     0    3690  (4.6000,87.2100) 
#-------------------------------------------------------------------------------------------------------------------

(p) : Instance is preserved but may be resized
(@) : Annotated capacitance.
(m) : Attribute cell_delay_multiplier is modified for this library cell.
(a) : Net has asynchronous load pins which are being considered ideal.

Capture clock path:
#---------------------------------------------------------------------------------------------------------------------
#      Timing Point         Flags    Arc   Edge    Cell      Power  Fanout Load Trans Delay Arrival      Instance     
#                                                            Domain        (fF)  (ps)  (ps)   (ps)       Location     
#---------------------------------------------------------------------------------------------------------------------
  clk_i                    (i)       -     R     (arrival)   pd_aon     65  0.0     0     0    9996             (-,-) 
  operand_a_i_sr_reg_21/CK <<< (p,m) -     R     SDFFSRHQX2  pd_aon     65    -     0     0    9996  (4.6000,87.2100) 
#---------------------------------------------------------------------------------------------------------------------



Path 189: MET (6090 ps) Recovery Check with Pin operand_a_i_sr_reg_31/CK->RN
           View: slow_0p9v_125c_cmax_func
          Group: clk_i
     Startpoint: (R) rst_ni
          Clock: (R) clk_i_virtual
       Endpoint: (R) operand_a_i_sr_reg_31/RN
          Clock: (R) clk_i

                     Capture       Launch     
        Clock Edge:+   10000            0     
        Drv Adjust:+       0           -8     
       Src Latency:+       0            0     
       Net Latency:+       0 (I)        0 (I) 
           Arrival:=   10000           -8     
                                              
          Recovery:-     165                  
       Uncertainty:-      55                  
     Required Time:=    9780                  
      Launch Clock:-      -8                  
       Input Delay:-    3500                  
         Data Path:-     198                  
             Slack:=    6090                  

Exceptions/Constraints:
  multi_cycle     0-launch, 2-capture     func.sdc.gz_line_825   
  input_delay             3500            func.sdc.gz_line_719   

#-------------------------------------------------------------------------------------------------------------------
#      Timing Point        Flags   Arc   Edge    Cell      Power  Fanout Load Trans Delay Arrival      Instance     
#                                                          Domain        (fF)  (ps)  (ps)   (ps)       Location     
#-------------------------------------------------------------------------------------------------------------------
  rst_ni                   (a,@)   -     R     (arrival)   pd_aon      1  0.6    51     0    3492             (-,-) 
  FE_OFC0_rst_ni/Y         (a,@,m) A->Y  F     INVXL       pd_aon      2  1.1    69    78    3570  (6.6000,80.3700) 
  FE_OFC2_rst_ni/Y         (a,@,m) A->Y  R     INVXL       pd_aon     10  3.1   128   120    3690  (6.8000,80.3700) 
  operand_a_i_sr_reg_31/RN (p,m)   -     R     SDFFSRHQX2  pd_aon     10    -     -     0    3690  (4.8000,88.9200) 
#-------------------------------------------------------------------------------------------------------------------

(p) : Instance is preserved but may be resized
(@) : Annotated capacitance.
(m) : Attribute cell_delay_multiplier is modified for this library cell.
(a) : Net has asynchronous load pins which are being considered ideal.

Capture clock path:
#---------------------------------------------------------------------------------------------------------------------
#      Timing Point         Flags    Arc   Edge    Cell      Power  Fanout Load Trans Delay Arrival      Instance     
#                                                            Domain        (fF)  (ps)  (ps)   (ps)       Location     
#---------------------------------------------------------------------------------------------------------------------
  clk_i                    (i)       -     R     (arrival)   pd_aon     65  0.0     0     0    9996             (-,-) 
  operand_a_i_sr_reg_31/CK <<< (p,m) -     R     SDFFSRHQX2  pd_aon     65    -     0     0    9996  (4.8000,88.9200) 
#---------------------------------------------------------------------------------------------------------------------



Path 190: MET (6090 ps) Recovery Check with Pin operand_a_i_sr_reg_23/CK->RN
           View: slow_0p9v_125c_cmax_func
          Group: clk_i
     Startpoint: (R) rst_ni
          Clock: (R) clk_i_virtual
       Endpoint: (R) operand_a_i_sr_reg_23/RN
          Clock: (R) clk_i

                     Capture       Launch     
        Clock Edge:+   10000            0     
        Drv Adjust:+       0           -8     
       Src Latency:+       0            0     
       Net Latency:+       0 (I)        0 (I) 
           Arrival:=   10000           -8     
                                              
          Recovery:-     165                  
       Uncertainty:-      55                  
     Required Time:=    9780                  
      Launch Clock:-      -8                  
       Input Delay:-    3500                  
         Data Path:-     198                  
             Slack:=    6090                  

Exceptions/Constraints:
  multi_cycle     0-launch, 2-capture     func.sdc.gz_line_825   
  input_delay             3500            func.sdc.gz_line_719   

#-------------------------------------------------------------------------------------------------------------------
#      Timing Point        Flags   Arc   Edge    Cell      Power  Fanout Load Trans Delay Arrival      Instance     
#                                                          Domain        (fF)  (ps)  (ps)   (ps)       Location     
#-------------------------------------------------------------------------------------------------------------------
  rst_ni                   (a,@)   -     R     (arrival)   pd_aon      1  0.6    51     0    3492             (-,-) 
  FE_OFC0_rst_ni/Y         (a,@,m) A->Y  F     INVXL       pd_aon      2  1.1    69    78    3570  (6.6000,80.3700) 
  FE_OFC2_rst_ni/Y         (a,@,m) A->Y  R     INVXL       pd_aon     10  3.1   128   120    3690  (6.8000,80.3700) 
  operand_a_i_sr_reg_23/RN (p,m)   -     R     SDFFSRHQX2  pd_aon     10    -     -     0    3690  (5.4000,82.0800) 
#-------------------------------------------------------------------------------------------------------------------

(p) : Instance is preserved but may be resized
(@) : Annotated capacitance.
(m) : Attribute cell_delay_multiplier is modified for this library cell.
(a) : Net has asynchronous load pins which are being considered ideal.

Capture clock path:
#---------------------------------------------------------------------------------------------------------------------
#      Timing Point         Flags    Arc   Edge    Cell      Power  Fanout Load Trans Delay Arrival      Instance     
#                                                            Domain        (fF)  (ps)  (ps)   (ps)       Location     
#---------------------------------------------------------------------------------------------------------------------
  clk_i                    (i)       -     R     (arrival)   pd_aon     65  0.0     0     0    9996             (-,-) 
  operand_a_i_sr_reg_23/CK <<< (p,m) -     R     SDFFSRHQX2  pd_aon     65    -     0     0    9996  (5.4000,82.0800) 
#---------------------------------------------------------------------------------------------------------------------



Path 191: MET (6095 ps) Recovery Check with Pin operand_b_i_sr_reg_6/CK->RN
           View: slow_0p9v_125c_cmax_func
          Group: clk_i
     Startpoint: (R) rst_ni
          Clock: (R) clk_i_virtual
       Endpoint: (R) operand_b_i_sr_reg_6/RN
          Clock: (R) clk_i

                     Capture       Launch     
        Clock Edge:+   10000            0     
        Drv Adjust:+       0           -8     
       Src Latency:+       0            0     
       Net Latency:+       0 (I)        0 (I) 
           Arrival:=   10000           -8     
                                              
          Recovery:-     157                  
       Uncertainty:-      55                  
     Required Time:=    9788                  
      Launch Clock:-      -8                  
       Input Delay:-    3500                  
         Data Path:-     201                  
             Slack:=    6095                  

Exceptions/Constraints:
  multi_cycle     0-launch, 2-capture     func.sdc.gz_line_825   
  input_delay             3500            func.sdc.gz_line_719   

#-----------------------------------------------------------------------------------------------------------------
#      Timing Point       Flags   Arc   Edge   Cell      Power  Fanout Load Trans Delay Arrival      Instance     
#                                                        Domain        (fF)  (ps)  (ps)   (ps)       Location     
#-----------------------------------------------------------------------------------------------------------------
  rst_ni                  (a,@)   -     R     (arrival)  pd_aon      1  0.6    51     0    3492             (-,-) 
  FE_OFC0_rst_ni/Y        (a,@,m) A->Y  F     INVXL      pd_aon      2  1.1    69    78    3570  (6.6000,80.3700) 
  FE_OFC1_rst_ni/Y        (a,@,m) A->Y  R     INVX2      pd_aon     28 12.2   141   122    3691  (6.6000,78.6600) 
  operand_b_i_sr_reg_6/RN (p,m)   -     R     SDFFSRX1   pd_aon     28    -     -     2    3693  (4.8000,25.6500) 
#-----------------------------------------------------------------------------------------------------------------

(p) : Instance is preserved but may be resized
(@) : Annotated capacitance.
(m) : Attribute cell_delay_multiplier is modified for this library cell.
(a) : Net has asynchronous load pins which are being considered ideal.

Capture clock path:
#-------------------------------------------------------------------------------------------------------------------
#      Timing Point        Flags    Arc   Edge   Cell      Power  Fanout Load Trans Delay Arrival      Instance     
#                                                          Domain        (fF)  (ps)  (ps)   (ps)       Location     
#-------------------------------------------------------------------------------------------------------------------
  clk_i                   (i)       -     R     (arrival)  pd_aon     65  0.0     0     0    9996             (-,-) 
  operand_b_i_sr_reg_6/CK <<< (p,m) -     R     SDFFSRX1   pd_aon     65    -     0     0    9996  (4.8000,25.6500) 
#-------------------------------------------------------------------------------------------------------------------



Path 192: MET (6096 ps) Recovery Check with Pin operand_a_i_sr_reg_27/CK->RN
           View: slow_0p9v_125c_cmax_func
          Group: clk_i
     Startpoint: (R) rst_ni
          Clock: (R) clk_i_virtual
       Endpoint: (R) operand_a_i_sr_reg_27/RN
          Clock: (R) clk_i

                     Capture       Launch     
        Clock Edge:+   10000            0     
        Drv Adjust:+       0           -8     
       Src Latency:+       0            0     
       Net Latency:+       0 (I)        0 (I) 
           Arrival:=   10000           -8     
                                              
          Recovery:-     159                  
       Uncertainty:-      55                  
     Required Time:=    9786                  
      Launch Clock:-      -8                  
       Input Delay:-    3500                  
         Data Path:-     198                  
             Slack:=    6096                  

Exceptions/Constraints:
  multi_cycle     0-launch, 2-capture     func.sdc.gz_line_825   
  input_delay             3500            func.sdc.gz_line_719   

#-------------------------------------------------------------------------------------------------------------------
#      Timing Point        Flags   Arc   Edge    Cell      Power  Fanout Load Trans Delay Arrival      Instance     
#                                                          Domain        (fF)  (ps)  (ps)   (ps)       Location     
#-------------------------------------------------------------------------------------------------------------------
  rst_ni                   (a,@)   -     R     (arrival)   pd_aon      1  0.6    51     0    3492             (-,-) 
  FE_OFC0_rst_ni/Y         (a,@,m) A->Y  F     INVXL       pd_aon      2  1.1    69    78    3570  (6.6000,80.3700) 
  FE_OFC2_rst_ni/Y         (a,@,m) A->Y  R     INVXL       pd_aon     10  3.1   128   120    3690  (6.8000,80.3700) 
  operand_a_i_sr_reg_27/RN (p,m)   -     R     SDFFSRHQX1  pd_aon     10    -     -     0    3690  (4.8000,90.6300) 
#-------------------------------------------------------------------------------------------------------------------

(p) : Instance is preserved but may be resized
(@) : Annotated capacitance.
(m) : Attribute cell_delay_multiplier is modified for this library cell.
(a) : Net has asynchronous load pins which are being considered ideal.

Capture clock path:
#---------------------------------------------------------------------------------------------------------------------
#      Timing Point         Flags    Arc   Edge    Cell      Power  Fanout Load Trans Delay Arrival      Instance     
#                                                            Domain        (fF)  (ps)  (ps)   (ps)       Location     
#---------------------------------------------------------------------------------------------------------------------
  clk_i                    (i)       -     R     (arrival)   pd_aon     65  0.0     0     0    9996             (-,-) 
  operand_a_i_sr_reg_27/CK <<< (p,m) -     R     SDFFSRHQX1  pd_aon     65    -     0     0    9996  (4.8000,90.6300) 
#---------------------------------------------------------------------------------------------------------------------



Path 193: MET (6275 ps) Recovery Check with Pin operand_a_i_sr_reg_17/CK->RN
           View: slow_0p9v_125c_cmax_func
          Group: clk_i
     Startpoint: (R) rst_ni
          Clock: (R) clk_i_virtual
       Endpoint: (R) operand_a_i_sr_reg_17/RN
          Clock: (R) clk_i

                     Capture       Launch     
        Clock Edge:+   10000            0     
        Drv Adjust:+       0           -8     
       Src Latency:+       0            0     
       Net Latency:+       0 (I)        0 (I) 
           Arrival:=   10000           -8     
                                              
          Recovery:-     -23                  
       Uncertainty:-      55                  
     Required Time:=    9968                  
      Launch Clock:-      -8                  
       Input Delay:-    3500                  
         Data Path:-     200                  
             Slack:=    6275                  

Exceptions/Constraints:
  multi_cycle     0-launch, 2-capture     func.sdc.gz_line_825   
  input_delay             3500            func.sdc.gz_line_719   

#------------------------------------------------------------------------------------------------------------------
#      Timing Point        Flags   Arc   Edge   Cell      Power  Fanout Load Trans Delay Arrival      Instance     
#                                                         Domain        (fF)  (ps)  (ps)   (ps)       Location     
#------------------------------------------------------------------------------------------------------------------
  rst_ni                   (a,@)   -     R     (arrival)  pd_aon      1  0.6    51     0    3492             (-,-) 
  FE_OFC0_rst_ni/Y         (a,@,m) A->Y  F     INVXL      pd_aon      2  1.1    69    78    3570  (6.6000,80.3700) 
  FE_OFC1_rst_ni/Y         (a,@,m) A->Y  R     INVX2      pd_aon     28 12.2   141   122    3691  (6.6000,78.6600) 
  operand_a_i_sr_reg_17/RN (p,m)   -     R     SDFFRHQX2  pd_aon     28    -     -     1    3692  (5.6000,66.6900) 
#------------------------------------------------------------------------------------------------------------------

(p) : Instance is preserved but may be resized
(@) : Annotated capacitance.
(m) : Attribute cell_delay_multiplier is modified for this library cell.
(a) : Net has asynchronous load pins which are being considered ideal.

Capture clock path:
#--------------------------------------------------------------------------------------------------------------------
#      Timing Point         Flags    Arc   Edge   Cell      Power  Fanout Load Trans Delay Arrival      Instance     
#                                                           Domain        (fF)  (ps)  (ps)   (ps)       Location     
#--------------------------------------------------------------------------------------------------------------------
  clk_i                    (i)       -     R     (arrival)  pd_aon     65  0.0     0     0    9996             (-,-) 
  operand_a_i_sr_reg_17/CK <<< (p,m) -     R     SDFFRHQX2  pd_aon     65    -     0     0    9996  (5.6000,66.6900) 
#--------------------------------------------------------------------------------------------------------------------



Path 194: MET (6280 ps) Recovery Check with Pin operand_b_i_sr_reg_7/CK->RN
           View: slow_0p9v_125c_cmax_func
          Group: clk_i
     Startpoint: (R) rst_ni
          Clock: (R) clk_i_virtual
       Endpoint: (R) operand_b_i_sr_reg_7/RN
          Clock: (R) clk_i

                     Capture       Launch     
        Clock Edge:+   10000            0     
        Drv Adjust:+       0           -8     
       Src Latency:+       0            0     
       Net Latency:+       0 (I)        0 (I) 
           Arrival:=   10000           -8     
                                              
          Recovery:-     -28                  
       Uncertainty:-      55                  
     Required Time:=    9974                  
      Launch Clock:-      -8                  
       Input Delay:-    3500                  
         Data Path:-     201                  
             Slack:=    6280                  

Exceptions/Constraints:
  multi_cycle     0-launch, 2-capture     func.sdc.gz_line_825   
  input_delay             3500            func.sdc.gz_line_719   

#-----------------------------------------------------------------------------------------------------------------
#      Timing Point       Flags   Arc   Edge   Cell      Power  Fanout Load Trans Delay Arrival      Instance     
#                                                        Domain        (fF)  (ps)  (ps)   (ps)       Location     
#-----------------------------------------------------------------------------------------------------------------
  rst_ni                  (a,@)   -     R     (arrival)  pd_aon      1  0.6    51     0    3492             (-,-) 
  FE_OFC0_rst_ni/Y        (a,@,m) A->Y  F     INVXL      pd_aon      2  1.1    69    78    3570  (6.6000,80.3700) 
  FE_OFC1_rst_ni/Y        (a,@,m) A->Y  R     INVX2      pd_aon     28 12.2   141   122    3691  (6.6000,78.6600) 
  operand_b_i_sr_reg_7/RN (p,m)   -     R     SDFFRHQX1  pd_aon     28    -     -     2    3693  (5.0000,27.3600) 
#-----------------------------------------------------------------------------------------------------------------

(p) : Instance is preserved but may be resized
(@) : Annotated capacitance.
(m) : Attribute cell_delay_multiplier is modified for this library cell.
(a) : Net has asynchronous load pins which are being considered ideal.

Capture clock path:
#-------------------------------------------------------------------------------------------------------------------
#      Timing Point        Flags    Arc   Edge   Cell      Power  Fanout Load Trans Delay Arrival      Instance     
#                                                          Domain        (fF)  (ps)  (ps)   (ps)       Location     
#-------------------------------------------------------------------------------------------------------------------
  clk_i                   (i)       -     R     (arrival)  pd_aon     65  0.0     0     0    9996             (-,-) 
  operand_b_i_sr_reg_7/CK <<< (p,m) -     R     SDFFRHQX1  pd_aon     65    -     0     0    9996  (5.0000,27.3600) 
#-------------------------------------------------------------------------------------------------------------------



Path 195: MET (6282 ps) Recovery Check with Pin operand_b_i_sr_reg_15/CK->RN
           View: slow_0p9v_125c_cmax_func
          Group: clk_i
     Startpoint: (R) rst_ni
          Clock: (R) clk_i_virtual
       Endpoint: (R) operand_b_i_sr_reg_15/RN
          Clock: (R) clk_i

                     Capture       Launch     
        Clock Edge:+   10000            0     
        Drv Adjust:+       0           -8     
       Src Latency:+       0            0     
       Net Latency:+       0 (I)        0 (I) 
           Arrival:=   10000           -8     
                                              
          Recovery:-     -29                  
       Uncertainty:-      55                  
     Required Time:=    9974                  
      Launch Clock:-      -8                  
       Input Delay:-    3500                  
         Data Path:-     200                  
             Slack:=    6282                  

Exceptions/Constraints:
  multi_cycle     0-launch, 2-capture     func.sdc.gz_line_825   
  input_delay             3500            func.sdc.gz_line_719   

#------------------------------------------------------------------------------------------------------------------
#      Timing Point        Flags   Arc   Edge   Cell      Power  Fanout Load Trans Delay Arrival      Instance     
#                                                         Domain        (fF)  (ps)  (ps)   (ps)       Location     
#------------------------------------------------------------------------------------------------------------------
  rst_ni                   (a,@)   -     R     (arrival)  pd_aon      1  0.6    51     0    3492             (-,-) 
  FE_OFC0_rst_ni/Y         (a,@,m) A->Y  F     INVXL      pd_aon      2  1.1    69    78    3570  (6.6000,80.3700) 
  FE_OFC1_rst_ni/Y         (a,@,m) A->Y  R     INVX2      pd_aon     28 12.2   141   122    3691  (6.6000,78.6600) 
  operand_b_i_sr_reg_15/RN (p,m)   -     R     SDFFRHQX4  pd_aon     28    -     -     1    3693  (5.6000,59.8500) 
#------------------------------------------------------------------------------------------------------------------

(p) : Instance is preserved but may be resized
(@) : Annotated capacitance.
(m) : Attribute cell_delay_multiplier is modified for this library cell.
(a) : Net has asynchronous load pins which are being considered ideal.

Capture clock path:
#--------------------------------------------------------------------------------------------------------------------
#      Timing Point         Flags    Arc   Edge   Cell      Power  Fanout Load Trans Delay Arrival      Instance     
#                                                           Domain        (fF)  (ps)  (ps)   (ps)       Location     
#--------------------------------------------------------------------------------------------------------------------
  clk_i                    (i)       -     R     (arrival)  pd_aon     65  0.0     0     0    9996             (-,-) 
  operand_b_i_sr_reg_15/CK <<< (p,m) -     R     SDFFRHQX4  pd_aon     65    -     0     0    9996  (5.6000,59.8500) 
#--------------------------------------------------------------------------------------------------------------------



Path 196: MET (9033 ps) Setup Check with Pin operand_b_i_sr_reg_23/CK->SI
           View: slow_0p9v_125c_cmax_scan_shift
          Group: clk_i
     Startpoint: (R) operand_b_i_sr_reg_7/CK
          Clock: (R) clk_i
       Endpoint: (R) operand_b_i_sr_reg_23/SI
          Clock: (R) clk_i

                     Capture       Launch     
        Clock Edge:+   10000            0     
       Src Latency:+       0            0     
       Net Latency:+       0 (I)        0 (I) 
           Arrival:=   10000            0     
                                              
             Setup:-     283                  
       Uncertainty:-     205                  
     Required Time:=    9512                  
      Launch Clock:-       0                  
         Data Path:-     479                  
             Slack:=    9033                  

Launch clock path:
#-------------------------------------------------------------------------------------------------------------------
#      Timing Point        Flags    Arc   Edge   Cell      Power  Fanout Load Trans Delay Arrival      Instance     
#                                                          Domain        (fF)  (ps)  (ps)   (ps)       Location     
#-------------------------------------------------------------------------------------------------------------------
  clk_i                   (i)       -     R     (arrival)  pd_aon     65  0.0     0     0      -4             (-,-) 
  operand_b_i_sr_reg_7/CK <<< (p,m) -     R     SDFFRHQX1  pd_aon     65    -     0     0      -4  (5.0000,27.3600) 
#-------------------------------------------------------------------------------------------------------------------

#-----------------------------------------------------------------------------------------------------------------------
#        Timing Point          Flags   Arc   Edge    Cell      Power  Fanout Load Trans Delay Arrival      Instance     
#                                                              Domain        (fF)  (ps)  (ps)   (ps)       Location     
#-----------------------------------------------------------------------------------------------------------------------
  operand_b_i_sr_reg_7/CK      -       -     R     (arrival)   pd_aon     65    -     0     0       0             (-,-) 
  operand_b_i_sr_reg_7/Q       (@,p,m) CK->Q R     SDFFRHQX1   pd_aon      1  0.9    32   260     260  (5.0000,27.3600) 
  FE_OFC161_operand_b_i_sr_7/Y (@,p,m) A->Y  F     INVX2       pd_aon      8  7.9   114    89     349  (6.2000,27.3600) 
  FE_OFC162_operand_b_i_sr_7/Y (@,p,m) A->Y  R     INVX1       pd_aon      6  4.1   110   130     479  (9.4000,27.3600) 
  operand_b_i_sr_reg_23/SI     (p,m)   -     R     SDFFSRHQX2  pd_aon      6    -     -     0     479  (5.0000,30.7800) 
#-----------------------------------------------------------------------------------------------------------------------

(p) : Instance is preserved but may be resized
(@) : Annotated capacitance.
(m) : Attribute cell_delay_multiplier is modified for this library cell.

Capture clock path:
#---------------------------------------------------------------------------------------------------------------------
#      Timing Point         Flags    Arc   Edge    Cell      Power  Fanout Load Trans Delay Arrival      Instance     
#                                                            Domain        (fF)  (ps)  (ps)   (ps)       Location     
#---------------------------------------------------------------------------------------------------------------------
  clk_i                    (i)       -     R     (arrival)   pd_aon     65  0.0     0     0    9996             (-,-) 
  operand_b_i_sr_reg_23/CK <<< (p,m) -     R     SDFFSRHQX2  pd_aon     65    -     0     0    9996  (5.0000,30.7800) 
#---------------------------------------------------------------------------------------------------------------------



Path 197: MET (9110 ps) Setup Check with Pin operand_a_i_sr_reg_15/CK->SI
           View: slow_0p9v_125c_cmax_scan_shift
          Group: clk_i
     Startpoint: (R) operand_a_i_sr_reg_25/CK
          Clock: (R) clk_i
       Endpoint: (R) operand_a_i_sr_reg_15/SI
          Clock: (R) clk_i

                     Capture       Launch     
        Clock Edge:+   10000            0     
       Src Latency:+       0            0     
       Net Latency:+       0 (I)        0 (I) 
           Arrival:=   10000            0     
                                              
             Setup:-     251                  
       Uncertainty:-     205                  
     Required Time:=    9544                  
      Launch Clock:-       0                  
         Data Path:-     434                  
             Slack:=    9110                  

Launch clock path:
#---------------------------------------------------------------------------------------------------------------------
#      Timing Point         Flags    Arc   Edge    Cell      Power  Fanout Load Trans Delay Arrival      Instance     
#                                                            Domain        (fF)  (ps)  (ps)   (ps)       Location     
#---------------------------------------------------------------------------------------------------------------------
  clk_i                    (i)       -     R     (arrival)   pd_aon     65  0.0     0     0      -4             (-,-) 
  operand_a_i_sr_reg_25/CK <<< (p,m) -     R     SDFFSRHQX1  pd_aon     65    -     0     0      -4  (5.2000,78.6600) 
#---------------------------------------------------------------------------------------------------------------------

#-------------------------------------------------------------------------------------------------------------------------
#         Timing Point          Flags   Arc   Edge    Cell      Power  Fanout Load Trans Delay Arrival      Instance      
#                                                               Domain        (fF)  (ps)  (ps)   (ps)       Location      
#-------------------------------------------------------------------------------------------------------------------------
  operand_a_i_sr_reg_25/CK      -       -     R     (arrival)   pd_aon     65    -     0     0       0              (-,-) 
  operand_a_i_sr_reg_25/Q       (@,p,m) CK->Q R     SDFFSRHQX1  pd_aon      1  1.3    36   227     227   (5.2000,78.6600) 
  FE_OFC170_operand_a_i_sr_25/Y (@,p,m) A->Y  F     INVX3       pd_aon     17 13.9   132   100     327   (5.6000,78.6600) 
  FE_OFC171_operand_a_i_sr_25/Y (@,p,m) A->Y  R     INVXL       pd_aon      1  0.6    47   107     434  (13.4000,78.6600) 
  operand_a_i_sr_reg_15/SI      (p,m)   -     R     SDFFSRHQX4  pd_aon      1    -     -     0     434   (5.2000,80.3700) 
#-------------------------------------------------------------------------------------------------------------------------

(p) : Instance is preserved but may be resized
(@) : Annotated capacitance.
(m) : Attribute cell_delay_multiplier is modified for this library cell.

Capture clock path:
#---------------------------------------------------------------------------------------------------------------------
#      Timing Point         Flags    Arc   Edge    Cell      Power  Fanout Load Trans Delay Arrival      Instance     
#                                                            Domain        (fF)  (ps)  (ps)   (ps)       Location     
#---------------------------------------------------------------------------------------------------------------------
  clk_i                    (i)       -     R     (arrival)   pd_aon     65  0.0     0     0    9996             (-,-) 
  operand_a_i_sr_reg_15/CK <<< (p,m) -     R     SDFFSRHQX4  pd_aon     65    -     0     0    9996  (5.2000,80.3700) 
#---------------------------------------------------------------------------------------------------------------------



Path 198: MET (9151 ps) Setup Check with Pin operand_b_i_sr_reg_27/CK->SI
           View: slow_0p9v_125c_cmax_scan_shift
          Group: clk_i
     Startpoint: (R) operand_a_i_sr_reg_1/CK
          Clock: (R) clk_i
       Endpoint: (R) operand_b_i_sr_reg_27/SI
          Clock: (R) clk_i

                     Capture       Launch     
        Clock Edge:+   10000            0     
       Src Latency:+       0            0     
       Net Latency:+       0 (I)        0 (I) 
           Arrival:=   10000            0     
                                              
             Setup:-     297                  
       Uncertainty:-     205                  
     Required Time:=    9498                  
      Launch Clock:-       0                  
         Data Path:-     347                  
             Slack:=    9151                  

Launch clock path:
#--------------------------------------------------------------------------------------------------------------------
#      Timing Point        Flags    Arc   Edge   Cell      Power  Fanout Load Trans Delay Arrival      Instance      
#                                                          Domain        (fF)  (ps)  (ps)   (ps)       Location      
#--------------------------------------------------------------------------------------------------------------------
  clk_i                   (i)       -     R     (arrival)  pd_aon     65  0.0     0     0      -4              (-,-) 
  operand_a_i_sr_reg_1/CK <<< (p,m) -     R     SDFFRHQX2  pd_aon     65    -     0     0      -4  (16.4000,49.5900) 
#--------------------------------------------------------------------------------------------------------------------

#--------------------------------------------------------------------------------------------------------------------
#      Timing Point        Flags   Arc   Edge    Cell      Power  Fanout Load Trans Delay Arrival      Instance      
#                                                          Domain        (fF)  (ps)  (ps)   (ps)       Location      
#--------------------------------------------------------------------------------------------------------------------
  operand_a_i_sr_reg_1/CK  -       -     R     (arrival)   pd_aon     65    -     0     0       0              (-,-) 
  operand_a_i_sr_reg_1/Q   (@,p,m) CK->Q R     SDFFRHQX2   pd_aon      6 11.0   136   346     346  (16.4000,49.5900) 
  operand_b_i_sr_reg_27/SI (p,m)   -     R     SDFFSRHQX4  pd_aon      6    -     -     0     347  (15.8000,47.8800) 
#--------------------------------------------------------------------------------------------------------------------

(p) : Instance is preserved but may be resized
(@) : Annotated capacitance.
(m) : Attribute cell_delay_multiplier is modified for this library cell.

Capture clock path:
#----------------------------------------------------------------------------------------------------------------------
#      Timing Point         Flags    Arc   Edge    Cell      Power  Fanout Load Trans Delay Arrival      Instance      
#                                                            Domain        (fF)  (ps)  (ps)   (ps)       Location      
#----------------------------------------------------------------------------------------------------------------------
  clk_i                    (i)       -     R     (arrival)   pd_aon     65  0.0     0     0    9996              (-,-) 
  operand_b_i_sr_reg_27/CK <<< (p,m) -     R     SDFFSRHQX4  pd_aon     65    -     0     0    9996  (15.8000,47.8800) 
#----------------------------------------------------------------------------------------------------------------------



Path 199: MET (9168 ps) Setup Check with Pin operand_a_i_sr_reg_21/CK->SI
           View: slow_0p9v_125c_cmax_scan_shift
          Group: clk_i
     Startpoint: (R) operand_a_i_sr_reg_31/CK
          Clock: (R) clk_i
       Endpoint: (F) operand_a_i_sr_reg_21/SI
          Clock: (R) clk_i

                     Capture       Launch     
        Clock Edge:+   10000            0     
       Src Latency:+       0            0     
       Net Latency:+       0 (I)        0 (I) 
           Arrival:=   10000            0     
                                              
             Setup:-     273                  
       Uncertainty:-     205                  
     Required Time:=    9522                  
      Launch Clock:-       0                  
         Data Path:-     354                  
             Slack:=    9168                  

Launch clock path:
#---------------------------------------------------------------------------------------------------------------------
#      Timing Point         Flags    Arc   Edge    Cell      Power  Fanout Load Trans Delay Arrival      Instance     
#                                                            Domain        (fF)  (ps)  (ps)   (ps)       Location     
#---------------------------------------------------------------------------------------------------------------------
  clk_i                    (i)       -     R     (arrival)   pd_aon     65  0.0     0     0      -4             (-,-) 
  operand_a_i_sr_reg_31/CK <<< (p,m) -     R     SDFFSRHQX2  pd_aon     65    -     0     0      -4  (4.8000,88.9200) 
#---------------------------------------------------------------------------------------------------------------------

#-------------------------------------------------------------------------------------------------------------------
#      Timing Point        Flags   Arc   Edge    Cell      Power  Fanout Load Trans Delay Arrival      Instance     
#                                                          Domain        (fF)  (ps)  (ps)   (ps)       Location     
#-------------------------------------------------------------------------------------------------------------------
  operand_a_i_sr_reg_31/CK -       -     R     (arrival)   pd_aon     65    -     0     0       0             (-,-) 
  operand_a_i_sr_reg_31/Q  (@,p,m) CK->Q F     SDFFSRHQX2  pd_aon     14 12.8   177   354     354  (4.8000,88.9200) 
  operand_a_i_sr_reg_21/SI (p,m)   -     F     SDFFSRHQX2  pd_aon     14    -     -     0     354  (4.6000,87.2100) 
#-------------------------------------------------------------------------------------------------------------------

(p) : Instance is preserved but may be resized
(@) : Annotated capacitance.
(m) : Attribute cell_delay_multiplier is modified for this library cell.

Capture clock path:
#---------------------------------------------------------------------------------------------------------------------
#      Timing Point         Flags    Arc   Edge    Cell      Power  Fanout Load Trans Delay Arrival      Instance     
#                                                            Domain        (fF)  (ps)  (ps)   (ps)       Location     
#---------------------------------------------------------------------------------------------------------------------
  clk_i                    (i)       -     R     (arrival)   pd_aon     65  0.0     0     0    9996             (-,-) 
  operand_a_i_sr_reg_21/CK <<< (p,m) -     R     SDFFSRHQX2  pd_aon     65    -     0     0    9996  (4.6000,87.2100) 
#---------------------------------------------------------------------------------------------------------------------



Path 200: MET (9169 ps) Setup Check with Pin operand_b_i_sr_reg_14/CK->SI
           View: slow_0p9v_125c_cmax_scan_shift
          Group: clk_i
     Startpoint: (R) operand_b_i_sr_reg_13/CK
          Clock: (R) clk_i
       Endpoint: (F) operand_b_i_sr_reg_14/SI
          Clock: (R) clk_i

                     Capture       Launch     
        Clock Edge:+   10000            0     
       Src Latency:+       0            0     
       Net Latency:+       0 (I)        0 (I) 
           Arrival:=   10000            0     
                                              
             Setup:-     279                  
       Uncertainty:-     205                  
     Required Time:=    9516                  
      Launch Clock:-       0                  
         Data Path:-     347                  
             Slack:=    9169                  

Launch clock path:
#---------------------------------------------------------------------------------------------------------------------
#      Timing Point         Flags    Arc   Edge    Cell      Power  Fanout Load Trans Delay Arrival      Instance     
#                                                            Domain        (fF)  (ps)  (ps)   (ps)       Location     
#---------------------------------------------------------------------------------------------------------------------
  clk_i                    (i)       -     R     (arrival)   pd_aon     65  0.0     0     0      -4             (-,-) 
  operand_b_i_sr_reg_13/CK <<< (p,m) -     R     SDFFSRHQX4  pd_aon     65    -     0     0      -4  (5.4000,49.5900) 
#---------------------------------------------------------------------------------------------------------------------

#-------------------------------------------------------------------------------------------------------------------
#      Timing Point        Flags   Arc   Edge    Cell      Power  Fanout Load Trans Delay Arrival      Instance     
#                                                          Domain        (fF)  (ps)  (ps)   (ps)       Location     
#-------------------------------------------------------------------------------------------------------------------
  operand_b_i_sr_reg_13/CK -       -     R     (arrival)   pd_aon     65    -     0     0       0             (-,-) 
  operand_b_i_sr_reg_13/Q  (@,p,m) CK->Q F     SDFFSRHQX4  pd_aon     17 16.4   123   347     347  (5.4000,49.5900) 
  operand_b_i_sr_reg_14/SI (p,m)   -     F     SDFFSRX4    pd_aon     17    -     -     0     347  (5.8000,53.0100) 
#-------------------------------------------------------------------------------------------------------------------

(p) : Instance is preserved but may be resized
(@) : Annotated capacitance.
(m) : Attribute cell_delay_multiplier is modified for this library cell.

Capture clock path:
#--------------------------------------------------------------------------------------------------------------------
#      Timing Point         Flags    Arc   Edge   Cell      Power  Fanout Load Trans Delay Arrival      Instance     
#                                                           Domain        (fF)  (ps)  (ps)   (ps)       Location     
#--------------------------------------------------------------------------------------------------------------------
  clk_i                    (i)       -     R     (arrival)  pd_aon     65  0.0     0     0    9996             (-,-) 
  operand_b_i_sr_reg_14/CK <<< (p,m) -     R     SDFFSRX4   pd_aon     65    -     0     0    9996  (5.8000,53.0100) 
#--------------------------------------------------------------------------------------------------------------------



Path 201: MET (9174 ps) Setup Check with Pin operand_a_i_sr_reg_11/CK->SI
           View: slow_0p9v_125c_cmax_scan_shift
          Group: clk_i
     Startpoint: (R) operand_a_i_sr_reg_17/CK
          Clock: (R) clk_i
       Endpoint: (R) operand_a_i_sr_reg_11/SI
          Clock: (R) clk_i

                     Capture       Launch     
        Clock Edge:+   10000            0     
       Src Latency:+       0            0     
       Net Latency:+       0 (I)        0 (I) 
           Arrival:=   10000            0     
                                              
             Setup:-     286                  
       Uncertainty:-     205                  
     Required Time:=    9508                  
      Launch Clock:-       0                  
         Data Path:-     334                  
             Slack:=    9174                  

Launch clock path:
#--------------------------------------------------------------------------------------------------------------------
#      Timing Point         Flags    Arc   Edge   Cell      Power  Fanout Load Trans Delay Arrival      Instance     
#                                                           Domain        (fF)  (ps)  (ps)   (ps)       Location     
#--------------------------------------------------------------------------------------------------------------------
  clk_i                    (i)       -     R     (arrival)  pd_aon     65  0.0     0     0      -4             (-,-) 
  operand_a_i_sr_reg_17/CK <<< (p,m) -     R     SDFFRHQX2  pd_aon     65    -     0     0      -4  (5.6000,66.6900) 
#--------------------------------------------------------------------------------------------------------------------

#-------------------------------------------------------------------------------------------------------------------
#      Timing Point        Flags   Arc   Edge    Cell      Power  Fanout Load Trans Delay Arrival      Instance     
#                                                          Domain        (fF)  (ps)  (ps)   (ps)       Location     
#-------------------------------------------------------------------------------------------------------------------
  operand_a_i_sr_reg_17/CK -       -     R     (arrival)   pd_aon     65    -     0     0       0             (-,-) 
  operand_a_i_sr_reg_17/Q  (@,p,m) CK->Q R     SDFFRHQX2   pd_aon      7  8.9   115   334     334  (5.6000,66.6900) 
  operand_a_i_sr_reg_11/SI (p,m)   -     R     SDFFSRHQX4  pd_aon      7    -     -     0     334  (5.2000,68.4000) 
#-------------------------------------------------------------------------------------------------------------------

(p) : Instance is preserved but may be resized
(@) : Annotated capacitance.
(m) : Attribute cell_delay_multiplier is modified for this library cell.

Capture clock path:
#---------------------------------------------------------------------------------------------------------------------
#      Timing Point         Flags    Arc   Edge    Cell      Power  Fanout Load Trans Delay Arrival      Instance     
#                                                            Domain        (fF)  (ps)  (ps)   (ps)       Location     
#---------------------------------------------------------------------------------------------------------------------
  clk_i                    (i)       -     R     (arrival)   pd_aon     65  0.0     0     0    9996             (-,-) 
  operand_a_i_sr_reg_11/CK <<< (p,m) -     R     SDFFSRHQX4  pd_aon     65    -     0     0    9996  (5.2000,68.4000) 
#---------------------------------------------------------------------------------------------------------------------



Path 202: MET (9180 ps) Setup Check with Pin operand_b_i_sr_reg_30/CK->SI
           View: slow_0p9v_125c_cmax_scan_shift
          Group: clk_i
     Startpoint: (R) operand_b_i_sr_reg_14/CK
          Clock: (R) clk_i
       Endpoint: (R) operand_b_i_sr_reg_30/SI
          Clock: (R) clk_i

                     Capture       Launch     
        Clock Edge:+   10000            0     
       Src Latency:+       0            0     
       Net Latency:+       0 (I)        0 (I) 
           Arrival:=   10000            0     
                                              
             Setup:-     238                  
       Uncertainty:-     205                  
     Required Time:=    9557                  
      Launch Clock:-       0                  
         Data Path:-     377                  
             Slack:=    9180                  

Launch clock path:
#--------------------------------------------------------------------------------------------------------------------
#      Timing Point         Flags    Arc   Edge   Cell      Power  Fanout Load Trans Delay Arrival      Instance     
#                                                           Domain        (fF)  (ps)  (ps)   (ps)       Location     
#--------------------------------------------------------------------------------------------------------------------
  clk_i                    (i)       -     R     (arrival)  pd_aon     65  0.0     0     0      -4             (-,-) 
  operand_b_i_sr_reg_14/CK <<< (p,m) -     R     SDFFSRX4   pd_aon     65    -     0     0      -4  (5.8000,53.0100) 
#--------------------------------------------------------------------------------------------------------------------

#--------------------------------------------------------------------------------------------------------------------
#      Timing Point        Flags    Arc   Edge    Cell      Power  Fanout Load Trans Delay Arrival      Instance     
#                                                           Domain        (fF)  (ps)  (ps)   (ps)       Location     
#--------------------------------------------------------------------------------------------------------------------
  operand_b_i_sr_reg_14/CK -       -      R     (arrival)   pd_aon     65    -     0     0       0             (-,-) 
  operand_b_i_sr_reg_14/QN (@,p,m) CK->QN R     SDFFSRX4    pd_aon      1  0.6    22   377     377  (5.8000,53.0100) 
  operand_b_i_sr_reg_30/SI (p,m)   -      R     SDFFSRHQX4  pd_aon      1    -     -     0     377  (5.4000,54.7200) 
#--------------------------------------------------------------------------------------------------------------------

(p) : Instance is preserved but may be resized
(@) : Annotated capacitance.
(m) : Attribute cell_delay_multiplier is modified for this library cell.

Capture clock path:
#---------------------------------------------------------------------------------------------------------------------
#      Timing Point         Flags    Arc   Edge    Cell      Power  Fanout Load Trans Delay Arrival      Instance     
#                                                            Domain        (fF)  (ps)  (ps)   (ps)       Location     
#---------------------------------------------------------------------------------------------------------------------
  clk_i                    (i)       -     R     (arrival)   pd_aon     65  0.0     0     0    9996             (-,-) 
  operand_b_i_sr_reg_30/CK <<< (p,m) -     R     SDFFSRHQX4  pd_aon     65    -     0     0    9996  (5.4000,54.7200) 
#---------------------------------------------------------------------------------------------------------------------



Path 203: MET (9180 ps) Setup Check with Pin operand_b_i_sr_reg_4/CK->SI
           View: slow_0p9v_125c_cmax_scan_shift
          Group: clk_i
     Startpoint: (R) operand_b_i_sr_reg_5/CK
          Clock: (R) clk_i
       Endpoint: (F) operand_b_i_sr_reg_4/SI
          Clock: (R) clk_i

                     Capture       Launch     
        Clock Edge:+   10000            0     
       Src Latency:+       0            0     
       Net Latency:+       0 (I)        0 (I) 
           Arrival:=   10000            0     
                                              
             Setup:-     274                  
       Uncertainty:-     205                  
     Required Time:=    9521                  
      Launch Clock:-       0                  
         Data Path:-     342                  
             Slack:=    9180                  

Launch clock path:
#---------------------------------------------------------------------------------------------------------------------
#      Timing Point        Flags    Arc   Edge    Cell      Power  Fanout Load Trans Delay Arrival      Instance      
#                                                           Domain        (fF)  (ps)  (ps)   (ps)       Location      
#---------------------------------------------------------------------------------------------------------------------
  clk_i                   (i)       -     R     (arrival)   pd_aon     65  0.0     0     0      -4              (-,-) 
  operand_b_i_sr_reg_5/CK <<< (p,m) -     R     SDFFSRHQX4  pd_aon     65    -     0     0      -4  (13.6000,27.3600) 
#---------------------------------------------------------------------------------------------------------------------

#-------------------------------------------------------------------------------------------------------------------
#      Timing Point       Flags   Arc   Edge    Cell      Power  Fanout Load Trans Delay Arrival      Instance      
#                                                         Domain        (fF)  (ps)  (ps)   (ps)       Location      
#-------------------------------------------------------------------------------------------------------------------
  operand_b_i_sr_reg_5/CK -       -     R     (arrival)   pd_aon     65    -     0     0       0              (-,-) 
  operand_b_i_sr_reg_5/Q  (@,p,m) CK->Q F     SDFFSRHQX4  pd_aon     17 15.1   114   342     342  (13.6000,27.3600) 
  operand_b_i_sr_reg_4/SI (p,m)   -     F     SDFFSRX2    pd_aon     17    -     -     0     342  (13.6000,25.6500) 
#-------------------------------------------------------------------------------------------------------------------

(p) : Instance is preserved but may be resized
(@) : Annotated capacitance.
(m) : Attribute cell_delay_multiplier is modified for this library cell.

Capture clock path:
#--------------------------------------------------------------------------------------------------------------------
#      Timing Point        Flags    Arc   Edge   Cell      Power  Fanout Load Trans Delay Arrival      Instance      
#                                                          Domain        (fF)  (ps)  (ps)   (ps)       Location      
#--------------------------------------------------------------------------------------------------------------------
  clk_i                   (i)       -     R     (arrival)  pd_aon     65  0.0     0     0    9996              (-,-) 
  operand_b_i_sr_reg_4/CK <<< (p,m) -     R     SDFFSRX2   pd_aon     65    -     0     0    9996  (13.6000,25.6500) 
#--------------------------------------------------------------------------------------------------------------------



Path 204: MET (9182 ps) Setup Check with Pin operand_a_i_sr_reg_4/CK->SI
           View: slow_0p9v_125c_cmax_scan_shift
          Group: clk_i
     Startpoint: (R) operand_a_i_sr_reg_8/CK
          Clock: (R) clk_i
       Endpoint: (F) operand_a_i_sr_reg_4/SI
          Clock: (R) clk_i

                     Capture       Launch     
        Clock Edge:+   10000            0     
       Src Latency:+       0            0     
       Net Latency:+       0 (I)        0 (I) 
           Arrival:=   10000            0     
                                              
             Setup:-     267                  
       Uncertainty:-     205                  
     Required Time:=    9528                  
      Launch Clock:-       0                  
         Data Path:-     346                  
             Slack:=    9182                  

Launch clock path:
#---------------------------------------------------------------------------------------------------------------------
#      Timing Point        Flags    Arc   Edge    Cell      Power  Fanout Load Trans Delay Arrival      Instance      
#                                                           Domain        (fF)  (ps)  (ps)   (ps)       Location      
#---------------------------------------------------------------------------------------------------------------------
  clk_i                   (i)       -     R     (arrival)   pd_aon     65  0.0     0     0      -4              (-,-) 
  operand_a_i_sr_reg_8/CK <<< (p,m) -     R     SDFFSRHQX2  pd_aon     65    -     0     0      -4  (14.6000,59.8500) 
#---------------------------------------------------------------------------------------------------------------------

#-------------------------------------------------------------------------------------------------------------------
#      Timing Point       Flags   Arc   Edge    Cell      Power  Fanout Load Trans Delay Arrival      Instance      
#                                                         Domain        (fF)  (ps)  (ps)   (ps)       Location      
#-------------------------------------------------------------------------------------------------------------------
  operand_a_i_sr_reg_8/CK -       -     R     (arrival)   pd_aon     65    -     0     0       0              (-,-) 
  operand_a_i_sr_reg_8/Q  (@,p,m) CK->Q F     SDFFSRHQX2  pd_aon     10 11.8   164   346     346  (14.6000,59.8500) 
  operand_a_i_sr_reg_4/SI (p,m)   -     F     SDFFSRHQX2  pd_aon     10    -     -     0     346  (14.4000,58.1400) 
#-------------------------------------------------------------------------------------------------------------------

(p) : Instance is preserved but may be resized
(@) : Annotated capacitance.
(m) : Attribute cell_delay_multiplier is modified for this library cell.

Capture clock path:
#---------------------------------------------------------------------------------------------------------------------
#      Timing Point        Flags    Arc   Edge    Cell      Power  Fanout Load Trans Delay Arrival      Instance      
#                                                           Domain        (fF)  (ps)  (ps)   (ps)       Location      
#---------------------------------------------------------------------------------------------------------------------
  clk_i                   (i)       -     R     (arrival)   pd_aon     65  0.0     0     0    9996              (-,-) 
  operand_a_i_sr_reg_4/CK <<< (p,m) -     R     SDFFSRHQX2  pd_aon     65    -     0     0    9996  (14.4000,58.1400) 
#---------------------------------------------------------------------------------------------------------------------



Path 205: MET (9192 ps) Setup Check with Pin operand_b_i_sr_reg_20/CK->SI
           View: slow_0p9v_125c_cmax_scan_shift
          Group: clk_i
     Startpoint: (R) operand_b_i_sr_reg_23/CK
          Clock: (R) clk_i
       Endpoint: (F) operand_b_i_sr_reg_20/SI
          Clock: (R) clk_i

                     Capture       Launch     
        Clock Edge:+   10000            0     
       Src Latency:+       0            0     
       Net Latency:+       0 (I)        0 (I) 
           Arrival:=   10000            0     
                                              
             Setup:-     262                  
       Uncertainty:-     205                  
     Required Time:=    9533                  
      Launch Clock:-       0                  
         Data Path:-     340                  
             Slack:=    9192                  

Launch clock path:
#---------------------------------------------------------------------------------------------------------------------
#      Timing Point         Flags    Arc   Edge    Cell      Power  Fanout Load Trans Delay Arrival      Instance     
#                                                            Domain        (fF)  (ps)  (ps)   (ps)       Location     
#---------------------------------------------------------------------------------------------------------------------
  clk_i                    (i)       -     R     (arrival)   pd_aon     65  0.0     0     0      -4             (-,-) 
  operand_b_i_sr_reg_23/CK <<< (p,m) -     R     SDFFSRHQX2  pd_aon     65    -     0     0      -4  (5.0000,30.7800) 
#---------------------------------------------------------------------------------------------------------------------

#-------------------------------------------------------------------------------------------------------------------
#      Timing Point        Flags   Arc   Edge    Cell      Power  Fanout Load Trans Delay Arrival      Instance     
#                                                          Domain        (fF)  (ps)  (ps)   (ps)       Location     
#-------------------------------------------------------------------------------------------------------------------
  operand_b_i_sr_reg_23/CK -       -     R     (arrival)   pd_aon     65    -     0     0       0             (-,-) 
  operand_b_i_sr_reg_23/Q  (@,p,m) CK->Q F     SDFFSRHQX2  pd_aon     12 11.0   154   340     340  (5.0000,30.7800) 
  operand_b_i_sr_reg_20/SI (p,m)   -     F     SDFFSRHQX2  pd_aon     12    -     -     0     340  (5.4000,32.4900) 
#-------------------------------------------------------------------------------------------------------------------

(p) : Instance is preserved but may be resized
(@) : Annotated capacitance.
(m) : Attribute cell_delay_multiplier is modified for this library cell.

Capture clock path:
#---------------------------------------------------------------------------------------------------------------------
#      Timing Point         Flags    Arc   Edge    Cell      Power  Fanout Load Trans Delay Arrival      Instance     
#                                                            Domain        (fF)  (ps)  (ps)   (ps)       Location     
#---------------------------------------------------------------------------------------------------------------------
  clk_i                    (i)       -     R     (arrival)   pd_aon     65  0.0     0     0    9996             (-,-) 
  operand_b_i_sr_reg_20/CK <<< (p,m) -     R     SDFFSRHQX2  pd_aon     65    -     0     0    9996  (5.4000,32.4900) 
#---------------------------------------------------------------------------------------------------------------------



Path 206: MET (9199 ps) Setup Check with Pin operand_a_i_sr_reg_29/CK->SI
           View: slow_0p9v_125c_cmax_scan_shift
          Group: clk_i
     Startpoint: (R) operand_a_i_sr_reg_23/CK
          Clock: (R) clk_i
       Endpoint: (F) operand_a_i_sr_reg_29/SI
          Clock: (R) clk_i

                     Capture       Launch     
        Clock Edge:+   10000            0     
       Src Latency:+       0            0     
       Net Latency:+       0 (I)        0 (I) 
           Arrival:=   10000            0     
                                              
             Setup:-     261                  
       Uncertainty:-     205                  
     Required Time:=    9534                  
      Launch Clock:-       0                  
         Data Path:-     335                  
             Slack:=    9199                  

Launch clock path:
#---------------------------------------------------------------------------------------------------------------------
#      Timing Point         Flags    Arc   Edge    Cell      Power  Fanout Load Trans Delay Arrival      Instance     
#                                                            Domain        (fF)  (ps)  (ps)   (ps)       Location     
#---------------------------------------------------------------------------------------------------------------------
  clk_i                    (i)       -     R     (arrival)   pd_aon     65  0.0     0     0      -4             (-,-) 
  operand_a_i_sr_reg_23/CK <<< (p,m) -     R     SDFFSRHQX2  pd_aon     65    -     0     0      -4  (5.4000,82.0800) 
#---------------------------------------------------------------------------------------------------------------------

#-------------------------------------------------------------------------------------------------------------------
#      Timing Point        Flags   Arc   Edge    Cell      Power  Fanout Load Trans Delay Arrival      Instance     
#                                                          Domain        (fF)  (ps)  (ps)   (ps)       Location     
#-------------------------------------------------------------------------------------------------------------------
  operand_a_i_sr_reg_23/CK -       -     R     (arrival)   pd_aon     65    -     0     0       0             (-,-) 
  operand_a_i_sr_reg_23/Q  (@,p,m) CK->Q F     SDFFSRHQX2  pd_aon     11 10.4   145   335     335  (5.4000,82.0800) 
  operand_a_i_sr_reg_29/SI (p,m)   -     F     SDFFSRHQX4  pd_aon     11    -     -     0     335  (5.2000,95.7600) 
#-------------------------------------------------------------------------------------------------------------------

(p) : Instance is preserved but may be resized
(@) : Annotated capacitance.
(m) : Attribute cell_delay_multiplier is modified for this library cell.

Capture clock path:
#---------------------------------------------------------------------------------------------------------------------
#      Timing Point         Flags    Arc   Edge    Cell      Power  Fanout Load Trans Delay Arrival      Instance     
#                                                            Domain        (fF)  (ps)  (ps)   (ps)       Location     
#---------------------------------------------------------------------------------------------------------------------
  clk_i                    (i)       -     R     (arrival)   pd_aon     65  0.0     0     0    9996             (-,-) 
  operand_a_i_sr_reg_29/CK <<< (p,m) -     R     SDFFSRHQX4  pd_aon     65    -     0     0    9996  (5.2000,95.7600) 
#---------------------------------------------------------------------------------------------------------------------



Path 207: MET (9200 ps) Setup Check with Pin operand_b_i_sr_reg_24/CK->SI
           View: slow_0p9v_125c_cmax_scan_shift
          Group: clk_i
     Startpoint: (R) operand_b_i_sr_reg_22/CK
          Clock: (R) clk_i
       Endpoint: (F) operand_b_i_sr_reg_24/SI
          Clock: (R) clk_i

                     Capture       Launch     
        Clock Edge:+   10000            0     
       Src Latency:+       0            0     
       Net Latency:+       0 (I)        0 (I) 
           Arrival:=   10000            0     
                                              
             Setup:-     248                  
       Uncertainty:-     205                  
     Required Time:=    9547                  
      Launch Clock:-       0                  
         Data Path:-     347                  
             Slack:=    9200                  

Launch clock path:
#---------------------------------------------------------------------------------------------------------------------
#      Timing Point         Flags    Arc   Edge    Cell      Power  Fanout Load Trans Delay Arrival      Instance     
#                                                            Domain        (fF)  (ps)  (ps)   (ps)       Location     
#---------------------------------------------------------------------------------------------------------------------
  clk_i                    (i)       -     R     (arrival)   pd_aon     65  0.0     0     0      -4             (-,-) 
  operand_b_i_sr_reg_22/CK <<< (p,m) -     R     SDFFSRHQX4  pd_aon     65    -     0     0      -4  (5.4000,42.7500) 
#---------------------------------------------------------------------------------------------------------------------

#-------------------------------------------------------------------------------------------------------------------
#      Timing Point        Flags   Arc   Edge    Cell      Power  Fanout Load Trans Delay Arrival      Instance     
#                                                          Domain        (fF)  (ps)  (ps)   (ps)       Location     
#-------------------------------------------------------------------------------------------------------------------
  operand_b_i_sr_reg_22/CK -       -     R     (arrival)   pd_aon     65    -     0     0       0             (-,-) 
  operand_b_i_sr_reg_22/Q  (@,p,m) CK->Q F     SDFFSRHQX4  pd_aon     17 16.4   123   347     347  (5.4000,42.7500) 
  operand_b_i_sr_reg_24/SI (p,m)   -     F     SDFFSRHQX2  pd_aon     17    -     -     0     347  (5.2000,44.4600) 
#-------------------------------------------------------------------------------------------------------------------

(p) : Instance is preserved but may be resized
(@) : Annotated capacitance.
(m) : Attribute cell_delay_multiplier is modified for this library cell.

Capture clock path:
#---------------------------------------------------------------------------------------------------------------------
#      Timing Point         Flags    Arc   Edge    Cell      Power  Fanout Load Trans Delay Arrival      Instance     
#                                                            Domain        (fF)  (ps)  (ps)   (ps)       Location     
#---------------------------------------------------------------------------------------------------------------------
  clk_i                    (i)       -     R     (arrival)   pd_aon     65  0.0     0     0    9996             (-,-) 
  operand_b_i_sr_reg_24/CK <<< (p,m) -     R     SDFFSRHQX2  pd_aon     65    -     0     0    9996  (5.2000,44.4600) 
#---------------------------------------------------------------------------------------------------------------------



Path 208: MET (9202 ps) Setup Check with Pin operand_b_i_sr_reg_12/CK->SI
           View: slow_0p9v_125c_cmax_scan_shift
          Group: clk_i
     Startpoint: (R) operand_a_i_sr_reg_0/CK
          Clock: (R) clk_i
       Endpoint: (R) operand_b_i_sr_reg_12/SI
          Clock: (R) clk_i

                     Capture       Launch     
        Clock Edge:+   10000            0     
       Src Latency:+       0            0     
       Net Latency:+       0 (I)        0 (I) 
           Arrival:=   10000            0     
                                              
             Setup:-     311                  
       Uncertainty:-     205                  
     Required Time:=    9484                  
      Launch Clock:-       0                  
         Data Path:-     282                  
             Slack:=    9202                  

Launch clock path:
#---------------------------------------------------------------------------------------------------------------------
#      Timing Point        Flags    Arc   Edge    Cell      Power  Fanout Load Trans Delay Arrival      Instance      
#                                                           Domain        (fF)  (ps)  (ps)   (ps)       Location      
#---------------------------------------------------------------------------------------------------------------------
  clk_i                   (i)       -     R     (arrival)   pd_aon     65  0.0     0     0      -4              (-,-) 
  operand_a_i_sr_reg_0/CK <<< (p,m) -     R     SDFFSRHQX2  pd_aon     65    -     0     0      -4  (15.8000,46.1700) 
#---------------------------------------------------------------------------------------------------------------------

#--------------------------------------------------------------------------------------------------------------------
#      Timing Point        Flags   Arc   Edge    Cell      Power  Fanout Load Trans Delay Arrival      Instance      
#                                                          Domain        (fF)  (ps)  (ps)   (ps)       Location      
#--------------------------------------------------------------------------------------------------------------------
  operand_a_i_sr_reg_0/CK  -       -     R     (arrival)   pd_aon     65    -     0     0       0              (-,-) 
  operand_a_i_sr_reg_0/Q   (@,p,m) CK->Q R     SDFFSRHQX2  pd_aon      6  8.4   101   282     282  (15.8000,46.1700) 
  operand_b_i_sr_reg_12/SI (p,m)   -     R     SDFFSRX1    pd_aon      6    -     -     0     282  (15.8000,44.4600) 
#--------------------------------------------------------------------------------------------------------------------

(p) : Instance is preserved but may be resized
(@) : Annotated capacitance.
(m) : Attribute cell_delay_multiplier is modified for this library cell.

Capture clock path:
#---------------------------------------------------------------------------------------------------------------------
#      Timing Point         Flags    Arc   Edge   Cell      Power  Fanout Load Trans Delay Arrival      Instance      
#                                                           Domain        (fF)  (ps)  (ps)   (ps)       Location      
#---------------------------------------------------------------------------------------------------------------------
  clk_i                    (i)       -     R     (arrival)  pd_aon     65  0.0     0     0    9996              (-,-) 
  operand_b_i_sr_reg_12/CK <<< (p,m) -     R     SDFFSRX1   pd_aon     65    -     0     0    9996  (15.8000,44.4600) 
#---------------------------------------------------------------------------------------------------------------------



Path 209: MET (9203 ps) Setup Check with Pin operand_b_i_sr_reg_31/CK->SI
           View: slow_0p9v_125c_cmax_scan_shift
          Group: clk_i
     Startpoint: (R) operand_a_i_sr_reg_24/CK
          Clock: (R) clk_i
       Endpoint: (F) operand_b_i_sr_reg_31/SI
          Clock: (R) clk_i

                     Capture       Launch     
        Clock Edge:+   10000            0     
       Src Latency:+       0            0     
       Net Latency:+       0 (I)        0 (I) 
           Arrival:=   10000            0     
                                              
             Setup:-     258                  
       Uncertainty:-     205                  
     Required Time:=    9538                  
      Launch Clock:-       0                  
         Data Path:-     334                  
             Slack:=    9203                  

Launch clock path:
#---------------------------------------------------------------------------------------------------------------------
#      Timing Point         Flags    Arc   Edge    Cell      Power  Fanout Load Trans Delay Arrival      Instance     
#                                                            Domain        (fF)  (ps)  (ps)   (ps)       Location     
#---------------------------------------------------------------------------------------------------------------------
  clk_i                    (i)       -     R     (arrival)   pd_aon     65  0.0     0     0      -4             (-,-) 
  operand_a_i_sr_reg_24/CK <<< (p,m) -     R     SDFFSRHQX2  pd_aon     65    -     0     0      -4  (5.2000,73.5300) 
#---------------------------------------------------------------------------------------------------------------------

#-------------------------------------------------------------------------------------------------------------------
#      Timing Point        Flags   Arc   Edge    Cell      Power  Fanout Load Trans Delay Arrival      Instance     
#                                                          Domain        (fF)  (ps)  (ps)   (ps)       Location     
#-------------------------------------------------------------------------------------------------------------------
  operand_a_i_sr_reg_24/CK -       -     R     (arrival)   pd_aon     65    -     0     0       0             (-,-) 
  operand_a_i_sr_reg_24/Q  (@,p,m) CK->Q F     SDFFSRHQX2  pd_aon     10 10.2   144   334     334  (5.2000,73.5300) 
  operand_b_i_sr_reg_31/SI (p,m)   -     F     SDFFSRHQX2  pd_aon     10    -     -     0     334  (5.0000,75.2400) 
#-------------------------------------------------------------------------------------------------------------------

(p) : Instance is preserved but may be resized
(@) : Annotated capacitance.
(m) : Attribute cell_delay_multiplier is modified for this library cell.

Capture clock path:
#---------------------------------------------------------------------------------------------------------------------
#      Timing Point         Flags    Arc   Edge    Cell      Power  Fanout Load Trans Delay Arrival      Instance     
#                                                            Domain        (fF)  (ps)  (ps)   (ps)       Location     
#---------------------------------------------------------------------------------------------------------------------
  clk_i                    (i)       -     R     (arrival)   pd_aon     65  0.0     0     0    9996             (-,-) 
  operand_b_i_sr_reg_31/CK <<< (p,m) -     R     SDFFSRHQX2  pd_aon     65    -     0     0    9996  (5.0000,75.2400) 
#---------------------------------------------------------------------------------------------------------------------



Path 210: MET (9204 ps) Setup Check with Pin operand_a_i_sr_reg_31/CK->SI
           View: slow_0p9v_125c_cmax_scan_shift
          Group: clk_i
     Startpoint: (R) operand_a_i_sr_reg_27/CK
          Clock: (R) clk_i
       Endpoint: (F) operand_a_i_sr_reg_31/SI
          Clock: (R) clk_i

                     Capture       Launch     
        Clock Edge:+   10000            0     
       Src Latency:+       0            0     
       Net Latency:+       0 (I)        0 (I) 
           Arrival:=   10000            0     
                                              
             Setup:-     227                  
       Uncertainty:-     205                  
     Required Time:=    9568                  
      Launch Clock:-       0                  
         Data Path:-     364                  
             Slack:=    9204                  

Launch clock path:
#---------------------------------------------------------------------------------------------------------------------
#      Timing Point         Flags    Arc   Edge    Cell      Power  Fanout Load Trans Delay Arrival      Instance     
#                                                            Domain        (fF)  (ps)  (ps)   (ps)       Location     
#---------------------------------------------------------------------------------------------------------------------
  clk_i                    (i)       -     R     (arrival)   pd_aon     65  0.0     0     0      -4             (-,-) 
  operand_a_i_sr_reg_27/CK <<< (p,m) -     R     SDFFSRHQX1  pd_aon     65    -     0     0      -4  (4.8000,90.6300) 
#---------------------------------------------------------------------------------------------------------------------

#------------------------------------------------------------------------------------------------------------------------
#         Timing Point          Flags   Arc   Edge    Cell      Power  Fanout Load Trans Delay Arrival      Instance     
#                                                               Domain        (fF)  (ps)  (ps)   (ps)       Location     
#------------------------------------------------------------------------------------------------------------------------
  operand_a_i_sr_reg_27/CK      -       -     R     (arrival)   pd_aon     65    -     0     0       0             (-,-) 
  operand_a_i_sr_reg_27/Q       (@,p,m) CK->Q F     SDFFSRHQX1  pd_aon      1  0.8    33   254     254  (4.8000,90.6300) 
  FE_OFC143_operand_a_i_sr_27/Y (@,m)   A->Y  F     BUFX6       pd_aon     13 13.6    78   110     364  (5.2000,90.6300) 
  operand_a_i_sr_reg_31/SI      (p,m)   -     F     SDFFSRHQX2  pd_aon     13    -     -     0     364  (4.8000,88.9200) 
#------------------------------------------------------------------------------------------------------------------------

(p) : Instance is preserved but may be resized
(@) : Annotated capacitance.
(m) : Attribute cell_delay_multiplier is modified for this library cell.

Capture clock path:
#---------------------------------------------------------------------------------------------------------------------
#      Timing Point         Flags    Arc   Edge    Cell      Power  Fanout Load Trans Delay Arrival      Instance     
#                                                            Domain        (fF)  (ps)  (ps)   (ps)       Location     
#---------------------------------------------------------------------------------------------------------------------
  clk_i                    (i)       -     R     (arrival)   pd_aon     65  0.0     0     0    9996             (-,-) 
  operand_a_i_sr_reg_31/CK <<< (p,m) -     R     SDFFSRHQX2  pd_aon     65    -     0     0    9996  (4.8000,88.9200) 
#---------------------------------------------------------------------------------------------------------------------



Path 211: MET (9206 ps) Setup Check with Pin operand_b_i_sr_reg_1/CK->SI
           View: slow_0p9v_125c_cmax_scan_shift
          Group: clk_i
     Startpoint: (R) operand_b_i_sr_reg_0/CK
          Clock: (R) clk_i
       Endpoint: (F) operand_b_i_sr_reg_1/SI
          Clock: (R) clk_i

                     Capture       Launch     
        Clock Edge:+   10000            0     
       Src Latency:+       0            0     
       Net Latency:+       0 (I)        0 (I) 
           Arrival:=   10000            0     
                                              
             Setup:-     256                  
       Uncertainty:-     205                  
     Required Time:=    9538                  
      Launch Clock:-       0                  
         Data Path:-     333                  
             Slack:=    9206                  

Launch clock path:
#--------------------------------------------------------------------------------------------------------------------
#      Timing Point        Flags    Arc   Edge    Cell      Power  Fanout Load Trans Delay Arrival      Instance     
#                                                           Domain        (fF)  (ps)  (ps)   (ps)       Location     
#--------------------------------------------------------------------------------------------------------------------
  clk_i                   (i)       -     R     (arrival)   pd_aon     65  0.0     0     0      -4             (-,-) 
  operand_b_i_sr_reg_0/CK <<< (p,m) -     R     SDFFSRHQX2  pd_aon     65    -     0     0      -4  (5.2000,17.1000) 
#--------------------------------------------------------------------------------------------------------------------

#------------------------------------------------------------------------------------------------------------------
#      Timing Point       Flags   Arc   Edge    Cell      Power  Fanout Load Trans Delay Arrival      Instance     
#                                                         Domain        (fF)  (ps)  (ps)   (ps)       Location     
#------------------------------------------------------------------------------------------------------------------
  operand_b_i_sr_reg_0/CK -       -     R     (arrival)   pd_aon     65    -     0     0       0             (-,-) 
  operand_b_i_sr_reg_0/Q  (@,p,m) CK->Q F     SDFFSRHQX2  pd_aon     10  9.9   142   333     333  (5.2000,17.1000) 
  operand_b_i_sr_reg_1/SI (p,m)   -     F     SDFFSRHQX2  pd_aon     10    -     -     0     333  (5.2000,18.8100) 
#------------------------------------------------------------------------------------------------------------------

(p) : Instance is preserved but may be resized
(@) : Annotated capacitance.
(m) : Attribute cell_delay_multiplier is modified for this library cell.

Capture clock path:
#--------------------------------------------------------------------------------------------------------------------
#      Timing Point        Flags    Arc   Edge    Cell      Power  Fanout Load Trans Delay Arrival      Instance     
#                                                           Domain        (fF)  (ps)  (ps)   (ps)       Location     
#--------------------------------------------------------------------------------------------------------------------
  clk_i                   (i)       -     R     (arrival)   pd_aon     65  0.0     0     0    9996             (-,-) 
  operand_b_i_sr_reg_1/CK <<< (p,m) -     R     SDFFSRHQX2  pd_aon     65    -     0     0    9996  (5.2000,18.8100) 
#--------------------------------------------------------------------------------------------------------------------



Path 212: MET (9206 ps) Setup Check with Pin operand_b_i_sr_reg_25/CK->SI
           View: slow_0p9v_125c_cmax_scan_shift
          Group: clk_i
     Startpoint: (R) operand_b_i_sr_reg_24/CK
          Clock: (R) clk_i
       Endpoint: (F) operand_b_i_sr_reg_25/SI
          Clock: (R) clk_i

                     Capture       Launch     
        Clock Edge:+   10000            0     
       Src Latency:+       0            0     
       Net Latency:+       0 (I)        0 (I) 
           Arrival:=   10000            0     
                                              
             Setup:-     256                  
       Uncertainty:-     205                  
     Required Time:=    9539                  
      Launch Clock:-       0                  
         Data Path:-     333                  
             Slack:=    9206                  

Launch clock path:
#---------------------------------------------------------------------------------------------------------------------
#      Timing Point         Flags    Arc   Edge    Cell      Power  Fanout Load Trans Delay Arrival      Instance     
#                                                            Domain        (fF)  (ps)  (ps)   (ps)       Location     
#---------------------------------------------------------------------------------------------------------------------
  clk_i                    (i)       -     R     (arrival)   pd_aon     65  0.0     0     0      -4             (-,-) 
  operand_b_i_sr_reg_24/CK <<< (p,m) -     R     SDFFSRHQX2  pd_aon     65    -     0     0      -4  (5.2000,44.4600) 
#---------------------------------------------------------------------------------------------------------------------

#-------------------------------------------------------------------------------------------------------------------
#      Timing Point        Flags   Arc   Edge    Cell      Power  Fanout Load Trans Delay Arrival      Instance     
#                                                          Domain        (fF)  (ps)  (ps)   (ps)       Location     
#-------------------------------------------------------------------------------------------------------------------
  operand_b_i_sr_reg_24/CK -       -     R     (arrival)   pd_aon     65    -     0     0       0             (-,-) 
  operand_b_i_sr_reg_24/Q  (@,p,m) CK->Q F     SDFFSRHQX2  pd_aon     10 10.0   142   332     332  (5.2000,44.4600) 
  operand_b_i_sr_reg_25/SI (p,m)   -     F     SDFFSRHQX2  pd_aon     10    -     -     0     333  (5.2000,47.8800) 
#-------------------------------------------------------------------------------------------------------------------

(p) : Instance is preserved but may be resized
(@) : Annotated capacitance.
(m) : Attribute cell_delay_multiplier is modified for this library cell.

Capture clock path:
#---------------------------------------------------------------------------------------------------------------------
#      Timing Point         Flags    Arc   Edge    Cell      Power  Fanout Load Trans Delay Arrival      Instance     
#                                                            Domain        (fF)  (ps)  (ps)   (ps)       Location     
#---------------------------------------------------------------------------------------------------------------------
  clk_i                    (i)       -     R     (arrival)   pd_aon     65  0.0     0     0    9996             (-,-) 
  operand_b_i_sr_reg_25/CK <<< (p,m) -     R     SDFFSRHQX2  pd_aon     65    -     0     0    9996  (5.2000,47.8800) 
#---------------------------------------------------------------------------------------------------------------------



Path 213: MET (9206 ps) Setup Check with Pin operand_b_i_sr_reg_17/CK->SI
           View: slow_0p9v_125c_cmax_scan_shift
          Group: clk_i
     Startpoint: (R) operand_b_i_sr_reg_8/CK
          Clock: (R) clk_i
       Endpoint: (F) operand_b_i_sr_reg_17/SI
          Clock: (R) clk_i

                     Capture       Launch     
        Clock Edge:+   10000            0     
       Src Latency:+       0            0     
       Net Latency:+       0 (I)        0 (I) 
           Arrival:=   10000            0     
                                              
             Setup:-     256                  
       Uncertainty:-     205                  
     Required Time:=    9539                  
      Launch Clock:-       0                  
         Data Path:-     333                  
             Slack:=    9206                  

Launch clock path:
#---------------------------------------------------------------------------------------------------------------------
#      Timing Point        Flags    Arc   Edge    Cell      Power  Fanout Load Trans Delay Arrival      Instance      
#                                                           Domain        (fF)  (ps)  (ps)   (ps)       Location      
#---------------------------------------------------------------------------------------------------------------------
  clk_i                   (i)       -     R     (arrival)   pd_aon     65  0.0     0     0      -4              (-,-) 
  operand_b_i_sr_reg_8/CK <<< (p,m) -     R     SDFFSRHQX2  pd_aon     65    -     0     0      -4  (15.2000,35.9100) 
#---------------------------------------------------------------------------------------------------------------------

#--------------------------------------------------------------------------------------------------------------------
#      Timing Point        Flags   Arc   Edge    Cell      Power  Fanout Load Trans Delay Arrival      Instance      
#                                                          Domain        (fF)  (ps)  (ps)   (ps)       Location      
#--------------------------------------------------------------------------------------------------------------------
  operand_b_i_sr_reg_8/CK  -       -     R     (arrival)   pd_aon     65    -     0     0       0              (-,-) 
  operand_b_i_sr_reg_8/Q   (@,p,m) CK->Q F     SDFFSRHQX2  pd_aon     10  9.9   141   332     332  (15.2000,35.9100) 
  operand_b_i_sr_reg_17/SI (p,m)   -     F     SDFFSRHQX2  pd_aon     10    -     -     0     333  (14.8000,34.2000) 
#--------------------------------------------------------------------------------------------------------------------

(p) : Instance is preserved but may be resized
(@) : Annotated capacitance.
(m) : Attribute cell_delay_multiplier is modified for this library cell.

Capture clock path:
#----------------------------------------------------------------------------------------------------------------------
#      Timing Point         Flags    Arc   Edge    Cell      Power  Fanout Load Trans Delay Arrival      Instance      
#                                                            Domain        (fF)  (ps)  (ps)   (ps)       Location      
#----------------------------------------------------------------------------------------------------------------------
  clk_i                    (i)       -     R     (arrival)   pd_aon     65  0.0     0     0    9996              (-,-) 
  operand_b_i_sr_reg_17/CK <<< (p,m) -     R     SDFFSRHQX2  pd_aon     65    -     0     0    9996  (14.8000,34.2000) 
#----------------------------------------------------------------------------------------------------------------------



Path 214: MET (9206 ps) Setup Check with Pin operand_b_i_sr_reg_3/CK->SI
           View: slow_0p9v_125c_cmax_scan_shift
          Group: clk_i
     Startpoint: (R) operand_b_i_sr_reg_2/CK
          Clock: (R) clk_i
       Endpoint: (F) operand_b_i_sr_reg_3/SI
          Clock: (R) clk_i

                     Capture       Launch     
        Clock Edge:+   10000            0     
       Src Latency:+       0            0     
       Net Latency:+       0 (I)        0 (I) 
           Arrival:=   10000            0     
                                              
             Setup:-     257                  
       Uncertainty:-     205                  
     Required Time:=    9538                  
      Launch Clock:-       0                  
         Data Path:-     331                  
             Slack:=    9206                  

Launch clock path:
#--------------------------------------------------------------------------------------------------------------------
#      Timing Point        Flags    Arc   Edge    Cell      Power  Fanout Load Trans Delay Arrival      Instance     
#                                                           Domain        (fF)  (ps)  (ps)   (ps)       Location     
#--------------------------------------------------------------------------------------------------------------------
  clk_i                   (i)       -     R     (arrival)   pd_aon     65  0.0     0     0      -4             (-,-) 
  operand_b_i_sr_reg_2/CK <<< (p,m) -     R     SDFFSRHQX2  pd_aon     65    -     0     0      -4  (5.2000,20.5200) 
#--------------------------------------------------------------------------------------------------------------------

#------------------------------------------------------------------------------------------------------------------
#      Timing Point       Flags   Arc   Edge    Cell      Power  Fanout Load Trans Delay Arrival      Instance     
#                                                         Domain        (fF)  (ps)  (ps)   (ps)       Location     
#------------------------------------------------------------------------------------------------------------------
  operand_b_i_sr_reg_2/CK -       -     R     (arrival)   pd_aon     65    -     0     0       0             (-,-) 
  operand_b_i_sr_reg_2/Q  (@,p,m) CK->Q F     SDFFSRHQX2  pd_aon      7  9.6   139   331     331  (5.2000,20.5200) 
  operand_b_i_sr_reg_3/SI (p,m)   -     F     SDFFSRHQX4  pd_aon      7    -     -     0     331  (5.0000,22.2300) 
#------------------------------------------------------------------------------------------------------------------

(p) : Instance is preserved but may be resized
(@) : Annotated capacitance.
(m) : Attribute cell_delay_multiplier is modified for this library cell.

Capture clock path:
#--------------------------------------------------------------------------------------------------------------------
#      Timing Point        Flags    Arc   Edge    Cell      Power  Fanout Load Trans Delay Arrival      Instance     
#                                                           Domain        (fF)  (ps)  (ps)   (ps)       Location     
#--------------------------------------------------------------------------------------------------------------------
  clk_i                   (i)       -     R     (arrival)   pd_aon     65  0.0     0     0    9996             (-,-) 
  operand_b_i_sr_reg_3/CK <<< (p,m) -     R     SDFFSRHQX4  pd_aon     65    -     0     0    9996  (5.0000,22.2300) 
#--------------------------------------------------------------------------------------------------------------------



Path 215: MET (9207 ps) Setup Check with Pin operand_a_i_sr_reg_23/CK->SI
           View: slow_0p9v_125c_cmax_scan_shift
          Group: clk_i
     Startpoint: (R) operand_a_i_sr_reg_15/CK
          Clock: (R) clk_i
       Endpoint: (F) operand_a_i_sr_reg_23/SI
          Clock: (R) clk_i

                     Capture       Launch     
        Clock Edge:+   10000            0     
       Src Latency:+       0            0     
       Net Latency:+       0 (I)        0 (I) 
           Arrival:=   10000            0     
                                              
             Setup:-     245                  
       Uncertainty:-     205                  
     Required Time:=    9550                  
      Launch Clock:-       0                  
         Data Path:-     343                  
             Slack:=    9207                  

Launch clock path:
#---------------------------------------------------------------------------------------------------------------------
#      Timing Point         Flags    Arc   Edge    Cell      Power  Fanout Load Trans Delay Arrival      Instance     
#                                                            Domain        (fF)  (ps)  (ps)   (ps)       Location     
#---------------------------------------------------------------------------------------------------------------------
  clk_i                    (i)       -     R     (arrival)   pd_aon     65  0.0     0     0      -4             (-,-) 
  operand_a_i_sr_reg_15/CK <<< (p,m) -     R     SDFFSRHQX4  pd_aon     65    -     0     0      -4  (5.2000,80.3700) 
#---------------------------------------------------------------------------------------------------------------------

#-------------------------------------------------------------------------------------------------------------------
#      Timing Point        Flags   Arc   Edge    Cell      Power  Fanout Load Trans Delay Arrival      Instance     
#                                                          Domain        (fF)  (ps)  (ps)   (ps)       Location     
#-------------------------------------------------------------------------------------------------------------------
  operand_a_i_sr_reg_15/CK -       -     R     (arrival)   pd_aon     65    -     0     0       0             (-,-) 
  operand_a_i_sr_reg_15/Q  (@,p,m) CK->Q F     SDFFSRHQX4  pd_aon     14 15.2   117   343     343  (5.2000,80.3700) 
  operand_a_i_sr_reg_23/SI (p,m)   -     F     SDFFSRHQX2  pd_aon     14    -     -     0     343  (5.4000,82.0800) 
#-------------------------------------------------------------------------------------------------------------------

(p) : Instance is preserved but may be resized
(@) : Annotated capacitance.
(m) : Attribute cell_delay_multiplier is modified for this library cell.

Capture clock path:
#---------------------------------------------------------------------------------------------------------------------
#      Timing Point         Flags    Arc   Edge    Cell      Power  Fanout Load Trans Delay Arrival      Instance     
#                                                            Domain        (fF)  (ps)  (ps)   (ps)       Location     
#---------------------------------------------------------------------------------------------------------------------
  clk_i                    (i)       -     R     (arrival)   pd_aon     65  0.0     0     0    9996             (-,-) 
  operand_a_i_sr_reg_23/CK <<< (p,m) -     R     SDFFSRHQX2  pd_aon     65    -     0     0    9996  (5.4000,82.0800) 
#---------------------------------------------------------------------------------------------------------------------



Path 216: MET (9207 ps) Setup Check with Pin operand_a_i_sr_reg_24/CK->SI
           View: slow_0p9v_125c_cmax_scan_shift
          Group: clk_i
     Startpoint: (R) operand_a_i_sr_reg_12/CK
          Clock: (R) clk_i
       Endpoint: (F) operand_a_i_sr_reg_24/SI
          Clock: (R) clk_i

                     Capture       Launch     
        Clock Edge:+   10000            0     
       Src Latency:+       0            0     
       Net Latency:+       0 (I)        0 (I) 
           Arrival:=   10000            0     
                                              
             Setup:-     245                  
       Uncertainty:-     205                  
     Required Time:=    9550                  
      Launch Clock:-       0                  
         Data Path:-     343                  
             Slack:=    9207                  

Launch clock path:
#---------------------------------------------------------------------------------------------------------------------
#      Timing Point         Flags    Arc   Edge    Cell      Power  Fanout Load Trans Delay Arrival      Instance     
#                                                            Domain        (fF)  (ps)  (ps)   (ps)       Location     
#---------------------------------------------------------------------------------------------------------------------
  clk_i                    (i)       -     R     (arrival)   pd_aon     65  0.0     0     0      -4             (-,-) 
  operand_a_i_sr_reg_12/CK <<< (p,m) -     R     SDFFSRHQX4  pd_aon     65    -     0     0      -4  (5.2000,71.8200) 
#---------------------------------------------------------------------------------------------------------------------

#-------------------------------------------------------------------------------------------------------------------
#      Timing Point        Flags   Arc   Edge    Cell      Power  Fanout Load Trans Delay Arrival      Instance     
#                                                          Domain        (fF)  (ps)  (ps)   (ps)       Location     
#-------------------------------------------------------------------------------------------------------------------
  operand_a_i_sr_reg_12/CK -       -     R     (arrival)   pd_aon     65    -     0     0       0             (-,-) 
  operand_a_i_sr_reg_12/Q  (@,p,m) CK->Q F     SDFFSRHQX4  pd_aon     13 15.3   117   343     343  (5.2000,71.8200) 
  operand_a_i_sr_reg_24/SI (p,m)   -     F     SDFFSRHQX2  pd_aon     13    -     -     0     343  (5.2000,73.5300) 
#-------------------------------------------------------------------------------------------------------------------

(p) : Instance is preserved but may be resized
(@) : Annotated capacitance.
(m) : Attribute cell_delay_multiplier is modified for this library cell.

Capture clock path:
#---------------------------------------------------------------------------------------------------------------------
#      Timing Point         Flags    Arc   Edge    Cell      Power  Fanout Load Trans Delay Arrival      Instance     
#                                                            Domain        (fF)  (ps)  (ps)   (ps)       Location     
#---------------------------------------------------------------------------------------------------------------------
  clk_i                    (i)       -     R     (arrival)   pd_aon     65  0.0     0     0    9996             (-,-) 
  operand_a_i_sr_reg_24/CK <<< (p,m) -     R     SDFFSRHQX2  pd_aon     65    -     0     0    9996  (5.2000,73.5300) 
#---------------------------------------------------------------------------------------------------------------------



Path 217: MET (9207 ps) Setup Check with Pin operand_b_i_sr_reg_26/CK->SI
           View: slow_0p9v_125c_cmax_scan_shift
          Group: clk_i
     Startpoint: (R) operand_a_i_sr_reg_4/CK
          Clock: (R) clk_i
       Endpoint: (F) operand_b_i_sr_reg_26/SI
          Clock: (R) clk_i

                     Capture       Launch     
        Clock Edge:+   10000            0     
       Src Latency:+       0            0     
       Net Latency:+       0 (I)        0 (I) 
           Arrival:=   10000            0     
                                              
             Setup:-     256                  
       Uncertainty:-     205                  
     Required Time:=    9539                  
      Launch Clock:-       0                  
         Data Path:-     332                  
             Slack:=    9207                  

Launch clock path:
#---------------------------------------------------------------------------------------------------------------------
#      Timing Point        Flags    Arc   Edge    Cell      Power  Fanout Load Trans Delay Arrival      Instance      
#                                                           Domain        (fF)  (ps)  (ps)   (ps)       Location      
#---------------------------------------------------------------------------------------------------------------------
  clk_i                   (i)       -     R     (arrival)   pd_aon     65  0.0     0     0      -4              (-,-) 
  operand_a_i_sr_reg_4/CK <<< (p,m) -     R     SDFFSRHQX2  pd_aon     65    -     0     0      -4  (14.4000,58.1400) 
#---------------------------------------------------------------------------------------------------------------------

#--------------------------------------------------------------------------------------------------------------------
#      Timing Point        Flags   Arc   Edge    Cell      Power  Fanout Load Trans Delay Arrival      Instance      
#                                                          Domain        (fF)  (ps)  (ps)   (ps)       Location      
#--------------------------------------------------------------------------------------------------------------------
  operand_a_i_sr_reg_4/CK  -       -     R     (arrival)   pd_aon     65    -     0     0       0              (-,-) 
  operand_a_i_sr_reg_4/Q   (@,p,m) CK->Q F     SDFFSRHQX2  pd_aon      8  9.9   140   332     332  (14.4000,58.1400) 
  operand_b_i_sr_reg_26/SI (p,m)   -     F     SDFFSRHQX2  pd_aon      8    -     -     0     332  (16.0000,56.4300) 
#--------------------------------------------------------------------------------------------------------------------

(p) : Instance is preserved but may be resized
(@) : Annotated capacitance.
(m) : Attribute cell_delay_multiplier is modified for this library cell.

Capture clock path:
#----------------------------------------------------------------------------------------------------------------------
#      Timing Point         Flags    Arc   Edge    Cell      Power  Fanout Load Trans Delay Arrival      Instance      
#                                                            Domain        (fF)  (ps)  (ps)   (ps)       Location      
#----------------------------------------------------------------------------------------------------------------------
  clk_i                    (i)       -     R     (arrival)   pd_aon     65  0.0     0     0    9996              (-,-) 
  operand_b_i_sr_reg_26/CK <<< (p,m) -     R     SDFFSRHQX2  pd_aon     65    -     0     0    9996  (16.0000,56.4300) 
#----------------------------------------------------------------------------------------------------------------------



Path 218: MET (9209 ps) Setup Check with Pin operand_b_i_sr_reg_5/CK->SI
           View: slow_0p9v_125c_cmax_scan_shift
          Group: clk_i
     Startpoint: (R) operand_b_i_sr_reg_16/CK
          Clock: (R) clk_i
       Endpoint: (F) operand_b_i_sr_reg_5/SI
          Clock: (R) clk_i

                     Capture       Launch     
        Clock Edge:+   10000            0     
       Src Latency:+       0            0     
       Net Latency:+       0 (I)        0 (I) 
           Arrival:=   10000            0     
                                              
             Setup:-     256                  
       Uncertainty:-     205                  
     Required Time:=    9539                  
      Launch Clock:-       0                  
         Data Path:-     330                  
             Slack:=    9209                  

Launch clock path:
#----------------------------------------------------------------------------------------------------------------------
#      Timing Point         Flags    Arc   Edge    Cell      Power  Fanout Load Trans Delay Arrival      Instance      
#                                                            Domain        (fF)  (ps)  (ps)   (ps)       Location      
#----------------------------------------------------------------------------------------------------------------------
  clk_i                    (i)       -     R     (arrival)   pd_aon     65  0.0     0     0      -4              (-,-) 
  operand_b_i_sr_reg_16/CK <<< (p,m) -     R     SDFFSRHQX2  pd_aon     65    -     0     0      -4  (15.4000,30.7800) 
#----------------------------------------------------------------------------------------------------------------------

#--------------------------------------------------------------------------------------------------------------------
#      Timing Point        Flags   Arc   Edge    Cell      Power  Fanout Load Trans Delay Arrival      Instance      
#                                                          Domain        (fF)  (ps)  (ps)   (ps)       Location      
#--------------------------------------------------------------------------------------------------------------------
  operand_b_i_sr_reg_16/CK -       -     R     (arrival)   pd_aon     65    -     0     0       0              (-,-) 
  operand_b_i_sr_reg_16/Q  (@,p,m) CK->Q F     SDFFSRHQX2  pd_aon     10  9.5   136   329     329  (15.4000,30.7800) 
  operand_b_i_sr_reg_5/SI  (p,m)   -     F     SDFFSRHQX4  pd_aon     10    -     -     0     330  (13.6000,27.3600) 
#--------------------------------------------------------------------------------------------------------------------

(p) : Instance is preserved but may be resized
(@) : Annotated capacitance.
(m) : Attribute cell_delay_multiplier is modified for this library cell.

Capture clock path:
#---------------------------------------------------------------------------------------------------------------------
#      Timing Point        Flags    Arc   Edge    Cell      Power  Fanout Load Trans Delay Arrival      Instance      
#                                                           Domain        (fF)  (ps)  (ps)   (ps)       Location      
#---------------------------------------------------------------------------------------------------------------------
  clk_i                   (i)       -     R     (arrival)   pd_aon     65  0.0     0     0    9996              (-,-) 
  operand_b_i_sr_reg_5/CK <<< (p,m) -     R     SDFFSRHQX4  pd_aon     65    -     0     0    9996  (13.6000,27.3600) 
#---------------------------------------------------------------------------------------------------------------------



Path 219: MET (9210 ps) Setup Check with Pin operand_a_i_sr_reg_12/CK->SI
           View: slow_0p9v_125c_cmax_scan_shift
          Group: clk_i
     Startpoint: (R) operand_a_i_sr_reg_11/CK
          Clock: (R) clk_i
       Endpoint: (F) operand_a_i_sr_reg_12/SI
          Clock: (R) clk_i

                     Capture       Launch     
        Clock Edge:+   10000            0     
       Src Latency:+       0            0     
       Net Latency:+       0 (I)        0 (I) 
           Arrival:=   10000            0     
                                              
             Setup:-     245                  
       Uncertainty:-     205                  
     Required Time:=    9550                  
      Launch Clock:-       0                  
         Data Path:-     340                  
             Slack:=    9210                  

Launch clock path:
#---------------------------------------------------------------------------------------------------------------------
#      Timing Point         Flags    Arc   Edge    Cell      Power  Fanout Load Trans Delay Arrival      Instance     
#                                                            Domain        (fF)  (ps)  (ps)   (ps)       Location     
#---------------------------------------------------------------------------------------------------------------------
  clk_i                    (i)       -     R     (arrival)   pd_aon     65  0.0     0     0      -4             (-,-) 
  operand_a_i_sr_reg_11/CK <<< (p,m) -     R     SDFFSRHQX4  pd_aon     65    -     0     0      -4  (5.2000,68.4000) 
#---------------------------------------------------------------------------------------------------------------------

#-------------------------------------------------------------------------------------------------------------------
#      Timing Point        Flags   Arc   Edge    Cell      Power  Fanout Load Trans Delay Arrival      Instance     
#                                                          Domain        (fF)  (ps)  (ps)   (ps)       Location     
#-------------------------------------------------------------------------------------------------------------------
  operand_a_i_sr_reg_11/CK -       -     R     (arrival)   pd_aon     65    -     0     0       0             (-,-) 
  operand_a_i_sr_reg_11/Q  (@,p,m) CK->Q F     SDFFSRHQX4  pd_aon     12 14.5   111   340     340  (5.2000,68.4000) 
  operand_a_i_sr_reg_12/SI (p,m)   -     F     SDFFSRHQX4  pd_aon     12    -     -     0     340  (5.2000,71.8200) 
#-------------------------------------------------------------------------------------------------------------------

(p) : Instance is preserved but may be resized
(@) : Annotated capacitance.
(m) : Attribute cell_delay_multiplier is modified for this library cell.

Capture clock path:
#---------------------------------------------------------------------------------------------------------------------
#      Timing Point         Flags    Arc   Edge    Cell      Power  Fanout Load Trans Delay Arrival      Instance     
#                                                            Domain        (fF)  (ps)  (ps)   (ps)       Location     
#---------------------------------------------------------------------------------------------------------------------
  clk_i                    (i)       -     R     (arrival)   pd_aon     65  0.0     0     0    9996             (-,-) 
  operand_a_i_sr_reg_12/CK <<< (p,m) -     R     SDFFSRHQX4  pd_aon     65    -     0     0    9996  (5.2000,71.8200) 
#---------------------------------------------------------------------------------------------------------------------



Path 220: MET (9211 ps) Setup Check with Pin operand_b_i_sr_reg_18/CK->SI
           View: slow_0p9v_125c_cmax_scan_shift
          Group: clk_i
     Startpoint: (R) operand_b_i_sr_reg_20/CK
          Clock: (R) clk_i
       Endpoint: (F) operand_b_i_sr_reg_18/SI
          Clock: (R) clk_i

                     Capture       Launch     
        Clock Edge:+   10000            0     
       Src Latency:+       0            0     
       Net Latency:+       0 (I)        0 (I) 
           Arrival:=   10000            0     
                                              
             Setup:-     254                  
       Uncertainty:-     205                  
     Required Time:=    9541                  
      Launch Clock:-       0                  
         Data Path:-     330                  
             Slack:=    9211                  

Launch clock path:
#---------------------------------------------------------------------------------------------------------------------
#      Timing Point         Flags    Arc   Edge    Cell      Power  Fanout Load Trans Delay Arrival      Instance     
#                                                            Domain        (fF)  (ps)  (ps)   (ps)       Location     
#---------------------------------------------------------------------------------------------------------------------
  clk_i                    (i)       -     R     (arrival)   pd_aon     65  0.0     0     0      -4             (-,-) 
  operand_b_i_sr_reg_20/CK <<< (p,m) -     R     SDFFSRHQX2  pd_aon     65    -     0     0      -4  (5.4000,32.4900) 
#---------------------------------------------------------------------------------------------------------------------

#-------------------------------------------------------------------------------------------------------------------
#      Timing Point        Flags   Arc   Edge    Cell      Power  Fanout Load Trans Delay Arrival      Instance     
#                                                          Domain        (fF)  (ps)  (ps)   (ps)       Location     
#-------------------------------------------------------------------------------------------------------------------
  operand_b_i_sr_reg_20/CK -       -     R     (arrival)   pd_aon     65    -     0     0       0             (-,-) 
  operand_b_i_sr_reg_20/Q  (@,p,m) CK->Q F     SDFFSRHQX2  pd_aon     10  9.6   137   330     330  (5.4000,32.4900) 
  operand_b_i_sr_reg_18/SI (p,m)   -     F     SDFFSRHQX2  pd_aon     10    -     -     0     330  (5.2000,35.9100) 
#-------------------------------------------------------------------------------------------------------------------

(p) : Instance is preserved but may be resized
(@) : Annotated capacitance.
(m) : Attribute cell_delay_multiplier is modified for this library cell.

Capture clock path:
#---------------------------------------------------------------------------------------------------------------------
#      Timing Point         Flags    Arc   Edge    Cell      Power  Fanout Load Trans Delay Arrival      Instance     
#                                                            Domain        (fF)  (ps)  (ps)   (ps)       Location     
#---------------------------------------------------------------------------------------------------------------------
  clk_i                    (i)       -     R     (arrival)   pd_aon     65  0.0     0     0    9996             (-,-) 
  operand_b_i_sr_reg_18/CK <<< (p,m) -     R     SDFFSRHQX2  pd_aon     65    -     0     0    9996  (5.2000,35.9100) 
#---------------------------------------------------------------------------------------------------------------------



Path 221: MET (9212 ps) Setup Check with Pin operand_a_i_sr_reg_19/CK->SI
           View: slow_0p9v_125c_cmax_scan_shift
          Group: clk_i
     Startpoint: (R) operand_a_i_sr_reg_20/CK
          Clock: (R) clk_i
       Endpoint: (F) operand_a_i_sr_reg_19/SI
          Clock: (R) clk_i

                     Capture       Launch     
        Clock Edge:+   10000            0     
       Src Latency:+       0            0     
       Net Latency:+       0 (I)        0 (I) 
           Arrival:=   10000            0     
                                              
             Setup:-     243                  
       Uncertainty:-     205                  
     Required Time:=    9552                  
      Launch Clock:-       0                  
         Data Path:-     340                  
             Slack:=    9212                  

Launch clock path:
#----------------------------------------------------------------------------------------------------------------------
#      Timing Point         Flags    Arc   Edge    Cell      Power  Fanout Load Trans Delay Arrival      Instance      
#                                                            Domain        (fF)  (ps)  (ps)   (ps)       Location      
#----------------------------------------------------------------------------------------------------------------------
  clk_i                    (i)       -     R     (arrival)   pd_aon     65  0.0     0     0      -4              (-,-) 
  operand_a_i_sr_reg_20/CK <<< (p,m) -     R     SDFFSRHQX4  pd_aon     65    -     0     0      -4  (15.6000,80.3700) 
#----------------------------------------------------------------------------------------------------------------------

#--------------------------------------------------------------------------------------------------------------------
#      Timing Point        Flags   Arc   Edge    Cell      Power  Fanout Load Trans Delay Arrival      Instance      
#                                                          Domain        (fF)  (ps)  (ps)   (ps)       Location      
#--------------------------------------------------------------------------------------------------------------------
  operand_a_i_sr_reg_20/CK -       -     R     (arrival)   pd_aon     65    -     0     0       0              (-,-) 
  operand_a_i_sr_reg_20/Q  (@,p,m) CK->Q F     SDFFSRHQX4  pd_aon     14 14.5   112   340     340  (15.6000,80.3700) 
  operand_a_i_sr_reg_19/SI (p,m)   -     F     SDFFSRHQX2  pd_aon     14    -     -     0     340  (15.0000,78.6600) 
#--------------------------------------------------------------------------------------------------------------------

(p) : Instance is preserved but may be resized
(@) : Annotated capacitance.
(m) : Attribute cell_delay_multiplier is modified for this library cell.

Capture clock path:
#----------------------------------------------------------------------------------------------------------------------
#      Timing Point         Flags    Arc   Edge    Cell      Power  Fanout Load Trans Delay Arrival      Instance      
#                                                            Domain        (fF)  (ps)  (ps)   (ps)       Location      
#----------------------------------------------------------------------------------------------------------------------
  clk_i                    (i)       -     R     (arrival)   pd_aon     65  0.0     0     0    9996              (-,-) 
  operand_a_i_sr_reg_19/CK <<< (p,m) -     R     SDFFSRHQX2  pd_aon     65    -     0     0    9996  (15.0000,78.6600) 
#----------------------------------------------------------------------------------------------------------------------



Path 222: MET (9212 ps) Setup Check with Pin operand_a_i_sr_reg_5/CK->SI
           View: slow_0p9v_125c_cmax_scan_shift
          Group: clk_i
     Startpoint: (R) operand_b_i_sr_reg_28/CK
          Clock: (R) clk_i
       Endpoint: (F) operand_a_i_sr_reg_5/SI
          Clock: (R) clk_i

                     Capture       Launch     
        Clock Edge:+   10000            0     
       Src Latency:+       0            0     
       Net Latency:+       0 (I)        0 (I) 
           Arrival:=   10000            0     
                                              
             Setup:-     254                  
       Uncertainty:-     205                  
     Required Time:=    9541                  
      Launch Clock:-       0                  
         Data Path:-     329                  
             Slack:=    9212                  

Launch clock path:
#----------------------------------------------------------------------------------------------------------------------
#      Timing Point         Flags    Arc   Edge    Cell      Power  Fanout Load Trans Delay Arrival      Instance      
#                                                            Domain        (fF)  (ps)  (ps)   (ps)       Location      
#----------------------------------------------------------------------------------------------------------------------
  clk_i                    (i)       -     R     (arrival)   pd_aon     65  0.0     0     0      -4              (-,-) 
  operand_b_i_sr_reg_28/CK <<< (p,m) -     R     SDFFSRHQX2  pd_aon     65    -     0     0      -4  (14.8000,66.6900) 
#----------------------------------------------------------------------------------------------------------------------

#--------------------------------------------------------------------------------------------------------------------
#      Timing Point        Flags   Arc   Edge    Cell      Power  Fanout Load Trans Delay Arrival      Instance      
#                                                          Domain        (fF)  (ps)  (ps)   (ps)       Location      
#--------------------------------------------------------------------------------------------------------------------
  operand_b_i_sr_reg_28/CK -       -     R     (arrival)   pd_aon     65    -     0     0       0              (-,-) 
  operand_b_i_sr_reg_28/Q  (@,p,m) CK->Q F     SDFFSRHQX2  pd_aon     11  9.4   136   329     329  (14.8000,66.6900) 
  operand_a_i_sr_reg_5/SI  (p,m)   -     F     SDFFSRHQX2  pd_aon     11    -     -     0     329  (15.6000,64.9800) 
#--------------------------------------------------------------------------------------------------------------------

(p) : Instance is preserved but may be resized
(@) : Annotated capacitance.
(m) : Attribute cell_delay_multiplier is modified for this library cell.

Capture clock path:
#---------------------------------------------------------------------------------------------------------------------
#      Timing Point        Flags    Arc   Edge    Cell      Power  Fanout Load Trans Delay Arrival      Instance      
#                                                           Domain        (fF)  (ps)  (ps)   (ps)       Location      
#---------------------------------------------------------------------------------------------------------------------
  clk_i                   (i)       -     R     (arrival)   pd_aon     65  0.0     0     0    9996              (-,-) 
  operand_a_i_sr_reg_5/CK <<< (p,m) -     R     SDFFSRHQX2  pd_aon     65    -     0     0    9996  (15.6000,64.9800) 
#---------------------------------------------------------------------------------------------------------------------



Path 223: MET (9212 ps) Setup Check with Pin operand_a_i_sr_reg_18/CK->SI
           View: slow_0p9v_125c_cmax_scan_shift
          Group: clk_i
     Startpoint: (R) operand_a_i_sr_reg_7/CK
          Clock: (R) clk_i
       Endpoint: (F) operand_a_i_sr_reg_18/SI
          Clock: (R) clk_i

                     Capture       Launch     
        Clock Edge:+   10000            0     
       Src Latency:+       0            0     
       Net Latency:+       0 (I)        0 (I) 
           Arrival:=   10000            0     
                                              
             Setup:-     254                  
       Uncertainty:-     205                  
     Required Time:=    9542                  
      Launch Clock:-       0                  
         Data Path:-     329                  
             Slack:=    9212                  

Launch clock path:
#---------------------------------------------------------------------------------------------------------------------
#      Timing Point        Flags    Arc   Edge    Cell      Power  Fanout Load Trans Delay Arrival      Instance      
#                                                           Domain        (fF)  (ps)  (ps)   (ps)       Location      
#---------------------------------------------------------------------------------------------------------------------
  clk_i                   (i)       -     R     (arrival)   pd_aon     65  0.0     0     0      -4              (-,-) 
  operand_a_i_sr_reg_7/CK <<< (p,m) -     R     SDFFSRHQX2  pd_aon     65    -     0     0      -4  (15.2000,71.8200) 
#---------------------------------------------------------------------------------------------------------------------

#--------------------------------------------------------------------------------------------------------------------
#      Timing Point        Flags   Arc   Edge    Cell      Power  Fanout Load Trans Delay Arrival      Instance      
#                                                          Domain        (fF)  (ps)  (ps)   (ps)       Location      
#--------------------------------------------------------------------------------------------------------------------
  operand_a_i_sr_reg_7/CK  -       -     R     (arrival)   pd_aon     65    -     0     0       0              (-,-) 
  operand_a_i_sr_reg_7/Q   (@,p,m) CK->Q F     SDFFSRHQX2  pd_aon     10  9.5   135   329     329  (15.2000,71.8200) 
  operand_a_i_sr_reg_18/SI (p,m)   -     F     SDFFSRHQX2  pd_aon     10    -     -     0     329  (15.4000,68.4000) 
#--------------------------------------------------------------------------------------------------------------------

(p) : Instance is preserved but may be resized
(@) : Annotated capacitance.
(m) : Attribute cell_delay_multiplier is modified for this library cell.

Capture clock path:
#----------------------------------------------------------------------------------------------------------------------
#      Timing Point         Flags    Arc   Edge    Cell      Power  Fanout Load Trans Delay Arrival      Instance      
#                                                            Domain        (fF)  (ps)  (ps)   (ps)       Location      
#----------------------------------------------------------------------------------------------------------------------
  clk_i                    (i)       -     R     (arrival)   pd_aon     65  0.0     0     0    9996              (-,-) 
  operand_a_i_sr_reg_18/CK <<< (p,m) -     R     SDFFSRHQX2  pd_aon     65    -     0     0    9996  (15.4000,68.4000) 
#----------------------------------------------------------------------------------------------------------------------



Path 224: MET (9212 ps) Setup Check with Pin operand_b_i_sr_reg_13/CK->SI
           View: slow_0p9v_125c_cmax_scan_shift
          Group: clk_i
     Startpoint: (R) operand_b_i_sr_reg_25/CK
          Clock: (R) clk_i
       Endpoint: (F) operand_b_i_sr_reg_13/SI
          Clock: (R) clk_i

                     Capture       Launch     
        Clock Edge:+   10000            0     
       Src Latency:+       0            0     
       Net Latency:+       0 (I)        0 (I) 
           Arrival:=   10000            0     
                                              
             Setup:-     255                  
       Uncertainty:-     205                  
     Required Time:=    9540                  
      Launch Clock:-       0                  
         Data Path:-     328                  
             Slack:=    9212                  

Launch clock path:
#---------------------------------------------------------------------------------------------------------------------
#      Timing Point         Flags    Arc   Edge    Cell      Power  Fanout Load Trans Delay Arrival      Instance     
#                                                            Domain        (fF)  (ps)  (ps)   (ps)       Location     
#---------------------------------------------------------------------------------------------------------------------
  clk_i                    (i)       -     R     (arrival)   pd_aon     65  0.0     0     0      -4             (-,-) 
  operand_b_i_sr_reg_25/CK <<< (p,m) -     R     SDFFSRHQX2  pd_aon     65    -     0     0      -4  (5.2000,47.8800) 
#---------------------------------------------------------------------------------------------------------------------

#-------------------------------------------------------------------------------------------------------------------
#      Timing Point        Flags   Arc   Edge    Cell      Power  Fanout Load Trans Delay Arrival      Instance     
#                                                          Domain        (fF)  (ps)  (ps)   (ps)       Location     
#-------------------------------------------------------------------------------------------------------------------
  operand_b_i_sr_reg_25/CK -       -     R     (arrival)   pd_aon     65    -     0     0       0             (-,-) 
  operand_b_i_sr_reg_25/Q  (@,p,m) CK->Q F     SDFFSRHQX2  pd_aon      8  9.4   133   328     328  (5.2000,47.8800) 
  operand_b_i_sr_reg_13/SI (p,m)   -     F     SDFFSRHQX4  pd_aon      8    -     -     0     328  (5.4000,49.5900) 
#-------------------------------------------------------------------------------------------------------------------

(p) : Instance is preserved but may be resized
(@) : Annotated capacitance.
(m) : Attribute cell_delay_multiplier is modified for this library cell.

Capture clock path:
#---------------------------------------------------------------------------------------------------------------------
#      Timing Point         Flags    Arc   Edge    Cell      Power  Fanout Load Trans Delay Arrival      Instance     
#                                                            Domain        (fF)  (ps)  (ps)   (ps)       Location     
#---------------------------------------------------------------------------------------------------------------------
  clk_i                    (i)       -     R     (arrival)   pd_aon     65  0.0     0     0    9996             (-,-) 
  operand_b_i_sr_reg_13/CK <<< (p,m) -     R     SDFFSRHQX4  pd_aon     65    -     0     0    9996  (5.4000,49.5900) 
#---------------------------------------------------------------------------------------------------------------------



Path 225: MET (9213 ps) Setup Check with Pin operand_b_i_sr_reg_22/CK->SI
           View: slow_0p9v_125c_cmax_scan_shift
          Group: clk_i
     Startpoint: (R) operand_b_i_sr_reg_21/CK
          Clock: (R) clk_i
       Endpoint: (F) operand_b_i_sr_reg_22/SI
          Clock: (R) clk_i

                     Capture       Launch     
        Clock Edge:+   10000            0     
       Src Latency:+       0            0     
       Net Latency:+       0 (I)        0 (I) 
           Arrival:=   10000            0     
                                              
             Setup:-     244                  
       Uncertainty:-     205                  
     Required Time:=    9551                  
      Launch Clock:-       0                  
         Data Path:-     339                  
             Slack:=    9213                  

Launch clock path:
#---------------------------------------------------------------------------------------------------------------------
#      Timing Point         Flags    Arc   Edge    Cell      Power  Fanout Load Trans Delay Arrival      Instance     
#                                                            Domain        (fF)  (ps)  (ps)   (ps)       Location     
#---------------------------------------------------------------------------------------------------------------------
  clk_i                    (i)       -     R     (arrival)   pd_aon     65  0.0     0     0      -4             (-,-) 
  operand_b_i_sr_reg_21/CK <<< (p,m) -     R     SDFFSRHQX4  pd_aon     65    -     0     0      -4  (5.4000,41.0400) 
#---------------------------------------------------------------------------------------------------------------------

#-------------------------------------------------------------------------------------------------------------------
#      Timing Point        Flags   Arc   Edge    Cell      Power  Fanout Load Trans Delay Arrival      Instance     
#                                                          Domain        (fF)  (ps)  (ps)   (ps)       Location     
#-------------------------------------------------------------------------------------------------------------------
  operand_b_i_sr_reg_21/CK -       -     R     (arrival)   pd_aon     65    -     0     0       0             (-,-) 
  operand_b_i_sr_reg_21/Q  (@,p,m) CK->Q F     SDFFSRHQX4  pd_aon     13 14.1   109   338     338  (5.4000,41.0400) 
  operand_b_i_sr_reg_22/SI (p,m)   -     F     SDFFSRHQX4  pd_aon     13    -     -     0     339  (5.4000,42.7500) 
#-------------------------------------------------------------------------------------------------------------------

(p) : Instance is preserved but may be resized
(@) : Annotated capacitance.
(m) : Attribute cell_delay_multiplier is modified for this library cell.

Capture clock path:
#---------------------------------------------------------------------------------------------------------------------
#      Timing Point         Flags    Arc   Edge    Cell      Power  Fanout Load Trans Delay Arrival      Instance     
#                                                            Domain        (fF)  (ps)  (ps)   (ps)       Location     
#---------------------------------------------------------------------------------------------------------------------
  clk_i                    (i)       -     R     (arrival)   pd_aon     65  0.0     0     0    9996             (-,-) 
  operand_b_i_sr_reg_22/CK <<< (p,m) -     R     SDFFSRHQX4  pd_aon     65    -     0     0    9996  (5.4000,42.7500) 
#---------------------------------------------------------------------------------------------------------------------



Path 226: MET (9214 ps) Setup Check with Pin operand_b_i_sr_reg_16/CK->SI
           View: slow_0p9v_125c_cmax_scan_shift
          Group: clk_i
     Startpoint: (R) operand_b_i_sr_reg_17/CK
          Clock: (R) clk_i
       Endpoint: (F) operand_b_i_sr_reg_16/SI
          Clock: (R) clk_i

                     Capture       Launch     
        Clock Edge:+   10000            0     
       Src Latency:+       0            0     
       Net Latency:+       0 (I)        0 (I) 
           Arrival:=   10000            0     
                                              
             Setup:-     253                  
       Uncertainty:-     205                  
     Required Time:=    9542                  
      Launch Clock:-       0                  
         Data Path:-     328                  
             Slack:=    9214                  

Launch clock path:
#----------------------------------------------------------------------------------------------------------------------
#      Timing Point         Flags    Arc   Edge    Cell      Power  Fanout Load Trans Delay Arrival      Instance      
#                                                            Domain        (fF)  (ps)  (ps)   (ps)       Location      
#----------------------------------------------------------------------------------------------------------------------
  clk_i                    (i)       -     R     (arrival)   pd_aon     65  0.0     0     0      -4              (-,-) 
  operand_b_i_sr_reg_17/CK <<< (p,m) -     R     SDFFSRHQX2  pd_aon     65    -     0     0      -4  (14.8000,34.2000) 
#----------------------------------------------------------------------------------------------------------------------

#--------------------------------------------------------------------------------------------------------------------
#      Timing Point        Flags   Arc   Edge    Cell      Power  Fanout Load Trans Delay Arrival      Instance      
#                                                          Domain        (fF)  (ps)  (ps)   (ps)       Location      
#--------------------------------------------------------------------------------------------------------------------
  operand_b_i_sr_reg_17/CK -       -     R     (arrival)   pd_aon     65    -     0     0       0              (-,-) 
  operand_b_i_sr_reg_17/Q  (@,p,m) CK->Q F     SDFFSRHQX2  pd_aon      8  9.4   134   328     328  (14.8000,34.2000) 
  operand_b_i_sr_reg_16/SI (p,m)   -     F     SDFFSRHQX2  pd_aon      8    -     -     0     328  (15.4000,30.7800) 
#--------------------------------------------------------------------------------------------------------------------

(p) : Instance is preserved but may be resized
(@) : Annotated capacitance.
(m) : Attribute cell_delay_multiplier is modified for this library cell.

Capture clock path:
#----------------------------------------------------------------------------------------------------------------------
#      Timing Point         Flags    Arc   Edge    Cell      Power  Fanout Load Trans Delay Arrival      Instance      
#                                                            Domain        (fF)  (ps)  (ps)   (ps)       Location      
#----------------------------------------------------------------------------------------------------------------------
  clk_i                    (i)       -     R     (arrival)   pd_aon     65  0.0     0     0    9996              (-,-) 
  operand_b_i_sr_reg_16/CK <<< (p,m) -     R     SDFFSRHQX2  pd_aon     65    -     0     0    9996  (15.4000,30.7800) 
#----------------------------------------------------------------------------------------------------------------------



Path 227: MET (9215 ps) Setup Check with Pin operand_b_i_sr_reg_29/CK->SI
           View: slow_0p9v_125c_cmax_scan_shift
          Group: clk_i
     Startpoint: (R) operand_b_i_sr_reg_30/CK
          Clock: (R) clk_i
       Endpoint: (F) operand_b_i_sr_reg_29/SI
          Clock: (R) clk_i

                     Capture       Launch     
        Clock Edge:+   10000            0     
       Src Latency:+       0            0     
       Net Latency:+       0 (I)        0 (I) 
           Arrival:=   10000            0     
                                              
             Setup:-     243                  
       Uncertainty:-     205                  
     Required Time:=    9552                  
      Launch Clock:-       0                  
         Data Path:-     338                  
             Slack:=    9215                  

Launch clock path:
#---------------------------------------------------------------------------------------------------------------------
#      Timing Point         Flags    Arc   Edge    Cell      Power  Fanout Load Trans Delay Arrival      Instance     
#                                                            Domain        (fF)  (ps)  (ps)   (ps)       Location     
#---------------------------------------------------------------------------------------------------------------------
  clk_i                    (i)       -     R     (arrival)   pd_aon     65  0.0     0     0      -4             (-,-) 
  operand_b_i_sr_reg_30/CK <<< (p,m) -     R     SDFFSRHQX4  pd_aon     65    -     0     0      -4  (5.4000,54.7200) 
#---------------------------------------------------------------------------------------------------------------------

#-------------------------------------------------------------------------------------------------------------------
#      Timing Point        Flags   Arc   Edge    Cell      Power  Fanout Load Trans Delay Arrival      Instance     
#                                                          Domain        (fF)  (ps)  (ps)   (ps)       Location     
#-------------------------------------------------------------------------------------------------------------------
  operand_b_i_sr_reg_30/CK -       -     R     (arrival)   pd_aon     65    -     0     0       0             (-,-) 
  operand_b_i_sr_reg_30/Q  (@,p,m) CK->Q F     SDFFSRHQX4  pd_aon     17 13.8   107   337     337  (5.4000,54.7200) 
  operand_b_i_sr_reg_29/SI (p,m)   -     F     SDFFSRHQX4  pd_aon     17    -     -     0     338  (5.2000,56.4300) 
#-------------------------------------------------------------------------------------------------------------------

(p) : Instance is preserved but may be resized
(@) : Annotated capacitance.
(m) : Attribute cell_delay_multiplier is modified for this library cell.

Capture clock path:
#---------------------------------------------------------------------------------------------------------------------
#      Timing Point         Flags    Arc   Edge    Cell      Power  Fanout Load Trans Delay Arrival      Instance     
#                                                            Domain        (fF)  (ps)  (ps)   (ps)       Location     
#---------------------------------------------------------------------------------------------------------------------
  clk_i                    (i)       -     R     (arrival)   pd_aon     65  0.0     0     0    9996             (-,-) 
  operand_b_i_sr_reg_29/CK <<< (p,m) -     R     SDFFSRHQX4  pd_aon     65    -     0     0    9996  (5.2000,56.4300) 
#---------------------------------------------------------------------------------------------------------------------



Path 228: MET (9215 ps) Setup Check with Pin operand_a_i_sr_reg_13/CK->SI
           View: slow_0p9v_125c_cmax_scan_shift
          Group: clk_i
     Startpoint: (R) operand_a_i_sr_reg_14/CK
          Clock: (R) clk_i
       Endpoint: (F) operand_a_i_sr_reg_13/SI
          Clock: (R) clk_i

                     Capture       Launch     
        Clock Edge:+   10000            0     
       Src Latency:+       0            0     
       Net Latency:+       0 (I)        0 (I) 
           Arrival:=   10000            0     
                                              
             Setup:-     254                  
       Uncertainty:-     205                  
     Required Time:=    9541                  
      Launch Clock:-       0                  
         Data Path:-     326                  
             Slack:=    9215                  

Launch clock path:
#----------------------------------------------------------------------------------------------------------------------
#      Timing Point         Flags    Arc   Edge    Cell      Power  Fanout Load Trans Delay Arrival      Instance      
#                                                            Domain        (fF)  (ps)  (ps)   (ps)       Location      
#----------------------------------------------------------------------------------------------------------------------
  clk_i                    (i)       -     R     (arrival)   pd_aon     65  0.0     0     0      -4              (-,-) 
  operand_a_i_sr_reg_14/CK <<< (p,m) -     R     SDFFSRHQX2  pd_aon     65    -     0     0      -4  (15.0000,76.9500) 
#----------------------------------------------------------------------------------------------------------------------

#--------------------------------------------------------------------------------------------------------------------
#      Timing Point        Flags   Arc   Edge    Cell      Power  Fanout Load Trans Delay Arrival      Instance      
#                                                          Domain        (fF)  (ps)  (ps)   (ps)       Location      
#--------------------------------------------------------------------------------------------------------------------
  operand_a_i_sr_reg_14/CK -       -     R     (arrival)   pd_aon     65    -     0     0       0              (-,-) 
  operand_a_i_sr_reg_14/Q  (@,p,m) CK->Q F     SDFFSRHQX2  pd_aon      8  9.0   131   326     326  (15.0000,76.9500) 
  operand_a_i_sr_reg_13/SI (p,m)   -     F     SDFFSRHQX4  pd_aon      8    -     -     0     326  (14.6000,75.2400) 
#--------------------------------------------------------------------------------------------------------------------

(p) : Instance is preserved but may be resized
(@) : Annotated capacitance.
(m) : Attribute cell_delay_multiplier is modified for this library cell.

Capture clock path:
#----------------------------------------------------------------------------------------------------------------------
#      Timing Point         Flags    Arc   Edge    Cell      Power  Fanout Load Trans Delay Arrival      Instance      
#                                                            Domain        (fF)  (ps)  (ps)   (ps)       Location      
#----------------------------------------------------------------------------------------------------------------------
  clk_i                    (i)       -     R     (arrival)   pd_aon     65  0.0     0     0    9996              (-,-) 
  operand_a_i_sr_reg_13/CK <<< (p,m) -     R     SDFFSRHQX4  pd_aon     65    -     0     0    9996  (14.6000,75.2400) 
#----------------------------------------------------------------------------------------------------------------------



Path 229: MET (9215 ps) Setup Check with Pin operand_a_i_sr_reg_30/CK->SI
           View: slow_0p9v_125c_cmax_scan_shift
          Group: clk_i
     Startpoint: (R) operand_a_i_sr_reg_29/CK
          Clock: (R) clk_i
       Endpoint: (F) operand_a_i_sr_reg_30/SI
          Clock: (R) clk_i

                     Capture       Launch     
        Clock Edge:+   10000            0     
       Src Latency:+       0            0     
       Net Latency:+       0 (I)        0 (I) 
           Arrival:=   10000            0     
                                              
             Setup:-     243                  
       Uncertainty:-     205                  
     Required Time:=    9552                  
      Launch Clock:-       0                  
         Data Path:-     337                  
             Slack:=    9215                  

Launch clock path:
#---------------------------------------------------------------------------------------------------------------------
#      Timing Point         Flags    Arc   Edge    Cell      Power  Fanout Load Trans Delay Arrival      Instance     
#                                                            Domain        (fF)  (ps)  (ps)   (ps)       Location     
#---------------------------------------------------------------------------------------------------------------------
  clk_i                    (i)       -     R     (arrival)   pd_aon     65  0.0     0     0      -4             (-,-) 
  operand_a_i_sr_reg_29/CK <<< (p,m) -     R     SDFFSRHQX4  pd_aon     65    -     0     0      -4  (5.2000,95.7600) 
#---------------------------------------------------------------------------------------------------------------------

#-------------------------------------------------------------------------------------------------------------------
#      Timing Point        Flags   Arc   Edge    Cell      Power  Fanout Load Trans Delay Arrival      Instance     
#                                                          Domain        (fF)  (ps)  (ps)   (ps)       Location     
#-------------------------------------------------------------------------------------------------------------------
  operand_a_i_sr_reg_29/CK -       -     R     (arrival)   pd_aon     65    -     0     0       0             (-,-) 
  operand_a_i_sr_reg_29/Q  (@,p,m) CK->Q F     SDFFSRHQX4  pd_aon     14 13.7   107   337     337  (5.2000,95.7600) 
  operand_a_i_sr_reg_30/SI (p,m)   -     F     SDFFSRHQX4  pd_aon     14    -     -     0     337  (5.0000,94.0500) 
#-------------------------------------------------------------------------------------------------------------------

(p) : Instance is preserved but may be resized
(@) : Annotated capacitance.
(m) : Attribute cell_delay_multiplier is modified for this library cell.

Capture clock path:
#---------------------------------------------------------------------------------------------------------------------
#      Timing Point         Flags    Arc   Edge    Cell      Power  Fanout Load Trans Delay Arrival      Instance     
#                                                            Domain        (fF)  (ps)  (ps)   (ps)       Location     
#---------------------------------------------------------------------------------------------------------------------
  clk_i                    (i)       -     R     (arrival)   pd_aon     65  0.0     0     0    9996             (-,-) 
  operand_a_i_sr_reg_30/CK <<< (p,m) -     R     SDFFSRHQX4  pd_aon     65    -     0     0    9996  (5.0000,94.0500) 
#---------------------------------------------------------------------------------------------------------------------



Path 230: MET (9215 ps) Setup Check with Pin operand_a_i_sr_reg_0/CK->SI
           View: slow_0p9v_125c_cmax_scan_shift
          Group: clk_i
     Startpoint: (R) operand_b_i_sr_reg_27/CK
          Clock: (R) clk_i
       Endpoint: (F) operand_a_i_sr_reg_0/SI
          Clock: (R) clk_i

                     Capture       Launch     
        Clock Edge:+   10000            0     
       Src Latency:+       0            0     
       Net Latency:+       0 (I)        0 (I) 
           Arrival:=   10000            0     
                                              
             Setup:-     241                  
       Uncertainty:-     205                  
     Required Time:=    9554                  
      Launch Clock:-       0                  
         Data Path:-     339                  
             Slack:=    9215                  

Launch clock path:
#----------------------------------------------------------------------------------------------------------------------
#      Timing Point         Flags    Arc   Edge    Cell      Power  Fanout Load Trans Delay Arrival      Instance      
#                                                            Domain        (fF)  (ps)  (ps)   (ps)       Location      
#----------------------------------------------------------------------------------------------------------------------
  clk_i                    (i)       -     R     (arrival)   pd_aon     65  0.0     0     0      -4              (-,-) 
  operand_b_i_sr_reg_27/CK <<< (p,m) -     R     SDFFSRHQX4  pd_aon     65    -     0     0      -4  (15.8000,47.8800) 
#----------------------------------------------------------------------------------------------------------------------

#--------------------------------------------------------------------------------------------------------------------
#      Timing Point        Flags   Arc   Edge    Cell      Power  Fanout Load Trans Delay Arrival      Instance      
#                                                          Domain        (fF)  (ps)  (ps)   (ps)       Location      
#--------------------------------------------------------------------------------------------------------------------
  operand_b_i_sr_reg_27/CK -       -     R     (arrival)   pd_aon     65    -     0     0       0              (-,-) 
  operand_b_i_sr_reg_27/Q  (@,p,m) CK->Q F     SDFFSRHQX4  pd_aon     14 14.1   109   338     338  (15.8000,47.8800) 
  operand_a_i_sr_reg_0/SI  (p,m)   -     F     SDFFSRHQX2  pd_aon     14    -     -     0     339  (15.8000,46.1700) 
#--------------------------------------------------------------------------------------------------------------------

(p) : Instance is preserved but may be resized
(@) : Annotated capacitance.
(m) : Attribute cell_delay_multiplier is modified for this library cell.

Capture clock path:
#---------------------------------------------------------------------------------------------------------------------
#      Timing Point        Flags    Arc   Edge    Cell      Power  Fanout Load Trans Delay Arrival      Instance      
#                                                           Domain        (fF)  (ps)  (ps)   (ps)       Location      
#---------------------------------------------------------------------------------------------------------------------
  clk_i                   (i)       -     R     (arrival)   pd_aon     65  0.0     0     0    9996              (-,-) 
  operand_a_i_sr_reg_0/CK <<< (p,m) -     R     SDFFSRHQX2  pd_aon     65    -     0     0    9996  (15.8000,46.1700) 
#---------------------------------------------------------------------------------------------------------------------



Path 231: MET (9215 ps) Setup Check with Pin operand_a_i_sr_reg_26/CK->SI
           View: slow_0p9v_125c_cmax_scan_shift
          Group: clk_i
     Startpoint: (R) operand_a_i_sr_reg_22/CK
          Clock: (R) clk_i
       Endpoint: (F) operand_a_i_sr_reg_26/SI
          Clock: (R) clk_i

                     Capture       Launch     
        Clock Edge:+   10000            0     
       Src Latency:+       0            0     
       Net Latency:+       0 (I)        0 (I) 
           Arrival:=   10000            0     
                                              
             Setup:-     242                  
       Uncertainty:-     205                  
     Required Time:=    9552                  
      Launch Clock:-       0                  
         Data Path:-     337                  
             Slack:=    9215                  

Launch clock path:
#---------------------------------------------------------------------------------------------------------------------
#      Timing Point         Flags    Arc   Edge    Cell      Power  Fanout Load Trans Delay Arrival      Instance     
#                                                            Domain        (fF)  (ps)  (ps)   (ps)       Location     
#---------------------------------------------------------------------------------------------------------------------
  clk_i                    (i)       -     R     (arrival)   pd_aon     65  0.0     0     0      -4             (-,-) 
  operand_a_i_sr_reg_22/CK <<< (p,m) -     R     SDFFSRHQX4  pd_aon     65    -     0     0      -4  (4.8000,85.5000) 
#---------------------------------------------------------------------------------------------------------------------

#-------------------------------------------------------------------------------------------------------------------
#      Timing Point        Flags   Arc   Edge    Cell      Power  Fanout Load Trans Delay Arrival      Instance     
#                                                          Domain        (fF)  (ps)  (ps)   (ps)       Location     
#-------------------------------------------------------------------------------------------------------------------
  operand_a_i_sr_reg_22/CK -       -     R     (arrival)   pd_aon     65    -     0     0       0             (-,-) 
  operand_a_i_sr_reg_22/Q  (@,p,m) CK->Q F     SDFFSRHQX4  pd_aon     12 13.7   106   337     337  (4.8000,85.5000) 
  operand_a_i_sr_reg_26/SI (p,m)   -     F     SDFFSRHQX4  pd_aon     12    -     -     0     337  (5.8000,83.7900) 
#-------------------------------------------------------------------------------------------------------------------

(p) : Instance is preserved but may be resized
(@) : Annotated capacitance.
(m) : Attribute cell_delay_multiplier is modified for this library cell.

Capture clock path:
#---------------------------------------------------------------------------------------------------------------------
#      Timing Point         Flags    Arc   Edge    Cell      Power  Fanout Load Trans Delay Arrival      Instance     
#                                                            Domain        (fF)  (ps)  (ps)   (ps)       Location     
#---------------------------------------------------------------------------------------------------------------------
  clk_i                    (i)       -     R     (arrival)   pd_aon     65  0.0     0     0    9996             (-,-) 
  operand_a_i_sr_reg_26/CK <<< (p,m) -     R     SDFFSRHQX4  pd_aon     65    -     0     0    9996  (5.8000,83.7900) 
#---------------------------------------------------------------------------------------------------------------------



Path 232: MET (9216 ps) Setup Check with Pin operand_a_i_sr_reg_10/CK->SI
           View: slow_0p9v_125c_cmax_scan_shift
          Group: clk_i
     Startpoint: (R) operand_b_i_sr_reg_15/CK
          Clock: (R) clk_i
       Endpoint: (R) operand_a_i_sr_reg_10/SI
          Clock: (R) clk_i

                     Capture       Launch     
        Clock Edge:+   10000            0     
       Src Latency:+       0            0     
       Net Latency:+       0 (I)        0 (I) 
           Arrival:=   10000            0     
                                              
             Setup:-     267                  
       Uncertainty:-     205                  
     Required Time:=    9528                  
      Launch Clock:-       0                  
         Data Path:-     313                  
             Slack:=    9216                  

Launch clock path:
#--------------------------------------------------------------------------------------------------------------------
#      Timing Point         Flags    Arc   Edge   Cell      Power  Fanout Load Trans Delay Arrival      Instance     
#                                                           Domain        (fF)  (ps)  (ps)   (ps)       Location     
#--------------------------------------------------------------------------------------------------------------------
  clk_i                    (i)       -     R     (arrival)  pd_aon     65  0.0     0     0      -4             (-,-) 
  operand_b_i_sr_reg_15/CK <<< (p,m) -     R     SDFFRHQX4  pd_aon     65    -     0     0      -4  (5.6000,59.8500) 
#--------------------------------------------------------------------------------------------------------------------

#-------------------------------------------------------------------------------------------------------------------
#      Timing Point        Flags   Arc   Edge    Cell      Power  Fanout Load Trans Delay Arrival      Instance     
#                                                          Domain        (fF)  (ps)  (ps)   (ps)       Location     
#-------------------------------------------------------------------------------------------------------------------
  operand_b_i_sr_reg_15/CK -       -     R     (arrival)   pd_aon     65    -     0     0       0             (-,-) 
  operand_b_i_sr_reg_15/Q  (@,p,m) CK->Q R     SDFFRHQX4   pd_aon     12  9.6    77   313     313  (5.6000,59.8500) 
  operand_a_i_sr_reg_10/SI (p,m)   -     R     SDFFSRHQX4  pd_aon     12    -     -     0     313  (5.2000,61.5600) 
#-------------------------------------------------------------------------------------------------------------------

(p) : Instance is preserved but may be resized
(@) : Annotated capacitance.
(m) : Attribute cell_delay_multiplier is modified for this library cell.

Capture clock path:
#---------------------------------------------------------------------------------------------------------------------
#      Timing Point         Flags    Arc   Edge    Cell      Power  Fanout Load Trans Delay Arrival      Instance     
#                                                            Domain        (fF)  (ps)  (ps)   (ps)       Location     
#---------------------------------------------------------------------------------------------------------------------
  clk_i                    (i)       -     R     (arrival)   pd_aon     65  0.0     0     0    9996             (-,-) 
  operand_a_i_sr_reg_10/CK <<< (p,m) -     R     SDFFSRHQX4  pd_aon     65    -     0     0    9996  (5.2000,61.5600) 
#---------------------------------------------------------------------------------------------------------------------



Path 233: MET (9216 ps) Setup Check with Pin operand_a_i_sr_reg_16/CK->SI
           View: slow_0p9v_125c_cmax_scan_shift
          Group: clk_i
     Startpoint: (R) operand_a_i_sr_reg_10/CK
          Clock: (R) clk_i
       Endpoint: (F) operand_a_i_sr_reg_16/SI
          Clock: (R) clk_i

                     Capture       Launch     
        Clock Edge:+   10000            0     
       Src Latency:+       0            0     
       Net Latency:+       0 (I)        0 (I) 
           Arrival:=   10000            0     
                                              
             Setup:-     241                  
       Uncertainty:-     205                  
     Required Time:=    9554                  
      Launch Clock:-       0                  
         Data Path:-     338                  
             Slack:=    9216                  

Launch clock path:
#---------------------------------------------------------------------------------------------------------------------
#      Timing Point         Flags    Arc   Edge    Cell      Power  Fanout Load Trans Delay Arrival      Instance     
#                                                            Domain        (fF)  (ps)  (ps)   (ps)       Location     
#---------------------------------------------------------------------------------------------------------------------
  clk_i                    (i)       -     R     (arrival)   pd_aon     65  0.0     0     0      -4             (-,-) 
  operand_a_i_sr_reg_10/CK <<< (p,m) -     R     SDFFSRHQX4  pd_aon     65    -     0     0      -4  (5.2000,61.5600) 
#---------------------------------------------------------------------------------------------------------------------

#-------------------------------------------------------------------------------------------------------------------
#      Timing Point        Flags   Arc   Edge    Cell      Power  Fanout Load Trans Delay Arrival      Instance     
#                                                          Domain        (fF)  (ps)  (ps)   (ps)       Location     
#-------------------------------------------------------------------------------------------------------------------
  operand_a_i_sr_reg_10/CK -       -     R     (arrival)   pd_aon     65    -     0     0       0             (-,-) 
  operand_a_i_sr_reg_10/Q  (@,p,m) CK->Q F     SDFFSRHQX4  pd_aon     12 14.0   108   338     338  (5.2000,61.5600) 
  operand_a_i_sr_reg_16/SI (p,m)   -     F     SDFFSRHQX2  pd_aon     12    -     -     0     338  (5.2000,64.9800) 
#-------------------------------------------------------------------------------------------------------------------

(p) : Instance is preserved but may be resized
(@) : Annotated capacitance.
(m) : Attribute cell_delay_multiplier is modified for this library cell.

Capture clock path:
#---------------------------------------------------------------------------------------------------------------------
#      Timing Point         Flags    Arc   Edge    Cell      Power  Fanout Load Trans Delay Arrival      Instance     
#                                                            Domain        (fF)  (ps)  (ps)   (ps)       Location     
#---------------------------------------------------------------------------------------------------------------------
  clk_i                    (i)       -     R     (arrival)   pd_aon     65  0.0     0     0    9996             (-,-) 
  operand_a_i_sr_reg_16/CK <<< (p,m) -     R     SDFFSRHQX2  pd_aon     65    -     0     0    9996  (5.2000,64.9800) 
#---------------------------------------------------------------------------------------------------------------------



Path 234: MET (9216 ps) Setup Check with Pin operand_b_i_sr_reg_6/CK->SI
           View: slow_0p9v_125c_cmax_scan_shift
          Group: clk_i
     Startpoint: (R) operand_b_i_sr_reg_3/CK
          Clock: (R) clk_i
       Endpoint: (R) operand_b_i_sr_reg_6/SI
          Clock: (R) clk_i

                     Capture       Launch     
        Clock Edge:+   10000            0     
       Src Latency:+       0            0     
       Net Latency:+       0 (I)        0 (I) 
           Arrival:=   10000            0     
                                              
             Setup:-     294                  
       Uncertainty:-     205                  
     Required Time:=    9501                  
      Launch Clock:-       0                  
         Data Path:-     286                  
             Slack:=    9216                  

Launch clock path:
#--------------------------------------------------------------------------------------------------------------------
#      Timing Point        Flags    Arc   Edge    Cell      Power  Fanout Load Trans Delay Arrival      Instance     
#                                                           Domain        (fF)  (ps)  (ps)   (ps)       Location     
#--------------------------------------------------------------------------------------------------------------------
  clk_i                   (i)       -     R     (arrival)   pd_aon     65  0.0     0     0      -4             (-,-) 
  operand_b_i_sr_reg_3/CK <<< (p,m) -     R     SDFFSRHQX4  pd_aon     65    -     0     0      -4  (5.0000,22.2300) 
#--------------------------------------------------------------------------------------------------------------------

#------------------------------------------------------------------------------------------------------------------
#      Timing Point       Flags   Arc   Edge    Cell      Power  Fanout Load Trans Delay Arrival      Instance     
#                                                         Domain        (fF)  (ps)  (ps)   (ps)       Location     
#------------------------------------------------------------------------------------------------------------------
  operand_b_i_sr_reg_3/CK -       -     R     (arrival)   pd_aon     65    -     0     0       0             (-,-) 
  operand_b_i_sr_reg_3/Q  (@,p,m) CK->Q R     SDFFSRHQX4  pd_aon      6 10.2    69   285     285  (5.0000,22.2300) 
  operand_b_i_sr_reg_6/SI (p,m)   -     R     SDFFSRX1    pd_aon      6    -     -     0     286  (4.8000,25.6500) 
#------------------------------------------------------------------------------------------------------------------

(p) : Instance is preserved but may be resized
(@) : Annotated capacitance.
(m) : Attribute cell_delay_multiplier is modified for this library cell.

Capture clock path:
#-------------------------------------------------------------------------------------------------------------------
#      Timing Point        Flags    Arc   Edge   Cell      Power  Fanout Load Trans Delay Arrival      Instance     
#                                                          Domain        (fF)  (ps)  (ps)   (ps)       Location     
#-------------------------------------------------------------------------------------------------------------------
  clk_i                   (i)       -     R     (arrival)  pd_aon     65  0.0     0     0    9996             (-,-) 
  operand_b_i_sr_reg_6/CK <<< (p,m) -     R     SDFFSRX1   pd_aon     65    -     0     0    9996  (4.8000,25.6500) 
#-------------------------------------------------------------------------------------------------------------------



Path 235: MET (9216 ps) Setup Check with Pin operand_a_i_sr_reg_6/CK->SI
           View: slow_0p9v_125c_cmax_scan_shift
          Group: clk_i
     Startpoint: (R) operand_a_i_sr_reg_13/CK
          Clock: (R) clk_i
       Endpoint: (F) operand_a_i_sr_reg_6/SI
          Clock: (R) clk_i

                     Capture       Launch     
        Clock Edge:+   10000            0     
       Src Latency:+       0            0     
       Net Latency:+       0 (I)        0 (I) 
           Arrival:=   10000            0     
                                              
             Setup:-     241                  
       Uncertainty:-     205                  
     Required Time:=    9554                  
      Launch Clock:-       0                  
         Data Path:-     338                  
             Slack:=    9216                  

Launch clock path:
#----------------------------------------------------------------------------------------------------------------------
#      Timing Point         Flags    Arc   Edge    Cell      Power  Fanout Load Trans Delay Arrival      Instance      
#                                                            Domain        (fF)  (ps)  (ps)   (ps)       Location      
#----------------------------------------------------------------------------------------------------------------------
  clk_i                    (i)       -     R     (arrival)   pd_aon     65  0.0     0     0      -4              (-,-) 
  operand_a_i_sr_reg_13/CK <<< (p,m) -     R     SDFFSRHQX4  pd_aon     65    -     0     0      -4  (14.6000,75.2400) 
#----------------------------------------------------------------------------------------------------------------------

#--------------------------------------------------------------------------------------------------------------------
#      Timing Point        Flags   Arc   Edge    Cell      Power  Fanout Load Trans Delay Arrival      Instance      
#                                                          Domain        (fF)  (ps)  (ps)   (ps)       Location      
#--------------------------------------------------------------------------------------------------------------------
  operand_a_i_sr_reg_13/CK -       -     R     (arrival)   pd_aon     65    -     0     0       0              (-,-) 
  operand_a_i_sr_reg_13/Q  (@,p,m) CK->Q F     SDFFSRHQX4  pd_aon     14 13.9   108   338     338  (14.6000,75.2400) 
  operand_a_i_sr_reg_6/SI  (p,m)   -     F     SDFFSRHQX2  pd_aon     14    -     -     0     338  (15.8000,73.5300) 
#--------------------------------------------------------------------------------------------------------------------

(p) : Instance is preserved but may be resized
(@) : Annotated capacitance.
(m) : Attribute cell_delay_multiplier is modified for this library cell.

Capture clock path:
#---------------------------------------------------------------------------------------------------------------------
#      Timing Point        Flags    Arc   Edge    Cell      Power  Fanout Load Trans Delay Arrival      Instance      
#                                                           Domain        (fF)  (ps)  (ps)   (ps)       Location      
#---------------------------------------------------------------------------------------------------------------------
  clk_i                   (i)       -     R     (arrival)   pd_aon     65  0.0     0     0    9996              (-,-) 
  operand_a_i_sr_reg_6/CK <<< (p,m) -     R     SDFFSRHQX2  pd_aon     65    -     0     0    9996  (15.8000,73.5300) 
#---------------------------------------------------------------------------------------------------------------------



Path 236: MET (9217 ps) Setup Check with Pin operand_a_i_sr_reg_7/CK->SI
           View: slow_0p9v_125c_cmax_scan_shift
          Group: clk_i
     Startpoint: (R) operand_a_i_sr_reg_6/CK
          Clock: (R) clk_i
       Endpoint: (F) operand_a_i_sr_reg_7/SI
          Clock: (R) clk_i

                     Capture       Launch     
        Clock Edge:+   10000            0     
       Src Latency:+       0            0     
       Net Latency:+       0 (I)        0 (I) 
           Arrival:=   10000            0     
                                              
             Setup:-     252                  
       Uncertainty:-     205                  
     Required Time:=    9543                  
      Launch Clock:-       0                  
         Data Path:-     327                  
             Slack:=    9217                  

Launch clock path:
#---------------------------------------------------------------------------------------------------------------------
#      Timing Point        Flags    Arc   Edge    Cell      Power  Fanout Load Trans Delay Arrival      Instance      
#                                                           Domain        (fF)  (ps)  (ps)   (ps)       Location      
#---------------------------------------------------------------------------------------------------------------------
  clk_i                   (i)       -     R     (arrival)   pd_aon     65  0.0     0     0      -4              (-,-) 
  operand_a_i_sr_reg_6/CK <<< (p,m) -     R     SDFFSRHQX2  pd_aon     65    -     0     0      -4  (15.8000,73.5300) 
#---------------------------------------------------------------------------------------------------------------------

#-------------------------------------------------------------------------------------------------------------------
#      Timing Point       Flags   Arc   Edge    Cell      Power  Fanout Load Trans Delay Arrival      Instance      
#                                                         Domain        (fF)  (ps)  (ps)   (ps)       Location      
#-------------------------------------------------------------------------------------------------------------------
  operand_a_i_sr_reg_6/CK -       -     R     (arrival)   pd_aon     65    -     0     0       0              (-,-) 
  operand_a_i_sr_reg_6/Q  (@,p,m) CK->Q F     SDFFSRHQX2  pd_aon      7  9.1   131   326     326  (15.8000,73.5300) 
  operand_a_i_sr_reg_7/SI (p,m)   -     F     SDFFSRHQX2  pd_aon      7    -     -     0     327  (15.2000,71.8200) 
#-------------------------------------------------------------------------------------------------------------------

(p) : Instance is preserved but may be resized
(@) : Annotated capacitance.
(m) : Attribute cell_delay_multiplier is modified for this library cell.

Capture clock path:
#---------------------------------------------------------------------------------------------------------------------
#      Timing Point        Flags    Arc   Edge    Cell      Power  Fanout Load Trans Delay Arrival      Instance      
#                                                           Domain        (fF)  (ps)  (ps)   (ps)       Location      
#---------------------------------------------------------------------------------------------------------------------
  clk_i                   (i)       -     R     (arrival)   pd_aon     65  0.0     0     0    9996              (-,-) 
  operand_a_i_sr_reg_7/CK <<< (p,m) -     R     SDFFSRHQX2  pd_aon     65    -     0     0    9996  (15.2000,71.8200) 
#---------------------------------------------------------------------------------------------------------------------



Path 237: MET (9218 ps) Setup Check with Pin operand_a_i_sr_reg_20/CK->SI
           View: slow_0p9v_125c_cmax_scan_shift
          Group: clk_i
     Startpoint: (R) operand_a_i_sr_reg_26/CK
          Clock: (R) clk_i
       Endpoint: (F) operand_a_i_sr_reg_20/SI
          Clock: (R) clk_i

                     Capture       Launch     
        Clock Edge:+   10000            0     
       Src Latency:+       0            0     
       Net Latency:+       0 (I)        0 (I) 
           Arrival:=   10000            0     
                                              
             Setup:-     241                  
       Uncertainty:-     205                  
     Required Time:=    9554                  
      Launch Clock:-       0                  
         Data Path:-     335                  
             Slack:=    9218                  

Launch clock path:
#---------------------------------------------------------------------------------------------------------------------
#      Timing Point         Flags    Arc   Edge    Cell      Power  Fanout Load Trans Delay Arrival      Instance     
#                                                            Domain        (fF)  (ps)  (ps)   (ps)       Location     
#---------------------------------------------------------------------------------------------------------------------
  clk_i                    (i)       -     R     (arrival)   pd_aon     65  0.0     0     0      -4             (-,-) 
  operand_a_i_sr_reg_26/CK <<< (p,m) -     R     SDFFSRHQX4  pd_aon     65    -     0     0      -4  (5.8000,83.7900) 
#---------------------------------------------------------------------------------------------------------------------

#--------------------------------------------------------------------------------------------------------------------
#      Timing Point        Flags   Arc   Edge    Cell      Power  Fanout Load Trans Delay Arrival      Instance      
#                                                          Domain        (fF)  (ps)  (ps)   (ps)       Location      
#--------------------------------------------------------------------------------------------------------------------
  operand_a_i_sr_reg_26/CK -       -     R     (arrival)   pd_aon     65    -     0     0       0              (-,-) 
  operand_a_i_sr_reg_26/Q  (@,p,m) CK->Q F     SDFFSRHQX4  pd_aon     13 13.2   104   335     335   (5.8000,83.7900) 
  operand_a_i_sr_reg_20/SI (p,m)   -     F     SDFFSRHQX4  pd_aon     13    -     -     0     335  (15.6000,80.3700) 
#--------------------------------------------------------------------------------------------------------------------

(p) : Instance is preserved but may be resized
(@) : Annotated capacitance.
(m) : Attribute cell_delay_multiplier is modified for this library cell.

Capture clock path:
#----------------------------------------------------------------------------------------------------------------------
#      Timing Point         Flags    Arc   Edge    Cell      Power  Fanout Load Trans Delay Arrival      Instance      
#                                                            Domain        (fF)  (ps)  (ps)   (ps)       Location      
#----------------------------------------------------------------------------------------------------------------------
  clk_i                    (i)       -     R     (arrival)   pd_aon     65  0.0     0     0    9996              (-,-) 
  operand_a_i_sr_reg_20/CK <<< (p,m) -     R     SDFFSRHQX4  pd_aon     65    -     0     0    9996  (15.6000,80.3700) 
#----------------------------------------------------------------------------------------------------------------------



Path 238: MET (9221 ps) Setup Check with Pin operand_a_i_sr_reg_25/CK->SI
           View: slow_0p9v_125c_cmax_scan_shift
          Group: clk_i
     Startpoint: (R) operand_b_i_sr_reg_31/CK
          Clock: (R) clk_i
       Endpoint: (F) operand_a_i_sr_reg_25/SI
          Clock: (R) clk_i

                     Capture       Launch     
        Clock Edge:+   10000            0     
       Src Latency:+       0            0     
       Net Latency:+       0 (I)        0 (I) 
           Arrival:=   10000            0     
                                              
             Setup:-     248                  
       Uncertainty:-     205                  
     Required Time:=    9548                  
      Launch Clock:-       0                  
         Data Path:-     326                  
             Slack:=    9221                  

Launch clock path:
#---------------------------------------------------------------------------------------------------------------------
#      Timing Point         Flags    Arc   Edge    Cell      Power  Fanout Load Trans Delay Arrival      Instance     
#                                                            Domain        (fF)  (ps)  (ps)   (ps)       Location     
#---------------------------------------------------------------------------------------------------------------------
  clk_i                    (i)       -     R     (arrival)   pd_aon     65  0.0     0     0      -4             (-,-) 
  operand_b_i_sr_reg_31/CK <<< (p,m) -     R     SDFFSRHQX2  pd_aon     65    -     0     0      -4  (5.0000,75.2400) 
#---------------------------------------------------------------------------------------------------------------------

#-------------------------------------------------------------------------------------------------------------------
#      Timing Point        Flags   Arc   Edge    Cell      Power  Fanout Load Trans Delay Arrival      Instance     
#                                                          Domain        (fF)  (ps)  (ps)   (ps)       Location     
#-------------------------------------------------------------------------------------------------------------------
  operand_b_i_sr_reg_31/CK -       -     R     (arrival)   pd_aon     65    -     0     0       0             (-,-) 
  operand_b_i_sr_reg_31/Q  (@,p,m) CK->Q F     SDFFSRHQX2  pd_aon     12  9.1   131   326     326  (5.0000,75.2400) 
  operand_a_i_sr_reg_25/SI (p,m)   -     F     SDFFSRHQX1  pd_aon     12    -     -     0     326  (5.2000,78.6600) 
#-------------------------------------------------------------------------------------------------------------------

(p) : Instance is preserved but may be resized
(@) : Annotated capacitance.
(m) : Attribute cell_delay_multiplier is modified for this library cell.

Capture clock path:
#---------------------------------------------------------------------------------------------------------------------
#      Timing Point         Flags    Arc   Edge    Cell      Power  Fanout Load Trans Delay Arrival      Instance     
#                                                            Domain        (fF)  (ps)  (ps)   (ps)       Location     
#---------------------------------------------------------------------------------------------------------------------
  clk_i                    (i)       -     R     (arrival)   pd_aon     65  0.0     0     0    9996             (-,-) 
  operand_a_i_sr_reg_25/CK <<< (p,m) -     R     SDFFSRHQX1  pd_aon     65    -     0     0    9996  (5.2000,78.6600) 
#---------------------------------------------------------------------------------------------------------------------



Path 239: MET (9222 ps) Setup Check with Pin operand_a_i_sr_reg_9/CK->SI
           View: slow_0p9v_125c_cmax_scan_shift
          Group: clk_i
     Startpoint: (R) operand_a_i_sr_reg_5/CK
          Clock: (R) clk_i
       Endpoint: (F) operand_a_i_sr_reg_9/SI
          Clock: (R) clk_i

                     Capture       Launch     
        Clock Edge:+   10000            0     
       Src Latency:+       0            0     
       Net Latency:+       0 (I)        0 (I) 
           Arrival:=   10000            0     
                                              
             Setup:-     249                  
       Uncertainty:-     205                  
     Required Time:=    9546                  
      Launch Clock:-       0                  
         Data Path:-     324                  
             Slack:=    9222                  

Launch clock path:
#---------------------------------------------------------------------------------------------------------------------
#      Timing Point        Flags    Arc   Edge    Cell      Power  Fanout Load Trans Delay Arrival      Instance      
#                                                           Domain        (fF)  (ps)  (ps)   (ps)       Location      
#---------------------------------------------------------------------------------------------------------------------
  clk_i                   (i)       -     R     (arrival)   pd_aon     65  0.0     0     0      -4              (-,-) 
  operand_a_i_sr_reg_5/CK <<< (p,m) -     R     SDFFSRHQX2  pd_aon     65    -     0     0      -4  (15.6000,64.9800) 
#---------------------------------------------------------------------------------------------------------------------

#-------------------------------------------------------------------------------------------------------------------
#      Timing Point       Flags   Arc   Edge    Cell      Power  Fanout Load Trans Delay Arrival      Instance      
#                                                         Domain        (fF)  (ps)  (ps)   (ps)       Location      
#-------------------------------------------------------------------------------------------------------------------
  operand_a_i_sr_reg_5/CK -       -     R     (arrival)   pd_aon     65    -     0     0       0              (-,-) 
  operand_a_i_sr_reg_5/Q  (@,p,m) CK->Q F     SDFFSRHQX2  pd_aon      5  8.7   126   323     323  (15.6000,64.9800) 
  operand_a_i_sr_reg_9/SI (p,m)   -     F     SDFFSRHQX2  pd_aon      5    -     -     0     324  (16.0000,61.5600) 
#-------------------------------------------------------------------------------------------------------------------

(p) : Instance is preserved but may be resized
(@) : Annotated capacitance.
(m) : Attribute cell_delay_multiplier is modified for this library cell.

Capture clock path:
#---------------------------------------------------------------------------------------------------------------------
#      Timing Point        Flags    Arc   Edge    Cell      Power  Fanout Load Trans Delay Arrival      Instance      
#                                                           Domain        (fF)  (ps)  (ps)   (ps)       Location      
#---------------------------------------------------------------------------------------------------------------------
  clk_i                   (i)       -     R     (arrival)   pd_aon     65  0.0     0     0    9996              (-,-) 
  operand_a_i_sr_reg_9/CK <<< (p,m) -     R     SDFFSRHQX2  pd_aon     65    -     0     0    9996  (16.0000,61.5600) 
#---------------------------------------------------------------------------------------------------------------------



Path 240: MET (9225 ps) Setup Check with Pin operand_b_i_sr_reg_21/CK->SI
           View: slow_0p9v_125c_cmax_scan_shift
          Group: clk_i
     Startpoint: (R) operand_b_i_sr_reg_19/CK
          Clock: (R) clk_i
       Endpoint: (F) operand_b_i_sr_reg_21/SI
          Clock: (R) clk_i

                     Capture       Launch     
        Clock Edge:+   10000            0     
       Src Latency:+       0            0     
       Net Latency:+       0 (I)        0 (I) 
           Arrival:=   10000            0     
                                              
             Setup:-     238                  
       Uncertainty:-     205                  
     Required Time:=    9557                  
      Launch Clock:-       0                  
         Data Path:-     332                  
             Slack:=    9225                  

Launch clock path:
#---------------------------------------------------------------------------------------------------------------------
#      Timing Point         Flags    Arc   Edge    Cell      Power  Fanout Load Trans Delay Arrival      Instance     
#                                                            Domain        (fF)  (ps)  (ps)   (ps)       Location     
#---------------------------------------------------------------------------------------------------------------------
  clk_i                    (i)       -     R     (arrival)   pd_aon     65  0.0     0     0      -4             (-,-) 
  operand_b_i_sr_reg_19/CK <<< (p,m) -     R     SDFFSRHQX4  pd_aon     65    -     0     0      -4  (5.4000,37.6200) 
#---------------------------------------------------------------------------------------------------------------------

#-------------------------------------------------------------------------------------------------------------------
#      Timing Point        Flags   Arc   Edge    Cell      Power  Fanout Load Trans Delay Arrival      Instance     
#                                                          Domain        (fF)  (ps)  (ps)   (ps)       Location     
#-------------------------------------------------------------------------------------------------------------------
  operand_b_i_sr_reg_19/CK -       -     R     (arrival)   pd_aon     65    -     0     0       0             (-,-) 
  operand_b_i_sr_reg_19/Q  (@,p,m) CK->Q F     SDFFSRHQX4  pd_aon     14 12.3    97   331     331  (5.4000,37.6200) 
  operand_b_i_sr_reg_21/SI (p,m)   -     F     SDFFSRHQX4  pd_aon     14    -     -     0     332  (5.4000,41.0400) 
#-------------------------------------------------------------------------------------------------------------------

(p) : Instance is preserved but may be resized
(@) : Annotated capacitance.
(m) : Attribute cell_delay_multiplier is modified for this library cell.

Capture clock path:
#---------------------------------------------------------------------------------------------------------------------
#      Timing Point         Flags    Arc   Edge    Cell      Power  Fanout Load Trans Delay Arrival      Instance     
#                                                            Domain        (fF)  (ps)  (ps)   (ps)       Location     
#---------------------------------------------------------------------------------------------------------------------
  clk_i                    (i)       -     R     (arrival)   pd_aon     65  0.0     0     0    9996             (-,-) 
  operand_b_i_sr_reg_21/CK <<< (p,m) -     R     SDFFSRHQX4  pd_aon     65    -     0     0    9996  (5.4000,41.0400) 
#---------------------------------------------------------------------------------------------------------------------



Path 241: MET (9230 ps) Setup Check with Pin operand_a_i_sr_reg_8/CK->SI
           View: slow_0p9v_125c_cmax_scan_shift
          Group: clk_i
     Startpoint: (R) operand_a_i_sr_reg_9/CK
          Clock: (R) clk_i
       Endpoint: (F) operand_a_i_sr_reg_8/SI
          Clock: (R) clk_i

                     Capture       Launch     
        Clock Edge:+   10000            0     
       Src Latency:+       0            0     
       Net Latency:+       0 (I)        0 (I) 
           Arrival:=   10000            0     
                                              
             Setup:-     246                  
       Uncertainty:-     205                  
     Required Time:=    9549                  
      Launch Clock:-       0                  
         Data Path:-     320                  
             Slack:=    9230                  

Launch clock path:
#---------------------------------------------------------------------------------------------------------------------
#      Timing Point        Flags    Arc   Edge    Cell      Power  Fanout Load Trans Delay Arrival      Instance      
#                                                           Domain        (fF)  (ps)  (ps)   (ps)       Location      
#---------------------------------------------------------------------------------------------------------------------
  clk_i                   (i)       -     R     (arrival)   pd_aon     65  0.0     0     0      -4              (-,-) 
  operand_a_i_sr_reg_9/CK <<< (p,m) -     R     SDFFSRHQX2  pd_aon     65    -     0     0      -4  (16.0000,61.5600) 
#---------------------------------------------------------------------------------------------------------------------

#-------------------------------------------------------------------------------------------------------------------
#      Timing Point       Flags   Arc   Edge    Cell      Power  Fanout Load Trans Delay Arrival      Instance      
#                                                         Domain        (fF)  (ps)  (ps)   (ps)       Location      
#-------------------------------------------------------------------------------------------------------------------
  operand_a_i_sr_reg_9/CK -       -     R     (arrival)   pd_aon     65    -     0     0       0              (-,-) 
  operand_a_i_sr_reg_9/Q  (@,p,m) CK->Q F     SDFFSRHQX2  pd_aon      6  8.2   119   319     319  (16.0000,61.5600) 
  operand_a_i_sr_reg_8/SI (p,m)   -     F     SDFFSRHQX2  pd_aon      6    -     -     0     320  (14.6000,59.8500) 
#-------------------------------------------------------------------------------------------------------------------

(p) : Instance is preserved but may be resized
(@) : Annotated capacitance.
(m) : Attribute cell_delay_multiplier is modified for this library cell.

Capture clock path:
#---------------------------------------------------------------------------------------------------------------------
#      Timing Point        Flags    Arc   Edge    Cell      Power  Fanout Load Trans Delay Arrival      Instance      
#                                                           Domain        (fF)  (ps)  (ps)   (ps)       Location      
#---------------------------------------------------------------------------------------------------------------------
  clk_i                   (i)       -     R     (arrival)   pd_aon     65  0.0     0     0    9996              (-,-) 
  operand_a_i_sr_reg_8/CK <<< (p,m) -     R     SDFFSRHQX2  pd_aon     65    -     0     0    9996  (14.6000,59.8500) 
#---------------------------------------------------------------------------------------------------------------------



Path 242: MET (9232 ps) Setup Check with Pin operand_a_i_sr_reg_28/CK->SI
           View: slow_0p9v_125c_cmax_scan_shift
          Group: clk_i
     Startpoint: (R) operand_a_i_sr_reg_30/CK
          Clock: (R) clk_i
       Endpoint: (F) operand_a_i_sr_reg_28/SI
          Clock: (R) clk_i

                     Capture       Launch     
        Clock Edge:+   10000            0     
       Src Latency:+       0            0     
       Net Latency:+       0 (I)        0 (I) 
           Arrival:=   10000            0     
                                              
             Setup:-     234                  
       Uncertainty:-     205                  
     Required Time:=    9561                  
      Launch Clock:-       0                  
         Data Path:-     329                  
             Slack:=    9232                  

Launch clock path:
#---------------------------------------------------------------------------------------------------------------------
#      Timing Point         Flags    Arc   Edge    Cell      Power  Fanout Load Trans Delay Arrival      Instance     
#                                                            Domain        (fF)  (ps)  (ps)   (ps)       Location     
#---------------------------------------------------------------------------------------------------------------------
  clk_i                    (i)       -     R     (arrival)   pd_aon     65  0.0     0     0      -4             (-,-) 
  operand_a_i_sr_reg_30/CK <<< (p,m) -     R     SDFFSRHQX4  pd_aon     65    -     0     0      -4  (5.0000,94.0500) 
#---------------------------------------------------------------------------------------------------------------------

#-------------------------------------------------------------------------------------------------------------------
#      Timing Point        Flags   Arc   Edge    Cell      Power  Fanout Load Trans Delay Arrival      Instance     
#                                                          Domain        (fF)  (ps)  (ps)   (ps)       Location     
#-------------------------------------------------------------------------------------------------------------------
  operand_a_i_sr_reg_30/CK -       -     R     (arrival)   pd_aon     65    -     0     0       0             (-,-) 
  operand_a_i_sr_reg_30/Q  (@,p,m) CK->Q F     SDFFSRHQX4  pd_aon     12 11.6    93   329     329  (5.0000,94.0500) 
  operand_a_i_sr_reg_28/SI (p,m)   -     F     SDFFSRHQX2  pd_aon     12    -     -     0     329  (4.8000,92.3400) 
#-------------------------------------------------------------------------------------------------------------------

(p) : Instance is preserved but may be resized
(@) : Annotated capacitance.
(m) : Attribute cell_delay_multiplier is modified for this library cell.

Capture clock path:
#---------------------------------------------------------------------------------------------------------------------
#      Timing Point         Flags    Arc   Edge    Cell      Power  Fanout Load Trans Delay Arrival      Instance     
#                                                            Domain        (fF)  (ps)  (ps)   (ps)       Location     
#---------------------------------------------------------------------------------------------------------------------
  clk_i                    (i)       -     R     (arrival)   pd_aon     65  0.0     0     0    9996             (-,-) 
  operand_a_i_sr_reg_28/CK <<< (p,m) -     R     SDFFSRHQX2  pd_aon     65    -     0     0    9996  (4.8000,92.3400) 
#---------------------------------------------------------------------------------------------------------------------



Path 243: MET (9234 ps) Setup Check with Pin operand_b_i_sr_reg_19/CK->SI
           View: slow_0p9v_125c_cmax_scan_shift
          Group: clk_i
     Startpoint: (R) operand_b_i_sr_reg_18/CK
          Clock: (R) clk_i
       Endpoint: (F) operand_b_i_sr_reg_19/SI
          Clock: (R) clk_i

                     Capture       Launch     
        Clock Edge:+   10000            0     
       Src Latency:+       0            0     
       Net Latency:+       0 (I)        0 (I) 
           Arrival:=   10000            0     
                                              
             Setup:-     245                  
       Uncertainty:-     205                  
     Required Time:=    9550                  
      Launch Clock:-       0                  
         Data Path:-     316                  
             Slack:=    9234                  

Launch clock path:
#---------------------------------------------------------------------------------------------------------------------
#      Timing Point         Flags    Arc   Edge    Cell      Power  Fanout Load Trans Delay Arrival      Instance     
#                                                            Domain        (fF)  (ps)  (ps)   (ps)       Location     
#---------------------------------------------------------------------------------------------------------------------
  clk_i                    (i)       -     R     (arrival)   pd_aon     65  0.0     0     0      -4             (-,-) 
  operand_b_i_sr_reg_18/CK <<< (p,m) -     R     SDFFSRHQX2  pd_aon     65    -     0     0      -4  (5.2000,35.9100) 
#---------------------------------------------------------------------------------------------------------------------

#-------------------------------------------------------------------------------------------------------------------
#      Timing Point        Flags   Arc   Edge    Cell      Power  Fanout Load Trans Delay Arrival      Instance     
#                                                          Domain        (fF)  (ps)  (ps)   (ps)       Location     
#-------------------------------------------------------------------------------------------------------------------
  operand_b_i_sr_reg_18/CK -       -     R     (arrival)   pd_aon     65    -     0     0       0             (-,-) 
  operand_b_i_sr_reg_18/Q  (@,p,m) CK->Q F     SDFFSRHQX2  pd_aon      6  7.7   113   316     316  (5.2000,35.9100) 
  operand_b_i_sr_reg_19/SI (p,m)   -     F     SDFFSRHQX4  pd_aon      6    -     -     0     316  (5.4000,37.6200) 
#-------------------------------------------------------------------------------------------------------------------

(p) : Instance is preserved but may be resized
(@) : Annotated capacitance.
(m) : Attribute cell_delay_multiplier is modified for this library cell.

Capture clock path:
#---------------------------------------------------------------------------------------------------------------------
#      Timing Point         Flags    Arc   Edge    Cell      Power  Fanout Load Trans Delay Arrival      Instance     
#                                                            Domain        (fF)  (ps)  (ps)   (ps)       Location     
#---------------------------------------------------------------------------------------------------------------------
  clk_i                    (i)       -     R     (arrival)   pd_aon     65  0.0     0     0    9996             (-,-) 
  operand_b_i_sr_reg_19/CK <<< (p,m) -     R     SDFFSRHQX4  pd_aon     65    -     0     0    9996  (5.4000,37.6200) 
#---------------------------------------------------------------------------------------------------------------------



Path 244: MET (9239 ps) Setup Check with Pin operand_a_i_sr_reg_22/CK->SI
           View: slow_0p9v_125c_cmax_scan_shift
          Group: clk_i
     Startpoint: (R) operand_a_i_sr_reg_21/CK
          Clock: (R) clk_i
       Endpoint: (F) operand_a_i_sr_reg_22/SI
          Clock: (R) clk_i

                     Capture       Launch     
        Clock Edge:+   10000            0     
       Src Latency:+       0            0     
       Net Latency:+       0 (I)        0 (I) 
           Arrival:=   10000            0     
                                              
             Setup:-     243                  
       Uncertainty:-     205                  
     Required Time:=    9552                  
      Launch Clock:-       0                  
         Data Path:-     313                  
             Slack:=    9239                  

Launch clock path:
#---------------------------------------------------------------------------------------------------------------------
#      Timing Point         Flags    Arc   Edge    Cell      Power  Fanout Load Trans Delay Arrival      Instance     
#                                                            Domain        (fF)  (ps)  (ps)   (ps)       Location     
#---------------------------------------------------------------------------------------------------------------------
  clk_i                    (i)       -     R     (arrival)   pd_aon     65  0.0     0     0      -4             (-,-) 
  operand_a_i_sr_reg_21/CK <<< (p,m) -     R     SDFFSRHQX2  pd_aon     65    -     0     0      -4  (4.6000,87.2100) 
#---------------------------------------------------------------------------------------------------------------------

#-------------------------------------------------------------------------------------------------------------------
#      Timing Point        Flags   Arc   Edge    Cell      Power  Fanout Load Trans Delay Arrival      Instance     
#                                                          Domain        (fF)  (ps)  (ps)   (ps)       Location     
#-------------------------------------------------------------------------------------------------------------------
  operand_a_i_sr_reg_21/CK -       -     R     (arrival)   pd_aon     65    -     0     0       0             (-,-) 
  operand_a_i_sr_reg_21/Q  (@,p,m) CK->Q F     SDFFSRHQX2  pd_aon      6  7.3   108   313     313  (4.6000,87.2100) 
  operand_a_i_sr_reg_22/SI (p,m)   -     F     SDFFSRHQX4  pd_aon      6    -     -     0     313  (4.8000,85.5000) 
#-------------------------------------------------------------------------------------------------------------------

(p) : Instance is preserved but may be resized
(@) : Annotated capacitance.
(m) : Attribute cell_delay_multiplier is modified for this library cell.

Capture clock path:
#---------------------------------------------------------------------------------------------------------------------
#      Timing Point         Flags    Arc   Edge    Cell      Power  Fanout Load Trans Delay Arrival      Instance     
#                                                            Domain        (fF)  (ps)  (ps)   (ps)       Location     
#---------------------------------------------------------------------------------------------------------------------
  clk_i                    (i)       -     R     (arrival)   pd_aon     65  0.0     0     0    9996             (-,-) 
  operand_a_i_sr_reg_22/CK <<< (p,m) -     R     SDFFSRHQX4  pd_aon     65    -     0     0    9996  (4.8000,85.5000) 
#---------------------------------------------------------------------------------------------------------------------



Path 245: MET (9240 ps) Setup Check with Pin operand_a_i_sr_reg_27/CK->SI
           View: slow_0p9v_125c_cmax_scan_shift
          Group: clk_i
     Startpoint: (R) operand_a_i_sr_reg_28/CK
          Clock: (R) clk_i
       Endpoint: (F) operand_a_i_sr_reg_27/SI
          Clock: (R) clk_i

                     Capture       Launch     
        Clock Edge:+   10000            0     
       Src Latency:+       0            0     
       Net Latency:+       0 (I)        0 (I) 
           Arrival:=   10000            0     
                                              
             Setup:-     239                  
       Uncertainty:-     205                  
     Required Time:=    9556                  
      Launch Clock:-       0                  
         Data Path:-     316                  
             Slack:=    9240                  

Launch clock path:
#---------------------------------------------------------------------------------------------------------------------
#      Timing Point         Flags    Arc   Edge    Cell      Power  Fanout Load Trans Delay Arrival      Instance     
#                                                            Domain        (fF)  (ps)  (ps)   (ps)       Location     
#---------------------------------------------------------------------------------------------------------------------
  clk_i                    (i)       -     R     (arrival)   pd_aon     65  0.0     0     0      -4             (-,-) 
  operand_a_i_sr_reg_28/CK <<< (p,m) -     R     SDFFSRHQX2  pd_aon     65    -     0     0      -4  (4.8000,92.3400) 
#---------------------------------------------------------------------------------------------------------------------

#-------------------------------------------------------------------------------------------------------------------
#      Timing Point        Flags   Arc   Edge    Cell      Power  Fanout Load Trans Delay Arrival      Instance     
#                                                          Domain        (fF)  (ps)  (ps)   (ps)       Location     
#-------------------------------------------------------------------------------------------------------------------
  operand_a_i_sr_reg_28/CK -       -     R     (arrival)   pd_aon     65    -     0     0       0             (-,-) 
  operand_a_i_sr_reg_28/Q  (@,p,m) CK->Q F     SDFFSRHQX2  pd_aon      7  7.7   113   316     316  (4.8000,92.3400) 
  operand_a_i_sr_reg_27/SI (p,m)   -     F     SDFFSRHQX1  pd_aon      7    -     -     0     316  (4.8000,90.6300) 
#-------------------------------------------------------------------------------------------------------------------

(p) : Instance is preserved but may be resized
(@) : Annotated capacitance.
(m) : Attribute cell_delay_multiplier is modified for this library cell.

Capture clock path:
#---------------------------------------------------------------------------------------------------------------------
#      Timing Point         Flags    Arc   Edge    Cell      Power  Fanout Load Trans Delay Arrival      Instance     
#                                                            Domain        (fF)  (ps)  (ps)   (ps)       Location     
#---------------------------------------------------------------------------------------------------------------------
  clk_i                    (i)       -     R     (arrival)   pd_aon     65  0.0     0     0    9996             (-,-) 
  operand_a_i_sr_reg_27/CK <<< (p,m) -     R     SDFFSRHQX1  pd_aon     65    -     0     0    9996  (4.8000,90.6300) 
#---------------------------------------------------------------------------------------------------------------------



Path 246: MET (9243 ps) Setup Check with Pin operand_a_i_sr_reg_3/CK->SI
           View: slow_0p9v_125c_cmax_scan_shift
          Group: clk_i
     Startpoint: (R) operand_b_i_sr_reg_26/CK
          Clock: (R) clk_i
       Endpoint: (F) operand_a_i_sr_reg_3/SI
          Clock: (R) clk_i

                     Capture       Launch     
        Clock Edge:+   10000            0     
       Src Latency:+       0            0     
       Net Latency:+       0 (I)        0 (I) 
           Arrival:=   10000            0     
                                              
             Setup:-     238                  
       Uncertainty:-     205                  
     Required Time:=    9557                  
      Launch Clock:-       0                  
         Data Path:-     314                  
             Slack:=    9243                  

Launch clock path:
#----------------------------------------------------------------------------------------------------------------------
#      Timing Point         Flags    Arc   Edge    Cell      Power  Fanout Load Trans Delay Arrival      Instance      
#                                                            Domain        (fF)  (ps)  (ps)   (ps)       Location      
#----------------------------------------------------------------------------------------------------------------------
  clk_i                    (i)       -     R     (arrival)   pd_aon     65  0.0     0     0      -4              (-,-) 
  operand_b_i_sr_reg_26/CK <<< (p,m) -     R     SDFFSRHQX2  pd_aon     65    -     0     0      -4  (16.0000,56.4300) 
#----------------------------------------------------------------------------------------------------------------------

#--------------------------------------------------------------------------------------------------------------------
#      Timing Point        Flags   Arc   Edge    Cell      Power  Fanout Load Trans Delay Arrival      Instance      
#                                                          Domain        (fF)  (ps)  (ps)   (ps)       Location      
#--------------------------------------------------------------------------------------------------------------------
  operand_b_i_sr_reg_26/CK -       -     R     (arrival)   pd_aon     65    -     0     0       0              (-,-) 
  operand_b_i_sr_reg_26/Q  (@,p,m) CK->Q F     SDFFSRHQX2  pd_aon      6  7.5   110   314     314  (16.0000,56.4300) 
  operand_a_i_sr_reg_3/SI  (p,m)   -     F     SDFFSRHQX1  pd_aon      6    -     -     0     314  (15.8000,53.0100) 
#--------------------------------------------------------------------------------------------------------------------

(p) : Instance is preserved but may be resized
(@) : Annotated capacitance.
(m) : Attribute cell_delay_multiplier is modified for this library cell.

Capture clock path:
#---------------------------------------------------------------------------------------------------------------------
#      Timing Point        Flags    Arc   Edge    Cell      Power  Fanout Load Trans Delay Arrival      Instance      
#                                                           Domain        (fF)  (ps)  (ps)   (ps)       Location      
#---------------------------------------------------------------------------------------------------------------------
  clk_i                   (i)       -     R     (arrival)   pd_aon     65  0.0     0     0    9996              (-,-) 
  operand_a_i_sr_reg_3/CK <<< (p,m) -     R     SDFFSRHQX1  pd_aon     65    -     0     0    9996  (15.8000,53.0100) 
#---------------------------------------------------------------------------------------------------------------------



Path 247: MET (9243 ps) Setup Check with Pin operand_b_i_sr_reg_8/CK->SI
           View: slow_0p9v_125c_cmax_scan_shift
          Group: clk_i
     Startpoint: (R) operand_b_i_sr_reg_9/CK
          Clock: (R) clk_i
       Endpoint: (F) operand_b_i_sr_reg_8/SI
          Clock: (R) clk_i

                     Capture       Launch     
        Clock Edge:+   10000            0     
       Src Latency:+       0            0     
       Net Latency:+       0 (I)        0 (I) 
           Arrival:=   10000            0     
                                              
             Setup:-     247                  
       Uncertainty:-     205                  
     Required Time:=    9548                  
      Launch Clock:-       0                  
         Data Path:-     306                  
             Slack:=    9243                  

Launch clock path:
#---------------------------------------------------------------------------------------------------------------------
#      Timing Point        Flags    Arc   Edge    Cell      Power  Fanout Load Trans Delay Arrival      Instance      
#                                                           Domain        (fF)  (ps)  (ps)   (ps)       Location      
#---------------------------------------------------------------------------------------------------------------------
  clk_i                   (i)       -     R     (arrival)   pd_aon     65  0.0     0     0      -4              (-,-) 
  operand_b_i_sr_reg_9/CK <<< (p,m) -     R     SDFFSRHQX1  pd_aon     65    -     0     0      -4  (16.6000,37.6200) 
#---------------------------------------------------------------------------------------------------------------------

#-------------------------------------------------------------------------------------------------------------------
#      Timing Point       Flags   Arc   Edge    Cell      Power  Fanout Load Trans Delay Arrival      Instance      
#                                                         Domain        (fF)  (ps)  (ps)   (ps)       Location      
#-------------------------------------------------------------------------------------------------------------------
  operand_b_i_sr_reg_9/CK -       -     R     (arrival)   pd_aon     65    -     0     0       0              (-,-) 
  operand_b_i_sr_reg_9/Q  (@,p,m) CK->Q F     SDFFSRHQX1  pd_aon      3  4.3   121   305     305  (16.6000,37.6200) 
  operand_b_i_sr_reg_8/SI (p,m)   -     F     SDFFSRHQX2  pd_aon      3    -     -     0     306  (15.2000,35.9100) 
#-------------------------------------------------------------------------------------------------------------------

(p) : Instance is preserved but may be resized
(@) : Annotated capacitance.
(m) : Attribute cell_delay_multiplier is modified for this library cell.

Capture clock path:
#---------------------------------------------------------------------------------------------------------------------
#      Timing Point        Flags    Arc   Edge    Cell      Power  Fanout Load Trans Delay Arrival      Instance      
#                                                           Domain        (fF)  (ps)  (ps)   (ps)       Location      
#---------------------------------------------------------------------------------------------------------------------
  clk_i                   (i)       -     R     (arrival)   pd_aon     65  0.0     0     0    9996              (-,-) 
  operand_b_i_sr_reg_8/CK <<< (p,m) -     R     SDFFSRHQX2  pd_aon     65    -     0     0    9996  (15.2000,35.9100) 
#---------------------------------------------------------------------------------------------------------------------



Path 248: MET (9251 ps) Setup Check with Pin operand_a_i_sr_reg_14/CK->SI
           View: slow_0p9v_125c_cmax_scan_shift
          Group: clk_i
     Startpoint: (R) operand_a_i_sr_reg_19/CK
          Clock: (R) clk_i
       Endpoint: (F) operand_a_i_sr_reg_14/SI
          Clock: (R) clk_i

                     Capture       Launch     
        Clock Edge:+   10000            0     
       Src Latency:+       0            0     
       Net Latency:+       0 (I)        0 (I) 
           Arrival:=   10000            0     
                                              
             Setup:-     236                  
       Uncertainty:-     205                  
     Required Time:=    9559                  
      Launch Clock:-       0                  
         Data Path:-     307                  
             Slack:=    9251                  

Launch clock path:
#----------------------------------------------------------------------------------------------------------------------
#      Timing Point         Flags    Arc   Edge    Cell      Power  Fanout Load Trans Delay Arrival      Instance      
#                                                            Domain        (fF)  (ps)  (ps)   (ps)       Location      
#----------------------------------------------------------------------------------------------------------------------
  clk_i                    (i)       -     R     (arrival)   pd_aon     65  0.0     0     0      -4              (-,-) 
  operand_a_i_sr_reg_19/CK <<< (p,m) -     R     SDFFSRHQX2  pd_aon     65    -     0     0      -4  (15.0000,78.6600) 
#----------------------------------------------------------------------------------------------------------------------

#--------------------------------------------------------------------------------------------------------------------
#      Timing Point        Flags   Arc   Edge    Cell      Power  Fanout Load Trans Delay Arrival      Instance      
#                                                          Domain        (fF)  (ps)  (ps)   (ps)       Location      
#--------------------------------------------------------------------------------------------------------------------
  operand_a_i_sr_reg_19/CK -       -     R     (arrival)   pd_aon     65    -     0     0       0              (-,-) 
  operand_a_i_sr_reg_19/Q  (@,p,m) CK->Q F     SDFFSRHQX2  pd_aon      6  6.5    98   307     307  (15.0000,78.6600) 
  operand_a_i_sr_reg_14/SI (p,m)   -     F     SDFFSRHQX2  pd_aon      6    -     -     0     307  (15.0000,76.9500) 
#--------------------------------------------------------------------------------------------------------------------

(p) : Instance is preserved but may be resized
(@) : Annotated capacitance.
(m) : Attribute cell_delay_multiplier is modified for this library cell.

Capture clock path:
#----------------------------------------------------------------------------------------------------------------------
#      Timing Point         Flags    Arc   Edge    Cell      Power  Fanout Load Trans Delay Arrival      Instance      
#                                                            Domain        (fF)  (ps)  (ps)   (ps)       Location      
#----------------------------------------------------------------------------------------------------------------------
  clk_i                    (i)       -     R     (arrival)   pd_aon     65  0.0     0     0    9996              (-,-) 
  operand_a_i_sr_reg_14/CK <<< (p,m) -     R     SDFFSRHQX2  pd_aon     65    -     0     0    9996  (15.0000,76.9500) 
#----------------------------------------------------------------------------------------------------------------------



Path 249: MET (9255 ps) Setup Check with Pin operand_b_i_sr_reg_28/CK->SI
           View: slow_0p9v_125c_cmax_scan_shift
          Group: clk_i
     Startpoint: (R) operand_a_i_sr_reg_18/CK
          Clock: (R) clk_i
       Endpoint: (F) operand_b_i_sr_reg_28/SI
          Clock: (R) clk_i

                     Capture       Launch     
        Clock Edge:+   10000            0     
       Src Latency:+       0            0     
       Net Latency:+       0 (I)        0 (I) 
           Arrival:=   10000            0     
                                              
             Setup:-     235                  
       Uncertainty:-     205                  
     Required Time:=    9560                  
      Launch Clock:-       0                  
         Data Path:-     305                  
             Slack:=    9255                  

Launch clock path:
#----------------------------------------------------------------------------------------------------------------------
#      Timing Point         Flags    Arc   Edge    Cell      Power  Fanout Load Trans Delay Arrival      Instance      
#                                                            Domain        (fF)  (ps)  (ps)   (ps)       Location      
#----------------------------------------------------------------------------------------------------------------------
  clk_i                    (i)       -     R     (arrival)   pd_aon     65  0.0     0     0      -4              (-,-) 
  operand_a_i_sr_reg_18/CK <<< (p,m) -     R     SDFFSRHQX2  pd_aon     65    -     0     0      -4  (15.4000,68.4000) 
#----------------------------------------------------------------------------------------------------------------------

#--------------------------------------------------------------------------------------------------------------------
#      Timing Point        Flags   Arc   Edge    Cell      Power  Fanout Load Trans Delay Arrival      Instance      
#                                                          Domain        (fF)  (ps)  (ps)   (ps)       Location      
#--------------------------------------------------------------------------------------------------------------------
  operand_a_i_sr_reg_18/CK -       -     R     (arrival)   pd_aon     65    -     0     0       0              (-,-) 
  operand_a_i_sr_reg_18/Q  (@,p,m) CK->Q F     SDFFSRHQX2  pd_aon      6  6.2    94   305     305  (15.4000,68.4000) 
  operand_b_i_sr_reg_28/SI (p,m)   -     F     SDFFSRHQX2  pd_aon      6    -     -     0     305  (14.8000,66.6900) 
#--------------------------------------------------------------------------------------------------------------------

(p) : Instance is preserved but may be resized
(@) : Annotated capacitance.
(m) : Attribute cell_delay_multiplier is modified for this library cell.

Capture clock path:
#----------------------------------------------------------------------------------------------------------------------
#      Timing Point         Flags    Arc   Edge    Cell      Power  Fanout Load Trans Delay Arrival      Instance      
#                                                            Domain        (fF)  (ps)  (ps)   (ps)       Location      
#----------------------------------------------------------------------------------------------------------------------
  clk_i                    (i)       -     R     (arrival)   pd_aon     65  0.0     0     0    9996              (-,-) 
  operand_b_i_sr_reg_28/CK <<< (p,m) -     R     SDFFSRHQX2  pd_aon     65    -     0     0    9996  (14.8000,66.6900) 
#----------------------------------------------------------------------------------------------------------------------



Path 250: MET (9256 ps) Setup Check with Pin operand_b_i_sr_reg_9/CK->SI
           View: slow_0p9v_125c_cmax_scan_shift
          Group: clk_i
     Startpoint: (R) operand_b_i_sr_reg_10/CK
          Clock: (R) clk_i
       Endpoint: (F) operand_b_i_sr_reg_9/SI
          Clock: (R) clk_i

                     Capture       Launch     
        Clock Edge:+   10000            0     
       Src Latency:+       0            0     
       Net Latency:+       0 (I)        0 (I) 
           Arrival:=   10000            0     
                                              
             Setup:-     221                  
       Uncertainty:-     205                  
     Required Time:=    9574                  
      Launch Clock:-       0                  
         Data Path:-     318                  
             Slack:=    9256                  

Launch clock path:
#----------------------------------------------------------------------------------------------------------------------
#      Timing Point         Flags    Arc   Edge    Cell      Power  Fanout Load Trans Delay Arrival      Instance      
#                                                            Domain        (fF)  (ps)  (ps)   (ps)       Location      
#----------------------------------------------------------------------------------------------------------------------
  clk_i                    (i)       -     R     (arrival)   pd_aon     65  0.0     0     0      -4              (-,-) 
  operand_b_i_sr_reg_10/CK <<< (p,m) -     R     SDFFSRHQX4  pd_aon     65    -     0     0      -4  (16.6000,41.0400) 
#----------------------------------------------------------------------------------------------------------------------

#--------------------------------------------------------------------------------------------------------------------
#      Timing Point        Flags   Arc   Edge    Cell      Power  Fanout Load Trans Delay Arrival      Instance      
#                                                          Domain        (fF)  (ps)  (ps)   (ps)       Location      
#--------------------------------------------------------------------------------------------------------------------
  operand_b_i_sr_reg_10/CK -       -     R     (arrival)   pd_aon     65    -     0     0       0              (-,-) 
  operand_b_i_sr_reg_10/Q  (@,p,m) CK->Q F     SDFFSRHQX4  pd_aon      6  8.7    74   318     318  (16.6000,41.0400) 
  operand_b_i_sr_reg_9/SI  (p,m)   -     F     SDFFSRHQX1  pd_aon      6    -     -     0     318  (16.6000,37.6200) 
#--------------------------------------------------------------------------------------------------------------------

(p) : Instance is preserved but may be resized
(@) : Annotated capacitance.
(m) : Attribute cell_delay_multiplier is modified for this library cell.

Capture clock path:
#---------------------------------------------------------------------------------------------------------------------
#      Timing Point        Flags    Arc   Edge    Cell      Power  Fanout Load Trans Delay Arrival      Instance      
#                                                           Domain        (fF)  (ps)  (ps)   (ps)       Location      
#---------------------------------------------------------------------------------------------------------------------
  clk_i                   (i)       -     R     (arrival)   pd_aon     65  0.0     0     0    9996              (-,-) 
  operand_b_i_sr_reg_9/CK <<< (p,m) -     R     SDFFSRHQX1  pd_aon     65    -     0     0    9996  (16.6000,37.6200) 
#---------------------------------------------------------------------------------------------------------------------



Path 251: MET (9260 ps) Setup Check with Pin operand_b_i_sr_reg_2/CK->SI
           View: slow_0p9v_125c_cmax_scan_shift
          Group: clk_i
     Startpoint: (R) operand_b_i_sr_reg_1/CK
          Clock: (R) clk_i
       Endpoint: (F) operand_b_i_sr_reg_2/SI
          Clock: (R) clk_i

                     Capture       Launch     
        Clock Edge:+   10000            0     
       Src Latency:+       0            0     
       Net Latency:+       0 (I)        0 (I) 
           Arrival:=   10000            0     
                                              
             Setup:-     232                  
       Uncertainty:-     205                  
     Required Time:=    9563                  
      Launch Clock:-       0                  
         Data Path:-     302                  
             Slack:=    9260                  

Launch clock path:
#--------------------------------------------------------------------------------------------------------------------
#      Timing Point        Flags    Arc   Edge    Cell      Power  Fanout Load Trans Delay Arrival      Instance     
#                                                           Domain        (fF)  (ps)  (ps)   (ps)       Location     
#--------------------------------------------------------------------------------------------------------------------
  clk_i                   (i)       -     R     (arrival)   pd_aon     65  0.0     0     0      -4             (-,-) 
  operand_b_i_sr_reg_1/CK <<< (p,m) -     R     SDFFSRHQX2  pd_aon     65    -     0     0      -4  (5.2000,18.8100) 
#--------------------------------------------------------------------------------------------------------------------

#------------------------------------------------------------------------------------------------------------------
#      Timing Point       Flags   Arc   Edge    Cell      Power  Fanout Load Trans Delay Arrival      Instance     
#                                                         Domain        (fF)  (ps)  (ps)   (ps)       Location     
#------------------------------------------------------------------------------------------------------------------
  operand_b_i_sr_reg_1/CK -       -     R     (arrival)   pd_aon     65    -     0     0       0             (-,-) 
  operand_b_i_sr_reg_1/Q  (@,p,m) CK->Q F     SDFFSRHQX2  pd_aon      4  5.8    90   302     302  (5.2000,18.8100) 
  operand_b_i_sr_reg_2/SI (p,m)   -     F     SDFFSRHQX2  pd_aon      4    -     -     0     302  (5.2000,20.5200) 
#------------------------------------------------------------------------------------------------------------------

(p) : Instance is preserved but may be resized
(@) : Annotated capacitance.
(m) : Attribute cell_delay_multiplier is modified for this library cell.

Capture clock path:
#--------------------------------------------------------------------------------------------------------------------
#      Timing Point        Flags    Arc   Edge    Cell      Power  Fanout Load Trans Delay Arrival      Instance     
#                                                           Domain        (fF)  (ps)  (ps)   (ps)       Location     
#--------------------------------------------------------------------------------------------------------------------
  clk_i                   (i)       -     R     (arrival)   pd_aon     65  0.0     0     0    9996             (-,-) 
  operand_b_i_sr_reg_2/CK <<< (p,m) -     R     SDFFSRHQX2  pd_aon     65    -     0     0    9996  (5.2000,20.5200) 
#--------------------------------------------------------------------------------------------------------------------



Path 252: MET (9261 ps) Setup Check with Pin operand_a_i_sr_reg_1/CK->SI
           View: slow_0p9v_125c_cmax_scan_shift
          Group: clk_i
     Startpoint: (R) operand_a_i_sr_reg_2/CK
          Clock: (R) clk_i
       Endpoint: (R) operand_a_i_sr_reg_1/SI
          Clock: (R) clk_i

                     Capture       Launch     
        Clock Edge:+   10000            0     
       Src Latency:+       0            0     
       Net Latency:+       0 (I)        0 (I) 
           Arrival:=   10000            0     
                                              
             Setup:-     248                  
       Uncertainty:-     205                  
     Required Time:=    9547                  
      Launch Clock:-       0                  
         Data Path:-     286                  
             Slack:=    9261                  

Launch clock path:
#---------------------------------------------------------------------------------------------------------------------
#      Timing Point        Flags    Arc   Edge    Cell      Power  Fanout Load Trans Delay Arrival      Instance      
#                                                           Domain        (fF)  (ps)  (ps)   (ps)       Location      
#---------------------------------------------------------------------------------------------------------------------
  clk_i                   (i)       -     R     (arrival)   pd_aon     65  0.0     0     0      -4              (-,-) 
  operand_a_i_sr_reg_2/CK <<< (p,m) -     R     SDFFSRHQX2  pd_aon     65    -     0     0      -4  (15.8000,51.3000) 
#---------------------------------------------------------------------------------------------------------------------

#-------------------------------------------------------------------------------------------------------------------
#      Timing Point       Flags   Arc   Edge    Cell      Power  Fanout Load Trans Delay Arrival      Instance      
#                                                         Domain        (fF)  (ps)  (ps)   (ps)       Location      
#-------------------------------------------------------------------------------------------------------------------
  operand_a_i_sr_reg_2/CK -       -     R     (arrival)   pd_aon     65    -     0     0       0              (-,-) 
  operand_a_i_sr_reg_2/Q  (@,p,m) CK->Q R     SDFFSRHQX2  pd_aon      6  9.1   108   286     286  (15.8000,51.3000) 
  operand_a_i_sr_reg_1/SI (p,m)   -     R     SDFFRHQX2   pd_aon      6    -     -     0     286  (16.4000,49.5900) 
#-------------------------------------------------------------------------------------------------------------------

(p) : Instance is preserved but may be resized
(@) : Annotated capacitance.
(m) : Attribute cell_delay_multiplier is modified for this library cell.

Capture clock path:
#--------------------------------------------------------------------------------------------------------------------
#      Timing Point        Flags    Arc   Edge   Cell      Power  Fanout Load Trans Delay Arrival      Instance      
#                                                          Domain        (fF)  (ps)  (ps)   (ps)       Location      
#--------------------------------------------------------------------------------------------------------------------
  clk_i                   (i)       -     R     (arrival)  pd_aon     65  0.0     0     0    9996              (-,-) 
  operand_a_i_sr_reg_1/CK <<< (p,m) -     R     SDFFRHQX2  pd_aon     65    -     0     0    9996  (16.4000,49.5900) 
#--------------------------------------------------------------------------------------------------------------------



Path 253: MET (9264 ps) Setup Check with Pin operand_a_i_sr_reg_17/CK->SI
           View: slow_0p9v_125c_cmax_scan_shift
          Group: clk_i
     Startpoint: (R) operand_a_i_sr_reg_16/CK
          Clock: (R) clk_i
       Endpoint: (R) operand_a_i_sr_reg_17/SI
          Clock: (R) clk_i

                     Capture       Launch     
        Clock Edge:+   10000            0     
       Src Latency:+       0            0     
       Net Latency:+       0 (I)        0 (I) 
           Arrival:=   10000            0     
                                              
             Setup:-     246                  
       Uncertainty:-     205                  
     Required Time:=    9549                  
      Launch Clock:-       0                  
         Data Path:-     284                  
             Slack:=    9264                  

Launch clock path:
#---------------------------------------------------------------------------------------------------------------------
#      Timing Point         Flags    Arc   Edge    Cell      Power  Fanout Load Trans Delay Arrival      Instance     
#                                                            Domain        (fF)  (ps)  (ps)   (ps)       Location     
#---------------------------------------------------------------------------------------------------------------------
  clk_i                    (i)       -     R     (arrival)   pd_aon     65  0.0     0     0      -4             (-,-) 
  operand_a_i_sr_reg_16/CK <<< (p,m) -     R     SDFFSRHQX2  pd_aon     65    -     0     0      -4  (5.2000,64.9800) 
#---------------------------------------------------------------------------------------------------------------------

#-------------------------------------------------------------------------------------------------------------------
#      Timing Point        Flags   Arc   Edge    Cell      Power  Fanout Load Trans Delay Arrival      Instance     
#                                                          Domain        (fF)  (ps)  (ps)   (ps)       Location     
#-------------------------------------------------------------------------------------------------------------------
  operand_a_i_sr_reg_16/CK -       -     R     (arrival)   pd_aon     65    -     0     0       0             (-,-) 
  operand_a_i_sr_reg_16/Q  (@,p,m) CK->Q R     SDFFSRHQX2  pd_aon      6  8.7   104   284     284  (5.2000,64.9800) 
  operand_a_i_sr_reg_17/SI (p,m)   -     R     SDFFRHQX2   pd_aon      6    -     -     0     284  (5.6000,66.6900) 
#-------------------------------------------------------------------------------------------------------------------

(p) : Instance is preserved but may be resized
(@) : Annotated capacitance.
(m) : Attribute cell_delay_multiplier is modified for this library cell.

Capture clock path:
#--------------------------------------------------------------------------------------------------------------------
#      Timing Point         Flags    Arc   Edge   Cell      Power  Fanout Load Trans Delay Arrival      Instance     
#                                                           Domain        (fF)  (ps)  (ps)   (ps)       Location     
#--------------------------------------------------------------------------------------------------------------------
  clk_i                    (i)       -     R     (arrival)  pd_aon     65  0.0     0     0    9996             (-,-) 
  operand_a_i_sr_reg_17/CK <<< (p,m) -     R     SDFFRHQX2  pd_aon     65    -     0     0    9996  (5.6000,66.6900) 
#--------------------------------------------------------------------------------------------------------------------



Path 254: MET (9265 ps) Setup Check with Pin operand_b_i_sr_reg_11/CK->SI
           View: slow_0p9v_125c_cmax_scan_shift
          Group: clk_i
     Startpoint: (R) operand_b_i_sr_reg_12/CK
          Clock: (R) clk_i
       Endpoint: (R) operand_b_i_sr_reg_11/SI
          Clock: (R) clk_i

                     Capture       Launch     
        Clock Edge:+   10000            0     
       Src Latency:+       0            0     
       Net Latency:+       0 (I)        0 (I) 
           Arrival:=   10000            0     
                                              
             Setup:-     237                  
       Uncertainty:-     205                  
     Required Time:=    9558                  
      Launch Clock:-       0                  
         Data Path:-     294                  
             Slack:=    9265                  

Launch clock path:
#---------------------------------------------------------------------------------------------------------------------
#      Timing Point         Flags    Arc   Edge   Cell      Power  Fanout Load Trans Delay Arrival      Instance      
#                                                           Domain        (fF)  (ps)  (ps)   (ps)       Location      
#---------------------------------------------------------------------------------------------------------------------
  clk_i                    (i)       -     R     (arrival)  pd_aon     65  0.0     0     0      -4              (-,-) 
  operand_b_i_sr_reg_12/CK <<< (p,m) -     R     SDFFSRX1   pd_aon     65    -     0     0      -4  (15.8000,44.4600) 
#---------------------------------------------------------------------------------------------------------------------

#---------------------------------------------------------------------------------------------------------------------
#      Timing Point        Flags    Arc   Edge    Cell      Power  Fanout Load Trans Delay Arrival      Instance      
#                                                           Domain        (fF)  (ps)  (ps)   (ps)       Location      
#---------------------------------------------------------------------------------------------------------------------
  operand_b_i_sr_reg_12/CK -       -      R     (arrival)   pd_aon     65    -     0     0       0              (-,-) 
  operand_b_i_sr_reg_12/QN (@,p,m) CK->QN R     SDFFSRX1    pd_aon      1  0.5    22   294     294  (15.8000,44.4600) 
  operand_b_i_sr_reg_11/SI (p,m)   -      R     SDFFSRHQX2  pd_aon      1    -     -     0     294  (16.6000,42.7500) 
#---------------------------------------------------------------------------------------------------------------------

(p) : Instance is preserved but may be resized
(@) : Annotated capacitance.
(m) : Attribute cell_delay_multiplier is modified for this library cell.

Capture clock path:
#----------------------------------------------------------------------------------------------------------------------
#      Timing Point         Flags    Arc   Edge    Cell      Power  Fanout Load Trans Delay Arrival      Instance      
#                                                            Domain        (fF)  (ps)  (ps)   (ps)       Location      
#----------------------------------------------------------------------------------------------------------------------
  clk_i                    (i)       -     R     (arrival)   pd_aon     65  0.0     0     0    9996              (-,-) 
  operand_b_i_sr_reg_11/CK <<< (p,m) -     R     SDFFSRHQX2  pd_aon     65    -     0     0    9996  (16.6000,42.7500) 
#----------------------------------------------------------------------------------------------------------------------



Path 255: MET (9268 ps) Setup Check with Pin operand_b_i_sr_reg_15/CK->SI
           View: slow_0p9v_125c_cmax_scan_shift
          Group: clk_i
     Startpoint: (R) operand_b_i_sr_reg_29/CK
          Clock: (R) clk_i
       Endpoint: (R) operand_b_i_sr_reg_15/SI
          Clock: (R) clk_i

                     Capture       Launch     
        Clock Edge:+   10000            0     
       Src Latency:+       0            0     
       Net Latency:+       0 (I)        0 (I) 
           Arrival:=   10000            0     
                                              
             Setup:-     236                  
       Uncertainty:-     205                  
     Required Time:=    9559                  
      Launch Clock:-       0                  
         Data Path:-     290                  
             Slack:=    9268                  

Launch clock path:
#---------------------------------------------------------------------------------------------------------------------
#      Timing Point         Flags    Arc   Edge    Cell      Power  Fanout Load Trans Delay Arrival      Instance     
#                                                            Domain        (fF)  (ps)  (ps)   (ps)       Location     
#---------------------------------------------------------------------------------------------------------------------
  clk_i                    (i)       -     R     (arrival)   pd_aon     65  0.0     0     0      -4             (-,-) 
  operand_b_i_sr_reg_29/CK <<< (p,m) -     R     SDFFSRHQX4  pd_aon     65    -     0     0      -4  (5.2000,56.4300) 
#---------------------------------------------------------------------------------------------------------------------

#-------------------------------------------------------------------------------------------------------------------
#      Timing Point        Flags   Arc   Edge    Cell      Power  Fanout Load Trans Delay Arrival      Instance     
#                                                          Domain        (fF)  (ps)  (ps)   (ps)       Location     
#-------------------------------------------------------------------------------------------------------------------
  operand_b_i_sr_reg_29/CK -       -     R     (arrival)   pd_aon     65    -     0     0       0             (-,-) 
  operand_b_i_sr_reg_29/Q  (@,p,m) CK->Q R     SDFFSRHQX4  pd_aon     13 11.8    77   290     290  (5.2000,56.4300) 
  operand_b_i_sr_reg_15/SI (p,m)   -     R     SDFFRHQX4   pd_aon     13    -     -     0     290  (5.6000,59.8500) 
#-------------------------------------------------------------------------------------------------------------------

(p) : Instance is preserved but may be resized
(@) : Annotated capacitance.
(m) : Attribute cell_delay_multiplier is modified for this library cell.

Capture clock path:
#--------------------------------------------------------------------------------------------------------------------
#      Timing Point         Flags    Arc   Edge   Cell      Power  Fanout Load Trans Delay Arrival      Instance     
#                                                           Domain        (fF)  (ps)  (ps)   (ps)       Location     
#--------------------------------------------------------------------------------------------------------------------
  clk_i                    (i)       -     R     (arrival)  pd_aon     65  0.0     0     0    9996             (-,-) 
  operand_b_i_sr_reg_15/CK <<< (p,m) -     R     SDFFRHQX4  pd_aon     65    -     0     0    9996  (5.6000,59.8500) 
#--------------------------------------------------------------------------------------------------------------------



Path 256: MET (9289 ps) Setup Check with Pin operand_b_i_sr_reg_10/CK->SI
           View: slow_0p9v_125c_cmax_scan_shift
          Group: clk_i
     Startpoint: (R) operand_b_i_sr_reg_11/CK
          Clock: (R) clk_i
       Endpoint: (R) operand_b_i_sr_reg_10/SI
          Clock: (R) clk_i

                     Capture       Launch     
        Clock Edge:+   10000            0     
       Src Latency:+       0            0     
       Net Latency:+       0 (I)        0 (I) 
           Arrival:=   10000            0     
                                              
             Setup:-     254                  
       Uncertainty:-     205                  
     Required Time:=    9541                  
      Launch Clock:-       0                  
         Data Path:-     253                  
             Slack:=    9289                  

Launch clock path:
#----------------------------------------------------------------------------------------------------------------------
#      Timing Point         Flags    Arc   Edge    Cell      Power  Fanout Load Trans Delay Arrival      Instance      
#                                                            Domain        (fF)  (ps)  (ps)   (ps)       Location      
#----------------------------------------------------------------------------------------------------------------------
  clk_i                    (i)       -     R     (arrival)   pd_aon     65  0.0     0     0      -4              (-,-) 
  operand_b_i_sr_reg_11/CK <<< (p,m) -     R     SDFFSRHQX2  pd_aon     65    -     0     0      -4  (16.6000,42.7500) 
#----------------------------------------------------------------------------------------------------------------------

#--------------------------------------------------------------------------------------------------------------------
#      Timing Point        Flags   Arc   Edge    Cell      Power  Fanout Load Trans Delay Arrival      Instance      
#                                                          Domain        (fF)  (ps)  (ps)   (ps)       Location      
#--------------------------------------------------------------------------------------------------------------------
  operand_b_i_sr_reg_11/CK -       -     R     (arrival)   pd_aon     65    -     0     0       0              (-,-) 
  operand_b_i_sr_reg_11/Q  (@,p,m) CK->Q R     SDFFSRHQX2  pd_aon      3  3.6    52   252     252  (16.6000,42.7500) 
  operand_b_i_sr_reg_10/SI (p,m)   -     R     SDFFSRHQX4  pd_aon      3    -     -     0     253  (16.6000,41.0400) 
#--------------------------------------------------------------------------------------------------------------------

(p) : Instance is preserved but may be resized
(@) : Annotated capacitance.
(m) : Attribute cell_delay_multiplier is modified for this library cell.

Capture clock path:
#----------------------------------------------------------------------------------------------------------------------
#      Timing Point         Flags    Arc   Edge    Cell      Power  Fanout Load Trans Delay Arrival      Instance      
#                                                            Domain        (fF)  (ps)  (ps)   (ps)       Location      
#----------------------------------------------------------------------------------------------------------------------
  clk_i                    (i)       -     R     (arrival)   pd_aon     65  0.0     0     0    9996              (-,-) 
  operand_b_i_sr_reg_10/CK <<< (p,m) -     R     SDFFSRHQX4  pd_aon     65    -     0     0    9996  (16.6000,41.0400) 
#----------------------------------------------------------------------------------------------------------------------



Path 257: MET (9294 ps) Setup Check with Pin operand_b_i_sr_reg_7/CK->SI
           View: slow_0p9v_125c_cmax_scan_shift
          Group: clk_i
     Startpoint: (R) operand_b_i_sr_reg_6/CK
          Clock: (R) clk_i
       Endpoint: (R) operand_b_i_sr_reg_7/SI
          Clock: (R) clk_i

                     Capture       Launch     
        Clock Edge:+   10000            0     
       Src Latency:+       0            0     
       Net Latency:+       0 (I)        0 (I) 
           Arrival:=   10000            0     
                                              
             Setup:-     204                  
       Uncertainty:-     205                  
     Required Time:=    9591                  
      Launch Clock:-       0                  
         Data Path:-     296                  
             Slack:=    9294                  

Launch clock path:
#-------------------------------------------------------------------------------------------------------------------
#      Timing Point        Flags    Arc   Edge   Cell      Power  Fanout Load Trans Delay Arrival      Instance     
#                                                          Domain        (fF)  (ps)  (ps)   (ps)       Location     
#-------------------------------------------------------------------------------------------------------------------
  clk_i                   (i)       -     R     (arrival)  pd_aon     65  0.0     0     0      -4             (-,-) 
  operand_b_i_sr_reg_6/CK <<< (p,m) -     R     SDFFSRX1   pd_aon     65    -     0     0      -4  (4.8000,25.6500) 
#-------------------------------------------------------------------------------------------------------------------

#------------------------------------------------------------------------------------------------------------------
#      Timing Point       Flags    Arc   Edge   Cell      Power  Fanout Load Trans Delay Arrival      Instance     
#                                                         Domain        (fF)  (ps)  (ps)   (ps)       Location     
#------------------------------------------------------------------------------------------------------------------
  operand_b_i_sr_reg_6/CK -       -      R     (arrival)  pd_aon     65    -     0     0       0             (-,-) 
  operand_b_i_sr_reg_6/QN (@,p,m) CK->QN R     SDFFSRX1   pd_aon      1  0.7    27   296     296  (4.8000,25.6500) 
  operand_b_i_sr_reg_7/SI (p,m)   -      R     SDFFRHQX1  pd_aon      1    -     -     0     296  (5.0000,27.3600) 
#------------------------------------------------------------------------------------------------------------------

(p) : Instance is preserved but may be resized
(@) : Annotated capacitance.
(m) : Attribute cell_delay_multiplier is modified for this library cell.

Capture clock path:
#-------------------------------------------------------------------------------------------------------------------
#      Timing Point        Flags    Arc   Edge   Cell      Power  Fanout Load Trans Delay Arrival      Instance     
#                                                          Domain        (fF)  (ps)  (ps)   (ps)       Location     
#-------------------------------------------------------------------------------------------------------------------
  clk_i                   (i)       -     R     (arrival)  pd_aon     65  0.0     0     0    9996             (-,-) 
  operand_b_i_sr_reg_7/CK <<< (p,m) -     R     SDFFRHQX1  pd_aon     65    -     0     0    9996  (5.0000,27.3600) 
#-------------------------------------------------------------------------------------------------------------------



Path 258: MET (9299 ps) Setup Check with Pin operand_a_i_sr_reg_2/CK->SI
           View: slow_0p9v_125c_cmax_scan_shift
          Group: clk_i
     Startpoint: (R) operand_a_i_sr_reg_3/CK
          Clock: (R) clk_i
       Endpoint: (F) operand_a_i_sr_reg_2/SI
          Clock: (R) clk_i

                     Capture       Launch     
        Clock Edge:+   10000            0     
       Src Latency:+       0            0     
       Net Latency:+       0 (I)        0 (I) 
           Arrival:=   10000            0     
                                              
             Setup:-     222                  
       Uncertainty:-     205                  
     Required Time:=    9573                  
      Launch Clock:-       0                  
         Data Path:-     274                  
             Slack:=    9299                  

Launch clock path:
#---------------------------------------------------------------------------------------------------------------------
#      Timing Point        Flags    Arc   Edge    Cell      Power  Fanout Load Trans Delay Arrival      Instance      
#                                                           Domain        (fF)  (ps)  (ps)   (ps)       Location      
#---------------------------------------------------------------------------------------------------------------------
  clk_i                   (i)       -     R     (arrival)   pd_aon     65  0.0     0     0      -4              (-,-) 
  operand_a_i_sr_reg_3/CK <<< (p,m) -     R     SDFFSRHQX1  pd_aon     65    -     0     0      -4  (15.8000,53.0100) 
#---------------------------------------------------------------------------------------------------------------------

#-------------------------------------------------------------------------------------------------------------------
#      Timing Point       Flags   Arc   Edge    Cell      Power  Fanout Load Trans Delay Arrival      Instance      
#                                                         Domain        (fF)  (ps)  (ps)   (ps)       Location      
#-------------------------------------------------------------------------------------------------------------------
  operand_a_i_sr_reg_3/CK -       -     R     (arrival)   pd_aon     65    -     0     0       0              (-,-) 
  operand_a_i_sr_reg_3/Q  (@,p,m) CK->Q F     SDFFSRHQX1  pd_aon      2  2.1    67   274     274  (15.8000,53.0100) 
  operand_a_i_sr_reg_2/SI (p,m)   -     F     SDFFSRHQX2  pd_aon      2    -     -     0     274  (15.8000,51.3000) 
#-------------------------------------------------------------------------------------------------------------------

(p) : Instance is preserved but may be resized
(@) : Annotated capacitance.
(m) : Attribute cell_delay_multiplier is modified for this library cell.

Capture clock path:
#---------------------------------------------------------------------------------------------------------------------
#      Timing Point        Flags    Arc   Edge    Cell      Power  Fanout Load Trans Delay Arrival      Instance      
#                                                           Domain        (fF)  (ps)  (ps)   (ps)       Location      
#---------------------------------------------------------------------------------------------------------------------
  clk_i                   (i)       -     R     (arrival)   pd_aon     65  0.0     0     0    9996              (-,-) 
  operand_a_i_sr_reg_2/CK <<< (p,m) -     R     SDFFSRHQX2  pd_aon     65    -     0     0    9996  (15.8000,51.3000) 
#---------------------------------------------------------------------------------------------------------------------


