
Cadence Innovus(TM) Implementation System.
Copyright 2024 Cadence Design Systems, Inc. All rights reserved worldwide.

Version:	v23.15-s106_1, built Wed Jul 16 17:15:29 PDT 2025
Options:	-batch -stylus -log /home/student/16/ex8/flow_matmul_sync_1/logs/cts -wait 2160 -disable_user_startup -execute if {[catch {init_flow  {flow_script /home/student/16/ex8/flow_matmul_sync_1/cadence_flow_scripts/scripts/run_flow.tcl yaml_script {} flow_no_check 0 parent_uuid {} previous_uuid 2058085e-3a57-47c0-a225-569c61ab8d1a top_dir /home/student/16/ex8/flow_matmul_sync_1 flow_dir . status_file /home/student/16/ex8/flow_matmul_sync_1/flow.status.d/cts metrics_file /home/student/16/ex8/flow_matmul_sync_1/flow.metrics.d/cts run_tag {} db {enc /home/student/16/ex8/flow_matmul_sync_1/dbs/prects.enc matmul_sync {}} db_is_ref_run 0 branch {} caller_data {group 0 process_branch 0 trunk_process 1 flowtool_hostname ASIC-vm flowtool_pid 3079} flow {flow flow:block dir . db {enc dbs/prects.enc matmul_sync {}} branch {} tool innovus caller_data {group 0 process_branch 0 trunk_process 1 flowtool_hostname ASIC-vm flowtool_pid 3079} uuid 2058085e-3a57-47c0-a225-569c61ab8d1a tool_options {} start_step {tool innovus flow flow:block canonical_path {.steps flow:cts .steps flow_step:block_start} step flow_step:block_start features {} str cts.block_start} process_branch_trunk 1} flow_name flow:block first_step {tool innovus flow flow:block canonical_path {.steps flow:cts .steps flow_step:block_start} step flow_step:block_start features {} str cts.block_start} interactive 0 interactive_run 0 enabled_features {report_lec synth_spatial pnr_db_handoff add_scan generate_models opt_signoff} inject_tcl {} trunk_process 1 aum_upload false tool_options {} overwrite 0 last_step {tool innovus flow flow:block canonical_path {.steps flow:cts .steps flow:report_postcts .steps flow_step:report_finish} step flow_step:report_finish features {} str cts.report_postcts.report_finish} log_prefix /home/student/16/ex8/flow_matmul_sync_1/logs/cts}; run_flow -from {tool innovus flow flow:block canonical_path {.steps flow:cts .steps flow_step:block_start} step flow_step:block_start features {} str cts.block_start} -to {tool innovus flow flow:block canonical_path {.steps flow:cts .steps flow:report_postcts .steps flow_step:report_finish} step flow_step:report_finish features {} str cts.report_postcts.report_finish}} msg]} { puts [concat {Tcl error:} $errorInfo]; set fp [open {/home/student/16/ex8/flow_matmul_sync_1/flow.status.d/cts} a]; puts $fp {}; puts $fp [list [list script run_tcl status error flow {flow:block} branch {} flow_working_directory {.} flow_starting_db {enc /home/student/16/ex8/flow_matmul_sync_1/dbs/prects.enc matmul_sync {}} {tool_options} {} steps_run [get_db flow_step_canonical_current] msg $msg]]; close $fp; exit 1 }; exit 0 
Date:		Fri Nov 14 14:51:37 2025
Host:		ASIC-vm (x86_64 w/Linux 4.18.0-553.69.1.el8_10.x86_64) (8cores*8cpus*12th Gen Intel(R) Core(TM) i7-12700 25600KB)
OS:		Rocky Linux 8.10 (Green Obsidian)

License:
		[14:51:46.329129] Configured Lic search path (23.02-s006): 5280@licl01.it.tuni.fi

		invs	Innovus Implementation System	23.1	checkout succeeded
		8 CPU jobs allowed with the current license(s). Use set_multi_cpu_usage to set your required CPU count.


Create and set the environment variable TMPDIR to /home/student/16/ex8/flow_matmul_sync_1/innovus_temp_16157_a1be2c01-9849-442d-b65d-3d7600fc1a23_ASIC-vm_student_D160cC.

Change the soft stacksize limit to 0.2%RAM (31 mbytes). Set global soft_stack_size_limit to change the value.
[INFO] Loading Pegasus 24.13 fill procedures
Info: Process UID = 16157 / a1be2c01-9849-442d-b65d-3d7600fc1a23 / HzsknNJgE0

**INFO:  MMMC transition support version v31-84 

#@ Processing -execute option
@innovus 1> if {[catch {init_flow  {flow_script /home/student/16/ex8/flow_matmul_sync_1/cadence_flow_scripts/scripts/run_flow.tcl yaml_script {} flow_no_check 0 parent_uuid {} previous_uuid 2058085e-3a57-47c0-a225-569c61ab8d1a top_dir /home/student/16/ex8/flow_matmul_sync_1 flow_dir . status_file /home/student/16/ex8/flow_matmul_sync_1/flow.status.d/cts metrics_file /home/student/16/ex8/flow_matmul_sync_1/flow.metrics.d/cts run_tag {} db {enc /home/student/16/ex8/flow_matmul_sync_1/dbs/prects.enc matmul_sync {}} db_is_ref_run 0 branch {} caller_data {group 0 process_branch 0 trunk_process 1 flowtool_hostname ASIC-vm flowtool_pid 3079} flow {flow flow:block dir . db {enc dbs/prects.enc matmul_sync {}} branch {} tool innovus caller_data {group 0 process_branch 0 trunk_process 1 flowtool_hostname ASIC-vm flowtool_pid 3079} uuid 2058085e-3a57-47c0-a225-569c61ab8d1a tool_options {} start_step {tool innovus flow flow:block canonical_path {.steps flow:cts .steps flow_step:block_start} step flow_step:block_start features {} str cts.block_start} process_branch_trunk 1} flow_name flow:block first_step {tool innovus flow flow:block canonical_path {.steps flow:cts .steps flow_step:block_start} step flow_step:block_start features {} str cts.block_start} interactive 0 interactive_run 0 enabled_features {report_lec synth_spatial pnr_db_handoff add_scan generate_models opt_signoff} inject_tcl {} trunk_process 1 aum_upload false tool_options {} overwrite 0 last_step {tool innovus flow flow:block canonical_path {.steps flow:cts .steps flow:report_postcts .steps flow_step:report_finish} step flow_step:report_finish features {} str cts.report_postcts.report_finish} log_prefix /home/student/16/ex8/flow_matmul_sync_1/logs/cts}; run_flow -from {tool innovus flow flow:block canonical_path {.steps flow:cts .steps flow_step:block_start} step flow_step:block_start features {} str cts.block_start} -to {tool innovus flow flow:block canonical_path {.steps flow:cts .steps flow:report_postcts .steps flow_step:report_finish} step flow_step:report_finish features {} str cts.report_postcts.report_finish}} msg]} { puts [concat {Tcl error:} $errorInfo]; set fp [open {/home/student/16/ex8/flow_matmul_sync_1/flow.status.d/cts} a]; puts $fp {}; puts $fp [list [list script run_tcl status error flow {flow:block} branch {} flow_working_directory {.} flow_starting_db {enc /home/student/16/ex8/flow_matmul_sync_1/dbs/prects.enc matmul_sync {}} {tool_options} {} steps_run [get_db flow_step_canonical_current] msg $msg]]; close $fp; exit 1 }; exit 0
init_flow summary:
  Flow script        : /home/student/16/ex8/flow_matmul_sync_1/cadence_flow_scripts/scripts/run_flow.tcl
  YAML script        : 
  Flow               : flow:block
  From               : cts.block_start
  To                 : cts.report_postcts.report_finish
  Top directory      : /home/student/16/ex8/flow_matmul_sync_1
  Working directory  : .
  Starting database  : /home/student/16/ex8/flow_matmul_sync_1/dbs/prects.enc
  Run tag            : 
  Branch name        : 
  Metrics file       : /home/student/16/ex8/flow_matmul_sync_1/flow.metrics.d/cts
  Status file        : /home/student/16/ex8/flow_matmul_sync_1/flow.status.d/cts
  Enable features    : report_lec synth_spatial pnr_db_handoff add_scan generate_models opt_signoff
reading previous metrics...
Sourcing flow scripts...
**WARN: (IMPDBTCL-299):	The attribute 'flow_metrics_qor_html' still works but will be obsolete in a future major release. You should remove it from your script before the next major release to avoid errors. It should be changed to the new name of 'flowtool_metrics_qor_html'.
**WARN: (IMPDBTCL-299):	The attribute 'flow_current' still works but will be obsolete in a future major release. You should remove it from your script before the next major release to avoid errors. It should be changed to the new name of 'flow_top'.
## FLOWKIT: sourcing /home/student/16/ex8/flow_matmul_sync_1/cadence_flow_scripts/scripts/flow_config.tcl
#@ Begin verbose source (pre): 
@file 1: # User custom attributes definition
@file 2: set flow_vars [dict create]
@file 3:
@file 4: # Directory structure
@file 5: dict lappend flow_vars flow_vars_data_directory                                 description   "Path to the input data"
@file 6: dict lappend flow_vars flow_vars_data_directory                                 type          string
@file 7: dict lappend flow_vars flow_vars_data_directory                                 default       ""
@file 8: dict lappend flow_vars flow_vars_dft_data_directory                             description   "Path to the DFT input data"
@file 9: dict lappend flow_vars flow_vars_dft_data_directory                             type          string
@file 10: dict lappend flow_vars flow_vars_dft_data_directory                             default       ""
@file 11: dict lappend flow_vars flow_vars_dft_library                                    description   "Path to the DFT std cell library"
@file 12: dict lappend flow_vars flow_vars_dft_library                                    type          string
@file 13: dict lappend flow_vars flow_vars_dft_library                                    default       ""
@file 14: dict lappend flow_vars flow_vars_dft_ncsim_library                              description   "Path to the DFT include library"
@file 15: dict lappend flow_vars flow_vars_dft_ncsim_library                              type          string
@file 16: dict lappend flow_vars flow_vars_dft_ncsim_library                              default       ""
@file 17: dict lappend flow_vars flow_vars_memory_path                                    description   "Path to memory libs"
@file 18: dict lappend flow_vars flow_vars_memory_path                                    type          string
@file 19: dict lappend flow_vars flow_vars_memory_path                                    default       ""
@file 20: dict lappend flow_vars flow_vars_stdcell_path                                   description   "Path to stdcell libs"
@file 21: dict lappend flow_vars flow_vars_stdcell_path                                   type          string
@file 22: dict lappend flow_vars flow_vars_stdcell_path                                   default       ""
@file 23: dict lappend flow_vars flow_vars_qrc_tech_directory                             description   "Path to qrc technology directory"
@file 24: dict lappend flow_vars flow_vars_qrc_tech_directory                             type          string
@file 25: dict lappend flow_vars flow_vars_qrc_tech_directory                             default       ""
@file 26:
@file 27: # Technology files
@file 28: dict lappend flow_vars flow_vars_lef_tech_file                                  description   "Path to lef technology file"
@file 29: dict lappend flow_vars flow_vars_lef_tech_file                                  type          string
@file 30: dict lappend flow_vars flow_vars_lef_tech_file                                  default       ""
@file 31: dict lappend flow_vars flow_vars_pvs_drc_rule_file                              description   "Path to PVS DRC rule file"
@file 32: dict lappend flow_vars flow_vars_pvs_drc_rule_file                              type          string
@file 33: dict lappend flow_vars flow_vars_pvs_drc_rule_file                              default       ""
@file 34: dict lappend flow_vars flow_vars_pegasus_drc_rule_file                          description   "Path to Pegasus DRC rule file"
@file 35: dict lappend flow_vars flow_vars_pegasus_drc_rule_file                          type          string
@file 36: dict lappend flow_vars flow_vars_pegasus_drc_rule_file                          default       ""
@file 37: dict lappend flow_vars flow_vars_pvs_lvs_rule_file                              description   "Path to PVS LVS rule file"
@file 38: dict lappend flow_vars flow_vars_pvs_lvs_rule_file                              type          string
@file 39: dict lappend flow_vars flow_vars_pvs_lvs_rule_file                              default       ""
@file 40: dict lappend flow_vars flow_vars_pegasus_lvs_rule_file                          description   "Path to PEGASUS LVS rule file"
@file 41: dict lappend flow_vars flow_vars_pegasus_lvs_rule_file                          type          string
@file 42: dict lappend flow_vars flow_vars_pegasus_lvs_rule_file                          default       ""
@file 43: dict lappend flow_vars flow_vars_pvs_antenna_rule_file                          description   "Path to PVS antenna rule file"
@file 44: dict lappend flow_vars flow_vars_pvs_antenna_rule_file                          type          string
@file 45: dict lappend flow_vars flow_vars_pvs_antenna_rule_file                          default       ""
@file 46: dict lappend flow_vars flow_vars_pegasus_antenna_rule_file                      description   "Path to Pegasus antenna rule file"
@file 47: dict lappend flow_vars flow_vars_pegasus_antenna_rule_file                      type          string
@file 48: dict lappend flow_vars flow_vars_pegasus_antenna_rule_file                      default       ""
@file 49: dict lappend flow_vars flow_vars_pvs_metal_fill_rule_file                       description   "Path to PVS metal fill rule file"
@file 50: dict lappend flow_vars flow_vars_pvs_metal_fill_rule_file                       type          string
@file 51: dict lappend flow_vars flow_vars_pvs_metal_fill_rule_file                       default       ""
@file 52: dict lappend flow_vars flow_vars_pegasus_metal_fill_rule_file                   description   "Path to PEGASUS metal fill rule file"
@file 53: dict lappend flow_vars flow_vars_pegasus_metal_fill_rule_file                   type          string
@file 54: dict lappend flow_vars flow_vars_pegasus_metal_fill_rule_file                   default       ""
@file 55: dict lappend flow_vars flow_vars_pvs_feol_fill_rule_file                        description   "Path to PVS FEOL fill rule file"
@file 56: dict lappend flow_vars flow_vars_pvs_feol_fill_rule_file                        type          string
@file 57: dict lappend flow_vars flow_vars_pvs_feol_fill_rule_file                        default       ""
@file 58: dict lappend flow_vars flow_vars_pegasus_feol_fill_rule_file                    description   "Path to PEGASUS FEOL fill rule file"
@file 59: dict lappend flow_vars flow_vars_pegasus_feol_fill_rule_file                    type          string
@file 60: dict lappend flow_vars flow_vars_pegasus_feol_fill_rule_file                    default       ""
@file 61: dict lappend flow_vars flow_vars_gdsout_stream_map_file                         description   "Path to stream out map file"
@file 62: dict lappend flow_vars flow_vars_gdsout_stream_map_file                         type          string
@file 63: dict lappend flow_vars flow_vars_gdsout_stream_map_file                         default       ""
@file 64: dict lappend flow_vars flow_vars_pegasus_metal_fill_gdsout_stream_map_file      description   "Path to PEGASUS metal fill stream out map file"
@file 65: dict lappend flow_vars flow_vars_pegasus_metal_fill_gdsout_stream_map_file      type          string
@file 66: dict lappend flow_vars flow_vars_pegasus_metal_fill_gdsout_stream_map_file      default       ""
@file 67: dict lappend flow_vars flow_vars_gdsin_stream_map_file                          description   "Path to stream in map file"
@file 68: dict lappend flow_vars flow_vars_gdsin_stream_map_file                          type          string
@file 69: dict lappend flow_vars flow_vars_gdsin_stream_map_file                          default       ""
@file 70: dict lappend flow_vars flow_vars_gdsout_layer_map_table                         description   "Path to stream out map file"
@file 71: dict lappend flow_vars flow_vars_gdsout_layer_map_table                         type          string
@file 72: dict lappend flow_vars flow_vars_gdsout_layer_map_table                         default       ""
@file 73: dict lappend flow_vars flow_vars_ict_em_models                                  description   "Path to ict em models"
@file 74: dict lappend flow_vars flow_vars_ict_em_models                                  type          string
@file 75: dict lappend flow_vars flow_vars_ict_em_models                                  default       ""
@file 76:
@file 77: # Design info
@file 78: dict lappend flow_vars flow_vars_rtl_root_dir                                   description   "Design RTL root directory"
@file 79: dict lappend flow_vars flow_vars_rtl_root_dir                                   type          string
@file 80: dict lappend flow_vars flow_vars_rtl_root_dir                                   default       ""
@file 81: dict lappend flow_vars flow_vars_design_name                                    description   "Top level design name"
@file 82: dict lappend flow_vars flow_vars_design_name                                    type          string
@file 83: dict lappend flow_vars flow_vars_design_name                                    default       ""
@file 84: dict lappend flow_vars flow_vars_design_top                                     description   "Top entity name to be elaborated"
@file 85: dict lappend flow_vars flow_vars_design_top                                     type          string
@file 86: dict lappend flow_vars flow_vars_design_top                                     default       ""
@file 87: dict lappend flow_vars flow_vars_power_intent                                   description   "Path to the power intent file"
@file 88: dict lappend flow_vars flow_vars_power_intent                                   type          string
@file 89: dict lappend flow_vars flow_vars_power_intent                                   default       ""
@file 90: dict lappend flow_vars flow_vars_floorplan_def                                  description   "Path to the floorplan def file"
@file 91: dict lappend flow_vars flow_vars_floorplan_def                                  type          string
@file 92: dict lappend flow_vars flow_vars_floorplan_def                                  default       ""
@file 93: dict lappend flow_vars flow_vars_tcf_file                                       description   "Path to the activity file generated by joules"
@file 94: dict lappend flow_vars flow_vars_tcf_file                                       type          string
@file 95: dict lappend flow_vars flow_vars_tcf_file                                       default       ""
@file 96: dict lappend flow_vars flow_vars_bist_signals                                   description   "Generated verilog file which specifies bist signal connectivity"
@file 97: dict lappend flow_vars flow_vars_bist_signals                                   type          string
@file 98: dict lappend flow_vars flow_vars_bist_signals                                   default       ""
@file 99: dict lappend flow_vars flow_vars_scan_abstracts                                 description   "Subblock scan abstract file paths"
@file 100: dict lappend flow_vars flow_vars_scan_abstracts                                 type          string
@file 101: dict lappend flow_vars flow_vars_scan_abstracts                                 default       ""
@file 102: dict lappend flow_vars flow_vars_elaboration_parameters                         description   "Design toplevel parameters"
@file 103: dict lappend flow_vars flow_vars_elaboration_parameters                         type          string
@file 104: dict lappend flow_vars flow_vars_elaboration_parameters                         default       ""
@file 105:
@file 106: # MMMC info
@file 107: dict lappend flow_vars flow_vars_constraint_modes                               description   "Define the list of constraint modes"
@file 108: dict lappend flow_vars flow_vars_constraint_modes                               type          string
@file 109: dict lappend flow_vars flow_vars_constraint_modes                               default       ""
@file 110: dict lappend flow_vars flow_vars_setup_synth_active_views                       description   "Define the list of setup active analysis views for Synthesis"
@file 111: dict lappend flow_vars flow_vars_setup_synth_active_views                       type          string
@file 112: dict lappend flow_vars flow_vars_setup_synth_active_views                       default       ""
@file 113: dict lappend flow_vars flow_vars_setup_pnr_active_views                         description   "Define the list of setup active analysis views for P&R"
@file 114: dict lappend flow_vars flow_vars_setup_pnr_active_views                         type          string
@file 115: dict lappend flow_vars flow_vars_setup_pnr_active_views                         default       ""
@file 116: dict lappend flow_vars flow_vars_setup_sta_active_views                         description   "Define the list of setup active analysis views for STA"
@file 117: dict lappend flow_vars flow_vars_setup_sta_active_views                         type          string
@file 118: dict lappend flow_vars flow_vars_setup_sta_active_views                         default       ""
@file 119: dict lappend flow_vars flow_vars_hold_views                                     description   "Define the list of hold analysis views"
@file 120: dict lappend flow_vars flow_vars_hold_views                                     type          string
@file 121: dict lappend flow_vars flow_vars_hold_views                                     default       ""
@file 122: dict lappend flow_vars flow_vars_hold_pnr_active_views                          description   "Define the list of hold active analysis views for P&R"
@file 123: dict lappend flow_vars flow_vars_hold_pnr_active_views                          type          string
@file 124: dict lappend flow_vars flow_vars_hold_pnr_active_views                          default       ""
@file 125: dict lappend flow_vars flow_vars_hold_sta_active_views                          description   "Define the list of hold active analysis views for STA"
@file 126: dict lappend flow_vars flow_vars_hold_sta_active_views                          type          string
@file 127: dict lappend flow_vars flow_vars_hold_sta_active_views                          default       ""
@file 128: dict lappend flow_vars flow_vars_power_view                                     description   "Define the power analysis view"
@file 129: dict lappend flow_vars flow_vars_power_view                                     type          string
@file 130: dict lappend flow_vars flow_vars_power_view                                     default       ""
@file 131: dict lappend flow_vars flow_vars_mmmc_vt_flavor_list                            description   "Define the the list of different VTs that should be loaded in the tool"
@file 132: dict lappend flow_vars flow_vars_mmmc_vt_flavor_list                            type          string
@file 133: dict lappend flow_vars flow_vars_mmmc_vt_flavor_list                            default       ""
@file 134:
@file 135: # Physical info
@file 136: dict lappend flow_vars flow_vars_lef_list                                       description   "Lef file list definition"
@file 137: dict lappend flow_vars flow_vars_lef_list                                       type          string
@file 138: dict lappend flow_vars flow_vars_lef_list                                       default       ""
@file 139: dict lappend flow_vars flow_vars_stdcell_gds_list                               description   "Stdcell GDS file list definition"
@file 140: dict lappend flow_vars flow_vars_stdcell_gds_list                               type          string
@file 141: dict lappend flow_vars flow_vars_stdcell_gds_list                               default       ""
@file 142: dict lappend flow_vars flow_vars_stdcell_spi_list                               description   "Stdcell SPICE file list definition"
@file 143: dict lappend flow_vars flow_vars_stdcell_spi_list                               type          string
@file 144: dict lappend flow_vars flow_vars_stdcell_spi_list                               default       ""
@file 145: dict lappend flow_vars flow_vars_memory_gds_list                                description   "Memory GDS file list definition"
@file 146: dict lappend flow_vars flow_vars_memory_gds_list                                type          string
@file 147: dict lappend flow_vars flow_vars_memory_gds_list                                default       ""
@file 148: dict lappend flow_vars flow_vars_memory_spi_list                                description   "Memory SPICE file list definition"
@file 149: dict lappend flow_vars flow_vars_memory_spi_list                                type          string
@file 150: dict lappend flow_vars flow_vars_memory_spi_list                                default       ""
@file 151: dict lappend flow_vars flow_vars_io_gds_list                                    description   "IO GDS file list definition"
@file 152: dict lappend flow_vars flow_vars_io_gds_list                                    type          string
@file 153: dict lappend flow_vars flow_vars_io_gds_list                                    default       ""
@file 154: dict lappend flow_vars flow_vars_io_spi_list                                    description   "IO SPICE file list definition"
@file 155: dict lappend flow_vars flow_vars_io_spi_list                                    type          string
@file 156: dict lappend flow_vars flow_vars_io_spi_list                                    default       ""
@file 157: dict lappend flow_vars flow_vars_macro_gds_list                                 description   "Macro GDS file list definition"
@file 158: dict lappend flow_vars flow_vars_macro_gds_list                                 type          string
@file 159: dict lappend flow_vars flow_vars_macro_gds_list                                 default       ""
@file 160: dict lappend flow_vars flow_vars_macro_spi_list                                 description   "Macro SPICE file list definition"
@file 161: dict lappend flow_vars flow_vars_macro_spi_list                                 type          string
@file 162: dict lappend flow_vars flow_vars_macro_spi_list                                 default       ""
@file 163: dict lappend flow_vars flow_vars_dont_use_list                                  description   "dont_use cell list definition"
@file 164: dict lappend flow_vars flow_vars_dont_use_list                                  type          string
@file 165: dict lappend flow_vars flow_vars_dont_use_list                                  default       ""
@file 166: dict lappend flow_vars flow_vars_sdf_list                                       description   "Macro SDF file list definition"
@file 167: dict lappend flow_vars flow_vars_sdf_list                                       type          string
@file 168: dict lappend flow_vars flow_vars_sdf_list                                       default       ""
@file 169: dict lappend flow_vars flow_vars_voltus_file_list                               description   "Voltus file list definition"
@file 170: dict lappend flow_vars flow_vars_voltus_file_list                               type          string
@file 171: dict lappend flow_vars flow_vars_voltus_file_list                               default       ""
@file 172:
@file 173: # Transform all dict to attribute
@file 174: foreach myAttr [dict keys $flow_vars] {
  if { ![is_attribute -obj_type root $myAttr]} {
    define_attribute $myAttr \
      -category user_flow \
      -data_type [dict get $flow_vars $myAttr type] \
      -default [dict get $flow_vars $myAttr default] \
      -help_string [dict get $flow_vars $myAttr description] \
      -obj_type root
    }
}
@file 184:
#@ End verbose source: /home/student/16/ex8/flow_matmul_sync_1/cadence_flow_scripts/scripts/flow_attributes.tcl
Info: Sourcing scripts/design_setup.tcl
#@ Begin verbose source scripts/design_setup.tcl (pre)
@file 1: ################################################################################
@file 2: # Design specific setup
@file 3: ################################################################################
@file 4: # Time-stamp: <2025-10-25 15:42:58 qftele>
@file 5:
@file 6: # Directory structure
@@file 7: set_db flow_vars_data_directory                             [exec pwd]
@file 8:
@file 9: # Design info
@@file 10: set_db flow_vars_rtl_root_dir                               .
@@file 11: set_db flow_vars_design_name                                $env(MODULE_NAME)
@@file 12: set_db flow_vars_design_top                                 $env(MODULE_NAME)
@@file 13: set_db flow_vars_power_intent                               "[get_db flow_vars_data_directory]/constraints/[get_db flow_vars_design_name].upf"
@@file 14: set_db flow_vars_floorplan_def                              "[get_db flow_vars_data_directory]/floorplan_def/[get_db flow_vars_design_name].def.gz"
@@file 15: set_db flow_vars_tcf_file				    [list /userwork8/tlehtine/projects/ML/sim/mem_pow_test/sim_out_read_1GHz.vcd tb_top.i_dut]
@@file 16: set_db flow_vars_bist_signals                               ""
@@file 17: set_db flow_vars_elaboration_parameters                     ""
@file 18:
@file 19: # block specific MMMC settings
@@file 20: set_db flow_vars_constraint_modes                           [list \
								 func \
								 scan_capture \
								 scan_shift \
							    ]
@@file 25: set_db flow_vars_setup_synth_active_views                   [list \
                                                              slow_0p9v_125c_cmax_func \
                                                              slow_0p9v_125c_cmax_scan_capture \
                                                              slow_0p9v_125c_cmax_scan_shift \
                                                            ]
@@file 30: set_db flow_vars_setup_pnr_active_views                     [list \
                                                              slow_0p9v_125c_cmax_func \
                                                              slow_0p9v_125c_cmax_scan_capture \
                                                              slow_0p9v_125c_cmax_scan_shift \
                                                            ]
@@file 35: set_db flow_vars_setup_sta_active_views                     [list \
                                                              slow_0p9v_125c_cmax_func \
                                                              slow_0p9v_125c_cmax_scan_capture \
                                                              slow_0p9v_125c_cmax_scan_shift \
                                                              ]
@@file 40: set_db flow_vars_hold_views                                 "fast_1p1v_0c_cmin_func"
@@file 41: set_db flow_vars_hold_pnr_active_views                      [list \
                                                                 slow_0p9v_125c_cmax_func \
                                                                 slow_0p9v_125c_cmax_scan_capture \
                                                                 slow_0p9v_125c_cmax_scan_shift \
								 fast_1p1v_0c_cmin_func \
								 fast_1p1v_0c_cmin_scan_capture \
								 fast_1p1v_0c_cmin_scan_shift \
                                                            ]
@@file 49: set_db flow_vars_hold_sta_active_views                      [list \
                                                                 slow_0p9v_125c_cmax_func \
                                                                 slow_0p9v_125c_cmax_scan_capture \
                                                                 slow_0p9v_125c_cmax_scan_shift \
								 fast_1p1v_0c_cmin_func \
								 fast_1p1v_0c_cmin_scan_capture \
								 fast_1p1v_0c_cmin_scan_shift \
                                                            ]
@file 57: # set_db flow_vars_hold_sta_active_views                      [get_db flow_vars_hold_pnr_active_views]
@@file 58: set_db flow_vars_power_view                                 [lindex [get_db flow_vars_setup_synth_active_views] 0]
@file 59: #set_db flow_vars_power_view                                 "fast_1p1v_0c_cmin_func"
#@ End verbose source scripts/design_setup.tcl
Warning: Overriding project technology setup from local folder
Info: Sourcing scripts/tech_setup.tcl
#@ Begin verbose source scripts/tech_setup.tcl (pre)
@file 1: ################################################################################
@file 2: # Project level Technology setup
@file 3: ################################################################################
@file 4: # Time-stamp: <2025-11-08 15:27:43 qftele>
@file 5:
@file 6: set TECHNOLOGY "gpdk045"
@file 7: set TECH_SETUP_VERSION "v1.0"
@file 8: puts "Info: TECHNOLOGY SETUP: $TECHNOLOGY : $TECH_SETUP_VERSION"
Info: TECHNOLOGY SETUP: gpdk045 : v1.0
@file 9:
@file 10: # Directory structure
@@file 11: set_db flow_vars_lef_tech_file                             "/opt/soc/tech/GPDK045/gsclib045/lef/gsclib045_tech.lef"
@@file 12: set_db flow_vars_qrc_tech_directory                        "/opt/soc/tech/GPDK045/gsclib045/qrc"
@@file 13: set_db flow_vars_gdsout_stream_map_file                    "/opt/soc/tech/GPDK045/gsclib045/oa22/gsclib045/gsclib045.layermap"
@file 14:
@file 15: # Technology files
@file 16:
@file 17: # Physical Info
@file 18: set tech_lef_filelist [list ]
@file 19: lappend tech_lef_filelist                                   [get_db flow_vars_lef_tech_file]
@file 20: # Note, flow_vars_lef_list should be empty at this point, and tech lef MUST be the first .lef file read in!
@@file 21: set_db flow_vars_lef_list $tech_lef_filelist
@file 22:
#@ End verbose source scripts/tech_setup.tcl
Warning: Overriding project mmmc setup from local folder
Info: Sourcing scripts/mmmc_setup.tcl
#@ Begin verbose source scripts/mmmc_setup.tcl (pre)
@file 1: ##############################################################################
@file 2: # Project level Mode & Corner definitions
@file 3: ##############################################################################
@file 4: # Time-stamp: <2025-09-23 16:49:18 qftele>
@file 5:
@file 6: set MMMC_SETUP_VERSION "v1.0"
@file 7: # $TECHNOLOGY is set in tech_setup.tcl
@file 8: puts "Info: MMMC SETUP: $TECHNOLOGY : $MMMC_SETUP_VERSION"
Info: MMMC SETUP: gpdk045 : v1.0
@file 9:
@file 10: # Delay corner list
@file 11: set mmmc_vars(delay_corners) \
    [list \
	 slow_0p9v_125c_cmax \
	 fast_1p1v_0c_cmin \
	 ]
@file 16:
@file 17:
@file 18: # Read .lib -files
@file 19: foreach dc $mmmc_vars(delay_corners) {

    regexp {([^_]+)_([^_]+)_([^_]+)_([\w]+)} $dc -> corn volt temp rc

    # qrc techfile
    set mmmc_vars("${rc}_${temp}",qrc_tech) "[get_db flow_vars_qrc_tech_directory]/gpdk045.tch"
    # temperature
    if {${temp} == "m40c"} {
	set mmmc_vars("${rc}_${temp}",temperature) "-40"
    } elseif {${temp} == "125c"} {
	set mmmc_vars("${rc}_${temp}",temperature) "125"
    } elseif {${temp} == "0c"} {
	set mmmc_vars("${rc}_${temp}",temperature) "0"
    } else {
	set mmmc_vars("${rc}_${temp}",temperature) "25"
    }


    ###########################################
    # OCVs &  Clock uncertainties for FLAT OCV
    ###########################################

    # use following uncertainties
    # FUNC:
    # setup:
    # clock jitter: defined through clock cycle
    # TECH uncertainty: 25ps
    # extra uncertainty (implementation): 20ps
    # extra uncertainty (signoff STA): 0ps
    # hold:
    # TECH uncertainty (SSG): 50ps
    # TECH uncertainty (fast): 40ps
    # extra uncertainty (implementation): 15ps
    # extra uncertainty (signoff STA): 0ps

    # Note, add 1% OCV on top of previous to match LVF
    # so flat values below have 0.01 added (subtracted) because of this

    # setup in slow, 0.81v, -40C/125c, cmax
    if {$corn eq "slow" &&
	$volt eq "0p9v" &&
	($temp eq "m40c" || $temp eq "0c" || $temp eq "125c") &&
	($rc eq "cmax")} {
	
	# -2.0% + -3.7% (10mV V-margin) + -0.6% (10c T-margin) for capturing clock cell
	set mmmc_vars(${dc},flat_clock_cell_early)  "0.927"
	# +2.0% for launching clock cell
	set mmmc_vars(${dc},flat_clock_cell_late)   "1.03"
	# hold not checked in this corner
	set mmmc_vars(${dc},flat_data_cell_early)   "1.0"
	# + 6.9% on data cell
	set mmmc_vars(${dc},flat_data_cell_late)    "1.079"

	# -6.0% for clock net
	set mmmc_vars(${dc},flat_clock_net_early)  "0.93"
	# +6.0% for clock net
	set mmmc_vars(${dc},flat_clock_net_late)   "1.07"
	# hold not checked in this corner
	set mmmc_vars(${dc},flat_data_net_early)   "1.0"
	# +6.0 for data net
	set mmmc_vars(${dc},flat_data_net_late)    "1.07"

    # hold in slow, 0.81v, -40c/125c, cmax
    } elseif {$corn eq "slow" &&
	      $volt eq "0p9v" &&
	      ($temp eq "m40c" || $temp eq "0c" || $temp eq "125c") &&
	      ($rc eq "cmax")} {
	
	# -3.2% + -7.0% (20mV V-margin) + -0.6% (10c T-margin) for launching clock cell
	set mmmc_vars(${dc},flat_clock_cell_early)  "0.882"
	# +3.2% for capturing clock cell
	set mmmc_vars(${dc},flat_clock_cell_late)   "1.042"
	# -9.7% + -7.0% (20mV V-margin) + -0.6% (10c T-margin) for data
	set mmmc_vars(${dc},flat_data_cell_early)   "0.817"
	# setup not checked
	set mmmc_vars(${dc},flat_data_cell_late)    "1.0"

	# -8.5% for launching clock net
	set mmmc_vars(${dc},flat_clock_net_early)  "0.905"
	# no derate on capturing clock net
	set mmmc_vars(${dc},flat_clock_net_late)   "1.0"
	# -8.5% for data net
	set mmmc_vars(${dc},flat_data_net_early)   "0.905"
	# setup not checked
	set mmmc_vars(${dc},flat_data_net_late)    "1.0"

    # hold in fast, 0.99v, -40c/0c/125c, cmax
    } elseif {$corn eq "fast" &&
	      $volt eq "1p1v" &&
	      ($temp eq "m40c" || $temp eq "0c" || $temp eq "125c") &&
	      ($rc eq "cmax")} {
	
	# -3.7% for launching clock cell
	set mmmc_vars(${dc},flat_clock_cell_early)  "0.953"
	# +3.7% + +5.1% (30mV V-margin) + 0.5% (10c T-margin) for capturing clock cell
	set mmmc_vars(${dc},flat_clock_cell_late)   "1.103"
	# -12.1% for data
	set mmmc_vars(${dc},flat_data_cell_early)   "0.869"
	# setup not checked
	set mmmc_vars(${dc},flat_data_cell_late)    "1.0"

	# -8.5% for launching clock net
	set mmmc_vars(${dc},flat_clock_net_early)  "0.905"
	# no derate on capturing clock net
	set mmmc_vars(${dc},flat_clock_net_late)   "1.0"
	# -8.5% for data net
	set mmmc_vars(${dc},flat_data_net_early)   "0.905"
	# setup not checked
	set mmmc_vars(${dc},flat_data_net_late)    "1.0"

    # hold in fast, 0.99v, -40c/0c/125c, cmin
    } elseif {$corn eq "fast" &&
	      $volt eq "1p1v" &&
	      ($temp eq "m40c" || $temp eq "0c" || $temp eq "125c") &&
	      ($rc eq "cmin")} {
	
	# -3.7% for launching clock cell
	set mmmc_vars(${dc},flat_clock_cell_early)  "0.953"
	# +3.7% + +5.1% (30mV V-margin) + 0.5% (10c T-margin) for capturing clock cell
	set mmmc_vars(${dc},flat_clock_cell_late)   "1.083"
	# -12.1% for data
	set mmmc_vars(${dc},flat_data_cell_early)   "0.869"
	# setup not checked
	set mmmc_vars(${dc},flat_data_cell_late)    "1.0"

	# no derate on launching clock net
	set mmmc_vars(${dc},flat_clock_net_early)  "1.0"
	# +8.5% for capturing clock net
	set mmmc_vars(${dc},flat_clock_net_late)   "1.075"
	# no derate for data net
	set mmmc_vars(${dc},flat_data_net_early)   "1.0"
	# setup not checked
	set mmmc_vars(${dc},flat_data_net_late)    "1.0"

    } else {
	puts "Fatal: delay corner ${dc} OCVs not defined (corner: $corn, voltage: $volt, temperature: $temp, rc: ${rc})"
	exit 1
    }

    ###########################################
    # OCVs &  Clock uncertainties for SOCV
    ###########################################

    # Note, only voltage and temperature OCVs needed

    # Early & late variation factors from:
    set mmmc_vars(early_rc_variation_factor) 0.06
    set mmmc_vars(late_rc_variation_factor) 0.06

    set mmmc_vars(timing_socv_analysis_nsigma_multiplier) 3

    # slow, 0.81v, -40c
    if {$corn eq "slow" &&
	$volt eq "0p9v" &&
	$temp eq "m40c"} {
        
        # DATA  @ 20.3mV : 7.4%
        # DATA  @ 10c    : 0.9%
        # CLOCK @ 20.3mV : 5.4%
        # CLOCK @ 10c    : 0.7%

        # For setup only derate clock
	set mmmc_vars(${dc},socv_clock_cell_late)   "0.054"
	set mmmc_vars(${dc},socv_data_cell_late)    "0.0"
        # For hold in slow derate data & launching clock
	set mmmc_vars(${dc},socv_clock_cell_early)  "-0.061"
	set mmmc_vars(${dc},socv_data_cell_early)   "-0.083"

    } elseif {$corn eq "slow" &&
	$volt eq "0p9v" &&
	$temp eq "125c"} {
       
        # DATA  @ 20.3mV : 5.0%
        # DATA  @ 10c    : 0.3%
        # CLOCK @ 20.3mV : 3.5%
        # CLOCK @ 10c    : 0.2%

        # For setup only derate clock
	set mmmc_vars(${dc},socv_clock_cell_late)   "0.037"
	set mmmc_vars(${dc},socv_data_cell_late)    "0.0"
        # For hold in slow derate data & launching clock
	set mmmc_vars(${dc},socv_clock_cell_early)  "-0.037"
	set mmmc_vars(${dc},socv_data_cell_early)   "-0.053"

    } elseif {$corn eq "slow" &&
	$volt eq "0p9v" &&
	$temp eq "0c"} {
       
        # DATA  @ 20.3mV : 6.6%
        # DATA  @ 10c    : 0.8%
        # CLOCK @ 20.3mV : 4.9%
        # CLOCK @ 10c    : 0.6%

        # For setup only derate clock
	set mmmc_vars(${dc},socv_clock_cell_late)   "0.055"
	set mmmc_vars(${dc},socv_data_cell_late)    "0.0"
        # For hold in slow derate data & launching clock
	set mmmc_vars(${dc},socv_clock_cell_early)  "-0.055"
	set mmmc_vars(${dc},socv_data_cell_early)   "-0.074"

    } elseif {$corn eq "fast" &&
	$volt eq "1p1v" &&
	$temp eq "m40c"} {
       
        # DATA  @ 45mV   : 7.4%
        # DATA  @ 10c    : 0.5%
        # CLOCK @ 45mV   : 5.1%
        # CLOCK @ 10c    : 0.6%

        # For setup only derate clock
	set mmmc_vars(${dc},socv_clock_cell_late)   "0.057"
	set mmmc_vars(${dc},socv_data_cell_late)    "0.0"
        # For hold in slow derate data & launching clock
	set mmmc_vars(${dc},socv_clock_cell_early)  "-0.057"
	set mmmc_vars(${dc},socv_data_cell_early)   "-0.079"

     } elseif {$corn eq "fast" &&
	$volt eq "1p1v" &&
	$temp eq "125c"} {

        # DATA  @ 45mV   : 5.8%
        # DATA  @ 10c    : 0.5%
        # CLOCK @ 45mV   : 3.6%
        # CLOCK @ 10c    : 0.6%

        # For setup only derate clock
	set mmmc_vars(${dc},socv_clock_cell_late)   "0.042"
	set mmmc_vars(${dc},socv_data_cell_late)    "0.0"
        # For hold in slow derate data & launching clock
	set mmmc_vars(${dc},socv_clock_cell_early)  "-0.042"
	set mmmc_vars(${dc},socv_data_cell_early)   "-0.063"

    } elseif {$corn eq "fast" &&
	$volt eq "1p1v" &&
	$temp eq "0c"} {

        # DATA  @ 45mV   : 7.0%
        # DATA  @ 10c    : 0.4%
        # CLOCK @ 45mV   : 4.7%
        # CLOCK @ 10c    : 0.4%

        # For setup only derate clock
	set mmmc_vars(${dc},socv_clock_cell_late)   "0.051"
	set mmmc_vars(${dc},socv_data_cell_late)    "0.0"
        # For hold in slow derate data & launching clock
	set mmmc_vars(${dc},socv_clock_cell_early)  "-0.051"
	set mmmc_vars(${dc},socv_data_cell_early)   "-0.074"

     } else {
        puts "Fatal: corner / voltage / temperature combination not allowed (corner: $corn, voltage: $volt, temperature: $temp)"
        exit 1
    }
}
@file 272:
@file 273: # Constraint mode list
@file 274: set mmmc_vars(constraint_modes) [get_db flow_vars_constraint_modes]
@file 275:
@file 276: foreach cm $mmmc_vars(constraint_modes) {
    if {[get_db program_short_name] == "genus"} {
#	if {${cm} == "func"} {
	    set mmmc_vars(${cm},sdc_files) [list [get_db flow_vars_data_directory]/constraints/[get_db flow_vars_design_name].constraints.${cm}.tcl \
						[get_db flow_vars_data_directory]/constraints/[get_db flow_vars_design_name].boundary_conditions.tcl \
						]
#	} else {
#	    set mmmc_vars(${cm},sdc_files) [get_db flow_vars_data_directory]/constraints/[get_db flow_vars_design_name].constraints.dummy.tcl
#	}
    } else {
	if {${cm} == "func"} {
	    set mmmc_vars(${cm},sdc_files) [list [get_db flow_vars_data_directory]/constraints/[get_db flow_vars_design_name].constraints.${cm}.tcl \
						[get_db flow_vars_data_directory]/constraints/[get_db flow_vars_design_name].boundary_conditions.tcl \
						[get_db flow_vars_data_directory]/constraints/[get_db flow_vars_design_name].constraints.hier_dft.tcl \
						]
	} else {
	    set mmmc_vars(${cm},sdc_files) [list [get_db flow_vars_data_directory]/constraints/[get_db flow_vars_design_name].constraints.${cm}.tcl \
						[get_db flow_vars_data_directory]/constraints/[get_db flow_vars_design_name].boundary_conditions.tcl \
						]
	}
    }
}
#@ End verbose source scripts/mmmc_setup.tcl
Warning: Overriding project library setup from local folder
Info: Sourcing scripts/library_setup.tcl
#@ Begin verbose source scripts/library_setup.tcl (pre)
@file 1: ################################################################################
@file 2: # Project level Library setup
@file 3: ################################################################################
@file 4: # Time-stamp: <2025-11-08 15:36:55 qftele>
@file 5:
@file 6: set PROJECT "Ballast"
@file 7: set LIBRARY_SETUP_VERSION "v1.0"
@file 8: puts "Info: LIBRARY SETUP: $PROJECT : $LIBRARY_SETUP_VERSION"
Info: LIBRARY SETUP: Ballast : v1.0
@file 9:
@file 10: # Directory structure
@@file 11: set_db flow_vars_stdcell_path                               "/opt/soc/tech/GPDK045/gsclib045"
@@file 12: set_db flow_vars_dft_data_directory                         [exec pwd]/dft_lib
@@file 13: set_db flow_vars_dft_library                                "[get_db flow_vars_dft_data_directory]/dft_lib_specify.v"
@@file 14: set_db flow_vars_dft_ncsim_library                          "[get_db flow_vars_dft_data_directory]/dft_lib_specify.v"
@file 15:
@file 16: # STD CELL dont use list
@@file 17: set_db flow_vars_dont_use_list                              [list "{.name==*FOOFOO*}" "{.name==*FIIFAA*}" ]
@file 18:
@file 19:
@file 20: ################################################################################
@file 21: # Physical information of macros & std cells
@file 22: ################################################################################
@file 23: set io_lef_filelist [list ]
@file 24: set io_gds_filelist [list ]
@file 25: set io_spi_filelist [list ]
@file 26:
@file 27: # PADs
@file 28: lappend io_lef_filelist ""
@file 29: lappend io_gds_filelist ""
@file 30: lappend io_spi_filelist ""
@file 31:
@@file 32: set_db flow_vars_lef_list [concat [get_db flow_vars_lef_list] $io_lef_filelist]
@@file 33: set_db flow_vars_io_gds_list $io_gds_filelist
@@file 34: set_db flow_vars_io_spi_list $io_spi_filelist
@file 35:
@file 36: set stdcell_lef_filelist [list ]
@file 37: set stdcell_gds_filelist [list ]
@file 38: set stdcell_spi_filelist [list ]
@file 39:
@file 40: # Add LEF
@file 41: lappend stdcell_lef_filelist [get_db flow_vars_stdcell_path]/lef/gsclib045_macro.lef
@file 42:
@file 43: # Add GDS
@file 44: lappend stdcell_gds_filelist /opt/soc/tech/GPDK045/gsclib045/gds/gsclib045.gds
@file 45:
@@file 46: set_db flow_vars_lef_list [concat [get_db flow_vars_lef_list] $stdcell_lef_filelist]
@@file 47: set_db flow_vars_stdcell_gds_list $stdcell_gds_filelist
@@file 48: set_db flow_vars_stdcell_spi_list $stdcell_spi_filelist
@file 49:
@file 50: # Add slow & fast
@file 51: foreach dc $mmmc_vars(delay_corners) {
    set mmmc_vars(${dc},timing_nldm) [list \
                                         ]
    set mmmc_vars(${dc},timing_ecsm) [list \
                                         ]
    if {[regexp {slow} $dc]} {
        lappend mmmc_vars(${dc},timing_nldm) [get_db flow_vars_stdcell_path]/timing/slow_vdd1v0_basicCells.lib
        lappend mmmc_vars(${dc},timing_ecsm) [get_db flow_vars_stdcell_path]/timing/slow_vdd1v0_basicCells.lib
    } else {
        lappend mmmc_vars(${dc},timing_nldm) [get_db flow_vars_stdcell_path]/timing/fast_vdd1v0_basicCells.lib
        lappend mmmc_vars(${dc},timing_ecsm) [get_db flow_vars_stdcell_path]/timing/fast_vdd1v0_basicCells.lib
    }
}
#@ End verbose source scripts/library_setup.tcl
Info: Sourcing /home/student/16/ex8/flow_matmul_sync_1/cadence_flow_scripts/scripts/global_macro_setup.tcl
#@ Begin verbose source /home/student/16/ex8/flow_matmul_sync_1/cadence_flow_scripts/scripts/global_macro_setup.tcl (pre)
@file 1: ################################################################################
@file 2: # Setup for macros in hierarchical designs
@file 3: ################################################################################
@file 4: # Time-stamp: <2025-09-02 09:47:10 qftele>
@file 5:
@file 6: set MACRO_SETUP_VERSION "v1.0"
@file 7: puts "Info: MACRO SETUP: $MACRO_SETUP_VERSION"
Info: MACRO SETUP: v1.0
@file 8:
@file 9: #########################################################################################################
@file 10: # Macro info
@file 11: # List all DUT versions of all macros in project
@file 12: #########################################################################################################
@file 13: array set global_macro_exportdir {
}
@file 15:
@file 16: #########################################################################################################
@file 17: # Global IPs
@file 18: #########################################################################################################
@file 19:
@file 20: # .lefs
@file 21: set ip_lef_filelist [list ]
@file 22: # PLL
@file 23: lappend ip_lef_filelist ""
@file 24:
@@file 25: set_db flow_vars_lef_list [concat [get_db flow_vars_lef_list] $ip_lef_filelist]
@file 26:
@file 27: # .libs
@file 28: foreach dc $mmmc_vars(delay_corners) {

    regexp {([^_]+)_([^_]+)_([^_]+)_([\w]+)} $dc -> corn volt temp rc

    # PLL .lib
    lappend mmmc_vars(${dc},timing_nldm) ""
    lappend mmmc_vars(${dc},timing_ecsm) ""
    lappend mmmc_vars(${dc},timing_lvf) ""
}
#@ End verbose source /home/student/16/ex8/flow_matmul_sync_1/cadence_flow_scripts/scripts/global_macro_setup.tcl
Warning: Overriding project macro setup from local folder
Info: Sourcing scripts/local_macro_setup.tcl
#@ Begin verbose source scripts/local_macro_setup.tcl (pre)
@file 1: ################################################################################
@file 2: # Local setup for macros in hierarchical designs
@file 3: # Setup lef & libs fr tools, regardless of whether DUT contains any macros
@file 4: ################################################################################
@file 5: # Time-stamp: <2025-10-30 09:01:30 qftele>
@file 6: #########################################################################################################
@file 7: # Macro info
@file 8: # List versions of macros used in DUT
@file 9: #########################################################################################################
@file 10: if {1} {
@file 11: array unset global_macro_exportdir
@file 12:
@file 13: set macro_scan_abstract_filelist [list ]
@file 14: set macro_lef_filelist [list ]
@file 15:
@file 16:
@file 17: array unset memarray
@file 18:
@file 19: # Go through global settings for macros and see if there's a local override
@file 20: foreach {blockname blockpath} [array get global_macro_exportdir] {

    # do not read in a model for DUT
    if {![string compare $blockname [get_db flow_vars_design_name]]} {
	puts "Info([info script]): Skipping reading in model for $blockname since it's DUT"
	continue
    }

    if {[info exists local_macro_exportdir($blockname)]} {
	if {[string compare $blockpath $local_macro_exportdir($blockname)]} {
	    puts "Warning([info script]): Overriding global setting for $blockname ->"
	    puts "\#OLD\#: $blockpath"
	    puts "\#NEW\#: $local_macro_exportdir($blockname)"
	    set $blockpath $local_macro_exportdir($blockname)
	}
    }

    # scan abstract for DFT
    if {[file exists $blockpath/dbs/syn_opt/$blockname.scan.abstract]} {
	lappend macro_scan_abstract_filelist $blockpath/dbs/syn_opt/$blockname.scan.abstract
    } else {
	puts "Error([info script]): scan abstract not found for block $blockname from $blockpath/dbs/syn_opt"
    }

    # MACROs
    if {[file exists $blockpath/models/opt_signoff/$blockname.lef]} {
	lappend macro_lef_filelist $blockpath/models/opt_signoff/$blockname.lef
    } else {
	puts "Fatal([info script]): .lef not found for block $blockname from $blockpath/models/opt_signoff"
	exit 1
    }

    # Read .lib -files
    # mmmc_vars(delay_corners) is set in mmmc_setup.tcl
    foreach dc $mmmc_vars(delay_corners) {

	regexp {([^_]+)_([^_]+)_([^_]+)_([\w]+)} $dc -> corn volt temp rc

	if {[file exists $blockpath/models/opt_signoff.sta/$blockname.${corn}_${volt}_${temp}_${rc}.lib]} {
	    lappend mmmc_vars(${dc},timing_nldm) $blockpath/models/opt_signoff.sta/$blockname.${corn}_${volt}_${temp}_${rc}.lib
	    lappend mmmc_vars(${dc},timing_ecsm) $blockpath/models/opt_signoff.sta/$blockname.${corn}_${volt}_${temp}_${rc}.lib
	} else {
	    puts "Fatal([info script]): .lib not found for block $blockname from $blockpath/models/opt_signoff.sta"
	    exit 1
	}
    }
}
@file 67: # sanity check to see if global setting are missing block which are defined in local settings!
@file 68: foreach {blockname blockpath} [array get local_macro_exportdir] {
    # do not read in a model for DUT
    if {![string compare $blockname [get_db flow_vars_design_name]]} {
	puts "Info([info script]): Skipping reading in model for $blockname since it's DUT. Remove the definition from local macro settings!"
	continue
    }

    set found 0
    if {[info exists global_macro_exportdir($blockname)]} {
	set found 1
    }

    if {!$found} {
	puts "Warning([info script]): Global setting for $blockname set in local setting not found from global settings! Report this to project toplevel!"	
    } else {
	# it was found so it's already set
	continue
    }

    # scan abstract for DFT
    if {[file exists $blockpath/dbs/syn_opt/$blockname.scan.abstract]} {
	lappend macro_scan_abstract_filelist $blockpath/dbs/syn_opt/$blockname.scan.abstract
    } else {
	puts "Error([info script]): scan abstract not found for block $blockname from $blockpath/dbs/syn_opt"
    }

    # MACROs
    if {[file exists $blockpath/models/opt_signoff/$blockname.lef]} {
	lappend macro_lef_filelist $blockpath/models/opt_signoff/$blockname.lef
    } else {
	puts "Fatal([info script]): .lef not found for block $blockname from $blockpath/models/opt_signoff"
	exit 1
    }

    # Read .lib -files
    # mmmc_vars(delay_corners) is set in mmmc_setup.tcl
    foreach dc $mmmc_vars(delay_corners) {

	regexp {([^_]+)_([^_]+)_([^_]+)_([\w]+)} $dc -> corn volt temp rc

	if {[file exists $blockpath/models/opt_signoff.sta/$blockname.${corn}_${volt}_${temp}_${rc}.lib]} {
	    lappend mmmc_vars(${dc},timing_nldm) $blockpath/models/opt_signoff.sta/$blockname.${corn}_${volt}_${temp}_${rc}.lib
	    lappend mmmc_vars(${dc},timing_ecsm) $blockpath/models/opt_signoff.sta/$blockname.${corn}_${volt}_${temp}_${rc}.lib
	} else {
	    puts "Fatal([info script]): .lib not found for block $blockname from $blockpath/models/opt_signoff.sta"
	    exit 1
	}
    }
}
@file 117:
@file 118: ########################################################################
@file 119: # Memories
@file 120: ########################################################################
@file 121:
@file 122: set memory_gds_filelist [list]
@file 123: set memory_spi_filelist [list]
@file 124: foreach {memdir memlist} [array get memarray] {

    set mem_directory ./models
    foreach mem $memlist {

        lappend macro_lef_filelist ${mem_directory}/${mem}.lef

        # lappend macro_scan_abstract_filelist ${mem_directory}/${mem}/${mem}.ctl
        #lappend dft_library ${mem_directory}/model/verilog/${mem}.v
        #lappend dft_ncsim_library ${mem_directory}/model/verilog/${mem}.v

        #lappend memory_gds_filelist ${mem_directory}/gds/${mem}.gds

        #lappend memory_spi_filelist ${mem_directory}/cdl/${mem}.cdl

        foreach dc $mmmc_vars(delay_corners) {

	    regexp {([^_]+)_([^_]+)_([^_]+)_([\w]+)} $dc -> corn volt temp rc

	    if {[regexp {SS} $dc]} {
		set volt "0P720V"
		set temp "125C"
	    } else {
		set volt "0P880V"
		set temp "M40C"
	    }
	    

            lappend mmmc_vars(${dc},timing_nldm) ${mem_directory}/${mem}.slow_0p9v_125c_cmax_func.lib
            lappend mmmc_vars(${dc},timing_ccs) ${mem_directory}/${mem}.slow_0p9v_125c_cmax_func.lib
            #lappend mmmc_vars(${dc},timing_lvf) ${mem_directory}/${mem}/${mem}_${corn}g_${rc}_${volt}_${volt}_${temp}.lib_ecsm_tv
        }
    }
}
@file 158:
@file 159: ########################################################################
@file 160: # Manual hacks for dirty models
@file 161: ########################################################################
@file 162: # .lefs
@file 163: # .libs
@file 164:
@file 165: # lef_filelist originally set in libray_setup.tcl
@file 166: puts "Info: Adding macro info to flow_vars_lef_list in [info script]"
Info: Adding macro info to flow_vars_lef_list in scripts/local_macro_setup.tcl
@@file 167: set_db flow_vars_lef_list [concat [get_db flow_vars_lef_list] $macro_lef_filelist]
@file 168: set pll_idx [lsearch -regexp [get_db flow_vars_lef_list] {CLKPLL}]
@@file 169: set_db flow_vars_lef_list [lreplace [get_db flow_vars_lef_list] $pll_idx $pll_idx]
@file 170:
@file 171: puts "Info: re-writing flow_vars_scan_abstracts in [info script]"
Info: re-writing flow_vars_scan_abstracts in scripts/local_macro_setup.tcl
@@file 172: set_db flow_vars_scan_abstracts $macro_scan_abstract_filelist
@file 173: }
#@ End verbose source scripts/local_macro_setup.tcl
## FLOWKIT: checking include file scripts/genus_config.tcl for PLACEHOLDER content
## FLOWKIT: sourcing include file scripts/genus_config.tcl
## FLOWKIT: checking include file scripts/innovus_config.tcl for PLACEHOLDER content
## FLOWKIT: sourcing include file scripts/innovus_config.tcl
## FLOWKIT: checking include file scripts/tempus_config.tcl for PLACEHOLDER content
## FLOWKIT: sourcing include file scripts/tempus_config.tcl
## FLOWKIT: checking include file /home/student/16/ex8/flow_matmul_sync_1/cadence_flow_scripts/scripts/modus_config.tcl for PLACEHOLDER content
## FLOWKIT: sourcing include file /home/student/16/ex8/flow_matmul_sync_1/cadence_flow_scripts/scripts/modus_config.tcl
## FLOWKIT: checking include file scripts/dft_config.tcl for PLACEHOLDER content
## FLOWKIT: sourcing include file scripts/dft_config.tcl
## FLOWKIT: checking include file /home/student/16/ex8/flow_matmul_sync_1/cadence_flow_scripts/scripts/em_config.tcl for PLACEHOLDER content
## FLOWKIT: sourcing include file /home/student/16/ex8/flow_matmul_sync_1/cadence_flow_scripts/scripts/em_config.tcl
## FLOWKIT: checking include file scripts/flow_existing_step_overwrite.tcl for PLACEHOLDER content
## FLOWKIT: sourcing include file scripts/flow_existing_step_overwrite.tcl
Sourcing flow scripts done.
##FLOW_KIT: enabling features from command line: {report_lec synth_spatial pnr_db_handoff add_scan generate_models opt_signoff}
Begin steps for plugin point Cadence.plugin.flowkit.read_db.pre
##FLOW_KIT: enabling features from command line: {report_lec synth_spatial pnr_db_handoff add_scan generate_models opt_signoff}
#@ Begin verbose flow_step activate_views
@flow 2: set db [get_db flow_starting_db]
@flow 3: set flow [lindex [get_db flow_hier_path] end]
@flow 4: set setup_views [get_feature $flow -feature setup_views]
@flow 5: set hold_views [get_feature $flow -feature hold_views]
@flow 6: set leakage_view [get_feature $flow -feature leakage_view]
@flow 7: set dynamic_view [get_feature $flow -feature dynamic_view]
@flow 9: if {($setup_views ne "") || ($hold_views ne "") || ($leakage_view ne "") || ($dynamic_view ne "")} {...}
#@ End verbose flow_step activate_views
##FLOW_KIT: enabling features from command line: {report_lec synth_spatial pnr_db_handoff add_scan generate_models opt_signoff}
#@ Begin verbose flow_step init_mcpu
@flow 2: # Multi host/cpu attributes
@flow 3: #-----------------------------------------------------------------------------
@flow 4: # The FLOWTOOL_NUM_CPUS is an environment variable which should be exported by
@flow 5: # the specified dist script.  This connects the number of CPUs being reserved
@flow 6: # for batch jobs with the current flow scripts.  The LSB_MAX_NUM_PROCESSORS is
@flow 7: # a typical environment variable exported by distribution platforms and is
@flow 8: # useful for ensuring all interactive jobs are using the reserved amount of CPUs.
@flow 9: if {[info exists ::env(FLOWTOOL_NUM_CPUS)]} {
@flow 10: set max_cpus $::env(FLOWTOOL_NUM_CPUS)
@flow 11: }
@flow 17: switch -glob {innovus} {
@@flow 0: set_multi_cpu_usage -verbose -local_cpu   $max_cpus
**WARN: (PRL-39):	Number of local CPUs specified (16) > Actual number of CPUs in the host (8). The lower value will be used.
set_multi_cpu_usage -local_cpu 8
@flow 1: if {[get_feature -feature opt_signoff]} {
@flow 2: if {[is_flow -inside flow:opt_signoff]} {...}
@flow 6: }
@flow 7: if {[get_feature -feature sta_eco]} {...}
@flow 13: }
#@ End verbose flow_step init_mcpu
End steps for plugin point Cadence.plugin.flowkit.read_db.pre
#% Begin load design ... (date=11/14 14:52:05, mem=1921.8M)
**WARN: (IMPDBTCL-321):	The attribute 'timing_aocv_enable_gba_combine_launch_capture' still works but will be obsolete in a future major release. You should remove it from your script before the next major release to avoid errors.
**WARN: (IMPDBTCL-321):	The attribute 'timing_aocv_enable_gba_combine_launch_capture' still works but will be obsolete in a future major release. You should remove it from your script before the next major release to avoid errors.
**WARN: (IMPDBTCL-321):	The attribute 'timing_aocv_enable_gba_combine_launch_capture' still works but will be obsolete in a future major release. You should remove it from your script before the next major release to avoid errors.
**WARN: (IMPDBTCL-321):	The attribute 'timing_enable_backward_compatible_latch_thru_mt_mode' still works but will be obsolete in a future major release. You should remove it from your script before the next major release to avoid errors.
**WARN: (IMPDBTCL-321):	The attribute 'timing_enable_backward_compatible_latch_thru_mt_mode' still works but will be obsolete in a future major release. You should remove it from your script before the next major release to avoid errors.
**WARN: (IMPDBTCL-321):	The attribute 'timing_enable_backward_compatible_latch_thru_mt_mode' still works but will be obsolete in a future major release. You should remove it from your script before the next major release to avoid errors.
##  Process: 45            (User Set)               
##     Node: (not set)                           

##  Check design process and node:  
##  Design tech node is not set.

Applying the recommended capacitance filtering threshold values for 45nm process node: total_c_th=0, relative_c_th=1 and coupling_c_th=0.1.
	These values will be used by all post-route extraction engines, including TQuantus, IQuantus and Quantus QRC extraction.
	Capacitance filtering mode(extract_rc_cap_filter_mode option of the set_db) is 'relative_and_coupling' for all engines.
	The accuracy mode for post_route extract_rc_effort_level low extraction will be set to 'high'.
	Default value for EffortLevel(extract_rc_effort_level option of the set_db) in post_route extraction mode will be 'medium' if Quantus QRC technology file is specified else 'low'.
**WARN: (IMPDBTCL-321):	The attribute 'timing_aocv_enable_gba_combine_launch_capture' still works but will be obsolete in a future major release. You should remove it from your script before the next major release to avoid errors.
**WARN: (IMPDBTCL-321):	The attribute 'timing_enable_backward_compatible_latch_thru_mt_mode' still works but will be obsolete in a future major release. You should remove it from your script before the next major release to avoid errors.
**WARN: (IMPDBTCL-321):	The attribute 'timing_enable_separate_device_slew_effect_sensitivities' still works but will be obsolete in a future major release. You should remove it from your script before the next major release to avoid errors.
**WARN: (IMPDBTCL-321):	The attribute 'timing_aocv_enable_gba_combine_launch_capture' still works but will be obsolete in a future major release. You should remove it from your script before the next major release to avoid errors.
**WARN: (IMPDBTCL-321):	The attribute 'timing_aocv_enable_gba_combine_launch_capture' still works but will be obsolete in a future major release. You should remove it from your script before the next major release to avoid errors.
**WARN: (IMPDBTCL-321):	The attribute 'timing_aocv_enable_gba_combine_launch_capture' still works but will be obsolete in a future major release. You should remove it from your script before the next major release to avoid errors.
**WARN: (IMPDBTCL-321):	The attribute 'timing_enable_backward_compatible_latch_thru_mt_mode' still works but will be obsolete in a future major release. You should remove it from your script before the next major release to avoid errors.
**WARN: (IMPDBTCL-321):	The attribute 'timing_enable_backward_compatible_latch_thru_mt_mode' still works but will be obsolete in a future major release. You should remove it from your script before the next major release to avoid errors.
**WARN: (IMPDBTCL-321):	The attribute 'timing_enable_backward_compatible_latch_thru_mt_mode' still works but will be obsolete in a future major release. You should remove it from your script before the next major release to avoid errors.
Loading design 'matmul_sync' saved by 'Innovus' '23.15-s106_1' on 'Fri Nov 14 14:50:12 2025'.
Starting library reading in 'Multi-threaded flow' (with '8' threads)
Reading slow_0p9v_125c_ls timing library /opt/soc/tech/cadence/gsclib045_all_v4.8/gsclib045/timing/slow_vdd1v0_basicCells.lib.
**WARN: (TECHLIB-302):	No function defined for cell 'DECAP9'. The cell will only be used for analysis. (File /opt/soc/tech/cadence/gsclib045_all_v4.8/gsclib045/timing/slow_vdd1v0_basicCells.lib)
**WARN: (TECHLIB-302):	No function defined for cell 'DECAP8'. The cell will only be used for analysis. (File /opt/soc/tech/cadence/gsclib045_all_v4.8/gsclib045/timing/slow_vdd1v0_basicCells.lib)
**WARN: (TECHLIB-302):	No function defined for cell 'DECAP7'. The cell will only be used for analysis. (File /opt/soc/tech/cadence/gsclib045_all_v4.8/gsclib045/timing/slow_vdd1v0_basicCells.lib)
**WARN: (TECHLIB-302):	No function defined for cell 'DECAP6'. The cell will only be used for analysis. (File /opt/soc/tech/cadence/gsclib045_all_v4.8/gsclib045/timing/slow_vdd1v0_basicCells.lib)
**WARN: (TECHLIB-302):	No function defined for cell 'DECAP5'. The cell will only be used for analysis. (File /opt/soc/tech/cadence/gsclib045_all_v4.8/gsclib045/timing/slow_vdd1v0_basicCells.lib)
**WARN: (TECHLIB-302):	No function defined for cell 'DECAP4'. The cell will only be used for analysis. (File /opt/soc/tech/cadence/gsclib045_all_v4.8/gsclib045/timing/slow_vdd1v0_basicCells.lib)
**WARN: (TECHLIB-302):	No function defined for cell 'DECAP3'. The cell will only be used for analysis. (File /opt/soc/tech/cadence/gsclib045_all_v4.8/gsclib045/timing/slow_vdd1v0_basicCells.lib)
**WARN: (TECHLIB-302):	No function defined for cell 'DECAP2'. The cell will only be used for analysis. (File /opt/soc/tech/cadence/gsclib045_all_v4.8/gsclib045/timing/slow_vdd1v0_basicCells.lib)
**WARN: (TECHLIB-302):	No function defined for cell 'DECAP10'. The cell will only be used for analysis. (File /opt/soc/tech/cadence/gsclib045_all_v4.8/gsclib045/timing/slow_vdd1v0_basicCells.lib)
**WARN: (TECHLIB-302):	No function defined for cell 'ANTENNA'. The cell will only be used for analysis. (File /opt/soc/tech/cadence/gsclib045_all_v4.8/gsclib045/timing/slow_vdd1v0_basicCells.lib)
Read 489 cells in library slow_vdd1v0.
Library reading multithread flow ended.
fast_1p1v_0c slow_0p9v_125c
cmax_125c cmin_0c

Loading LEF file /home/student/16/ex8/flow_matmul_sync_1/dbs/prects.enc/libs/lef/gsclib045_tech.lef ...
Set DBUPerIGU to M2 pitch 400.

Loading LEF file /home/student/16/ex8/flow_matmul_sync_1/dbs/prects.enc/libs/lef/gsclib045_macro.lef ...
**WARN: (IMPLF-200):	Pin 'A' in macro 'ANTENNA' has no ANTENNAGATEAREA value defined. The library data is incomplete and some process antenna rules will not be checked correctly.
Type 'man IMPLF-200' for more detail.

##  Check design process and node:  
##  Design tech node is not set.

Loading view definition file from /home/student/16/ex8/flow_matmul_sync_1/dbs/prects.enc/viewDefinition.tcl
% Begin Load netlist data ... (date=11/14 14:52:06, mem=1948.5M)
*** Begin netlist parsing (mem=2226.0M) ***
Created 489 new cells from 1 timing libraries.
Reading netlist ...
Backslashed names will retain backslash and a trailing blank character.
Reading verilogBinary netlist '/home/student/16/ex8/flow_matmul_sync_1/dbs/prects.enc/vbin/matmul_sync.v.bin'
Reading binary database version 2 in multi-threaded mode

*** Memory Usage v#1 (Current mem = 2226.039M, initial mem = 856.402M) ***
*** End netlist parsing (cpu=0:00:00.0, real=0:00:00.0, mem=2226.0M) ***
% End Load netlist data ... (date=11/14 14:52:06, total cpu=0:00:00.0, real=0:00:00.0, peak res=1959.2M, current mem=1959.2M)
Top level cell is matmul_sync.
Hooked 489 DB cells to tlib cells.
Starting recursive module instantiation check.
No recursion found.
Building hierarchical netlist for Cell matmul_sync ...
***** UseNewTieNetMode *****.
*** Netlist is unique.
** info: there are 586 modules.
** info: there are 2008 stdCell insts.
** info: there are 2008 stdCell insts with at least one signal pin.

*** Memory Usage v#1 (Current mem = 2226.039M, initial mem = 856.402M) ***
*info: set bottom ioPad orient R0
**WARN: (IMPFP-3961):	The techSite 'CornerSite' has no related standard cells in the LEF/OA library. The calculations for this site type cannot be made unless standard cell models of this type exist in the LEF/OA library. Ignore this warning if the SITE is not used by the library. Alternatively, remove the SITE definition for the LEF/OA library to avoid this message.
Type 'man IMPFP-3961' for more detail.
**WARN: (IMPFP-3961):	The techSite 'IOSite' has no related standard cells in the LEF/OA library. The calculations for this site type cannot be made unless standard cell models of this type exist in the LEF/OA library. Ignore this warning if the SITE is not used by the library. Alternatively, remove the SITE definition for the LEF/OA library to avoid this message.
Type 'man IMPFP-3961' for more detail.
Start create_tracks
Loading preference file /home/student/16/ex8/flow_matmul_sync_1/dbs/prects.enc/gui.pref.tcl ...
##  Process: 45            (User Set)               
##     Node: (not set)                           

##  Check design process and node:  
##  Design tech node is not set.

Applying the recommended capacitance filtering threshold values for 45nm process node: total_c_th=0, relative_c_th=1 and coupling_c_th=0.1.
	These values will be used by all post-route extraction engines, including TQuantus, IQuantus and Quantus QRC extraction.
	Capacitance filtering mode(extract_rc_cap_filter_mode option of the set_db) is 'relative_and_coupling' for all engines.
	The accuracy mode for post_route extract_rc_effort_level low extraction will be set to 'high'.
	Default value for EffortLevel(extract_rc_effort_level option of the set_db) in post_route extraction mode will be 'medium' if Quantus QRC technology file is specified else 'low'.
**WARN: (IMPOPT-7140):	The "set_db opt_hold_cells" list is empty
set_db opt_useful_skew already set.
**WARN: (IMPOPT-7155):	Option opt_skew_post_cts in 'set_db' will be obsolete. 'set_db opt_skew_post_cts true'will mapped to 'set_db opt_skew_ccopt standard' internally when design_flow_effort is not set to extreme and 'opt_skew_ccopt' has not been explict set by user.
Slack adjustment of -0 applied on reg2reg path_group
Slack adjustment of -0 applied on reg2out path_group
Slack adjustment of -0 applied on in2reg path_group
Slack adjustment of -0 applied on in2out path_group
#WARNING (NRIF-83) When route_detail_post_route_swap_via is set to 'none', the post route via swapping step will be skipped in all scenarios.
#WARNING (NRIF-90) Option set_db route_bottom_routing_layer is obsolete. It will continue to work for the current release. To ensure compatibility with future releases, use option set_db design_bottom_routing_layer instead.
#WARNING (NRIF-91) Option set_db route_top_routing_layer is obsolete. It will continue to work for the current release. To ensure compatibility with future releases, use option set_db design_top_routing_layer instead.
**WARN: (IMPSP-2904):	option place_detail_filler_gap_effort and place_detail_filler_gap_min_gap will be obsolete from next release and is replaced by place_detail_legalization_inst_gap <site>.
**WARN: (IMPSP-2904):	option place_detail_filler_gap_effort and place_detail_filler_gap_min_gap will be obsolete from next release and is replaced by place_detail_legalization_inst_gap <site>.
**WARN: (IMPPSP-1003):	Found use of 'route_early_global_top_routing_layer'. This will continue to work in this release; however, it is recommended to use 'design_top_routing_layer' instead.
**WARN: (IMPPSP-1003):	Found use of 'route_early_global_bottom_routing_layer'. This will continue to work in this release; however, it is recommended to use 'design_bottom_routing_layer' instead.
Change floorplan default-technical-site to 'CoreSite'.
*Info: initialize multi-corner CTS.
Starting library reading in 'Multi-threaded flow' (with '8' threads)
Reading fast_1p1v_0c_ls timing library /opt/soc/tech/cadence/gsclib045_all_v4.8/gsclib045/timing/fast_vdd1v0_basicCells.lib.
**WARN: (TECHLIB-302):	No function defined for cell 'DECAP9'. The cell will only be used for analysis. (File /opt/soc/tech/cadence/gsclib045_all_v4.8/gsclib045/timing/fast_vdd1v0_basicCells.lib)
**WARN: (TECHLIB-302):	No function defined for cell 'DECAP8'. The cell will only be used for analysis. (File /opt/soc/tech/cadence/gsclib045_all_v4.8/gsclib045/timing/fast_vdd1v0_basicCells.lib)
**WARN: (TECHLIB-302):	No function defined for cell 'DECAP7'. The cell will only be used for analysis. (File /opt/soc/tech/cadence/gsclib045_all_v4.8/gsclib045/timing/fast_vdd1v0_basicCells.lib)
**WARN: (TECHLIB-302):	No function defined for cell 'DECAP6'. The cell will only be used for analysis. (File /opt/soc/tech/cadence/gsclib045_all_v4.8/gsclib045/timing/fast_vdd1v0_basicCells.lib)
**WARN: (TECHLIB-302):	No function defined for cell 'DECAP5'. The cell will only be used for analysis. (File /opt/soc/tech/cadence/gsclib045_all_v4.8/gsclib045/timing/fast_vdd1v0_basicCells.lib)
**WARN: (TECHLIB-302):	No function defined for cell 'DECAP4'. The cell will only be used for analysis. (File /opt/soc/tech/cadence/gsclib045_all_v4.8/gsclib045/timing/fast_vdd1v0_basicCells.lib)
**WARN: (TECHLIB-302):	No function defined for cell 'DECAP3'. The cell will only be used for analysis. (File /opt/soc/tech/cadence/gsclib045_all_v4.8/gsclib045/timing/fast_vdd1v0_basicCells.lib)
**WARN: (TECHLIB-302):	No function defined for cell 'DECAP2'. The cell will only be used for analysis. (File /opt/soc/tech/cadence/gsclib045_all_v4.8/gsclib045/timing/fast_vdd1v0_basicCells.lib)
**WARN: (TECHLIB-302):	No function defined for cell 'DECAP10'. The cell will only be used for analysis. (File /opt/soc/tech/cadence/gsclib045_all_v4.8/gsclib045/timing/fast_vdd1v0_basicCells.lib)
**WARN: (TECHLIB-302):	No function defined for cell 'ANTENNA'. The cell will only be used for analysis. (File /opt/soc/tech/cadence/gsclib045_all_v4.8/gsclib045/timing/fast_vdd1v0_basicCells.lib)
Read 489 cells in library fast_vdd1v0.
Library reading multithread flow ended.
Total number of combinational cells: 318
Total number of sequential cells: 152
Total number of tristate cells: 10
Total number of level shifter cells: 0
Total number of power gating cells: 0
Total number of isolation cells: 0
Total number of power switch cells: 0
Total number of pulse generator cells: 0
Total number of always on buffers: 0
Total number of retention cells: 0
Total number of physical cells: 9
List of usable buffers: CLKBUFX2 BUFX2 CLKBUFX3 BUFX3 CLKBUFX4 BUFX4 CLKBUFX6 BUFX6 CLKBUFX8 BUFX8 CLKBUFX12 BUFX12 CLKBUFX16 BUFX16 CLKBUFX20 BUFX20
Total number of usable buffers: 16
List of unusable buffers:
Total number of unusable buffers: 0
List of usable inverters: INVXL INVX1 INVX2 CLKINVX1 INVX3 CLKINVX2 INVX4 CLKINVX4 CLKINVX3 INVX6 CLKINVX6 INVX8 CLKINVX8 INVX12 CLKINVX12 INVX16 CLKINVX16 INVX20 CLKINVX20
Total number of usable inverters: 19
List of unusable inverters:
Total number of unusable inverters: 0
List of identified usable delay cells: DLY1X1 DLY1X4 DLY2X1 DLY2X4 DLY3X1 DLY3X4 DLY4X1 DLY4X4
Total number of identified usable delay cells: 8
List of identified unusable delay cells:
Total number of identified unusable delay cells: 0
Reading floorplan file - /home/student/16/ex8/flow_matmul_sync_1/dbs/prects.enc/matmul_sync.fp.gz (mem = 2373.1M).
% Begin Load floorplan data ... (date=11/14 14:52:07, mem=2314.5M)
*info: reset 2431 existing net BottomPreferredLayer and AvoidDetour
Deleting old partition specification.
Set FPlanBox to (0 0 202000 205200)
**WARN: (IMPFP-3961):	The techSite 'CornerSite' has no related standard cells in the LEF/OA library. The calculations for this site type cannot be made unless standard cell models of this type exist in the LEF/OA library. Ignore this warning if the SITE is not used by the library. Alternatively, remove the SITE definition for the LEF/OA library to avoid this message.
Type 'man IMPFP-3961' for more detail.
**WARN: (IMPFP-3961):	The techSite 'IOSite' has no related standard cells in the LEF/OA library. The calculations for this site type cannot be made unless standard cell models of this type exist in the LEF/OA library. Ignore this warning if the SITE is not used by the library. Alternatively, remove the SITE definition for the LEF/OA library to avoid this message.
Type 'man IMPFP-3961' for more detail.
There are 1863 members in group pd_aon.
 ... processed partition successfully.
Reading binary special route file /home/student/16/ex8/flow_matmul_sync_1/dbs/prects.enc/matmul_sync.fp.spr.gz (Created by Innovus v23.15-s106_1 on Fri Nov 14 14:50:09 2025, version: 1)
Ending "Read special route file" (total cpu=0:00:00.0, real=0:00:00.0, peak res=2317.2M, current mem=2317.2M)
There are 5 nets with bottomPreferredRoutingLayer being set
There are 5 nets with avoidDetour being set
Extracting standard cell pins and blockage ...... 
Pin and blockage extraction finished
Delete all existing relative floorplan constraints.
% End Load floorplan data ... (date=11/14 14:52:09, total cpu=0:00:00.1, real=0:00:02.0, peak res=2318.5M, current mem=2318.5M)
Reading congestion map file /home/student/16/ex8/flow_matmul_sync_1/dbs/prects.enc/matmul_sync.route.congmap.gz ...
% Begin Load SymbolTable ... (date=11/14 14:52:09, mem=2318.5M)
Suppress "**WARN ..." messages.
Un-suppress "**WARN ..." messages.
% End Load SymbolTable ... (date=11/14 14:52:11, total cpu=0:00:00.0, real=0:00:02.0, peak res=2319.5M, current mem=2319.5M)
Loading place ...
% Begin Load placement data ... (date=11/14 14:52:11, mem=2319.5M)
Reading placement file - /home/student/16/ex8/flow_matmul_sync_1/dbs/prects.enc/matmul_sync.place.gz.
** Reading stdCellPlacement_binary (Created by Innovus v23.15-s106_1 on Fri Nov 14 14:50:09 2025, version# 2) ...
Read Views for adaptive view pruning ...
Read 0 views from Binary DB for adaptive view pruning
*** Completed restorePlace (cpu=0:00:00.0 real=0:00:00.0 mem=2373.1M) ***
Total net length = 2.261e+04 (1.101e+04 1.160e+04) (ext = 2.511e+03)
% End Load placement data ... (date=11/14 14:52:11, total cpu=0:00:00.0, real=0:00:00.0, peak res=2320.1M, current mem=2320.1M)
Reading PG file /home/student/16/ex8/flow_matmul_sync_1/dbs/prects.enc/matmul_sync.pg.gz, version#2, (Created by Innovus v23.15-s106_1 on       Fri Nov 14 14:50:09 2025)
*** Completed restorePGFile (cpu=0:00:00.0 real=0:00:01.0 mem=2373.1M) ***
Restoring power intent database ...
number of pgNets = 2
% Begin Load routing data ... (date=11/14 14:52:12, mem=2333.9M)
Reading routing file - /home/student/16/ex8/flow_matmul_sync_1/dbs/prects.enc/matmul_sync.route.gz.
Reading Innovus routing data (Created by Innovus v23.15-s106_1 on Fri Nov 14 14:50:09 2025 Format: 23.1) ...
*** Total 2433 nets are successfully restored.
*** Completed restoreRoute (cpu=0:00:00.0 real=0:00:01.0 mem=2404.1M) ***
% End Load routing data ... (date=11/14 14:52:13, total cpu=0:00:00.0, real=0:00:01.0, peak res=2335.7M, current mem=2335.7M)
% Begin Load DEF data ... (date=11/14 14:52:13, mem=2335.7M)
Reading DEF file '/home/student/16/ex8/flow_matmul_sync_1/dbs/prects.enc/matmul_sync.scandef.gz', current time is Fri Nov 14 14:52:13 2025 ...
--- DIVIDERCHAR '/'
--- UnitsPerDBU = 1.0000
DEF file '/home/student/16/ex8/flow_matmul_sync_1/dbs/prects.enc/matmul_sync.scandef.gz' is parsed, current time is Fri Nov 14 14:52:14 2025.
% End Load DEF data ... (date=11/14 14:52:14, total cpu=0:00:00.0, real=0:00:01.0, peak res=2336.7M, current mem=2336.7M)
TAT_INFO: ::restoreCongMap REAL = 1 : CPU = 0 : MEM = 0.
Reading property file /home/student/16/ex8/flow_matmul_sync_1/dbs/prects.enc/matmul_sync.prop
*** Completed restoreProperty (cpu=0:00:00.0 real=0:00:00.0 mem=2396.1M) ***
fast_1p1v_0c_cmin slow_0p9v_125c_cmax
Change floorplan default-technical-site to 'CoreSite'.
**WARN: (IMPOPT-7140):	The "set_db opt_hold_cells" list is empty
set_db opt_useful_skew already set.
**WARN: (IMPOPT-7155):	Option opt_skew_post_cts in 'set_db' will be obsolete. 'set_db opt_skew_post_cts true'will mapped to 'set_db opt_skew_ccopt standard' internally when design_flow_effort is not set to extreme and 'opt_skew_ccopt' has not been explict set by user.
**WARN: (IMPSP-2904):	option place_detail_filler_gap_effort and place_detail_filler_gap_min_gap will be obsolete from next release and is replaced by place_detail_legalization_inst_gap <site>.
**WARN: (IMPSP-2904):	option place_detail_filler_gap_effort and place_detail_filler_gap_min_gap will be obsolete from next release and is replaced by place_detail_legalization_inst_gap <site>.
#WARNING (NRIF-90) Option set_db route_bottom_routing_layer is obsolete. It will continue to work for the current release. To ensure compatibility with future releases, use option set_db design_bottom_routing_layer instead.
#WARNING (NRIF-83) When route_detail_post_route_swap_via is set to 'none', the post route via swapping step will be skipped in all scenarios.
**WARN: (IMPPSP-1003):	Found use of 'route_early_global_bottom_routing_layer'. This will continue to work in this release; however, it is recommended to use 'design_bottom_routing_layer' instead.
**WARN: (IMPPSP-1003):	Found use of 'route_early_global_top_routing_layer'. This will continue to work in this release; however, it is recommended to use 'design_top_routing_layer' instead.
#WARNING (NRIF-91) Option set_db route_top_routing_layer is obsolete. It will continue to work for the current release. To ensure compatibility with future releases, use option set_db design_top_routing_layer instead.
Loading preRoute extraction data from directory '/home/student/16/ex8/flow_matmul_sync_1/dbs/prects.enc/extraction/' ...
Extraction setup Started for TopCell matmul_sync 
Initializing multi-corner RC extraction with 2 active RC Corners ...
Captable file(s) not specified in multi-corner setup. PreRoute extraction will use technology file. For post_route extraction, default value for effort level would be 'medium' and effort level 'low' would not be allowed.
Generating auto layer map file.
Loading preRoute extracted patterns from file '/home/student/16/ex8/flow_matmul_sync_1/dbs/prects.enc/matmul_sync.techData.gz' ...
Completed (cpu: 0:00:00.4 real: 0:00:00.0)
Set Shrink Factor to 1.00000
Summary of Active RC-Corners : 
 
 Analysis View: slow_0p9v_125c_cmax_func
    RC-Corner Name        : cmax_125c
    RC-Corner Index       : 0
    RC-Corner Temperature : 125 Celsius
    RC-Corner Cap Table   : ''
    RC-Corner PreRoute Res Factor         : 1
    RC-Corner PreRoute Cap Factor         : 1
    RC-Corner PostRoute Res Factor        : 1 {1 1 1}
    RC-Corner PostRoute Cap Factor        : 1 {1 1 1}
    RC-Corner PostRoute XCap Factor       : 1 {1 1 1}
    RC-Corner PreRoute Clock Res Factor   : 1	[Derived from postRoute_res (effortLevel low)]
    RC-Corner PreRoute Clock Cap Factor   : 1	[Derived from postRoute_cap (effortLevel low)]
    RC-Corner PostRoute Clock Cap Factor  : 1 {1 1 1} 
    RC-Corner PostRoute Clock Res Factor  : 1 {1 1 1} 
    RC-Corner PostRoute Clock coupling capacitance Factor : 1 {1 1 1} 
    RC-Corner Technology file: '/home/student/16/ex8/flow_matmul_sync_1/dbs/prects.enc/libs/mmmc/cmax_125c/gpdk045.tch'
 
 Analysis View: slow_0p9v_125c_cmax_scan_capture
    RC-Corner Name        : cmax_125c
    RC-Corner Index       : 0
    RC-Corner Temperature : 125 Celsius
    RC-Corner Cap Table   : ''
    RC-Corner PreRoute Res Factor         : 1
    RC-Corner PreRoute Cap Factor         : 1
    RC-Corner PostRoute Res Factor        : 1 {1 1 1}
    RC-Corner PostRoute Cap Factor        : 1 {1 1 1}
    RC-Corner PostRoute XCap Factor       : 1 {1 1 1}
    RC-Corner PreRoute Clock Res Factor   : 1	[Derived from postRoute_res (effortLevel low)]
    RC-Corner PreRoute Clock Cap Factor   : 1	[Derived from postRoute_cap (effortLevel low)]
    RC-Corner PostRoute Clock Cap Factor  : 1 {1 1 1} 
    RC-Corner PostRoute Clock Res Factor  : 1 {1 1 1} 
    RC-Corner PostRoute Clock coupling capacitance Factor : 1 {1 1 1} 
    RC-Corner Technology file: '/home/student/16/ex8/flow_matmul_sync_1/dbs/prects.enc/libs/mmmc/cmax_125c/gpdk045.tch'
 
 Analysis View: slow_0p9v_125c_cmax_scan_shift
    RC-Corner Name        : cmax_125c
    RC-Corner Index       : 0
    RC-Corner Temperature : 125 Celsius
    RC-Corner Cap Table   : ''
    RC-Corner PreRoute Res Factor         : 1
    RC-Corner PreRoute Cap Factor         : 1
    RC-Corner PostRoute Res Factor        : 1 {1 1 1}
    RC-Corner PostRoute Cap Factor        : 1 {1 1 1}
    RC-Corner PostRoute XCap Factor       : 1 {1 1 1}
    RC-Corner PreRoute Clock Res Factor   : 1	[Derived from postRoute_res (effortLevel low)]
    RC-Corner PreRoute Clock Cap Factor   : 1	[Derived from postRoute_cap (effortLevel low)]
    RC-Corner PostRoute Clock Cap Factor  : 1 {1 1 1} 
    RC-Corner PostRoute Clock Res Factor  : 1 {1 1 1} 
    RC-Corner PostRoute Clock coupling capacitance Factor : 1 {1 1 1} 
    RC-Corner Technology file: '/home/student/16/ex8/flow_matmul_sync_1/dbs/prects.enc/libs/mmmc/cmax_125c/gpdk045.tch'
 
 Analysis View: fast_1p1v_0c_cmin_func
    RC-Corner Name        : cmin_0c
    RC-Corner Index       : 1
    RC-Corner Temperature : 0 Celsius
    RC-Corner Cap Table   : ''
    RC-Corner PreRoute Res Factor         : 1
    RC-Corner PreRoute Cap Factor         : 1
    RC-Corner PostRoute Res Factor        : 1 {1 1 1}
    RC-Corner PostRoute Cap Factor        : 1 {1 1 1}
    RC-Corner PostRoute XCap Factor       : 1 {1 1 1}
    RC-Corner PreRoute Clock Res Factor   : 1	[Derived from postRoute_res (effortLevel low)]
    RC-Corner PreRoute Clock Cap Factor   : 1	[Derived from postRoute_cap (effortLevel low)]
    RC-Corner PostRoute Clock Cap Factor  : 1 {1 1 1} 
    RC-Corner PostRoute Clock Res Factor  : 1 {1 1 1} 
    RC-Corner PostRoute Clock coupling capacitance Factor : 1 {1 1 1} 
    RC-Corner Technology file: '/home/student/16/ex8/flow_matmul_sync_1/dbs/prects.enc/libs/mmmc/cmax_125c/gpdk045.tch'
 
 Analysis View: fast_1p1v_0c_cmin_scan_capture
    RC-Corner Name        : cmin_0c
    RC-Corner Index       : 1
    RC-Corner Temperature : 0 Celsius
    RC-Corner Cap Table   : ''
    RC-Corner PreRoute Res Factor         : 1
    RC-Corner PreRoute Cap Factor         : 1
    RC-Corner PostRoute Res Factor        : 1 {1 1 1}
    RC-Corner PostRoute Cap Factor        : 1 {1 1 1}
    RC-Corner PostRoute XCap Factor       : 1 {1 1 1}
    RC-Corner PreRoute Clock Res Factor   : 1	[Derived from postRoute_res (effortLevel low)]
    RC-Corner PreRoute Clock Cap Factor   : 1	[Derived from postRoute_cap (effortLevel low)]
    RC-Corner PostRoute Clock Cap Factor  : 1 {1 1 1} 
    RC-Corner PostRoute Clock Res Factor  : 1 {1 1 1} 
    RC-Corner PostRoute Clock coupling capacitance Factor : 1 {1 1 1} 
    RC-Corner Technology file: '/home/student/16/ex8/flow_matmul_sync_1/dbs/prects.enc/libs/mmmc/cmax_125c/gpdk045.tch'
 
 Analysis View: fast_1p1v_0c_cmin_scan_shift
    RC-Corner Name        : cmin_0c
    RC-Corner Index       : 1
    RC-Corner Temperature : 0 Celsius
    RC-Corner Cap Table   : ''
    RC-Corner PreRoute Res Factor         : 1
    RC-Corner PreRoute Cap Factor         : 1
    RC-Corner PostRoute Res Factor        : 1 {1 1 1}
    RC-Corner PostRoute Cap Factor        : 1 {1 1 1}
    RC-Corner PostRoute XCap Factor       : 1 {1 1 1}
    RC-Corner PreRoute Clock Res Factor   : 1	[Derived from postRoute_res (effortLevel low)]
    RC-Corner PreRoute Clock Cap Factor   : 1	[Derived from postRoute_cap (effortLevel low)]
    RC-Corner PostRoute Clock Cap Factor  : 1 {1 1 1} 
    RC-Corner PostRoute Clock Res Factor  : 1 {1 1 1} 
    RC-Corner PostRoute Clock coupling capacitance Factor : 1 {1 1 1} 
    RC-Corner Technology file: '/home/student/16/ex8/flow_matmul_sync_1/dbs/prects.enc/libs/mmmc/cmax_125c/gpdk045.tch'
Restored Grid density data
Initializing multi-corner resistance tables ...
Default value for post_route extraction mode's extract_rc_effort_level (extract_rc_effort_level option of set_db) changed to 'medium'.
Start generating vias ..
#Skip building auto via since it is not turned on.
Extracting standard cell pins and blockage ...... 
Pin and blockage extraction finished
Via generation completed.
% Begin Load power constraints ... (date=11/14 14:52:14, mem=2377.7M)
source /home/student/16/ex8/flow_matmul_sync_1/dbs/prects.enc/matmul_sync_power_constraints.tcl
'set_default_switching_activity' finished successfully.
% End Load power constraints ... (date=11/14 14:52:14, total cpu=0:00:00.0, real=0:00:00.0, peak res=2399.9M, current mem=2399.9M)
**WARN: (IMPCTE-290):	Could not locate cell CLKINVX4 in any library for view fast_1p1v_0c_cmin_scan_capture.
Type 'man IMPCTE-290' for more detail.
**WARN: (IMPCTE-290):	Could not locate cell CLKINVX4 in any library for view fast_1p1v_0c_cmin_scan_capture.
Type 'man IMPCTE-290' for more detail.
**WARN: (IMPCTE-290):	Could not locate cell CLKINVX4 in any library for view fast_1p1v_0c_cmin_scan_capture.
Type 'man IMPCTE-290' for more detail.
**WARN: (IMPCTE-290):	Could not locate cell CLKINVX4 in any library for view fast_1p1v_0c_cmin_scan_capture.
Type 'man IMPCTE-290' for more detail.
**WARN: (IMPCTE-290):	Could not locate cell CLKINVX4 in any library for view fast_1p1v_0c_cmin_scan_capture.
Type 'man IMPCTE-290' for more detail.
**WARN: (IMPCTE-290):	Could not locate cell CLKINVX4 in any library for view fast_1p1v_0c_cmin_scan_capture.
Type 'man IMPCTE-290' for more detail.
**WARN: (IMPCTE-290):	Could not locate cell CLKINVX4 in any library for view fast_1p1v_0c_cmin_scan_capture.
Type 'man IMPCTE-290' for more detail.
**WARN: (IMPCTE-290):	Could not locate cell CLKINVX4 in any library for view fast_1p1v_0c_cmin_scan_capture.
Type 'man IMPCTE-290' for more detail.
**WARN: (IMPCTE-290):	Could not locate cell CLKINVX4 in any library for view fast_1p1v_0c_cmin_func.
Type 'man IMPCTE-290' for more detail.
**WARN: (IMPCTE-290):	Could not locate cell CLKINVX4 in any library for view fast_1p1v_0c_cmin_func.
Type 'man IMPCTE-290' for more detail.
**WARN: (IMPCTE-290):	Could not locate cell CLKINVX4 in any library for view fast_1p1v_0c_cmin_func.
Type 'man IMPCTE-290' for more detail.
**WARN: (IMPCTE-290):	Could not locate cell CLKINVX4 in any library for view fast_1p1v_0c_cmin_func.
Type 'man IMPCTE-290' for more detail.
**WARN: (IMPCTE-290):	Could not locate cell CLKINVX4 in any library for view fast_1p1v_0c_cmin_func.
Type 'man IMPCTE-290' for more detail.
**WARN: (IMPCTE-290):	Could not locate cell CLKINVX4 in any library for view fast_1p1v_0c_cmin_func.
Type 'man IMPCTE-290' for more detail.
**WARN: (IMPCTE-290):	Could not locate cell CLKINVX4 in any library for view fast_1p1v_0c_cmin_func.
Type 'man IMPCTE-290' for more detail.
**WARN: (IMPCTE-290):	Could not locate cell CLKINVX4 in any library for view fast_1p1v_0c_cmin_func.
Type 'man IMPCTE-290' for more detail.
**WARN: (IMPCTE-290):	Could not locate cell CLKINVX4 in any library for view fast_1p1v_0c_cmin_scan_shift.
Type 'man IMPCTE-290' for more detail.
**WARN: (IMPCTE-290):	Could not locate cell CLKINVX4 in any library for view fast_1p1v_0c_cmin_scan_shift.
Type 'man IMPCTE-290' for more detail.
**WARN: (IMPCTE-290):	Could not locate cell CLKINVX4 in any library for view fast_1p1v_0c_cmin_scan_shift.
Type 'man IMPCTE-290' for more detail.
**WARN: (IMPCTE-290):	Could not locate cell CLKINVX4 in any library for view fast_1p1v_0c_cmin_scan_shift.
Type 'man IMPCTE-290' for more detail.
**WARN: (EMS-27):	Message (IMPCTE-290) has exceeded the current message display limit of 20.
To increase the message display limit, refer to the product command reference manual.
fast_1p1v_0c_cmin slow_0p9v_125c_cmax
% Begin load AAE data ... (date=11/14 14:52:14, mem=2452.8M)
**WARN: (IMPESI-3478):	Simulation based Equivalent Waveform Model without waveform propagation setting is not properly supported, using moment based EWM instead.
**WARN: (IMPESI-3505):	set_db delaycal_eng_enablePrePlacedFlow false (default=false) will be obsoleted along with its sgs2set equivalent.  This parameter will continue to be supported in the current release, but will be removed in the next major release of the software.
AAE DB initialization (MEM=2463.699219 CPU=0:00:00.0 REAL=0:00:00.0) 
% End load AAE data ... (date=11/14 14:52:15, total cpu=0:00:00.4, real=0:00:01.0, peak res=2466.1M, current mem=2466.1M)
Restoring CCOpt config...
  Extracting original clock gating for clk_i...
    clock_tree clk_i contains 65 sinks and 0 clock gates.
  Extracting original clock gating for clk_i done.
  The skew group clk_i/func was created. It contains 65 sinks and 1 sources.
  The skew group clk_i/scan_capture was created. It contains 65 sinks and 1 sources.
  The skew group clk_i/scan_shift was created. It contains 65 sinks and 1 sources.
Restoring CCOpt config done.
Total number of combinational cells: 318
Total number of sequential cells: 152
Total number of tristate cells: 10
Total number of level shifter cells: 0
Total number of power gating cells: 0
Total number of isolation cells: 0
Total number of power switch cells: 0
Total number of pulse generator cells: 0
Total number of always on buffers: 0
Total number of retention cells: 0
Total number of physical cells: 9
List of usable buffers: CLKBUFX2 BUFX2 CLKBUFX3 BUFX3 CLKBUFX4 BUFX4 CLKBUFX6 BUFX6 CLKBUFX8 BUFX8 CLKBUFX12 BUFX12 CLKBUFX16 BUFX16 CLKBUFX20 BUFX20
Total number of usable buffers: 16
List of unusable buffers:
Total number of unusable buffers: 0
List of usable inverters: INVXL INVX1 INVX2 CLKINVX1 INVX3 CLKINVX2 INVX4 CLKINVX4 CLKINVX3 INVX6 CLKINVX6 INVX8 CLKINVX8 INVX12 CLKINVX12 INVX16 CLKINVX16 INVX20 CLKINVX20
Total number of usable inverters: 19
List of unusable inverters:
Total number of unusable inverters: 0
List of identified usable delay cells: DLY1X1 DLY1X4 DLY2X1 DLY2X4 DLY3X1 DLY3X4 DLY4X1 DLY4X4
Total number of identified usable delay cells: 8
List of identified unusable delay cells:
Total number of identified unusable delay cells: 0
**WARN: (IMPCTE-107):	The following globals have been obsoleted since version (null). They will be removed in the next release. 
timing_aocv_enable_gba_combine_launch_capture
timing_enable_backward_compatible_latch_thru_mt_mode
timing_enable_separate_device_slew_effect_sensitivities
#% End load design ... (date=11/14 14:52:15, total cpu=0:00:07.4, real=0:00:10.0, peak res=2483.1M, current mem=2470.3M)

*** Summary of all messages that are not suppressed in this session:
Severity  ID               Count  Summary                                  
WARNING   IMPLF-200            1  Pin '%s' in macro '%s' has no ANTENNAGAT...
WARNING   IMPFP-3961           4  The techSite '%s' has no related standar...
WARNING   IMPDBTCL-321        15  The attribute '%s' still works but will ...
WARNING   IMPESI-3478          1  Simulation based Equivalent Waveform Mod...
WARNING   IMPESI-3505          1  set_db delaycal_eng_%s (default=%s) will...
WARNING   IMPSP-2904           4  option place_detail_filler_gap_effort an...
WARNING   IMPOPT-7140          2  The "set_db opt_hold_cells" list is empt...
WARNING   IMPOPT-7155          2  Option %s in 'set_db' will be obsolete. ...
WARNING   NRIF-83              2  When route_detail_post_route_swap_via is...
WARNING   NRIF-90              2  Option set_db route_bottom_routing_layer...
WARNING   NRIF-91              2  Option set_db route_top_routing_layer is...
WARNING   IMPCTE-290        3288  Could not locate cell %s in any library ...
WARNING   IMPCTE-107           1  The following globals have been obsolete...
WARNING   IMPPSP-1003          4  Found use of '%s'. This will continue to...
WARNING   TECHLIB-302         20  No function defined for cell '%s'. The c...
*** Message Summary: 3349 warning(s), 0 error(s)

UM:   flow.cputime  flow.realtime  timing.setup.tns  timing.setup.wns  snapshot
UM:*                                                                   read_db
Sourcing flow scripts...
**WARN: (IMPDBTCL-299):	The attribute 'flow_metrics_qor_html' still works but will be obsolete in a future major release. You should remove it from your script before the next major release to avoid errors. It should be changed to the new name of 'flowtool_metrics_qor_html'.
**WARN: (IMPDBTCL-299):	The attribute 'flow_current' still works but will be obsolete in a future major release. You should remove it from your script before the next major release to avoid errors. It should be changed to the new name of 'flow_top'.
## FLOWKIT: sourcing /home/student/16/ex8/flow_matmul_sync_1/cadence_flow_scripts/scripts/flow_config.tcl
Info: Sourcing scripts/design_setup.tcl
Warning: Overriding project technology setup from local folder
Info: Sourcing scripts/tech_setup.tcl
Info: TECHNOLOGY SETUP: gpdk045 : v1.0
Warning: Overriding project mmmc setup from local folder
Info: Sourcing scripts/mmmc_setup.tcl
Info: MMMC SETUP: gpdk045 : v1.0
Warning: Overriding project library setup from local folder
Info: Sourcing scripts/library_setup.tcl
Info: LIBRARY SETUP: Ballast : v1.0
Info: Sourcing /home/student/16/ex8/flow_matmul_sync_1/cadence_flow_scripts/scripts/global_macro_setup.tcl
Info: MACRO SETUP: v1.0
Warning: Overriding project macro setup from local folder
Info: Sourcing scripts/local_macro_setup.tcl
Info: Adding macro info to flow_vars_lef_list in scripts/local_macro_setup.tcl
Info: re-writing flow_vars_scan_abstracts in scripts/local_macro_setup.tcl
## FLOWKIT: checking include file scripts/genus_config.tcl for PLACEHOLDER content
## FLOWKIT: sourcing include file scripts/genus_config.tcl
## FLOWKIT: checking include file scripts/innovus_config.tcl for PLACEHOLDER content
## FLOWKIT: sourcing include file scripts/innovus_config.tcl
## FLOWKIT: checking include file scripts/tempus_config.tcl for PLACEHOLDER content
## FLOWKIT: sourcing include file scripts/tempus_config.tcl
## FLOWKIT: checking include file /home/student/16/ex8/flow_matmul_sync_1/cadence_flow_scripts/scripts/modus_config.tcl for PLACEHOLDER content
## FLOWKIT: sourcing include file /home/student/16/ex8/flow_matmul_sync_1/cadence_flow_scripts/scripts/modus_config.tcl
## FLOWKIT: checking include file scripts/dft_config.tcl for PLACEHOLDER content
## FLOWKIT: sourcing include file scripts/dft_config.tcl
## FLOWKIT: checking include file /home/student/16/ex8/flow_matmul_sync_1/cadence_flow_scripts/scripts/em_config.tcl for PLACEHOLDER content
## FLOWKIT: sourcing include file /home/student/16/ex8/flow_matmul_sync_1/cadence_flow_scripts/scripts/em_config.tcl
## FLOWKIT: checking include file scripts/flow_existing_step_overwrite.tcl for PLACEHOLDER content
## FLOWKIT: sourcing include file scripts/flow_existing_step_overwrite.tcl
Sourcing flow scripts done.
##FLOW_KIT: enabling features from command line: {report_lec synth_spatial pnr_db_handoff add_scan generate_models opt_signoff}
reading previous metrics...
Begin steps for plugin point Cadence.plugin.flowkit.read_db.post
##FLOW_KIT: enabling features from command line: {report_lec synth_spatial pnr_db_handoff add_scan generate_models opt_signoff}
#@ Begin verbose flow_step activate_views
@flow 2: set db [get_db flow_starting_db]
@flow 3: set flow [lindex [get_db flow_hier_path] end]
@flow 4: set setup_views [get_feature $flow -feature setup_views]
@flow 5: set hold_views [get_feature $flow -feature hold_views]
@flow 6: set leakage_view [get_feature $flow -feature leakage_view]
@flow 7: set dynamic_view [get_feature $flow -feature dynamic_view]
@flow 9: if {($setup_views ne "") || ($hold_views ne "") || ($leakage_view ne "") || ($dynamic_view ne "")} {...}
#@ End verbose flow_step activate_views
##FLOW_KIT: enabling features from command line: {report_lec synth_spatial pnr_db_handoff add_scan generate_models opt_signoff}
#@ Begin verbose flow_step init_mcpu
@flow 2: # Multi host/cpu attributes
@flow 3: #-----------------------------------------------------------------------------
@flow 4: # The FLOWTOOL_NUM_CPUS is an environment variable which should be exported by
@flow 5: # the specified dist script.  This connects the number of CPUs being reserved
@flow 6: # for batch jobs with the current flow scripts.  The LSB_MAX_NUM_PROCESSORS is
@flow 7: # a typical environment variable exported by distribution platforms and is
@flow 8: # useful for ensuring all interactive jobs are using the reserved amount of CPUs.
@flow 9: if {[info exists ::env(FLOWTOOL_NUM_CPUS)]} {
@flow 10: set max_cpus $::env(FLOWTOOL_NUM_CPUS)
@flow 11: }
@flow 17: switch -glob {innovus} {
@@flow 0: set_multi_cpu_usage -verbose -local_cpu   $max_cpus
**WARN: (PRL-39):	Number of local CPUs specified (16) > Actual number of CPUs in the host (8). The lower value will be used.
set_multi_cpu_usage -local_cpu 8
@flow 1: if {[get_feature -feature opt_signoff]} {
@flow 2: if {[is_flow -inside flow:opt_signoff]} {...}
@flow 6: }
@flow 7: if {[get_feature -feature sta_eco]} {...}
@flow 13: }
#@ End verbose flow_step init_mcpu
End steps for plugin point Cadence.plugin.flowkit.read_db.post
      flow.cputime  flow.realtime  timing.setup.tns  timing.setup.wns  snapshot
UM:*                                                                   init_flow
      flow.cputime  flow.realtime  timing.setup.tns  timing.setup.wns  snapshot
UM:*                                                                   cts
##FLOW_KIT: enabling features from command line: {report_lec synth_spatial pnr_db_handoff add_scan generate_models opt_signoff}
#@ Begin verbose flow_step cts.block_start
#@ End verbose flow_step cts.block_start
      flow.cputime  flow.realtime  timing.setup.tns  timing.setup.wns  snapshot
UM:           21.6             39                                      block_start
##FLOW_KIT: enabling features from command line: {report_lec synth_spatial pnr_db_handoff add_scan generate_models opt_signoff}
#@ Begin verbose flow_step cts.init_innovus
@flow 3: # Tool settings: NOTE: already set by flow_config.tcl
@flow 4: #set_multi_cpu_usage -local_cpu 8 -remote_host 1 -cpu_per_remote_host 8
@flow 6: if {[get_feature -feature report_lec]} {
@flow 7: # Init attributes  [get_db -category init]
@flow 8: 	#-------------------------------------------------------------------------------
@@flow 9: set_db write_lec_directory_naming_style "fv/%s/[get_db flow_report_name]"
@flow 10:
@flow 11: }
@@flow 12: set_db init_design_uniquify 1
@flow 14: # Design attributes  [get_db -category design]
@flow 15: #-------------------------------------------------------------------------------
@@flow 16: set_db design_process_node            45
##  Process: 45            (User Set)               
##     Node: (not set)                           

##  Check design process and node:  
##  Design tech node is not set.

Applying the recommended capacitance filtering threshold values for 45nm process node: total_c_th=0, relative_c_th=1 and coupling_c_th=0.1.
	These values will be used by all post-route extraction engines, including TQuantus, IQuantus and Quantus QRC extraction.
	Capacitance filtering mode(extract_rc_cap_filter_mode option of the set_db) is 'relative_and_coupling' for all engines.
	The accuracy mode for post_route extract_rc_effort_level low extraction will be set to 'high'.
	Default value for EffortLevel(extract_rc_effort_level option of the set_db) in post_route extraction mode is 'medium'.
@flow 17: if {[get_feature -feature flow_express]} {...}
@@flow 20: set_db design_early_clock_flow              true
@flow 22: # Via naming
@flow 23: #-------------------------------------------------------------------------------
@flow 24: # Use design name as prefix for VIAs, as otherwise they will cause collision when merging designs on toplevel
@@flow 25: set_db write_stream_via_names true
@flow 27: # Timing attributes  [get_db -category timing && delaycalc]
@flow 28: #-------------------------------------------------------------------------------
@@flow 29: set_db timing_analysis_cppr           both
@@flow 30: set_db timing_analysis_type           ocv
@@flow 31: set_db timing_report_fields           {timing_point net cell fanout load transition delay incr_delay arrival edge user_derate power_domain}
@flow 33: #set_db timing_analysis_socv                               true                        ;# Enable socv analysis
@flow 34: #set_db timing_socv_rc_variation_mode                      true                        ;# Enable interconnect variation mode in SOCV mode
@flow 35: #set_db  timing_report_enable_verbose_ssta_mode true
@flow 37: # Add, TL: flow sets this to "no_async", async is default and should be used
@@flow 38: set_db timing_analysis_async_checks async
@flow 39: # Add, TL: maybe a bit hazardous... disable default io delay for ports which are unconstrained!
@flow 40: # if true, will cause hold problems (since launching clock is the receiving clock (with same latency!))
@@flow 41: set_db timing_apply_default_primary_input_assertion false
@@flow 43: set_db delaycal_advanced_node_pin_cap_settings true
@@flow 44: set_db delaycal_advanced_pin_cap_mode true
@flow 47: # Extraction attributes  [get_db -category extract_rc]
@flow 48: #-------------------------------------------------------------------------------
@flow 49: if {[get_feature -feature add_pvs_fill] || [get_feature -feature add_pegasus_beol_fill]} {...}
@flow 52: if {[is_flow -after flow:opt_signoff] || [is_flow -inside flow:opt_signoff]} {...}
@flow 58: if {[is_flow -after flow:route]} {...}
@flow 64: if {0} {...
@flow 66: } else {
@@flow 67: set_db delaycal_equivalent_waveform_model               no_propagation
@flow 68: }
@@flow 69: set_db si_aggressor_alignment                             timing_aware_edge       
@flow 71: # Mod, TL: Too few licenses to extract all corners in parallel . Use the following to reduce number of used licenses :
@flow 72: #set_db extract_rc_qrc_run_mode sequential
@flow 74: # Floorplan attributes  [get_db -category floorplan]
@flow 75: #-------------------------------------------------------------------------------
@@flow 76: set_db finish_floorplan_active_objs   [list macro soft_blockage core]
@flow 77: # Constraints for even or odd site width/ row height
@@flow 78: set_db floorplan_row_site_height                          even
@@flow 79: set_db floorplan_row_site_width                           even
@flow 81: # Placement attributes  [get_db -category place]
@flow 82: #-------------------------------------------------------------------------------
@@flow 83: set_db place_detail_legalization_inst_gap                 1 
@@flow 84: set_db place_detail_use_no_diffusion_one_site_filler      false                        ;
@flow 84: # False to not leave 1-site gaps
@@flow 85: set_db place_detail_filler_gap_min_gap                    0.2
**WARN: (IMPSP-2904):	option place_detail_filler_gap_effort and place_detail_filler_gap_min_gap will be obsolete from next release and is replaced by place_detail_legalization_inst_gap <site>.
@@flow 86: set_db place_detail_filler_gap_effort                     high
**WARN: (IMPSP-2904):	option place_detail_filler_gap_effort and place_detail_filler_gap_min_gap will be obsolete from next release and is replaced by place_detail_legalization_inst_gap <site>.
@@flow 88: set_db place_global_uniform_density                       true                        ;
@flow 88: # Enable even cell distribution for designs with less than 70% utilization
@@flow 90: set_db place_global_place_io_pins               true
@@flow 91: set_db place_detail_use_check_drc               true
@flow 92: #set_db place_detail_color_aware_legal           true
@flow 94: # Tieoff attributes  [get_db -category add_tieoffs]
@flow 95: #-------------------------------------------------------------------------------
@@flow 96: set_db add_tieoffs_cells                        [list TIEHI TIELO]
@flow 97: # tieoff max fanout not honored without this?
@@flow 98: set_db add_tieoffs_max_fanout 32
@flow 100: # Optimization attributes  [get_db -category opt]
@flow 101: #-------------------------------------------------------------------------------
@@flow 102: set_db opt_fix_hold_allow_setup_tns_degradation           true                        ;
@flow 102: # When set to true, allows setup total negative slack to degrade during hold optimization.
@@flow 103: set_db opt_fix_hold_verbose                               true                        ;
@flow 103: # When set to true, display extra info in the log about remaining hold violations.
@@flow 104: set_db opt_new_inst_prefix            "[get_db flow_report_name]_"
@flow 105: # Note, do not use DEL* -cells for hold fixing because of HUGE variation
@@flow 106: set_db opt_fix_hold_lib_cells                   [list  ]
**WARN: (IMPOPT-7140):	The "set_db opt_hold_cells" list is empty
@flow 107: # enable data checks during gigaplace (false by default)
@flow 108: #set_db opt_enable_data_to_data_checks     true
@flow 110: # fix max_fanout / max_load violations, false by default
@@flow 111: set_db opt_fix_fanout_load true
@flow 113: # Clock attributes  [get_db -category cts]
@flow 114: #-------------------------------------------------------------------------------
@@flow 115: set_db cts_top_fanout_threshold                           2000                        ;
@flow 115: # Minimum number of transitive fanout in the clock tree for a net to be routed as a top net
@@flow 116: set_db cts_target_skew                          0.15
@@flow 117: set_db cts_target_max_transition_time           0.10
@@flow 119: set_db cts_buffer_cells                         [list CLKBUFX12 CLKBUFX16 CLKBUFX2 CLKBUFX20 CLKBUFX3 CLKBUFX4 CLKBUFX6 CLKBUFX8]
@@flow 120: set_db cts_inverter_cells                       [list CLKINVX1 CLKINVX12 CLKINVX16 CLKINVX2 CLKINVX20 CLKINVX3 CLKINVX4 CLKINVX6 CLKINVX8]
@@flow 121: set_db cts_clock_gating_cells                   [list TLATNCAX12 TLATNCAX16 TLATNCAX2 TLATNCAX20 TLATNCAX3 TLATNCAX4 TLATNCAX6 TLATNCAX8]
@@flow 122: set_db cts_logic_cells                          [get_db [get_db base_cells CLK*] .name]
@flow 124: #- Route types definitions occur during the "init_floorplan" flow_step
@flow 125: if {[get_db route_types] ne ""} {
@@flow 126: set_db cts_route_type_leaf                     cts_route_type_leaf
@@flow 127: set_db cts_route_type_trunk                    cts_route_type_trunk
@@flow 128: set_db cts_route_type_top                      cts_route_type_top
@flow 129: }
@flow 131: # Only use inverters in clock tree, no buffers
@@flow 132: set_db cts_use_inverters true
@flow 134: # Use max 32 fanout also in CTS
@@flow 135: set_db cts_max_fanout 32
@flow 137: # power balance leakage / dynamic
@flow 138: #-------------------------------------------------------------------------------
@flow 139: # Optimize both leakage & dynamic with same weight
@@flow 140: set_db opt_leakage_to_dynamic_ratio                 0.5
@flow 142: # Filler attributes  [get_db -category add_fillers]
@flow 143: #-------------------------------------------------------------------------------
@flow 144: #set_db add_fillers_avoid_abutment_patterns                "1:1 2:1"                   ;# Avoid 1:1 filler abutment
@@flow 145: set_db add_fillers_cells                        [list  DECAP10 DECAP2 DECAP3 DECAP4 DECAP5 DECAP6 DECAP7 DECAP8 DECAP9  FILL1 FILL16 FILL2 FILL32 FILL4 FILL64 FILL8  ]
@@flow 146: set_db add_fillers_no_single_site_gap true
@flow 147: # Insert fillers to toplevel hierarchy
@@flow 148: set_db add_fillers_cell_name_style                      flat
@flow 150: # Routing attributes  [get_db -category route]
@flow 151: #-------------------------------------------------------------------------------
@@flow 152: set_db route_early_global_bottom_routing_layer            [get_db [get_db layers Metal2] .route_index]
**WARN: (IMPPSP-1003):	Found use of 'route_early_global_bottom_routing_layer'. This will continue to work in this release; however, it is recommended to use 'design_bottom_routing_layer' instead.
@@flow 153: set_db route_early_global_top_routing_layer               [get_db [get_db layers Metal11] .route_index]
**WARN: (IMPPSP-1003):	Found use of 'route_early_global_top_routing_layer'. This will continue to work in this release; however, it is recommended to use 'design_top_routing_layer' instead.
@flow 154: #set_db route_early_global_num_tracks_per_clock_wire     1
@@flow 155: set_db route_early_global_num_tracks_per_clock_wire     5
@flow 157: # Note TL: use only up to M8 in routing
@@flow 158: set_db route_design_bottom_routing_layer                  [get_db [get_db layers Metal2] .route_index]
#WARNING (NRIF-90) Option set_db route_bottom_routing_layer is obsolete. It will continue to work for the current release. To ensure compatibility with future releases, use option set_db design_bottom_routing_layer instead.
@@flow 159: set_db route_design_top_routing_layer                     [get_db [get_db layers Metal11] .route_index]
#WARNING (NRIF-91) Option set_db route_top_routing_layer is obsolete. It will continue to work for the current release. To ensure compatibility with future releases, use option set_db design_top_routing_layer instead.
@@flow 161: set_db route_design_detail_post_route_swap_via          none
#WARNING (NRIF-83) When route_detail_post_route_swap_via is set to 'none', the post route via swapping step will be skipped in all scenarios.
@@flow 162: set_db route_design_with_litho_driven                   true
@@flow 163: set_db route_design_with_timing_driven                  true
@flow 165: # Antenna options
@@flow 166: set_db route_design_antenna_pin_limit                   1000
@@flow 167: set_db route_design_antenna_cell_name                   ANTENNA
@@flow 168: set_db route_design_add_antenna_inst_prefix             "ANTENNA"
@@flow 169: set_db route_design_antenna_diode_insertion             true
@@flow 170: set_db route_design_detail_fix_antenna                  true
@flow 172: #set_db route_design_process_node                        45
@@flow 173: set_db route_design_with_via_in_pin                     1:1 ;
@flow 173: # enclose via inside stdcell pin shape on M1 accesses
@flow 175: # H240 trim grid definition
@flow 176: #set_db route_design_with_trim_metal "-layer 2  #-mask2 {-pitch 0.24 -core_offset 0.225 -width 0.03 }  #-mask2 {-pitch 0.24 -core_offset 0.095 -width 0.03 }  #-mask1 {-pitch 0.24 -core_offset 0.015 -width 0.03 }  #-mask1 {-pitch 0.24 -core_offset 0.145 -width 0.03 }"
@@flow 178: set_db route_design_concurrent_minimize_via_count_effort  high                        ;
@flow 178: # Reduce the via count while routing
@@flow 179: set_db route_design_detail_use_multi_cut_via_effort       high                        ;
@flow 179: # Turn on concurrent double/bar cut routing before CTS
@flow 180: #set_db route_design_with_via_only_for_block_cell_pin      2:2                         ;# Access M2 MACRO pin with VIA only
@flow 182: if {0} {...}
@@flow 189: eval_legacy {setNanoRouteMode  -routeExpShieldAddTappingVia true}                     ;
@flow 189: # Add Tapping via for the specified distance for shielding
@flow 191: # Timing ECO attributes [get_db -category opt_signoff] 
@flow 192: #-------------------------------------------------------------------------------
@@flow 193: set_db distributed_child_license_checkout_list          tpsxl
@flow 195: # techniques                                                                    
@flow 196: #set_db opt_signoff_resize_inst  true                                           
@flow 197: #set_db opt_signoff_add_inst true                                               
@flow 198: #set_db opt_signoff_swap_inst true                                              
@flow 199: #set_db opt_signoff_delete_inst true                                            
@flow 200: #set_db opt_signoff_allow_skewing false                                         
@flow 201: #set_db opt_signoff_optimize_sequential_cells false                             
@@flow 202: set_db opt_signoff_optimize_core_only                   true                                    
@flow 203: #set_db opt_signoff_optimize_replicated_modules false                           
@flow 205: # target
@flow 206: #set_db opt_signoff_setup_target_slack 0.0
@flow 207: #set_db opt_signoff_hold_target_slack 0.0 
@flow 209: # Note TL: both false by default
@@flow 210: set_db opt_signoff_fix_si_slew true
@@flow 211: set_db opt_signoff_fix_xtalk   true
@@flow 212: set_db opt_signoff_fix_glitch  true
@flow 214: # Hold fixing
@@flow 215: set_db opt_signoff_fix_hold_allow_setup_optimization      true                        ;
@flow 215: # When set to true, incremental Setup fixing is performed during Hold fixing in order to create more Setup margins on Hold violated nodes that could not be fixed earlier due to Setup timing conflict
@@flow 216: set_db opt_signoff_fix_hold_allow_setup_tns_degrade       true                        ;
@flow 216: # When  specified,  the  Setup Total Negative Slack can be degraded during Hold time violations fixing while still maintaining the Setup Worst Negative Slack in every Setup active views.
@flow 218: # PBA
@@flow 219: set_db opt_signoff_retime                               path_slew_propagation
@flow 220: #set_db opt_signoff_check_type both                 
@flow 221: #set_db opt_signoff_max_paths -1                    
@flow 222: #set_db opt_signoff_nworst -1                       
@flow 223: #set_db opt_signoff_max_slack 0.0                   
@flow 225: # I/OS
@flow 226: #set_db opt_signoff_eco_file_prefix {}
@flow 227: #set_db opt_signoff_partition_list_file {}
@flow 228: #set_db opt_signoff_prefix ESO            
@flow 229: #set_db opt_signoff_read_eco_opt_db {}    
@flow 230: #set_db opt_signoff_write_eco_opt_db ecoTimingDB
@flow 231: #set_db opt_signoff_verbose false               
@flow 232: #set_db opt_signoff_pre_sta_tcl                
#@ End verbose flow_step cts.init_innovus
      flow.cputime  flow.realtime  timing.setup.tns  timing.setup.wns  snapshot
UM:           2.78              2                                      init_innovus
##FLOW_KIT: enabling features from command line: {report_lec synth_spatial pnr_db_handoff add_scan generate_models opt_signoff}
#@ Begin verbose flow_step cts.manage_uncertainty
@flow 2: if {0} {...}
#@ End verbose flow_step cts.manage_uncertainty
      flow.cputime  flow.realtime  timing.setup.tns  timing.setup.wns  snapshot
UM:           2.01              2                                      manage_uncertainty
##FLOW_KIT: enabling features from command line: {report_lec synth_spatial pnr_db_handoff add_scan generate_models opt_signoff}
#@ Begin verbose flow_step cts.add_clock_tree
@flow 2: if {![get_db opt_enable_podv2_clock_opt_flow]} {...
@flow 5: } else {
@@flow 6: clock_opt_design -report_dir [file join [get_db flow_report_directory] [get_db flow_report_name]] -report_prefix clock_opt_design
*** clock_opt_design #1 [begin] () : totSession cpu/real = 0:00:28.1/0:00:35.3 (0.8), mem = 2542.1M
**INFO: User's settings:
multibit_aware_seq_mapping                                     auto
opt_drv                                                        true
opt_drv_margin                                                 0.0
opt_drv_margin_for_max_tran                                    0.0
opt_drv_setup_aware                                            true
opt_fix_fanout_load                                            true
opt_hold_allow_setup_tns_degradation                           true
opt_hold_cells                                                 {}
opt_leakage_to_dynamic_ratio                                   0.5
opt_multi_bit_flop_name_prefix                                 CDN_MBIT_
opt_multi_bit_flop_name_separator                              _MB_
opt_multi_bit_flop_opt                                         false
opt_new_inst_prefix                                            cts_
opt_resize_flip_flops                                          true
opt_setup_target_slack                                         0.0
opt_skew                                                       true
opt_skew_post_cts                                              true
opt_skew_pre_cts                                               true
opt_skew_pre_cts_aggressive_ecf                                true
opt_spatial_power_driven                                       true
opt_verbose                                                    true
opt_view_pruning_hold_views_active_list                        { slow_0p9v_125c_cmax_func slow_0p9v_125c_cmax_scan_capture slow_0p9v_125c_cmax_scan_shift }
opt_view_pruning_placement_setup_view_list                     { slow_0p9v_125c_cmax_func  }
opt_view_pruning_setup_views_active_list                       { slow_0p9v_125c_cmax_func slow_0p9v_125c_cmax_scan_capture slow_0p9v_125c_cmax_scan_shift }
opt_view_pruning_setup_views_persistent_list                   { slow_0p9v_125c_cmax_func slow_0p9v_125c_cmax_scan_shift}
opt_view_pruning_tdgr_setup_views_persistent_list              { slow_0p9v_125c_cmax_func}
setActiveLogicViewMode -keepHighFanoutCriticalInsts            false
getDelayCalMode -enable_hier_save_restore_flow                 false
getDelayCalMode -engine                                        aae
getIlmMode -keepHighFanoutCriticalInsts                        false
getImportMode -config                                          true
get_power_analysis_mode -honor_net_activity_for_tcf            false
get_power_analysis_mode -honor_sublevel_activity               true
Multithreaded Timing Analysis is initialized with 8 threads

Estimated cell power/ground rail width = 0.160 um
*** Starting place_detail (0:00:28.4 mem=3079.5M) ***

Starting Small incrNP...
Density distribution unevenness ratio = 18.293%
Skipped incrNP (cpu=0:00:00.0, real=0:00:00.0, mem=3079.5M)
End of Small incrNP (cpu=0:00:00.0, real=0:00:00.0)
Move report: Detail placement moves 652 insts, mean move: 0.55 um, max move: 3.11 um 
	Max move on inst (FE_RC_283_0): (66.00, 8.55) --> (64.60, 10.26)
	Runtime: CPU: 0:00:00.6 REAL: 0:00:01.0 MEM: 3194.5MB
Summary Report:
Instances move: 652 (out of 2008 movable)
Instances flipped: 0
Mean displacement: 0.55 um
Max displacement: 3.11 um (Instance: FE_RC_283_0) (66, 8.55) -> (64.6, 10.26)
	Length: 8 sites, height: 1 rows, site name: CoreSite, cell type: AOI21X2
Physical-only instances move: 0 (out of 0 movable physical-only)
Runtime: CPU: 0:00:00.6 REAL: 0:00:01.0 MEM: 3194.5MB
*** Finished place_detail (0:00:29.0 mem=3194.5M) ***
ccopt_args: -outDir reports/cts -prefix clock_opt_design
Turning off fast DC mode.
Runtime...
(clock_opt_design): CTS Engine: auto. Used Spec: pre-existing CCOPT spec.
(clock_opt_design): Checking analysis view for power/activity...
Not setting up route_type 'default_route_type_nonleaf' from CTS mode settings, as it has already been done
Not setting up route_type 'default_route_type_leaf' from CTS mode settings, as it has already been done
Placement constraints of type 'region' or 'fence' will not be downgraded to 'guide' because the attribute cts_change_fences_to_guides has been set to false.
Set place::cacheFPlanSiteMark to 1
Using CCOpt effort standard.
Updating ideal nets and annotations...
Reset timing graph...
Ignoring AAE DB Resetting ...
Reset timing graph done.
Ignoring AAE DB Resetting ...
Reset timing graph...
Ignoring AAE DB Resetting ...
Reset timing graph done.
Clock tree spec update: Ideal nets, transition and delay annotations were updated to match active timing constraints.
Updating ideal nets and annotations done. (took cpu=0:00:00.2 real=0:00:00.1)
CCOpt::Phase::Initialization...
Check Prerequisites...
Leaving CCOpt scope - CheckPlace...

Begin checking placement ... (start mem=3277.0M, init mem=3285.0M)
*info: Placed = 2008          
*info: Unplaced = 0           
Placement Density:62.32%(5538/8886)
Placement Density (including fixed std cells):62.32%(5538/8886)
PowerDomain Density <pd_aon>:62.32%(5538/8887)
Finished check_place (total: cpu=0:00:00.0, real=0:00:00.0; vio checks: cpu=0:00:00.0, real=0:00:00.0; mem=3253.0M)
Leaving CCOpt scope - CheckPlace done. (took cpu=0:00:00.0 real=0:00:00.0)
Innovus will update I/O latencies
Reset timing graph...
Ignoring AAE DB Resetting ...
Reset timing graph done.
Ignoring AAE DB Resetting ...
No differences between SDC and CTS ideal net status found.
No differences between SDC and CTS transition time annotations found.
No differences between SDC and CTS delay annotations found.
Reset timing graph...
Ignoring AAE DB Resetting ...
Reset timing graph done.
Found 0 ideal nets, 0 pins with transition annotations, 0 instances with delay annotations, 0 nets with delay annotations, refer to logv for details.

Check Prerequisites done. (took cpu=0:00:00.2 real=0:00:00.1)
CCOpt::Phase::Initialization done. (took cpu=0:00:00.2 real=0:00:00.1)
Executing ccopt post-processing.
Synthesizing clock trees with CCOpt...
*** CTS #1 [begin] (clock_opt_design #1) : totSession cpu/real = 0:00:29.4/0:00:37.3 (0.8), mem = 3254.2M
CCOpt::Phase::PreparingToBalance...
Leaving CCOpt scope - Initializing power interface...
Leaving CCOpt scope - Initializing power interface done. (took cpu=0:00:00.0 real=0:00:00.0)
Leaving CCOpt scope - Initializing activity data...
#################################################################################
# Design Stage: PreRoute
# Design Name: matmul_sync
# Design Mode: 45nm
# Analysis Mode: MMMC OCV 
# Parasitics Mode: No SPEF/RCDB 
# Signoff Settings: SI Off (EWM)
#################################################################################
clk_i_virtual(200MHz) clk_i(200MHz) CK: assigning clock clk_i to net clk_i

Starting Levelizing
2025-Nov-14 14:52:25 (2025-Nov-14 12:52:25 GMT)
2025-Nov-14 14:52:25 (2025-Nov-14 12:52:25 GMT): 10%
2025-Nov-14 14:52:25 (2025-Nov-14 12:52:25 GMT): 20%
2025-Nov-14 14:52:25 (2025-Nov-14 12:52:25 GMT): 30%
2025-Nov-14 14:52:25 (2025-Nov-14 12:52:25 GMT): 40%
2025-Nov-14 14:52:25 (2025-Nov-14 12:52:25 GMT): 50%
2025-Nov-14 14:52:25 (2025-Nov-14 12:52:25 GMT): 60%
2025-Nov-14 14:52:25 (2025-Nov-14 12:52:25 GMT): 70%
2025-Nov-14 14:52:25 (2025-Nov-14 12:52:25 GMT): 80%
2025-Nov-14 14:52:25 (2025-Nov-14 12:52:25 GMT): 90%

Finished Levelizing
2025-Nov-14 14:52:25 (2025-Nov-14 12:52:25 GMT)

Starting Activity Propagation
2025-Nov-14 14:52:25 (2025-Nov-14 12:52:25 GMT)
2025-Nov-14 14:52:25 (2025-Nov-14 12:52:25 GMT): 10%
2025-Nov-14 14:52:25 (2025-Nov-14 12:52:25 GMT): 20%
2025-Nov-14 14:52:25 (2025-Nov-14 12:52:25 GMT): 30%

Finished Activity Propagation
2025-Nov-14 14:52:25 (2025-Nov-14 12:52:25 GMT)
Initializing cpe interface
Leaving CCOpt scope - Initializing activity data done. (took cpu=0:00:00.6 real=0:00:00.4)
Found 0 advancing pin insertion delay (0.000% of 65 clock tree sinks)
Found 0 delaying pin insertion delay (0.000% of 65 clock tree sinks)
**WARN: (IMPCCOPT-1127):	The skew group default.clk_i/scan_capture has been identified as a duplicate of: clk_i/func
**WARN: (IMPCCOPT-1127):	The skew group default.clk_i/scan_shift has been identified as a duplicate of: clk_i/func
The skew group clk_i/scan_capture has been identified as a duplicate of: clk_i/func, so it will not be cloned.
The skew group clk_i/scan_shift has been identified as a duplicate of: clk_i/func, so it will not be cloned.
Leaving CCOpt scope - optDesignGlobalRouteStep...
[NR-eGR] Early global route reroute all routable nets
[NR-eGR] Track table information for default rule: 
[NR-eGR] Metal1 has single uniform track structure
[NR-eGR] Metal2 has single uniform track structure
[NR-eGR] Metal3 has single uniform track structure
[NR-eGR] Metal4 has single uniform track structure
[NR-eGR] Metal5 has single uniform track structure
[NR-eGR] Metal6 has single uniform track structure
[NR-eGR] Metal7 has single uniform track structure
[NR-eGR] Metal8 has single uniform track structure
[NR-eGR] Metal9 has single uniform track structure
[NR-eGR] Metal10 has single uniform track structure
[NR-eGR] Metal11 has single uniform track structure
[NR-eGR] Read 5264 PG shapes
[NR-eGR] Read 0 clock shapes
[NR-eGR] Read 0 other shapes
[NR-eGR] #Routing Blockages  : 20
[NR-eGR] #Bump Blockages     : 0
[NR-eGR] #Instance Blockages : 0
[NR-eGR] #PG Blockages       : 5264
[NR-eGR] #Halo Blockages     : 0
[NR-eGR] #Boundary Blockages : 0
[NR-eGR] #Clock Blockages    : 0
[NR-eGR] #Other Blockages    : 0
[NR-eGR] #prerouted nets         : 0
[NR-eGR] #prerouted special nets : 0
[NR-eGR] #prerouted wires        : 0
[NR-eGR] Read 2429 nets ( ignored 0 )
[NR-eGR] Number of tracks per clock wire is set as 5, but there are 5 clock nets associated with NDR. The setting will not be applied.
[NR-eGR] ============ Routing rule table ============
[NR-eGR] Rule id: 0  Rule name: ndr_cts_2w25s_trunk  Nets: 2
[NR-eGR] Rule id: 1  Rule name: (Default)  Nets: 2424
[NR-eGR] Rule id: 2  Rule name: ndr_cts_2w25s_leaf  Nets: 3
[NR-eGR] ========================================
[NR-eGR] 
[NR-eGR] Layer group 1: route 2 net(s) in layer range [7, 8]
[NR-eGR] Early Global Route overflow of layer group 1: 0.00% H + 0.00% V. EstWL: 3.933000e+01um
[NR-eGR] Layer group 2: route 3 net(s) in layer range [2, 7]
[NR-eGR] Early Global Route overflow of layer group 2: 0.00% H + 0.00% V. EstWL: 2.496600e+02um
[NR-eGR] Layer group 3: route 2424 net(s) in layer range [2, 11]
[NR-eGR] Early Global Route overflow of layer group 3: 0.00% H + 0.00% V. EstWL: 2.455731e+04um
[NR-eGR] Congestion Analysis By layer: (blocked Gcells are excluded) 
[NR-eGR]                        OverCon            
[NR-eGR]                         #Gcell     %Gcell
[NR-eGR]        Layer             (1-0)    OverCon
[NR-eGR] ----------------------------------------------
[NR-eGR]  Metal1 ( 1)         0( 0.00%)   ( 0.00%) 
[NR-eGR]  Metal2 ( 2)         0( 0.00%)   ( 0.00%) 
[NR-eGR]  Metal3 ( 3)         0( 0.00%)   ( 0.00%) 
[NR-eGR]  Metal4 ( 4)         0( 0.00%)   ( 0.00%) 
[NR-eGR]  Metal5 ( 5)         0( 0.00%)   ( 0.00%) 
[NR-eGR]  Metal6 ( 6)         0( 0.00%)   ( 0.00%) 
[NR-eGR]  Metal7 ( 7)         0( 0.00%)   ( 0.00%) 
[NR-eGR]  Metal8 ( 8)         0( 0.00%)   ( 0.00%) 
[NR-eGR]  Metal9 ( 9)         0( 0.00%)   ( 0.00%) 
[NR-eGR] Metal10 (10)         0( 0.00%)   ( 0.00%) 
[NR-eGR] Metal11 (11)         0( 0.00%)   ( 0.00%) 
[NR-eGR] ----------------------------------------------
[NR-eGR]        Total         0( 0.00%)   ( 0.00%) 
[NR-eGR] 
[NR-eGR] Overflow after Early Global Route 0.00% H + 0.00% V
[NR-eGR] Connected 0 must-join pins/ports (post-process)
[NR-eGR] Total eGR-routed clock nets wire length: 279um, number of vias: 229
[NR-eGR] --------------------------------------------------------------------------
[NR-eGR]                  Length (um)   Vias 
[NR-eGR] ------------------------------------
[NR-eGR]  Metal1   (1H)             0   6748 
[NR-eGR]  Metal2   (2V)          8406   8866 
[NR-eGR]  Metal3   (3H)         10019    955 
[NR-eGR]  Metal4   (4V)          4841    369 
[NR-eGR]  Metal5   (5H)          2338    101 
[NR-eGR]  Metal6   (6V)           555     20 
[NR-eGR]  Metal7   (7H)            13      8 
[NR-eGR]  Metal8   (8V)            32      0 
[NR-eGR]  Metal9   (9H)             0      0 
[NR-eGR]  Metal10  (10V)            0      0 
[NR-eGR]  Metal11  (11H)            0      0 
[NR-eGR] ------------------------------------
[NR-eGR]           Total        26204  17067 
[NR-eGR] --------------------------------------------------------------------------
[NR-eGR] Total half perimeter of net bounding box: 22779um
[NR-eGR] Total length: 26204um, number of vias: 17067
[NR-eGR] --------------------------------------------------------------------------
[NR-eGR] Finished Early Global Route kernel ( CPU: 0.12 sec, Real: 0.08 sec, Curr Mem: 3.63 MB )
[NR-eGR] Finished Early Global Route ( CPU: 0.13 sec, Real: 0.08 sec, Curr Mem: 3.63 MB )
Leaving CCOpt scope - optDesignGlobalRouteStep done. (took cpu=0:00:00.1 real=0:00:00.1)
Legalization setup...
Using cell based legalization.
Initializing placement interface...
  Use check_library -place or consult logv if problems occur.
  Leaving CCOpt scope - Initializing placement interface...
  Leaving CCOpt scope - Initializing placement interface done. (took cpu=0:00:00.0 real=0:00:00.0)
Initializing placement interface done.
Leaving CCOpt scope - Cleaning up placement interface...
Leaving CCOpt scope - Cleaning up placement interface done. (took cpu=0:00:00.0 real=0:00:00.0)
**WARN: (IMPSP-2904):	option place_detail_filler_gap_effort and place_detail_filler_gap_min_gap will be obsolete from next release and is replaced by place_detail_legalization_inst_gap <site>.
**WARN: (IMPSP-2904):	option place_detail_filler_gap_effort and place_detail_filler_gap_min_gap will be obsolete from next release and is replaced by place_detail_legalization_inst_gap <site>.
Leaving CCOpt scope - Initializing placement interface...
Leaving CCOpt scope - Initializing placement interface done. (took cpu=0:00:00.0 real=0:00:00.0)
[PSP]    Load db... (mem=3.6M)
[PSP]    Read data from FE... (mem=3.6M)
[PSP]    Done Read data from FE (cpu=0.001s, mem=3.6M)

[PSP]    Done Load db (cpu=0.001s, mem=3.6M)

[PSP]    Constructing placeable region... (mem=3.6M)
[PSP]    Compute region effective width... (mem=3.6M)
[PSP]    Done Compute region effective width (cpu=0.000s, mem=3.6M)

[PSP]    Done Constructing placeable region (cpu=0.000s, mem=3.6M)

Legalization setup done. (took cpu=0:00:00.1 real=0:00:00.1)
Validating CTS configuration...
CCOpt power management detected and enabled.
Checking module port directions...
Checking module port directions done. (took cpu=0:00:00.0 real=0:00:00.0)
Non-default attributes:
  Public non-default attributes:
    cts_buffer_cells is set for at least one object
    cts_clock_gating_cells is set for at least one object
    cts_clock_tree_source_driver is set for at least one object
    cts_clock_tree_source_input_max_transition_time is set for at least one object
    cts_clock_tree_source_max_capacitance is set for at least one object
    cts_inverter_cells is set for at least one object
    cts_logic_cells is set for at least one object
    cts_merge_clock_gates is set for at least one object
    cts_merge_clock_logic is set for at least one object
    cts_primary_delay_corner: slow_0p9v_125c_cmax (default: )
    cts_route_type is set for at least one object
    cts_skew_group_target_insertion_delay is set for at least one object
    cts_skew_group_target_insertion_delay_wire is set for at least one object
    cts_target_max_transition_time is set for at least one object
    cts_target_skew is set for at least one object
    cts_target_skew_wire is set for at least one object
    cts_top_fanout_threshold is set for at least one object
    cts_use_inverters is set for at least one object
  Private non-default attributes:
    cts_cloning_copy_activity: true (default: false)
    cts_last_virtual_delay_scaling_factor is set for at least one object
Updating RC Grid density data for preRoute extraction ...
Initializing multi-corner resistance tables ...
Route type trimming info:
  The following route types were modified by the autotrimmer:
    cts_route_type_trunk (Metal2-Metal9) was replaced by cts_route_type_trunk_ccopt_autotrimmed (Metal7-Metal8);
      Layers Metal2 Metal3 Metal4 Metal5 Metal6 Metal9 are trimmed off because their RC characteristic are not good.
  To disable this behavior, either reduce the range of allowed layers or set the property "cts_route_type_auto_trim" to false.
Library trimming buffers in power domain pd_aon and half-corner slow_0p9v_125c_cmax:both.late removed 0 of 8 cells
Original list had 8 cells:
CLKBUFX20 CLKBUFX16 CLKBUFX12 CLKBUFX8 CLKBUFX6 CLKBUFX4 CLKBUFX3 CLKBUFX2 
Library trimming was not able to trim any cells:
CLKBUFX20 CLKBUFX16 CLKBUFX12 CLKBUFX8 CLKBUFX6 CLKBUFX4 CLKBUFX3 CLKBUFX2 
Library trimming inverters in power domain pd_aon and half-corner slow_0p9v_125c_cmax:both.late removed 1 of 9 cells
Original list had 9 cells:
CLKINVX20 CLKINVX16 CLKINVX12 CLKINVX8 CLKINVX6 CLKINVX4 CLKINVX3 CLKINVX2 CLKINVX1 
New trimmed list has 8 cells:
CLKINVX20 CLKINVX16 CLKINVX12 CLKINVX8 CLKINVX6 CLKINVX4 CLKINVX2 CLKINVX1 
Clock tree balancer configuration for clock_tree clk_i:
Non-default attributes:
  Public non-default attributes:
    cts_clock_tree_source_driver: CLKINVX4/A CLKINVX4/Y (default: )
    cts_clock_tree_source_max_capacitance: 0.005 (default: auto)
    cts_merge_clock_gates: true (default: false)
    cts_merge_clock_logic: true (default: false)
    cts_route_type (leaf): cts_route_type_leaf (default: default)
    cts_route_type (top): cts_route_type_top (default: default)
    cts_route_type (trunk): cts_route_type_trunk_ccopt_autotrimmed (default: default)
    cts_top_fanout_threshold: 2000 (default: unset)
    cts_use_inverters: true (default: auto)
  No private non-default attributes
For power domain pd_aon:
  Buffers:     CLKBUFX20 CLKBUFX16 CLKBUFX12 CLKBUFX8 CLKBUFX6 CLKBUFX4 CLKBUFX3 CLKBUFX2
  Inverters:   CLKINVX20 CLKINVX16 CLKINVX12 CLKINVX8 CLKINVX6 CLKINVX4 CLKINVX2 CLKINVX1
  Clock gates: TLATNCAX20 TLATNCAX16 TLATNCAX12 TLATNCAX8 TLATNCAX6 TLATNCAX4 TLATNCAX3 TLATNCAX2
  Unblocked area available for placement of any clock cells in power_domain pd_aon: 8886.528um^2
Top Routing info:
  Route-type name: cts_route_type_top; Top/bottom preferred layer name: Metal9/Metal8; 
  Non-default rule name: ndr_cts_2w25s_trunk; Shielded - shield side: Two Side; Mask Constraint: 0; Source: cts_route_type.
Trunk Routing info:
  Route-type name: cts_route_type_trunk_ccopt_autotrimmed; Top/bottom preferred layer name: Metal8/Metal7; 
  Non-default rule name: ndr_cts_2w25s_trunk; Shielded - shield side: Two Side; Mask Constraint: 0; Source: cts_route_type.
Leaf Routing info:
  Route-type name: cts_route_type_leaf; Top/bottom preferred layer name: Metal7/Metal2; 
  Non-default rule name: ndr_cts_2w25s_leaf; Shielded - shield side: Two Side; Mask Constraint: 0; Source: cts_route_type.
For timing_corner slow_0p9v_125c_cmax:both, late and power domain pd_aon:
  Slew time target (leaf):    0.100ns
  Slew time target (trunk):   0.100ns
  Slew time target (top):     0.100ns
  Buffer unit delay: 0.101ns
  Buffer max distance: 294.595um
Fastest wire driving cells and distances:
  For nets routed with trunk routing rules:
    Buffer    : {lib_cell:CLKBUFX20, fastest_considered_half_corner=slow_0p9v_125c_cmax:both.late, optimalDrivingDistance=367.368um, saturatedSlew=0.090ns, speed=2578.709um per ns, cellArea=22.343um^2 per 1000um}
    Inverter  : {lib_cell:CLKINVX20, fastest_considered_half_corner=slow_0p9v_125c_cmax:both.late, optimalDrivingDistance=294.595um, saturatedSlew=0.088ns, speed=3655.365um per ns, cellArea=22.057um^2 per 1000um}
    Clock gate: {lib_cell:TLATNCAX20, fastest_considered_half_corner=slow_0p9v_125c_cmax:both.late, optimalDrivingDistance=366.486um, saturatedSlew=0.092ns, speed=1024.471um per ns, cellArea=37.327um^2 per 1000um}
  For nets routed with top routing rules:
    Buffer    : {lib_cell:CLKBUFX20, fastest_considered_half_corner=slow_0p9v_125c_cmax:both.late, optimalDrivingDistance=98.714um, saturatedSlew=0.098ns, speed=659.153um per ns, cellArea=83.149um^2 per 1000um}
    Inverter  : {lib_cell:CLKINVX20, fastest_considered_half_corner=slow_0p9v_125c_cmax:both.late, optimalDrivingDistance=79.146um, saturatedSlew=0.095ns, speed=926.106um per ns, cellArea=82.101um^2 per 1000um}
    Clock gate: {lib_cell:TLATNCAX20, fastest_considered_half_corner=slow_0p9v_125c_cmax:both.late, optimalDrivingDistance=96.320um, saturatedSlew=0.097ns, speed=266.047um per ns, cellArea=142.027um^2 per 1000um}


Logic Sizing Table:

----------------------------------------------------------
Cell    Instance count    Source    Eligible library cells
----------------------------------------------------------
  (empty table)
----------------------------------------------------------


Clock tree balancer configuration for skew_group clk_i/func:
 Created from constraint modes: {[]}
  Sources:                     pin clk_i
  Total number of sinks:       65
  Delay constrained sinks:     65
  Constrains:                  default
  Non-leaf sinks:              0
  Ignore pins:                 0
 Timing corner slow_0p9v_125c_cmax:both.late:
  Skew target:                 0.150ns
Primary reporting skew groups are:
skew_group clk_i/func with 65 clock sinks


Constraint summary
==================

Transition constraints are active in the following delay corners:

slow_0p9v_125c_cmax:both.late

Cap constraints are active in the following delay corners:

slow_0p9v_125c_cmax:both.late

Transition constraint summary:

----------------------------------------------------------------------------------------------------
Delay corner                               Target (ns)    Num pins    Target source    Clock tree(s)
----------------------------------------------------------------------------------------------------
slow_0p9v_125c_cmax:both.late (primary)         -            -              -                -
                   -                          0.100          75       explicit         all
----------------------------------------------------------------------------------------------------

Capacitance constraint summary:

---------------------------------------------------------------------------------------------------------------------
Delay corner                               Limit (pF)    Num nets    Target source                      Clock tree(s)
---------------------------------------------------------------------------------------------------------------------
slow_0p9v_125c_cmax:both.late (primary)        -            -                       -                         -
                   -                         0.300          2        library_or_sdc_constraint          all
                   -                         0.450          2        library_or_sdc_constraint          all
                   -                         0.005          1        source_max_capacitance_property    all
---------------------------------------------------------------------------------------------------------------------


Clock DAG stats initial state:
  cell counts      : b=0, i=4, icg=0, dcg=0, l=0, total=4
  sink counts      : regular=65, enable_latch=0, load_capacitance=0, antenna=0, node_sink=0, total=65
  misc counts      : r=1, pp=0, mci=0
  cell areas       : b=0.000um^2, i=19.152um^2, icg=0.000um^2, dcg=0.000um^2, l=0.000um^2, total=19.152um^2
  hp wire lengths  : top=0.000um, trunk=34.380um, leaf=133.650um, total=168.030um
Clock DAG library cell distribution initial state {count}:
   Invs: CLKINVX20: 2 CLKINVX8: 2 
      flow.cputime  flow.realtime  timing.setup.tns  timing.setup.wns  snapshot
UM:*                                                                   InitialState
Have 8 CPUs available for CTS. Selected algorithms will run multithreaded.
No ideal or dont_touch nets found in the clock tree
No dont_touch hnets found in the clock tree
No dont_touch hpins found in the clock network.
Checking for illegal sizes of clock logic instances...
Checking for illegal sizes of clock logic instances done. (took cpu=0:00:00.0 real=0:00:00.0)
Validating CTS configuration done. (took cpu=0:00:00.6 real=0:00:00.6)
CCOpt configuration status: all checks passed.
Adding exclusion drivers to pins that are cts_sink_type_effective exclude...
    Adding exclusion drivers (these will be instances of the smallest area library cells).
  No exclusion drivers are needed.
Adding exclusion drivers to pins that are cts_sink_type_effective exclude done.
Antenna diode management...
  Found 0 antenna diodes in the clock trees.
  
Antenna diode management done.
Adding driver cells for primary IOs...
Adding driver cells for primary IOs done.
Adding driver cells for primary IOs...
Adding driver cells for primary IOs done.

----------------------------------------------------------------------------------------------
CCOpt reported the following when adding drivers below input ports and above output ports     
----------------------------------------------------------------------------------------------
  (empty table)
----------------------------------------------------------------------------------------------


Adding driver cell for primary IO roots...
Adding driver cell for primary IO roots done.
Maximizing clock DAG abstraction...
  Removing clock DAG drivers
Maximizing clock DAG abstraction done.
CCOpt::Phase::PreparingToBalance done. (took cpu=0:00:01.4 real=0:00:01.2)
Synthesizing clock trees...
  Preparing To Balance...
  Leaving CCOpt scope - Cleaning up placement interface...
  Leaving CCOpt scope - Cleaning up placement interface done. (took cpu=0:00:00.0 real=0:00:00.0)
  Leaving CCOpt scope - Initializing placement interface...
  Leaving CCOpt scope - Initializing placement interface done. (took cpu=0:00:00.0 real=0:00:00.0)
  Merging duplicate siblings in DAG...
    Clock DAG stats before merging:
      cell counts      : b=0, i=0, icg=0, dcg=0, l=0, total=0
      sink counts      : regular=65, enable_latch=0, load_capacitance=0, antenna=0, node_sink=0, total=65
      misc counts      : r=1, pp=0, mci=0
      cell areas       : b=0.000um^2, i=0.000um^2, icg=0.000um^2, dcg=0.000um^2, l=0.000um^2, total=0.000um^2
      hp wire lengths  : top=0.000um, trunk=0.000um, leaf=0.000um, total=0.000um
      flow.cputime  flow.realtime  timing.setup.tns  timing.setup.wns  snapshot
UM:*                                                                   before merging
    Resynthesising clock tree into netlist...
      Reset timing graph...
Ignoring AAE DB Resetting ...
      Reset timing graph done.
    Resynthesising clock tree into netlist done.
    Merging duplicate clock dag driver clones in DAG...
    Merging duplicate clock dag driver clones in DAG done.
    
    Disconnecting clock tree from netlist...
    Disconnecting clock tree from netlist done.
  Merging duplicate siblings in DAG done.
  Applying movement limits...
  Applying movement limits done.
  Preparing To Balance done. (took cpu=0:00:00.1 real=0:00:00.0)
  CCOpt::Phase::Construction...
  Stage::Clustering...
  Clustering...
    Initialize for clustering...
    Clock DAG stats before clustering:
      cell counts      : b=0, i=0, icg=0, dcg=0, l=0, total=0
      sink counts      : regular=65, enable_latch=0, load_capacitance=0, antenna=0, node_sink=0, total=65
      misc counts      : r=1, pp=0, mci=0
      cell areas       : b=0.000um^2, i=0.000um^2, icg=0.000um^2, dcg=0.000um^2, l=0.000um^2, total=0.000um^2
      hp wire lengths  : top=0.000um, trunk=0.000um, leaf=0.000um, total=0.000um
      flow.cputime  flow.realtime  timing.setup.tns  timing.setup.wns  snapshot
UM:*                                                                   before clustering
    Computing max distances from locked parents...
      Computing distance_from_locked_parent_restrictions for 0 nodes driven by 0 locked parents
    Computing max distances from locked parents done.
    Preplacing multi-input logics...
    Preplacing multi-input logics done. (took cpu=0:00:00.0 real=0:00:00.0)
    Computing optimal clock node locations...
    : ...20% ...40% ...60% ...80% ...100% 
    Computing optimal clock node locations done. (took cpu=0:00:00.0 real=0:00:00.0)
    Initialize for clustering done. (took cpu=0:00:00.0 real=0:00:00.0)
    Bottom-up phase...
    Clustering bottom-up starting from leaves...
      Clustering clock_tree clk_i...
          Clock tree timing engine global stage delay update for slow_0p9v_125c_cmax:both.late...
          Clock tree timing engine global stage delay update for slow_0p9v_125c_cmax:both.late done. (took cpu=0:00:00.0 real=0:00:00.0)
      Clustering clock_tree clk_i done.
    Clustering bottom-up starting from leaves done.
    Rebuilding the clock tree after clustering...
    Rebuilding the clock tree after clustering done.
    Clock DAG stats after bottom-up phase:
      cell counts      : b=0, i=6, icg=0, dcg=0, l=0, total=6
      sink counts      : regular=65, enable_latch=0, load_capacitance=0, antenna=0, node_sink=0, total=65
      misc counts      : r=1, pp=0, mci=0
      cell areas       : b=0.000um^2, i=38.988um^2, icg=0.000um^2, dcg=0.000um^2, l=0.000um^2, total=38.988um^2
      hp wire lengths  : top=0.000um, trunk=67.280um, leaf=147.225um, total=214.505um
    Clock DAG library cell distribution after bottom-up phase {count}:
       Invs: CLKINVX20: 6 
      flow.cputime  flow.realtime  timing.setup.tns  timing.setup.wns  snapshot
UM:*                                                                   after bottom-up phase
    Bottom-up phase done. (took cpu=0:00:00.1 real=0:00:00.1)
    Legalizing clock trees...
    Resynthesising clock tree into netlist...
      Reset timing graph...
Ignoring AAE DB Resetting ...
      Reset timing graph done.
    Resynthesising clock tree into netlist done.
    Commiting net attributes....
    Commiting net attributes. done.
    Leaving CCOpt scope - ClockRefiner...
**WARN: (IMPSP-2904):	option place_detail_filler_gap_effort and place_detail_filler_gap_min_gap will be obsolete from next release and is replaced by place_detail_legalization_inst_gap <site>.
**WARN: (IMPSP-2904):	option place_detail_filler_gap_effort and place_detail_filler_gap_min_gap will be obsolete from next release and is replaced by place_detail_legalization_inst_gap <site>.
    Performing a single pass refine place with checks partially disabled for clock sinks and datapath.
*** Starting place_detail (0:00:31.0 mem=4757.0M) ***
Total net bbox length = 2.283e+04 (1.112e+04 1.171e+04) (ext = 2.506e+03)
Move report: Detail placement moves 31 insts, mean move: 2.56 um, max move: 8.00 um 
	Max move on inst (operand_a_i_sr_reg_0): (12.20, 49.59) --> (4.20, 49.59)
	Runtime: CPU: 0:00:00.2 REAL: 0:00:00.0 MEM: 4725.0MB
Summary Report:
Instances move: 31 (out of 2010 movable)
Instances flipped: 0
Mean displacement: 2.56 um
Max displacement: 8.00 um (Instance: operand_a_i_sr_reg_0) (12.2, 49.59) -> (4.2, 49.59)
	Length: 41 sites, height: 1 rows, site name: CoreSite, cell type: SDFFSRHQX2
Physical-only instances move: 0 (out of 0 movable physical-only)
Total net bbox length = 2.289e+04 (1.114e+04 1.175e+04) (ext = 2.501e+03)
Runtime: CPU: 0:00:00.2 REAL: 0:00:00.0 MEM: 4725.0MB
*** Finished place_detail (0:00:31.2 mem=4725.0M) ***
    ClockRefiner summary
    All clock instances: Moved 17, flipped 10 and cell swapped 0 (out of a total of 71).
    All Clock instances: Average move = 2.79um
    The largest move was 8 um for operand_a_i_sr_reg_0.
**WARN: (IMPSP-2904):	option place_detail_filler_gap_effort and place_detail_filler_gap_min_gap will be obsolete from next release and is replaced by place_detail_legalization_inst_gap <site>.
**WARN: (IMPSP-2904):	option place_detail_filler_gap_effort and place_detail_filler_gap_min_gap will be obsolete from next release and is replaced by place_detail_legalization_inst_gap <site>.
    Leaving CCOpt scope - ClockRefiner done. (took cpu=0:00:00.2 real=0:00:00.2)
    Disconnecting clock tree from netlist...
    Disconnecting clock tree from netlist done.
    Leaving CCOpt scope - Cleaning up placement interface...
    Leaving CCOpt scope - Cleaning up placement interface done. (took cpu=0:00:00.0 real=0:00:00.0)
    Leaving CCOpt scope - Initializing placement interface...
    Leaving CCOpt scope - Initializing placement interface done. (took cpu=0:00:00.0 real=0:00:00.0)
    Clock tree timing engine global stage delay update for slow_0p9v_125c_cmax:both.late...
    Clock tree timing engine global stage delay update for slow_0p9v_125c_cmax:both.late done. (took cpu=0:00:00.0 real=0:00:00.0)
    
    Clock tree legalization - Histogram:
    ====================================
    
    --------------------------------
    Movement (um)    Number of cells
    --------------------------------
    [1.4,2.54)              1
    [2.54,3.68)             1
    [3.68,4.82)             1
    --------------------------------
    
    
    Clock tree legalization - Top 10 Movements:
    ===========================================
    
    --------------------------------------------------------------------------------------------------------------------------------------------
    Movement (um)    Desired            Achieved           Node
                     location           location           
    --------------------------------------------------------------------------------------------------------------------------------------------
        4.82         (4.000,82.080)     (5.400,78.660)     CTS_ccl_a_inv_00012 (a lib_cell CLKINVX20) at (5.400,78.660), in power domain pd_aon
        3.42         (12.000,56.430)    (12.000,53.010)    CTS_ccl_a_inv_00010 (a lib_cell CLKINVX20) at (12.000,53.010), in power domain pd_aon
        1.4          (4.000,82.080)     (5.400,82.080)     CTS_ccl_a_inv_00011 (a lib_cell CLKINVX20) at (5.400,82.080), in power domain pd_aon
        0            (24.157,57.392)    (24.157,57.392)    CTS_ccl_a_inv_00009 (a lib_cell CLKINVX20) at (22.200,56.430), in power domain pd_aon
        0            (13.357,57.392)    (13.357,57.392)    CTS_ccl_a_inv_00008 (a lib_cell CLKINVX20) at (11.400,56.430), in power domain pd_aon
        0            (13.957,34.947)    (13.957,34.947)    CTS_ccl_a_inv_00007 (a lib_cell CLKINVX20) at (12.000,34.200), in power domain pd_aon
        0            (13.957,53.972)    (13.957,53.972)    CTS_ccl_a_inv_00010 (a lib_cell CLKINVX20) at (12.000,53.010), in power domain pd_aon
        0            (7.357,82.828)     (7.357,82.828)     CTS_ccl_a_inv_00011 (a lib_cell CLKINVX20) at (5.400,82.080), in power domain pd_aon
        0            (7.357,79.407)     (7.357,79.407)     CTS_ccl_a_inv_00012 (a lib_cell CLKINVX20) at (5.400,78.660), in power domain pd_aon
    --------------------------------------------------------------------------------------------------------------------------------------------
    
    Legalizing clock trees done. (took cpu=0:00:00.3 real=0:00:00.2)
    Clock tree timing engine global stage delay update for slow_0p9v_125c_cmax:both.late...
    Clock tree timing engine global stage delay update for slow_0p9v_125c_cmax:both.late done. (took cpu=0:00:00.0 real=0:00:00.0)
    Clock DAG stats after 'Clustering':
      cell counts      : b=0, i=6, icg=0, dcg=0, l=0, total=6
      sink counts      : regular=65, enable_latch=0, load_capacitance=0, antenna=0, node_sink=0, total=65
      misc counts      : r=1, pp=0, mci=0
      cell areas       : b=0.000um^2, i=38.988um^2, icg=0.000um^2, dcg=0.000um^2, l=0.000um^2, total=38.988um^2
      cell capacitance : b=0.000pF, i=0.048pF, icg=0.000pF, dcg=0.000pF, l=0.000pF, total=0.048pF
      sink capacitance : total=0.014pF, avg=0.000pF, sd=0.000pF, min=0.000pF, max=0.000pF
      wire capacitance : top=0.000pF, trunk=0.009pF, leaf=0.034pF, total=0.043pF
      wire lengths     : top=0.000um, trunk=84.705um, leaf=220.305um, total=305.010um
      hp wire lengths  : top=0.000um, trunk=72.120um, leaf=150.055um, total=222.175um
    Clock DAG net violations after 'Clustering':
      Capacitance : {count=1, worst=[0.004pF]} avg=0.004pF sd=0.000pF sum=0.004pF
    Clock DAG primary half-corner transition distribution after 'Clustering':
      Trunk : target=0.100ns count=4 avg=0.060ns sd=0.026ns min=0.038ns max=0.096ns {2 <= 0.060ns, 1 <= 0.080ns, 0 <= 0.090ns, 0 <= 0.095ns, 1 <= 0.100ns}
      Leaf  : target=0.100ns count=3 avg=0.043ns sd=0.001ns min=0.042ns max=0.044ns {3 <= 0.060ns, 0 <= 0.080ns, 0 <= 0.090ns, 0 <= 0.095ns, 0 <= 0.100ns}
    Clock DAG library cell distribution after 'Clustering' {count}:
       Invs: CLKINVX20: 6 
    Primary reporting skew groups after 'Clustering':
      skew_group clk_i/func: insertion delay [min=0.216, max=0.217, avg=0.217, sd=0.000, skn=-0.013, kur=-1.208], skew [0.001 vs 0.150], 100% {0.216, 0.217} (wid=0.009 ws=0.001) (gid=0.209 gs=0.001)
    Skew group summary after 'Clustering':
      skew_group clk_i/func: insertion delay [min=0.216, max=0.217, avg=0.217, sd=0.000, skn=-0.013, kur=-1.208], skew [0.001 vs 0.150], 100% {0.216, 0.217} (wid=0.009 ws=0.001) (gid=0.209 gs=0.001)
    Legalizer API calls during this step: 73 succeeded with high effort: 73 succeeded with medium effort: 0 succeeded with low effort: 0 succeeded with basic effort: 0 succeeded with basic unbounded effort: 0
  Clustering done. (took cpu=0:00:00.4 real=0:00:00.3)
  Looking for fanout violations...
  Looking for fanout violations done.
  Removing clustering added virtual delays...
    Resynthesising clock tree into netlist...
      Reset timing graph...
Ignoring AAE DB Resetting ...
      Reset timing graph done.
    Resynthesising clock tree into netlist done.
    Disconnecting clock tree from netlist...
    Disconnecting clock tree from netlist done.
  Removing clustering added virtual delays done.
  CongRepair After Initial Clustering...
  Reset timing graph...
Ignoring AAE DB Resetting ...
  Reset timing graph done.
  Leaving CCOpt scope - Early Global Route...
  Clock implementation routing...
Net route status summary:
  Clock:         7 (unrouted=7, trialRouted=0, noStatus=0, routed=0, fixed=0, [crossesIlmBoundary=0, tooFewTerms=0, (crossesIlmBoundary AND tooFewTerms=0)])
  Non-clock:  2428 (unrouted=4, trialRouted=2424, noStatus=0, routed=0, fixed=0, [crossesIlmBoundary=0, tooFewTerms=3, (crossesIlmBoundary AND tooFewTerms=0)])
    Routing using eGR only...
      Early Global Route - eGR only step...
(ccopt eGR): There are 7 nets to be routed. 0 nets have skip routing designation.
(ccopt eGR): There are 7 nets for routing of which 7 have one or more fixed wires.
(ccopt eGR): Start to route 7 all nets
[PSP]    Started Early Global Route ( Curr Mem: 4.24 MB )
[PSP]    Started Early Global Route kernel ( Curr Mem: 4.24 MB )
[NR-eGR] Early global route reroute 7 out of 2431 routable nets
[NR-eGR] Track table information for default rule: 
[NR-eGR] Metal1 has single uniform track structure
[NR-eGR] Metal2 has single uniform track structure
[NR-eGR] Metal3 has single uniform track structure
[NR-eGR] Metal4 has single uniform track structure
[NR-eGR] Metal5 has single uniform track structure
[NR-eGR] Metal6 has single uniform track structure
[NR-eGR] Metal7 has single uniform track structure
[NR-eGR] Metal8 has single uniform track structure
[NR-eGR] Metal9 has single uniform track structure
[NR-eGR] Metal10 has single uniform track structure
[NR-eGR] Metal11 has single uniform track structure
[NR-eGR] Read 5212 PG shapes
[NR-eGR] Read 0 clock shapes
[NR-eGR] Read 0 other shapes
[NR-eGR] #Routing Blockages  : 20
[NR-eGR] #Bump Blockages     : 0
[NR-eGR] #Instance Blockages : 0
[NR-eGR] #PG Blockages       : 5212
[NR-eGR] #Halo Blockages     : 0
[NR-eGR] #Boundary Blockages : 0
[NR-eGR] #Clock Blockages    : 0
[NR-eGR] #Other Blockages    : 0
[NR-eGR] #prerouted nets         : 0
[NR-eGR] #prerouted special nets : 0
[NR-eGR] #prerouted wires        : 0
[NR-eGR] Read 2431 nets ( ignored 2424 )
[NR-eGR] Connected 0 must-join pins/ports (pre-process)
[NR-eGR] #via pillars        : 0
[NR-eGR] #must join all port : 0
[NR-eGR] #multiple ports     : 0
[NR-eGR] #has must join      : 0
[NR-eGR] There are 7 clock nets ( 7 with NDR ).
[NR-eGR] ============ Routing rule table ============
[NR-eGR] Rule id: 0  Rule name: ndr_cts_2w25s_trunk  Nets: 4
[NR-eGR] Rule id: 1  Rule name: ndr_cts_2w25s_leaf  Nets: 3
[NR-eGR] ========================================
[NR-eGR] 
[NR-eGR] Layer group 1: route 4 net(s) in layer range [7, 8]
[NR-eGR] Early Global Route overflow of layer group 1: 0.00% H + 0.00% V. EstWL: 8.550000e+01um
[NR-eGR] Create a new net group with 1 nets and layer range [7, 9]
[NR-eGR] Layer group 2: route 1 net(s) in layer range [7, 9]
[NR-eGR] Early Global Route overflow of layer group 2: 0.00% H + 0.06% V. EstWL: 1.111500e+02um
[NR-eGR] Create a new net group with 1 nets and layer range [5, 9]
[NR-eGR] Layer group 3: route 1 net(s) in layer range [5, 9]
[NR-eGR] Early Global Route overflow of layer group 3: 0.00% H + 0.00% V. EstWL: 1.675800e+02um
[NR-eGR] Layer group 4: route 3 net(s) in layer range [2, 7]
[NR-eGR] Early Global Route overflow of layer group 4: 0.00% H + 0.00% V. EstWL: 3.796200e+02um
[NR-eGR] Congestion Analysis By layer: (blocked Gcells are excluded) 
[NR-eGR]                        OverCon            
[NR-eGR]                         #Gcell     %Gcell
[NR-eGR]        Layer             (1-0)    OverCon
[NR-eGR] ----------------------------------------------
[NR-eGR]  Metal1 ( 1)         0( 0.00%)   ( 0.00%) 
[NR-eGR]  Metal2 ( 2)         0( 0.00%)   ( 0.00%) 
[NR-eGR]  Metal3 ( 3)         0( 0.00%)   ( 0.00%) 
[NR-eGR]  Metal4 ( 4)         0( 0.00%)   ( 0.00%) 
[NR-eGR]  Metal5 ( 5)         0( 0.00%)   ( 0.00%) 
[NR-eGR]  Metal6 ( 6)         0( 0.00%)   ( 0.00%) 
[NR-eGR]  Metal7 ( 7)         0( 0.00%)   ( 0.00%) 
[NR-eGR]  Metal8 ( 8)         0( 0.00%)   ( 0.00%) 
[NR-eGR]  Metal9 ( 9)         0( 0.00%)   ( 0.00%) 
[NR-eGR] Metal10 (10)         0( 0.00%)   ( 0.00%) 
[NR-eGR] Metal11 (11)         0( 0.00%)   ( 0.00%) 
[NR-eGR] ----------------------------------------------
[NR-eGR]        Total         0( 0.00%)   ( 0.00%) 
[NR-eGR] 
[NR-eGR] Overflow after Early Global Route 0.00% H + 0.00% V
[NR-eGR] Connected 0 must-join pins/ports (post-process)
[NR-eGR] Total eGR-routed clock nets wire length: 311um, number of vias: 214
[NR-eGR] --------------------------------------------------------------------------
[NR-eGR] Report for selected net(s) only.
[NR-eGR]                  Length (um)  Vias 
[NR-eGR] -----------------------------------
[NR-eGR]  Metal1   (1H)             0    77 
[NR-eGR]  Metal2   (2V)           141   115 
[NR-eGR]  Metal3   (3H)           104     5 
[NR-eGR]  Metal4   (4V)             3     5 
[NR-eGR]  Metal5   (5H)             7     4 
[NR-eGR]  Metal6   (6V)             0     4 
[NR-eGR]  Metal7   (7H)             8     4 
[NR-eGR]  Metal8   (8V)            48     0 
[NR-eGR]  Metal9   (9H)             0     0 
[NR-eGR]  Metal10  (10V)            0     0 
[NR-eGR]  Metal11  (11H)            0     0 
[NR-eGR] -----------------------------------
[NR-eGR]           Total          311   214 
[NR-eGR] --------------------------------------------------------------------------
[NR-eGR] Total half perimeter of net bounding box: 233um
[NR-eGR] Total length: 311um, number of vias: 214
[NR-eGR] --------------------------------------------------------------------------
[NR-eGR] Total routed clock nets wire length: 311um, number of vias: 214
[NR-eGR] --------------------------------------------------------------------------
[NR-eGR]                  Length (um)   Vias 
[NR-eGR] ------------------------------------
[NR-eGR]  Metal1   (1H)             0   6752 
[NR-eGR]  Metal2   (2V)          8398   8855 
[NR-eGR]  Metal3   (3H)         10036    955 
[NR-eGR]  Metal4   (4V)          4844    369 
[NR-eGR]  Metal5   (5H)          2346     99 
[NR-eGR]  Metal6   (6V)           555     18 
[NR-eGR]  Metal7   (7H)            11      4 
[NR-eGR]  Metal8   (8V)            48      0 
[NR-eGR]  Metal9   (9H)             0      0 
[NR-eGR]  Metal10  (10V)            0      0 
[NR-eGR]  Metal11  (11H)            0      0 
[NR-eGR] ------------------------------------
[NR-eGR]           Total        26236  17052 
[NR-eGR] --------------------------------------------------------------------------
[NR-eGR] Total half perimeter of net bounding box: 22891um
[NR-eGR] Total length: 26236um, number of vias: 17052
[NR-eGR] --------------------------------------------------------------------------
[NR-eGR] Finished Early Global Route kernel ( CPU: 0.07 sec, Real: 0.07 sec, Curr Mem: 4.24 MB )
[NR-eGR] Finished Early Global Route ( CPU: 0.07 sec, Real: 0.07 sec, Curr Mem: 4.24 MB )
      Early Global Route - eGR only step done. (took cpu=0:00:00.1 real=0:00:00.1)
    Routing using eGR only done.
Net route status summary:
  Clock:         7 (unrouted=0, trialRouted=0, noStatus=0, routed=7, fixed=0, [crossesIlmBoundary=0, tooFewTerms=0, (crossesIlmBoundary AND tooFewTerms=0)])
  Non-clock:  2428 (unrouted=4, trialRouted=2424, noStatus=0, routed=0, fixed=0, [crossesIlmBoundary=0, tooFewTerms=3, (crossesIlmBoundary AND tooFewTerms=0)])

CCOPT: Done with clock implementation routing.

  Clock implementation routing done.
  CCOpt: Starting congestion repair using flow wrapper...
    Congestion Repair...
*** IncrReplace #1 [begin] (CTS #1 / clock_opt_design #1) : totSession cpu/real = 0:00:31.4/0:00:39.0 (0.8), mem = 4757.0M
Info: Enable timing driven in postCTS congRepair.

*** Start incrementalPlace ***
No Views given, use default active views for adaptive view pruning
Active views:
  slow_0p9v_125c_cmax_func
  slow_0p9v_125c_cmax_scan_capture
  slow_0p9v_125c_cmax_scan_shift
[NR-eGR] Started Early Global Route kernel ( Curr Mem: 4.24 MB )
[NR-eGR] Early global route reroute all routable nets
[NR-eGR] Track table information for default rule: 
[NR-eGR] Metal1 has single uniform track structure
[NR-eGR] Metal2 has single uniform track structure
[NR-eGR] Metal3 has single uniform track structure
[NR-eGR] Metal4 has single uniform track structure
[NR-eGR] Metal5 has single uniform track structure
[NR-eGR] Metal6 has single uniform track structure
[NR-eGR] Metal7 has single uniform track structure
[NR-eGR] Metal8 has single uniform track structure
[NR-eGR] Metal9 has single uniform track structure
[NR-eGR] Metal10 has single uniform track structure
[NR-eGR] Metal11 has single uniform track structure
[NR-eGR] Read 5264 PG shapes
[NR-eGR] Read 0 clock shapes
[NR-eGR] Read 0 other shapes
[NR-eGR] #Routing Blockages  : 20
[NR-eGR] #Bump Blockages     : 0
[NR-eGR] #Instance Blockages : 0
[NR-eGR] #PG Blockages       : 5264
[NR-eGR] #Halo Blockages     : 0
[NR-eGR] #Boundary Blockages : 0
[NR-eGR] #Clock Blockages    : 0
[NR-eGR] #Other Blockages    : 0
[NR-eGR] #prerouted nets         : 7
[NR-eGR] #prerouted special nets : 0
[NR-eGR] #prerouted wires        : 247
[NR-eGR] Read 2431 nets ( ignored 7 )
[NR-eGR] Number of tracks per clock wire is set as 5, but the design does not have any clock nets or they are fixed. The setting will not be applied.
[NR-eGR] ============ Routing rule table ============
[NR-eGR] Rule id: 2  Rule name: (Default)  Nets: 2424
[NR-eGR] ========================================
[NR-eGR] 
[NR-eGR] Layer group 1: route 2424 net(s) in layer range [2, 11]
[NR-eGR] Early Global Route overflow of layer group 1: 0.00% H + 0.00% V. EstWL: 2.436579e+04um
[NR-eGR] Congestion Analysis By layer: (blocked Gcells are excluded) 
[NR-eGR]                        OverCon            
[NR-eGR]                         #Gcell     %Gcell
[NR-eGR]        Layer             (1-0)    OverCon
[NR-eGR] ----------------------------------------------
[NR-eGR]  Metal1 ( 1)         0( 0.00%)   ( 0.00%) 
[NR-eGR]  Metal2 ( 2)         0( 0.00%)   ( 0.00%) 
[NR-eGR]  Metal3 ( 3)         0( 0.00%)   ( 0.00%) 
[NR-eGR]  Metal4 ( 4)         0( 0.00%)   ( 0.00%) 
[NR-eGR]  Metal5 ( 5)         0( 0.00%)   ( 0.00%) 
[NR-eGR]  Metal6 ( 6)         0( 0.00%)   ( 0.00%) 
[NR-eGR]  Metal7 ( 7)         0( 0.00%)   ( 0.00%) 
[NR-eGR]  Metal8 ( 8)         0( 0.00%)   ( 0.00%) 
[NR-eGR]  Metal9 ( 9)         0( 0.00%)   ( 0.00%) 
[NR-eGR] Metal10 (10)         0( 0.00%)   ( 0.00%) 
[NR-eGR] Metal11 (11)         0( 0.00%)   ( 0.00%) 
[NR-eGR] ----------------------------------------------
[NR-eGR]        Total         0( 0.00%)   ( 0.00%) 
[NR-eGR] 
[NR-eGR] Overflow after Early Global Route 0.00% H + 0.00% V
[NR-eGR] Finished Early Global Route kernel ( CPU: 0.06 sec, Real: 0.04 sec, Curr Mem: 4.24 MB )
Early Global Route congestion estimation runtime: 0.05 seconds, mem = 4757.0M
Local HotSpot Analysis: normalized max congestion hotspot area = 0.00, normalized total congestion hotspot area = 0.00 (area is in unit of 4 std-cell row bins)

=== incrementalPlace Internal Loop 1 ===
      flow.cputime  flow.realtime  timing.setup.tns  timing.setup.wns  snapshot
UM:*                                                                   incrNP_iter_start
[spp] 0
AAE_INFO: opIsDesignInPostRouteState() is 0
#################################################################################
# Design Stage: PreRoute
# Design Name: matmul_sync
# Design Mode: 45nm
# Analysis Mode: MMMC OCV 
# Parasitics Mode: No SPEF/RCDB 
# Signoff Settings: SI Off (EWM)
#################################################################################
Extraction called for design 'matmul_sync' of instances=2010 and nets=2435 using extraction engine 'pre_route' .
pre_route RC Extraction called for design matmul_sync.
RC Extraction called in multi-corner(2) mode.
RCMode: PreRoute
      RC Corner Indexes            0       1   
Capacitance Scaling Factor   : 1.00000 1.00000 
Resistance Scaling Factor    : 1.00000 1.00000 
Clock Cap. Scaling Factor    : 1.00000 1.00000 
Clock Res. Scaling Factor    : 1.00000 1.00000 
Shrink Factor                : 1.00000
Using Quantus QRC technology file ...
Updating RC Grid density data for preRoute extraction ...
Initializing multi-corner resistance tables ...
PreRoute RC Extraction DONE (CPU Time: 0:00:00.0  Real Time: 0:00:00.0  MEM: 4821.016M)
Start delay calculation (fullDC) (8 T). (MEM=3331.3)
Total number of fetched objects 2432
AAE_INFO: Total number of nets for which stage creation was skipped for all views 0
End delay calculation. (MEM=3438.83 CPU=0:00:00.4 REAL=0:00:00.0)
End delay calculation (fullDC). (MEM=3418.39 CPU=0:00:00.7 REAL=0:00:00.0)
*** Finished SKP initialization (cpu=0:00:01.7, real=0:00:01.0)***
Iteration  6: Total net bbox = 2.058e+04 (9.72e+03 1.09e+04)
              Est.  stn bbox = 2.382e+04 (1.14e+04 1.24e+04)
              cpu = 0:00:00.6 real = 0:00:00.0 mem = 6775.7M
Iteration  7: Total net bbox = 2.019e+04 (9.78e+03 1.04e+04)
              Est.  stn bbox = 2.347e+04 (1.15e+04 1.19e+04)
              cpu = 0:00:00.7 real = 0:00:01.0 mem = 6775.7M
Iteration  8: Total net bbox = 2.132e+04 (1.05e+04 1.08e+04)
              Est.  stn bbox = 2.457e+04 (1.22e+04 1.24e+04)
              cpu = 0:00:01.1 real = 0:00:00.0 mem = 6775.7M

Active views After View pruning: 
slow_0p9v_125c_cmax_func
Iteration  9: Total net bbox = 2.028e+04 (9.65e+03 1.06e+04)
              Est.  stn bbox = 2.333e+04 (1.13e+04 1.21e+04)
              cpu = 0:00:01.0 real = 0:00:01.0 mem = 6807.7M
Move report: Timing Driven Placement moves 2004 insts, mean move: 5.97 um, max move: 19.73 um 
	Max move on inst (FE_RC_40_0): (78.60, 68.40) --> (75.96, 51.31)

Finished Incremental Placement (cpu=0:00:05.2, real=0:00:04.0, mem=6543.7M)
*** Starting place_detail (0:00:36.8 mem=6551.7M) ***
Total net bbox length = 2.153e+04 (1.050e+04 1.103e+04) (ext = 2.155e+03)
Move report: Detail placement moves 2003 insts, mean move: 0.19 um, max move: 6.71 um 
	Max move on inst (operand_a_i_sr_reg_29): (7.19, 78.65) --> (12.20, 76.95)
	Runtime: CPU: 0:00:00.6 REAL: 0:00:01.0 MEM: 6647.7MB
Summary Report:
Instances move: 2003 (out of 2004 movable)
Instances flipped: 1
Mean displacement: 0.19 um
Max displacement: 6.71 um (Instance: operand_a_i_sr_reg_29) (7.1885, 78.6485) -> (12.2, 76.95)
	Length: 43 sites, height: 1 rows, site name: CoreSite, cell type: SDFFSRHQX4
Physical-only instances move: 0 (out of 0 movable physical-only)
Total net bbox length = 2.166e+04 (1.066e+04 1.101e+04) (ext = 2.175e+03)
Runtime: CPU: 0:00:00.6 REAL: 0:00:01.0 MEM: 6647.7MB
*** Finished place_detail (0:00:37.3 mem=6647.7M) ***
[NR-eGR] Early global route reroute all routable nets
[NR-eGR] Track table information for default rule: 
[NR-eGR] Metal1 has single uniform track structure
[NR-eGR] Metal2 has single uniform track structure
[NR-eGR] Metal3 has single uniform track structure
[NR-eGR] Metal4 has single uniform track structure
[NR-eGR] Metal5 has single uniform track structure
[NR-eGR] Metal6 has single uniform track structure
[NR-eGR] Metal7 has single uniform track structure
[NR-eGR] Metal8 has single uniform track structure
[NR-eGR] Metal9 has single uniform track structure
[NR-eGR] Metal10 has single uniform track structure
[NR-eGR] Metal11 has single uniform track structure
[NR-eGR] Read 0 clock shapes
[NR-eGR] Read 0 other shapes
[NR-eGR] #Routing Blockages  : 20
[NR-eGR] #Bump Blockages     : 0
[NR-eGR] #Instance Blockages : 0
[NR-eGR] #PG Blockages       : 5264
[NR-eGR] #Halo Blockages     : 0
[NR-eGR] #Boundary Blockages : 0
[NR-eGR] #Clock Blockages    : 0
[NR-eGR] #Other Blockages    : 0
[NR-eGR] #prerouted nets         : 7
[NR-eGR] #prerouted special nets : 0
[NR-eGR] #prerouted wires        : 247
[NR-eGR] Read 2431 nets ( ignored 7 )
[NR-eGR] Number of tracks per clock wire is set as 5, but the design does not have any clock nets or they are fixed. The setting will not be applied.
[NR-eGR] ============ Routing rule table ============
[NR-eGR] Rule id: 2  Rule name: (Default)  Nets: 2424
[NR-eGR] ========================================
[NR-eGR] 
[NR-eGR] Layer group 1: route 2424 net(s) in layer range [2, 11]
[NR-eGR] Early Global Route overflow of layer group 1: 0.00% H + 0.00% V. EstWL: 2.306790e+04um
[NR-eGR] Congestion Analysis By layer: (blocked Gcells are excluded) 
[NR-eGR]                        OverCon            
[NR-eGR]                         #Gcell     %Gcell
[NR-eGR]        Layer               (1)    OverCon
[NR-eGR] ----------------------------------------------
[NR-eGR]  Metal1 ( 1)         0( 0.00%)   ( 0.00%) 
[NR-eGR]  Metal2 ( 2)         1( 0.03%)   ( 0.03%) 
[NR-eGR]  Metal3 ( 3)         0( 0.00%)   ( 0.00%) 
[NR-eGR]  Metal4 ( 4)         0( 0.00%)   ( 0.00%) 
[NR-eGR]  Metal5 ( 5)         0( 0.00%)   ( 0.00%) 
[NR-eGR]  Metal6 ( 6)         0( 0.00%)   ( 0.00%) 
[NR-eGR]  Metal7 ( 7)         0( 0.00%)   ( 0.00%) 
[NR-eGR]  Metal8 ( 8)         0( 0.00%)   ( 0.00%) 
[NR-eGR]  Metal9 ( 9)         0( 0.00%)   ( 0.00%) 
[NR-eGR] Metal10 (10)         0( 0.00%)   ( 0.00%) 
[NR-eGR] Metal11 (11)         0( 0.00%)   ( 0.00%) 
[NR-eGR] ----------------------------------------------
[NR-eGR]        Total         1( 0.00%)   ( 0.00%) 
[NR-eGR] 
[NR-eGR] Overflow after Early Global Route 0.00% H + 0.00% V
[NR-eGR] Finished Early Global Route kernel ( CPU: 0.10 sec, Real: 0.06 sec, Curr Mem: 6.12 MB )
Early Global Route congestion estimation runtime: 0.07 seconds, mem = 6671.7M
Local HotSpot Analysis: normalized max congestion hotspot area = 0.00, normalized total congestion hotspot area = 0.00 (area is in unit of 4 std-cell row bins)
[NR-eGR] Connected 0 must-join pins/ports (post-process)
[NR-eGR] Total eGR-routed clock nets wire length: 0um, number of vias: 0
[NR-eGR] --------------------------------------------------------------------------
[NR-eGR]                  Length (um)   Vias 
[NR-eGR] ------------------------------------
[NR-eGR]  Metal1   (1H)             0   6752 
[NR-eGR]  Metal2   (2V)          8007   8867 
[NR-eGR]  Metal3   (3H)          9863    976 
[NR-eGR]  Metal4   (4V)          4615    358 
[NR-eGR]  Metal5   (5H)          2082    107 
[NR-eGR]  Metal6   (6V)           360     28 
[NR-eGR]  Metal7   (7H)            12      4 
[NR-eGR]  Metal8   (8V)            48      0 
[NR-eGR]  Metal9   (9H)             0      0 
[NR-eGR]  Metal10  (10V)            0      0 
[NR-eGR]  Metal11  (11H)            0      0 
[NR-eGR] ------------------------------------
[NR-eGR]           Total        24987  17092 
[NR-eGR] --------------------------------------------------------------------------
[NR-eGR] Total half perimeter of net bounding box: 21664um
[NR-eGR] Total length: 24987um, number of vias: 17092
[NR-eGR] --------------------------------------------------------------------------
Early Global Route wiring runtime: 0.06 seconds, mem = 6656.8M

*** Finished incrementalPlace (cpu=0:00:06.2, real=0:00:05.0)***
*** IncrReplace #1 [finish] (CTS #1 / clock_opt_design #1) : cpu/real = 0:00:06.2/0:00:05.0 (1.2), totSession cpu/real = 0:00:37.6/0:00:44.0 (0.9), mem = 6217.8M
    Congestion Repair done. (took cpu=0:00:06.2 real=0:00:05.0)
  CCOpt: Starting congestion repair using flow wrapper done.
**WARN: (IMPSP-2904):	option place_detail_filler_gap_effort and place_detail_filler_gap_min_gap will be obsolete from next release and is replaced by place_detail_legalization_inst_gap <site>.
**WARN: (IMPSP-2904):	option place_detail_filler_gap_effort and place_detail_filler_gap_min_gap will be obsolete from next release and is replaced by place_detail_legalization_inst_gap <site>.
**WARN: (IMPSP-2904):	option place_detail_filler_gap_effort and place_detail_filler_gap_min_gap will be obsolete from next release and is replaced by place_detail_legalization_inst_gap <site>.
**WARN: (IMPSP-2904):	option place_detail_filler_gap_effort and place_detail_filler_gap_min_gap will be obsolete from next release and is replaced by place_detail_legalization_inst_gap <site>.
  Leaving CCOpt scope - Early Global Route done. (took cpu=0:00:06.4 real=0:00:05.2)
  Leaving CCOpt scope - extractRC...
  Updating RC parasitics by calling: "extract_rc -noRouteCheck"...
Extraction called for design 'matmul_sync' of instances=2010 and nets=2435 using extraction engine 'pre_route' .
pre_route RC Extraction called for design matmul_sync.
RC Extraction called in multi-corner(2) mode.
RCMode: PreRoute
      RC Corner Indexes            0       1   
Capacitance Scaling Factor   : 1.00000 1.00000 
Resistance Scaling Factor    : 1.00000 1.00000 
Clock Cap. Scaling Factor    : 1.00000 1.00000 
Clock Res. Scaling Factor    : 1.00000 1.00000 
Shrink Factor                : 1.00000
PreRoute extraction is honoring NDR/Shielding/ExtraSpace for clock nets.
Using Quantus QRC technology file ...
Updating RC Grid density data for preRoute extraction ...
Initializing multi-corner resistance tables ...
PreRoute RC Extraction DONE (CPU Time: 0:00:00.0  Real Time: 0:00:00.0  MEM: 6217.836M)
  Updating RC parasitics by calling: "extract_rc -noRouteCheck" done.
  Leaving CCOpt scope - extractRC done. (took cpu=0:00:00.0 real=0:00:00.0)
  Clock tree timing engine global stage delay update for slow_0p9v_125c_cmax:both.late...
  Clock tree timing engine global stage delay update for slow_0p9v_125c_cmax:both.late done. (took cpu=0:00:00.0 real=0:00:00.0)
  Clock DAG stats after clustering cong repair call:
    cell counts      : b=0, i=6, icg=0, dcg=0, l=0, total=6
    sink counts      : regular=65, enable_latch=0, load_capacitance=0, antenna=0, node_sink=0, total=65
    misc counts      : r=1, pp=0, mci=0
    cell areas       : b=0.000um^2, i=38.988um^2, icg=0.000um^2, dcg=0.000um^2, l=0.000um^2, total=38.988um^2
    cell capacitance : b=0.000pF, i=0.048pF, icg=0.000pF, dcg=0.000pF, l=0.000pF, total=0.048pF
    sink capacitance : total=0.014pF, avg=0.000pF, sd=0.000pF, min=0.000pF, max=0.000pF
    wire capacitance : top=0.000pF, trunk=0.009pF, leaf=0.032pF, total=0.041pF
    wire lengths     : top=0.000um, trunk=84.705um, leaf=205.064um, total=289.769um
    hp wire lengths  : top=0.000um, trunk=72.120um, leaf=132.555um, total=204.675um
  Clock DAG net violations after clustering cong repair call:
    Capacitance : {count=1, worst=[0.004pF]} avg=0.004pF sd=0.000pF sum=0.004pF
  Clock DAG primary half-corner transition distribution after clustering cong repair call:
    Trunk : target=0.100ns count=4 avg=0.060ns sd=0.026ns min=0.039ns max=0.096ns {2 <= 0.060ns, 1 <= 0.080ns, 0 <= 0.090ns, 0 <= 0.095ns, 1 <= 0.100ns}
    Leaf  : target=0.100ns count=3 avg=0.042ns sd=0.002ns min=0.040ns max=0.045ns {3 <= 0.060ns, 0 <= 0.080ns, 0 <= 0.090ns, 0 <= 0.095ns, 0 <= 0.100ns}
  Clock DAG library cell distribution after clustering cong repair call {count}:
     Invs: CLKINVX20: 6 
  Primary reporting skew groups after clustering cong repair call:
    skew_group clk_i/func: insertion delay [min=0.215, max=0.218, avg=0.217, sd=0.001, skn=-0.668, kur=-1.214], skew [0.002 vs 0.150], 100% {0.215, 0.218} (wid=0.009 ws=0.001) (gid=0.209 gs=0.002)
  Skew group summary after clustering cong repair call:
    skew_group clk_i/func: insertion delay [min=0.215, max=0.218, avg=0.217, sd=0.001, skn=-0.668, kur=-1.214], skew [0.002 vs 0.150], 100% {0.215, 0.218} (wid=0.009 ws=0.001) (gid=0.209 gs=0.002)
  CongRepair After Initial Clustering done. (took cpu=0:00:06.4 real=0:00:05.3)
  Stage::Clustering done. (took cpu=0:00:06.9 real=0:00:05.6)
  Stage::DRV Fixing...
  Fixing clock tree slew time and max cap violations...
    Fixing clock tree overload: ...20% ...40% ...60% ...80% ...100% 
    Clock DAG stats after 'Fixing clock tree slew time and max cap violations':
      cell counts      : b=0, i=6, icg=0, dcg=0, l=0, total=6
      sink counts      : regular=65, enable_latch=0, load_capacitance=0, antenna=0, node_sink=0, total=65
      misc counts      : r=1, pp=0, mci=0
      cell areas       : b=0.000um^2, i=35.568um^2, icg=0.000um^2, dcg=0.000um^2, l=0.000um^2, total=35.568um^2
      cell capacitance : b=0.000pF, i=0.043pF, icg=0.000pF, dcg=0.000pF, l=0.000pF, total=0.043pF
      sink capacitance : total=0.014pF, avg=0.000pF, sd=0.000pF, min=0.000pF, max=0.000pF
      wire capacitance : top=0.000pF, trunk=0.009pF, leaf=0.032pF, total=0.041pF
      wire lengths     : top=0.000um, trunk=84.260um, leaf=205.064um, total=289.324um
      hp wire lengths  : top=0.000um, trunk=73.520um, leaf=132.555um, total=206.075um
    Clock DAG net violations after 'Fixing clock tree slew time and max cap violations': none
    Clock DAG primary half-corner transition distribution after 'Fixing clock tree slew time and max cap violations':
      Trunk : target=0.100ns count=4 avg=0.054ns sd=0.012ns min=0.039ns max=0.064ns {2 <= 0.060ns, 2 <= 0.080ns, 0 <= 0.090ns, 0 <= 0.095ns, 0 <= 0.100ns}
      Leaf  : target=0.100ns count=3 avg=0.042ns sd=0.002ns min=0.040ns max=0.045ns {3 <= 0.060ns, 0 <= 0.080ns, 0 <= 0.090ns, 0 <= 0.095ns, 0 <= 0.100ns}
    Clock DAG library cell distribution after 'Fixing clock tree slew time and max cap violations' {count}:
       Invs: CLKINVX20: 5 CLKINVX8: 1 
    Primary reporting skew groups after 'Fixing clock tree slew time and max cap violations':
      skew_group clk_i/func: insertion delay [min=0.214, max=0.217], skew [0.002 vs 0.150]
    Skew group summary after 'Fixing clock tree slew time and max cap violations':
      skew_group clk_i/func: insertion delay [min=0.214, max=0.217], skew [0.002 vs 0.150]
    Legalizer API calls during this step: 4 succeeded with high effort: 4 succeeded with medium effort: 0 succeeded with low effort: 0 succeeded with basic effort: 0 succeeded with basic unbounded effort: 0
  Fixing clock tree slew time and max cap violations done. (took cpu=0:00:00.0 real=0:00:00.0)
  Fixing clock tree slew time and max cap violations - detailed pass...
    Fixing clock tree overload: ...20% ...40% ...60% ...80% ...100% 
    Clock DAG stats after 'Fixing clock tree slew time and max cap violations - detailed pass':
      cell counts      : b=0, i=6, icg=0, dcg=0, l=0, total=6
      sink counts      : regular=65, enable_latch=0, load_capacitance=0, antenna=0, node_sink=0, total=65
      misc counts      : r=1, pp=0, mci=0
      cell areas       : b=0.000um^2, i=35.568um^2, icg=0.000um^2, dcg=0.000um^2, l=0.000um^2, total=35.568um^2
      cell capacitance : b=0.000pF, i=0.043pF, icg=0.000pF, dcg=0.000pF, l=0.000pF, total=0.043pF
      sink capacitance : total=0.014pF, avg=0.000pF, sd=0.000pF, min=0.000pF, max=0.000pF
      wire capacitance : top=0.000pF, trunk=0.009pF, leaf=0.032pF, total=0.041pF
      wire lengths     : top=0.000um, trunk=84.260um, leaf=205.064um, total=289.324um
      hp wire lengths  : top=0.000um, trunk=73.520um, leaf=132.555um, total=206.075um
    Clock DAG net violations after 'Fixing clock tree slew time and max cap violations - detailed pass': none
    Clock DAG primary half-corner transition distribution after 'Fixing clock tree slew time and max cap violations - detailed pass':
      Trunk : target=0.100ns count=4 avg=0.054ns sd=0.012ns min=0.039ns max=0.064ns {2 <= 0.060ns, 2 <= 0.080ns, 0 <= 0.090ns, 0 <= 0.095ns, 0 <= 0.100ns}
      Leaf  : target=0.100ns count=3 avg=0.042ns sd=0.002ns min=0.040ns max=0.045ns {3 <= 0.060ns, 0 <= 0.080ns, 0 <= 0.090ns, 0 <= 0.095ns, 0 <= 0.100ns}
    Clock DAG library cell distribution after 'Fixing clock tree slew time and max cap violations - detailed pass' {count}:
       Invs: CLKINVX20: 5 CLKINVX8: 1 
    Primary reporting skew groups after 'Fixing clock tree slew time and max cap violations - detailed pass':
      skew_group clk_i/func: insertion delay [min=0.214, max=0.217, avg=0.216, sd=0.001, skn=-0.668, kur=-1.214], skew [0.002 vs 0.150], 100% {0.214, 0.217} (wid=0.008 ws=0.001) (gid=0.209 gs=0.002)
    Skew group summary after 'Fixing clock tree slew time and max cap violations - detailed pass':
      skew_group clk_i/func: insertion delay [min=0.214, max=0.217, avg=0.216, sd=0.001, skn=-0.668, kur=-1.214], skew [0.002 vs 0.150], 100% {0.214, 0.217} (wid=0.008 ws=0.001) (gid=0.209 gs=0.002)
    Legalizer API calls during this step: 0 succeeded with high effort: 0 succeeded with medium effort: 0 succeeded with low effort: 0 succeeded with basic effort: 0 succeeded with basic unbounded effort: 0
  Fixing clock tree slew time and max cap violations - detailed pass done. (took cpu=0:00:00.0 real=0:00:00.0)
  Stage::DRV Fixing done. (took cpu=0:00:00.0 real=0:00:00.0)
  Stage::Insertion Delay Reduction...
  Removing unnecessary root buffering...
    Clock DAG stats after 'Removing unnecessary root buffering':
      cell counts      : b=0, i=6, icg=0, dcg=0, l=0, total=6
      sink counts      : regular=65, enable_latch=0, load_capacitance=0, antenna=0, node_sink=0, total=65
      misc counts      : r=1, pp=0, mci=0
      cell areas       : b=0.000um^2, i=35.568um^2, icg=0.000um^2, dcg=0.000um^2, l=0.000um^2, total=35.568um^2
      cell capacitance : b=0.000pF, i=0.043pF, icg=0.000pF, dcg=0.000pF, l=0.000pF, total=0.043pF
      sink capacitance : total=0.014pF, avg=0.000pF, sd=0.000pF, min=0.000pF, max=0.000pF
      wire capacitance : top=0.000pF, trunk=0.009pF, leaf=0.032pF, total=0.041pF
      wire lengths     : top=0.000um, trunk=84.260um, leaf=205.064um, total=289.324um
      hp wire lengths  : top=0.000um, trunk=73.520um, leaf=132.555um, total=206.075um
    Clock DAG net violations after 'Removing unnecessary root buffering': none
    Clock DAG primary half-corner transition distribution after 'Removing unnecessary root buffering':
      Trunk : target=0.100ns count=4 avg=0.054ns sd=0.012ns min=0.039ns max=0.064ns {2 <= 0.060ns, 2 <= 0.080ns, 0 <= 0.090ns, 0 <= 0.095ns, 0 <= 0.100ns}
      Leaf  : target=0.100ns count=3 avg=0.042ns sd=0.002ns min=0.040ns max=0.045ns {3 <= 0.060ns, 0 <= 0.080ns, 0 <= 0.090ns, 0 <= 0.095ns, 0 <= 0.100ns}
    Clock DAG library cell distribution after 'Removing unnecessary root buffering' {count}:
       Invs: CLKINVX20: 5 CLKINVX8: 1 
    Primary reporting skew groups after 'Removing unnecessary root buffering':
      skew_group clk_i/func: insertion delay [min=0.214, max=0.217], skew [0.002 vs 0.150]
    Skew group summary after 'Removing unnecessary root buffering':
      skew_group clk_i/func: insertion delay [min=0.214, max=0.217], skew [0.002 vs 0.150]
    Legalizer API calls during this step: 5 succeeded with high effort: 5 succeeded with medium effort: 0 succeeded with low effort: 0 succeeded with basic effort: 0 succeeded with basic unbounded effort: 0
  Removing unnecessary root buffering done. (took cpu=0:00:00.0 real=0:00:00.0)
  Removing unconstrained drivers...
    Clock DAG stats after 'Removing unconstrained drivers':
      cell counts      : b=0, i=6, icg=0, dcg=0, l=0, total=6
      sink counts      : regular=65, enable_latch=0, load_capacitance=0, antenna=0, node_sink=0, total=65
      misc counts      : r=1, pp=0, mci=0
      cell areas       : b=0.000um^2, i=35.568um^2, icg=0.000um^2, dcg=0.000um^2, l=0.000um^2, total=35.568um^2
      cell capacitance : b=0.000pF, i=0.043pF, icg=0.000pF, dcg=0.000pF, l=0.000pF, total=0.043pF
      sink capacitance : total=0.014pF, avg=0.000pF, sd=0.000pF, min=0.000pF, max=0.000pF
      wire capacitance : top=0.000pF, trunk=0.009pF, leaf=0.032pF, total=0.041pF
      wire lengths     : top=0.000um, trunk=84.260um, leaf=205.064um, total=289.324um
      hp wire lengths  : top=0.000um, trunk=73.520um, leaf=132.555um, total=206.075um
    Clock DAG net violations after 'Removing unconstrained drivers': none
    Clock DAG primary half-corner transition distribution after 'Removing unconstrained drivers':
      Trunk : target=0.100ns count=4 avg=0.054ns sd=0.012ns min=0.039ns max=0.064ns {2 <= 0.060ns, 2 <= 0.080ns, 0 <= 0.090ns, 0 <= 0.095ns, 0 <= 0.100ns}
      Leaf  : target=0.100ns count=3 avg=0.042ns sd=0.002ns min=0.040ns max=0.045ns {3 <= 0.060ns, 0 <= 0.080ns, 0 <= 0.090ns, 0 <= 0.095ns, 0 <= 0.100ns}
    Clock DAG library cell distribution after 'Removing unconstrained drivers' {count}:
       Invs: CLKINVX20: 5 CLKINVX8: 1 
    Primary reporting skew groups after 'Removing unconstrained drivers':
      skew_group clk_i/func: insertion delay [min=0.214, max=0.217], skew [0.002 vs 0.150]
    Skew group summary after 'Removing unconstrained drivers':
      skew_group clk_i/func: insertion delay [min=0.214, max=0.217], skew [0.002 vs 0.150]
    Legalizer API calls during this step: 0 succeeded with high effort: 0 succeeded with medium effort: 0 succeeded with low effort: 0 succeeded with basic effort: 0 succeeded with basic unbounded effort: 0
  Removing unconstrained drivers done. (took cpu=0:00:00.0 real=0:00:00.0)
  Reducing insertion delay 1...
    Clock DAG stats after 'Reducing insertion delay 1':
      cell counts      : b=0, i=6, icg=0, dcg=0, l=0, total=6
      sink counts      : regular=65, enable_latch=0, load_capacitance=0, antenna=0, node_sink=0, total=65
      misc counts      : r=1, pp=0, mci=0
      cell areas       : b=0.000um^2, i=35.568um^2, icg=0.000um^2, dcg=0.000um^2, l=0.000um^2, total=35.568um^2
      cell capacitance : b=0.000pF, i=0.043pF, icg=0.000pF, dcg=0.000pF, l=0.000pF, total=0.043pF
      sink capacitance : total=0.014pF, avg=0.000pF, sd=0.000pF, min=0.000pF, max=0.000pF
      wire capacitance : top=0.000pF, trunk=0.009pF, leaf=0.032pF, total=0.041pF
      wire lengths     : top=0.000um, trunk=84.260um, leaf=205.064um, total=289.324um
      hp wire lengths  : top=0.000um, trunk=73.520um, leaf=132.555um, total=206.075um
    Clock DAG net violations after 'Reducing insertion delay 1': none
    Clock DAG primary half-corner transition distribution after 'Reducing insertion delay 1':
      Trunk : target=0.100ns count=4 avg=0.054ns sd=0.012ns min=0.039ns max=0.064ns {2 <= 0.060ns, 2 <= 0.080ns, 0 <= 0.090ns, 0 <= 0.095ns, 0 <= 0.100ns}
      Leaf  : target=0.100ns count=3 avg=0.042ns sd=0.002ns min=0.040ns max=0.045ns {3 <= 0.060ns, 0 <= 0.080ns, 0 <= 0.090ns, 0 <= 0.095ns, 0 <= 0.100ns}
    Clock DAG library cell distribution after 'Reducing insertion delay 1' {count}:
       Invs: CLKINVX20: 5 CLKINVX8: 1 
    Primary reporting skew groups after 'Reducing insertion delay 1':
      skew_group clk_i/func: insertion delay [min=0.214, max=0.217], skew [0.002 vs 0.150]
    Skew group summary after 'Reducing insertion delay 1':
      skew_group clk_i/func: insertion delay [min=0.214, max=0.217], skew [0.002 vs 0.150]
    Legalizer API calls during this step: 22 succeeded with high effort: 22 succeeded with medium effort: 0 succeeded with low effort: 0 succeeded with basic effort: 0 succeeded with basic unbounded effort: 0
  Reducing insertion delay 1 done. (took cpu=0:00:00.0 real=0:00:00.0)
  Removing longest path buffering...
    Clock DAG stats after 'Removing longest path buffering':
      cell counts      : b=0, i=4, icg=0, dcg=0, l=0, total=4
      sink counts      : regular=65, enable_latch=0, load_capacitance=0, antenna=0, node_sink=0, total=65
      misc counts      : r=1, pp=0, mci=0
      cell areas       : b=0.000um^2, i=18.126um^2, icg=0.000um^2, dcg=0.000um^2, l=0.000um^2, total=18.126um^2
      cell capacitance : b=0.000pF, i=0.021pF, icg=0.000pF, dcg=0.000pF, l=0.000pF, total=0.021pF
      sink capacitance : total=0.014pF, avg=0.000pF, sd=0.000pF, min=0.000pF, max=0.000pF
      wire capacitance : top=0.000pF, trunk=0.005pF, leaf=0.037pF, total=0.042pF
      wire lengths     : top=0.000um, trunk=48.600um, leaf=241.380um, total=289.980um
      hp wire lengths  : top=0.000um, trunk=39.230um, leaf=165.685um, total=204.915um
    Clock DAG net violations after 'Removing longest path buffering': none
    Clock DAG primary half-corner transition distribution after 'Removing longest path buffering':
      Trunk : target=0.100ns count=2 avg=0.079ns sd=0.024ns min=0.062ns max=0.096ns {0 <= 0.060ns, 1 <= 0.080ns, 0 <= 0.090ns, 0 <= 0.095ns, 1 <= 0.100ns}
      Leaf  : target=0.100ns count=3 avg=0.063ns sd=0.024ns min=0.045ns max=0.089ns {2 <= 0.060ns, 0 <= 0.080ns, 1 <= 0.090ns, 0 <= 0.095ns, 0 <= 0.100ns}
    Clock DAG library cell distribution after 'Removing longest path buffering' {count}:
       Invs: CLKINVX20: 1 CLKINVX16: 1 CLKINVX8: 2 
    Primary reporting skew groups after 'Removing longest path buffering':
      skew_group clk_i/func: insertion delay [min=0.143, max=0.161], skew [0.017 vs 0.150]
    Skew group summary after 'Removing longest path buffering':
      skew_group clk_i/func: insertion delay [min=0.143, max=0.161], skew [0.017 vs 0.150]
    Legalizer API calls during this step: 15 succeeded with high effort: 15 succeeded with medium effort: 0 succeeded with low effort: 0 succeeded with basic effort: 0 succeeded with basic unbounded effort: 0
  Removing longest path buffering done. (took cpu=0:00:00.0 real=0:00:00.0)
  Reducing delay of long paths...
    Clock DAG stats after 'Reducing delay of long paths':
      cell counts      : b=0, i=4, icg=0, dcg=0, l=0, total=4
      sink counts      : regular=65, enable_latch=0, load_capacitance=0, antenna=0, node_sink=0, total=65
      misc counts      : r=1, pp=0, mci=0
      cell areas       : b=0.000um^2, i=18.126um^2, icg=0.000um^2, dcg=0.000um^2, l=0.000um^2, total=18.126um^2
      cell capacitance : b=0.000pF, i=0.021pF, icg=0.000pF, dcg=0.000pF, l=0.000pF, total=0.021pF
      sink capacitance : total=0.014pF, avg=0.000pF, sd=0.000pF, min=0.000pF, max=0.000pF
      wire capacitance : top=0.000pF, trunk=0.005pF, leaf=0.037pF, total=0.042pF
      wire lengths     : top=0.000um, trunk=48.600um, leaf=241.380um, total=289.980um
      hp wire lengths  : top=0.000um, trunk=39.230um, leaf=165.685um, total=204.915um
    Clock DAG net violations after 'Reducing delay of long paths': none
    Clock DAG primary half-corner transition distribution after 'Reducing delay of long paths':
      Trunk : target=0.100ns count=2 avg=0.079ns sd=0.024ns min=0.062ns max=0.096ns {0 <= 0.060ns, 1 <= 0.080ns, 0 <= 0.090ns, 0 <= 0.095ns, 1 <= 0.100ns}
      Leaf  : target=0.100ns count=3 avg=0.063ns sd=0.024ns min=0.045ns max=0.089ns {2 <= 0.060ns, 0 <= 0.080ns, 1 <= 0.090ns, 0 <= 0.095ns, 0 <= 0.100ns}
    Clock DAG library cell distribution after 'Reducing delay of long paths' {count}:
       Invs: CLKINVX20: 1 CLKINVX16: 1 CLKINVX8: 2 
    Primary reporting skew groups after 'Reducing delay of long paths':
      skew_group clk_i/func: insertion delay [min=0.143, max=0.161, avg=0.150, sd=0.008, skn=0.548, kur=-1.744], skew [0.017 vs 0.150], 100% {0.143, 0.161} (wid=0.005 ws=0.001) (gid=0.155 gs=0.016)
    Skew group summary after 'Reducing delay of long paths':
      skew_group clk_i/func: insertion delay [min=0.143, max=0.161, avg=0.150, sd=0.008, skn=0.548, kur=-1.744], skew [0.017 vs 0.150], 100% {0.143, 0.161} (wid=0.005 ws=0.001) (gid=0.155 gs=0.016)
    Legalizer API calls during this step: 0 succeeded with high effort: 0 succeeded with medium effort: 0 succeeded with low effort: 0 succeeded with basic effort: 0 succeeded with basic unbounded effort: 0
  Reducing delay of long paths done. (took cpu=0:00:00.0 real=0:00:00.0)
  Stage::Insertion Delay Reduction done. (took cpu=0:00:00.1 real=0:00:00.1)
  CCOpt::Phase::Construction done. (took cpu=0:00:06.9 real=0:00:05.7)
  CCOpt::Phase::Implementation...
  Stage::Reducing Power...
  Improving clock tree routing...
    Iteration 1...
    Iteration 1 done.
    Clock DAG stats after 'Improving clock tree routing':
      cell counts      : b=0, i=4, icg=0, dcg=0, l=0, total=4
      sink counts      : regular=65, enable_latch=0, load_capacitance=0, antenna=0, node_sink=0, total=65
      misc counts      : r=1, pp=0, mci=0
      cell areas       : b=0.000um^2, i=18.126um^2, icg=0.000um^2, dcg=0.000um^2, l=0.000um^2, total=18.126um^2
      cell capacitance : b=0.000pF, i=0.021pF, icg=0.000pF, dcg=0.000pF, l=0.000pF, total=0.021pF
      sink capacitance : total=0.014pF, avg=0.000pF, sd=0.000pF, min=0.000pF, max=0.000pF
      wire capacitance : top=0.000pF, trunk=0.005pF, leaf=0.037pF, total=0.042pF
      wire lengths     : top=0.000um, trunk=48.600um, leaf=241.380um, total=289.980um
      hp wire lengths  : top=0.000um, trunk=39.230um, leaf=165.685um, total=204.915um
    Clock DAG net violations after 'Improving clock tree routing': none
    Clock DAG primary half-corner transition distribution after 'Improving clock tree routing':
      Trunk : target=0.100ns count=2 avg=0.079ns sd=0.024ns min=0.062ns max=0.096ns {0 <= 0.060ns, 1 <= 0.080ns, 0 <= 0.090ns, 0 <= 0.095ns, 1 <= 0.100ns}
      Leaf  : target=0.100ns count=3 avg=0.063ns sd=0.024ns min=0.045ns max=0.089ns {2 <= 0.060ns, 0 <= 0.080ns, 1 <= 0.090ns, 0 <= 0.095ns, 0 <= 0.100ns}
    Clock DAG library cell distribution after 'Improving clock tree routing' {count}:
       Invs: CLKINVX20: 1 CLKINVX16: 1 CLKINVX8: 2 
    Primary reporting skew groups after 'Improving clock tree routing':
      skew_group clk_i/func: insertion delay [min=0.143, max=0.161], skew [0.017 vs 0.150]
    Skew group summary after 'Improving clock tree routing':
      skew_group clk_i/func: insertion delay [min=0.143, max=0.161], skew [0.017 vs 0.150]
    Legalizer API calls during this step: 3 succeeded with high effort: 3 succeeded with medium effort: 0 succeeded with low effort: 0 succeeded with basic effort: 0 succeeded with basic unbounded effort: 0
  Improving clock tree routing done. (took cpu=0:00:00.0 real=0:00:00.0)
  Reducing clock tree power 1...
    Resizing gates: 
    ...20% ...40% ...60% ...80% ...Legalizing clock trees...
    Legalizing clock trees done. (took cpu=0:00:00.0 real=0:00:00.0)
    100% 
    Clock DAG stats after reducing clock tree power 1 iteration 1:
      cell counts      : b=0, i=4, icg=0, dcg=0, l=0, total=4
      sink counts      : regular=65, enable_latch=0, load_capacitance=0, antenna=0, node_sink=0, total=65
      misc counts      : r=1, pp=0, mci=0
      cell areas       : b=0.000um^2, i=11.628um^2, icg=0.000um^2, dcg=0.000um^2, l=0.000um^2, total=11.628um^2
      cell capacitance : b=0.000pF, i=0.012pF, icg=0.000pF, dcg=0.000pF, l=0.000pF, total=0.012pF
      sink capacitance : total=0.014pF, avg=0.000pF, sd=0.000pF, min=0.000pF, max=0.000pF
      wire capacitance : top=0.000pF, trunk=0.005pF, leaf=0.037pF, total=0.042pF
      wire lengths     : top=0.000um, trunk=45.640um, leaf=245.180um, total=290.820um
      hp wire lengths  : top=0.000um, trunk=39.230um, leaf=165.685um, total=204.915um
    Clock DAG net violations after reducing clock tree power 1 iteration 1: none
    Clock DAG primary half-corner transition distribution after reducing clock tree power 1 iteration 1:
      Trunk : target=0.100ns count=2 avg=0.064ns sd=0.002ns min=0.062ns max=0.065ns {0 <= 0.060ns, 2 <= 0.080ns, 0 <= 0.090ns, 0 <= 0.095ns, 0 <= 0.100ns}
      Leaf  : target=0.100ns count=3 avg=0.078ns sd=0.006ns min=0.073ns max=0.085ns {0 <= 0.060ns, 2 <= 0.080ns, 1 <= 0.090ns, 0 <= 0.095ns, 0 <= 0.100ns}
    Clock DAG library cell distribution after reducing clock tree power 1 iteration 1 {count}:
       Invs: CLKINVX8: 3 CLKINVX6: 1 
    Primary reporting skew groups after reducing clock tree power 1 iteration 1:
      skew_group clk_i/func: insertion delay [min=0.125, max=0.132], skew [0.006 vs 0.150]
    Skew group summary after reducing clock tree power 1 iteration 1:
      skew_group clk_i/func: insertion delay [min=0.125, max=0.132], skew [0.006 vs 0.150]
    Resizing gates: 
    ...20% ...40% ...60% ...80% ...Legalizing clock trees...
    Legalizing clock trees done. (took cpu=0:00:00.0 real=0:00:00.0)
    100% 
    Clock DAG stats after reducing clock tree power 1 iteration 2:
      cell counts      : b=0, i=4, icg=0, dcg=0, l=0, total=4
      sink counts      : regular=65, enable_latch=0, load_capacitance=0, antenna=0, node_sink=0, total=65
      misc counts      : r=1, pp=0, mci=0
      cell areas       : b=0.000um^2, i=10.260um^2, icg=0.000um^2, dcg=0.000um^2, l=0.000um^2, total=10.260um^2
      cell capacitance : b=0.000pF, i=0.010pF, icg=0.000pF, dcg=0.000pF, l=0.000pF, total=0.010pF
      sink capacitance : total=0.014pF, avg=0.000pF, sd=0.000pF, min=0.000pF, max=0.000pF
      wire capacitance : top=0.000pF, trunk=0.005pF, leaf=0.037pF, total=0.042pF
      wire lengths     : top=0.000um, trunk=45.705um, leaf=248.045um, total=293.750um
      hp wire lengths  : top=0.000um, trunk=39.230um, leaf=165.685um, total=204.915um
    Clock DAG net violations after reducing clock tree power 1 iteration 2: none
    Clock DAG primary half-corner transition distribution after reducing clock tree power 1 iteration 2:
      Trunk : target=0.100ns count=2 avg=0.066ns sd=0.013ns min=0.057ns max=0.074ns {1 <= 0.060ns, 1 <= 0.080ns, 0 <= 0.090ns, 0 <= 0.095ns, 0 <= 0.100ns}
      Leaf  : target=0.100ns count=3 avg=0.086ns sd=0.007ns min=0.078ns max=0.092ns {0 <= 0.060ns, 1 <= 0.080ns, 1 <= 0.090ns, 1 <= 0.095ns, 0 <= 0.100ns}
    Clock DAG library cell distribution after reducing clock tree power 1 iteration 2 {count}:
       Invs: CLKINVX8: 1 CLKINVX6: 3 
    Primary reporting skew groups after reducing clock tree power 1 iteration 2:
      skew_group clk_i/func: insertion delay [min=0.136, max=0.142], skew [0.006 vs 0.150]
    Skew group summary after reducing clock tree power 1 iteration 2:
      skew_group clk_i/func: insertion delay [min=0.136, max=0.142], skew [0.006 vs 0.150]
    Resizing gates: 
    ...20% ...40% ...60% ...80% ...Legalizing clock trees...
    Legalizing clock trees done. (took cpu=0:00:00.0 real=0:00:00.0)
    100% 
    Clock DAG stats after 'Reducing clock tree power 1':
      cell counts      : b=0, i=4, icg=0, dcg=0, l=0, total=4
      sink counts      : regular=65, enable_latch=0, load_capacitance=0, antenna=0, node_sink=0, total=65
      misc counts      : r=1, pp=0, mci=0
      cell areas       : b=0.000um^2, i=10.260um^2, icg=0.000um^2, dcg=0.000um^2, l=0.000um^2, total=10.260um^2
      cell capacitance : b=0.000pF, i=0.010pF, icg=0.000pF, dcg=0.000pF, l=0.000pF, total=0.010pF
      sink capacitance : total=0.014pF, avg=0.000pF, sd=0.000pF, min=0.000pF, max=0.000pF
      wire capacitance : top=0.000pF, trunk=0.005pF, leaf=0.037pF, total=0.042pF
      wire lengths     : top=0.000um, trunk=45.705um, leaf=248.045um, total=293.750um
      hp wire lengths  : top=0.000um, trunk=39.230um, leaf=165.685um, total=204.915um
    Clock DAG net violations after 'Reducing clock tree power 1': none
    Clock DAG primary half-corner transition distribution after 'Reducing clock tree power 1':
      Trunk : target=0.100ns count=2 avg=0.066ns sd=0.013ns min=0.057ns max=0.074ns {1 <= 0.060ns, 1 <= 0.080ns, 0 <= 0.090ns, 0 <= 0.095ns, 0 <= 0.100ns}
      Leaf  : target=0.100ns count=3 avg=0.086ns sd=0.007ns min=0.078ns max=0.092ns {0 <= 0.060ns, 1 <= 0.080ns, 1 <= 0.090ns, 1 <= 0.095ns, 0 <= 0.100ns}
    Clock DAG library cell distribution after 'Reducing clock tree power 1' {count}:
       Invs: CLKINVX8: 1 CLKINVX6: 3 
    Primary reporting skew groups after 'Reducing clock tree power 1':
      skew_group clk_i/func: insertion delay [min=0.136, max=0.142], skew [0.006 vs 0.150]
    Skew group summary after 'Reducing clock tree power 1':
      skew_group clk_i/func: insertion delay [min=0.136, max=0.142], skew [0.006 vs 0.150]
    Legalizer API calls during this step: 29 succeeded with high effort: 29 succeeded with medium effort: 0 succeeded with low effort: 0 succeeded with basic effort: 0 succeeded with basic unbounded effort: 0
  Reducing clock tree power 1 done. (took cpu=0:00:00.0 real=0:00:00.0)
  Reducing clock tree power 2...
    Clock DAG stats after 'Reducing clock tree power 2':
      cell counts      : b=0, i=4, icg=0, dcg=0, l=0, total=4
      sink counts      : regular=65, enable_latch=0, load_capacitance=0, antenna=0, node_sink=0, total=65
      misc counts      : r=1, pp=0, mci=0
      cell areas       : b=0.000um^2, i=10.260um^2, icg=0.000um^2, dcg=0.000um^2, l=0.000um^2, total=10.260um^2
      cell capacitance : b=0.000pF, i=0.010pF, icg=0.000pF, dcg=0.000pF, l=0.000pF, total=0.010pF
      sink capacitance : total=0.014pF, avg=0.000pF, sd=0.000pF, min=0.000pF, max=0.000pF
      wire capacitance : top=0.000pF, trunk=0.005pF, leaf=0.037pF, total=0.042pF
      wire lengths     : top=0.000um, trunk=45.705um, leaf=248.045um, total=293.750um
      hp wire lengths  : top=0.000um, trunk=39.230um, leaf=165.685um, total=204.915um
    Clock DAG net violations after 'Reducing clock tree power 2': none
    Clock DAG primary half-corner transition distribution after 'Reducing clock tree power 2':
      Trunk : target=0.100ns count=2 avg=0.066ns sd=0.013ns min=0.057ns max=0.074ns {1 <= 0.060ns, 1 <= 0.080ns, 0 <= 0.090ns, 0 <= 0.095ns, 0 <= 0.100ns}
      Leaf  : target=0.100ns count=3 avg=0.086ns sd=0.007ns min=0.078ns max=0.092ns {0 <= 0.060ns, 1 <= 0.080ns, 1 <= 0.090ns, 1 <= 0.095ns, 0 <= 0.100ns}
    Clock DAG library cell distribution after 'Reducing clock tree power 2' {count}:
       Invs: CLKINVX8: 1 CLKINVX6: 3 
    Primary reporting skew groups after 'Reducing clock tree power 2':
      skew_group clk_i/func: insertion delay [min=0.136, max=0.142, avg=0.139, sd=0.003, skn=-0.258, kur=-1.405], skew [0.006 vs 0.150], 100% {0.136, 0.142} (wid=0.005 ws=0.001) (gid=0.138 gs=0.006)
    Skew group summary after 'Reducing clock tree power 2':
      skew_group clk_i/func: insertion delay [min=0.136, max=0.142, avg=0.139, sd=0.003, skn=-0.258, kur=-1.405], skew [0.006 vs 0.150], 100% {0.136, 0.142} (wid=0.005 ws=0.001) (gid=0.138 gs=0.006)
    Legalizer API calls during this step: 0 succeeded with high effort: 0 succeeded with medium effort: 0 succeeded with low effort: 0 succeeded with basic effort: 0 succeeded with basic unbounded effort: 0
  Reducing clock tree power 2 done. (took cpu=0:00:00.0 real=0:00:00.0)
  Stage::Reducing Power done. (took cpu=0:00:00.0 real=0:00:00.0)
  Stage::Balancing...
  Improving subtree skew...
    Clock DAG stats after 'Improving subtree skew':
      cell counts      : b=0, i=4, icg=0, dcg=0, l=0, total=4
      sink counts      : regular=65, enable_latch=0, load_capacitance=0, antenna=0, node_sink=0, total=65
      misc counts      : r=1, pp=0, mci=0
      cell areas       : b=0.000um^2, i=10.260um^2, icg=0.000um^2, dcg=0.000um^2, l=0.000um^2, total=10.260um^2
      cell capacitance : b=0.000pF, i=0.010pF, icg=0.000pF, dcg=0.000pF, l=0.000pF, total=0.010pF
      sink capacitance : total=0.014pF, avg=0.000pF, sd=0.000pF, min=0.000pF, max=0.000pF
      wire capacitance : top=0.000pF, trunk=0.005pF, leaf=0.037pF, total=0.042pF
      wire lengths     : top=0.000um, trunk=45.705um, leaf=248.045um, total=293.750um
      hp wire lengths  : top=0.000um, trunk=39.230um, leaf=165.685um, total=204.915um
    Clock DAG net violations after 'Improving subtree skew': none
    Clock DAG primary half-corner transition distribution after 'Improving subtree skew':
      Trunk : target=0.100ns count=2 avg=0.066ns sd=0.013ns min=0.057ns max=0.074ns {1 <= 0.060ns, 1 <= 0.080ns, 0 <= 0.090ns, 0 <= 0.095ns, 0 <= 0.100ns}
      Leaf  : target=0.100ns count=3 avg=0.086ns sd=0.007ns min=0.078ns max=0.092ns {0 <= 0.060ns, 1 <= 0.080ns, 1 <= 0.090ns, 1 <= 0.095ns, 0 <= 0.100ns}
    Clock DAG library cell distribution after 'Improving subtree skew' {count}:
       Invs: CLKINVX8: 1 CLKINVX6: 3 
    Primary reporting skew groups after 'Improving subtree skew':
      skew_group clk_i/func: insertion delay [min=0.136, max=0.142, avg=0.139, sd=0.003, skn=-0.258, kur=-1.405], skew [0.006 vs 0.150], 100% {0.136, 0.142} (wid=0.005 ws=0.001) (gid=0.138 gs=0.006)
    Skew group summary after 'Improving subtree skew':
      skew_group clk_i/func: insertion delay [min=0.136, max=0.142, avg=0.139, sd=0.003, skn=-0.258, kur=-1.405], skew [0.006 vs 0.150], 100% {0.136, 0.142} (wid=0.005 ws=0.001) (gid=0.138 gs=0.006)
    Legalizer API calls during this step: 4 succeeded with high effort: 4 succeeded with medium effort: 0 succeeded with low effort: 0 succeeded with basic effort: 0 succeeded with basic unbounded effort: 0
  Improving subtree skew done. (took cpu=0:00:00.0 real=0:00:00.0)
  Offloading subtrees by buffering...
    Clock DAG stats after 'Offloading subtrees by buffering':
      cell counts      : b=0, i=4, icg=0, dcg=0, l=0, total=4
      sink counts      : regular=65, enable_latch=0, load_capacitance=0, antenna=0, node_sink=0, total=65
      misc counts      : r=1, pp=0, mci=0
      cell areas       : b=0.000um^2, i=10.260um^2, icg=0.000um^2, dcg=0.000um^2, l=0.000um^2, total=10.260um^2
      cell capacitance : b=0.000pF, i=0.010pF, icg=0.000pF, dcg=0.000pF, l=0.000pF, total=0.010pF
      sink capacitance : total=0.014pF, avg=0.000pF, sd=0.000pF, min=0.000pF, max=0.000pF
      wire capacitance : top=0.000pF, trunk=0.005pF, leaf=0.037pF, total=0.042pF
      wire lengths     : top=0.000um, trunk=45.705um, leaf=248.045um, total=293.750um
      hp wire lengths  : top=0.000um, trunk=39.230um, leaf=165.685um, total=204.915um
    Clock DAG net violations after 'Offloading subtrees by buffering': none
    Clock DAG primary half-corner transition distribution after 'Offloading subtrees by buffering':
      Trunk : target=0.100ns count=2 avg=0.066ns sd=0.013ns min=0.057ns max=0.074ns {1 <= 0.060ns, 1 <= 0.080ns, 0 <= 0.090ns, 0 <= 0.095ns, 0 <= 0.100ns}
      Leaf  : target=0.100ns count=3 avg=0.086ns sd=0.007ns min=0.078ns max=0.092ns {0 <= 0.060ns, 1 <= 0.080ns, 1 <= 0.090ns, 1 <= 0.095ns, 0 <= 0.100ns}
    Clock DAG library cell distribution after 'Offloading subtrees by buffering' {count}:
       Invs: CLKINVX8: 1 CLKINVX6: 3 
    Primary reporting skew groups after 'Offloading subtrees by buffering':
      skew_group clk_i/func: insertion delay [min=0.136, max=0.142, avg=0.139, sd=0.003, skn=-0.258, kur=-1.405], skew [0.006 vs 0.150], 100% {0.136, 0.142} (wid=0.005 ws=0.001) (gid=0.138 gs=0.006)
    Skew group summary after 'Offloading subtrees by buffering':
      skew_group clk_i/func: insertion delay [min=0.136, max=0.142, avg=0.139, sd=0.003, skn=-0.258, kur=-1.405], skew [0.006 vs 0.150], 100% {0.136, 0.142} (wid=0.005 ws=0.001) (gid=0.138 gs=0.006)
    Legalizer API calls during this step: 0 succeeded with high effort: 0 succeeded with medium effort: 0 succeeded with low effort: 0 succeeded with basic effort: 0 succeeded with basic unbounded effort: 0
  Offloading subtrees by buffering done. (took cpu=0:00:00.0 real=0:00:00.0)
  AdjustingMinPinPIDs for balancing...
    Approximately balancing fragments step...
      Resolve constraints - Approximately balancing fragments...
      Resolving skew group constraints...
        Solving LP: 1 skew groups; 2 fragments, 2 fraglets and 3 vertices; 12 variables and 27 constraints; tolerance 1
      Resolving skew group constraints done.
      Resolve constraints - Approximately balancing fragments done. (took cpu=0:00:00.0 real=0:00:00.0)
      Estimate delay to be added in balancing - Approximately balancing fragments...
      Trial balancer estimated the amount of delay to be added in balancing: 0.000ns
      Estimate delay to be added in balancing - Approximately balancing fragments done. (took cpu=0:00:00.0 real=0:00:00.0)
      Approximately balancing fragments...
        Moving gates to improve sub-tree skew...
          Tried: 6 Succeeded: 0
          Topology Tried: 0 Succeeded: 0
          0 Succeeded with SS ratio
          0 Succeeded with Lollipop: 0 with tier one, 0 with tier two. 
          Total reducing skew: 0 Average reducing skew for 0 nets : 0
          Clock DAG stats after 'Moving gates to improve sub-tree skew':
            cell counts      : b=0, i=4, icg=0, dcg=0, l=0, total=4
            sink counts      : regular=65, enable_latch=0, load_capacitance=0, antenna=0, node_sink=0, total=65
            misc counts      : r=1, pp=0, mci=0
            cell areas       : b=0.000um^2, i=10.260um^2, icg=0.000um^2, dcg=0.000um^2, l=0.000um^2, total=10.260um^2
            cell capacitance : b=0.000pF, i=0.010pF, icg=0.000pF, dcg=0.000pF, l=0.000pF, total=0.010pF
            sink capacitance : total=0.014pF, avg=0.000pF, sd=0.000pF, min=0.000pF, max=0.000pF
            wire capacitance : top=0.000pF, trunk=0.005pF, leaf=0.037pF, total=0.042pF
            wire lengths     : top=0.000um, trunk=45.705um, leaf=248.045um, total=293.750um
            hp wire lengths  : top=0.000um, trunk=39.230um, leaf=165.685um, total=204.915um
          Clock DAG net violations after 'Moving gates to improve sub-tree skew': none
          Clock DAG primary half-corner transition distribution after 'Moving gates to improve sub-tree skew':
            Trunk : target=0.100ns count=2 avg=0.066ns sd=0.013ns min=0.057ns max=0.074ns {1 <= 0.060ns, 1 <= 0.080ns, 0 <= 0.090ns, 0 <= 0.095ns, 0 <= 0.100ns}
            Leaf  : target=0.100ns count=3 avg=0.086ns sd=0.007ns min=0.078ns max=0.092ns {0 <= 0.060ns, 1 <= 0.080ns, 1 <= 0.090ns, 1 <= 0.095ns, 0 <= 0.100ns}
          Clock DAG library cell distribution after 'Moving gates to improve sub-tree skew' {count}:
             Invs: CLKINVX8: 1 CLKINVX6: 3 
          Legalizer API calls during this step: 0 succeeded with high effort: 0 succeeded with medium effort: 0 succeeded with low effort: 0 succeeded with basic effort: 0 succeeded with basic unbounded effort: 0
        Moving gates to improve sub-tree skew done. (took cpu=0:00:00.0 real=0:00:00.0)
        Approximately balancing fragments bottom up...
          Clock DAG stats after 'Approximately balancing fragments bottom up':
            cell counts      : b=0, i=4, icg=0, dcg=0, l=0, total=4
            sink counts      : regular=65, enable_latch=0, load_capacitance=0, antenna=0, node_sink=0, total=65
            misc counts      : r=1, pp=0, mci=0
            cell areas       : b=0.000um^2, i=10.260um^2, icg=0.000um^2, dcg=0.000um^2, l=0.000um^2, total=10.260um^2
            cell capacitance : b=0.000pF, i=0.010pF, icg=0.000pF, dcg=0.000pF, l=0.000pF, total=0.010pF
            sink capacitance : total=0.014pF, avg=0.000pF, sd=0.000pF, min=0.000pF, max=0.000pF
            wire capacitance : top=0.000pF, trunk=0.005pF, leaf=0.037pF, total=0.042pF
            wire lengths     : top=0.000um, trunk=45.705um, leaf=248.045um, total=293.750um
            hp wire lengths  : top=0.000um, trunk=39.230um, leaf=165.685um, total=204.915um
          Clock DAG net violations after 'Approximately balancing fragments bottom up': none
          Clock DAG primary half-corner transition distribution after 'Approximately balancing fragments bottom up':
            Trunk : target=0.100ns count=2 avg=0.066ns sd=0.013ns min=0.057ns max=0.074ns {1 <= 0.060ns, 1 <= 0.080ns, 0 <= 0.090ns, 0 <= 0.095ns, 0 <= 0.100ns}
            Leaf  : target=0.100ns count=3 avg=0.086ns sd=0.007ns min=0.078ns max=0.092ns {0 <= 0.060ns, 1 <= 0.080ns, 1 <= 0.090ns, 1 <= 0.095ns, 0 <= 0.100ns}
          Clock DAG library cell distribution after 'Approximately balancing fragments bottom up' {count}:
             Invs: CLKINVX8: 1 CLKINVX6: 3 
          Legalizer API calls during this step: 0 succeeded with high effort: 0 succeeded with medium effort: 0 succeeded with low effort: 0 succeeded with basic effort: 0 succeeded with basic unbounded effort: 0
        Approximately balancing fragments bottom up done. (took cpu=0:00:00.0 real=0:00:00.0)
        
        Virtual Delay Histogram:
        
        ---------------
        Histogram
        ---------------
        {74 <= 0.000ns}
        ---------------
        
        Virtual delay statistics:
        
        ------------------------------------------------------
        Mean     Min      Max      Std. Dev    Count     Total
        ------------------------------------------------------
        0.000    0.000    0.000     0.000      74.000    0.000
        ------------------------------------------------------
        
        Biggest Virtual delays:
        
        ---------------------------------------
        Virtual    Clock Tree    Pin    Pre-CTS
        Delay                           net
        ---------------------------------------
          (empty table)
        ---------------------------------------
        
        Approximately balancing fragments, wire and cell delays...
        Approximately balancing fragments, wire and cell delays, iteration 1...
          Clock DAG stats after Approximately balancing fragments, wire and cell delays, iteration 1:
            cell counts      : b=0, i=4, icg=0, dcg=0, l=0, total=4
            sink counts      : regular=65, enable_latch=0, load_capacitance=0, antenna=0, node_sink=0, total=65
            misc counts      : r=1, pp=0, mci=0
            cell areas       : b=0.000um^2, i=10.260um^2, icg=0.000um^2, dcg=0.000um^2, l=0.000um^2, total=10.260um^2
            cell capacitance : b=0.000pF, i=0.010pF, icg=0.000pF, dcg=0.000pF, l=0.000pF, total=0.010pF
            sink capacitance : total=0.014pF, avg=0.000pF, sd=0.000pF, min=0.000pF, max=0.000pF
            wire capacitance : top=0.000pF, trunk=0.005pF, leaf=0.037pF, total=0.042pF
            wire lengths     : top=0.000um, trunk=45.705um, leaf=248.045um, total=293.750um
            hp wire lengths  : top=0.000um, trunk=39.230um, leaf=165.685um, total=204.915um
          Clock DAG net violations after Approximately balancing fragments, wire and cell delays, iteration 1: none
          Clock DAG primary half-corner transition distribution after Approximately balancing fragments, wire and cell delays, iteration 1:
            Trunk : target=0.100ns count=2 avg=0.066ns sd=0.013ns min=0.057ns max=0.074ns {1 <= 0.060ns, 1 <= 0.080ns, 0 <= 0.090ns, 0 <= 0.095ns, 0 <= 0.100ns}
            Leaf  : target=0.100ns count=3 avg=0.086ns sd=0.007ns min=0.078ns max=0.092ns {0 <= 0.060ns, 1 <= 0.080ns, 1 <= 0.090ns, 1 <= 0.095ns, 0 <= 0.100ns}
          Clock DAG library cell distribution after Approximately balancing fragments, wire and cell delays, iteration 1 {count}:
             Invs: CLKINVX8: 1 CLKINVX6: 3 
        Approximately balancing fragments, wire and cell delays, iteration 1 done.
        Approximately balancing fragments, wire and cell delays done. (took cpu=0:00:00.0 real=0:00:00.0)
      Approximately balancing fragments done.
      Clock DAG stats after 'Approximately balancing fragments step':
        cell counts      : b=0, i=4, icg=0, dcg=0, l=0, total=4
        sink counts      : regular=65, enable_latch=0, load_capacitance=0, antenna=0, node_sink=0, total=65
        misc counts      : r=1, pp=0, mci=0
        cell areas       : b=0.000um^2, i=10.260um^2, icg=0.000um^2, dcg=0.000um^2, l=0.000um^2, total=10.260um^2
        cell capacitance : b=0.000pF, i=0.010pF, icg=0.000pF, dcg=0.000pF, l=0.000pF, total=0.010pF
        sink capacitance : total=0.014pF, avg=0.000pF, sd=0.000pF, min=0.000pF, max=0.000pF
        wire capacitance : top=0.000pF, trunk=0.005pF, leaf=0.037pF, total=0.042pF
        wire lengths     : top=0.000um, trunk=45.705um, leaf=248.045um, total=293.750um
        hp wire lengths  : top=0.000um, trunk=39.230um, leaf=165.685um, total=204.915um
      Clock DAG net violations after 'Approximately balancing fragments step': none
      Clock DAG primary half-corner transition distribution after 'Approximately balancing fragments step':
        Trunk : target=0.100ns count=2 avg=0.066ns sd=0.013ns min=0.057ns max=0.074ns {1 <= 0.060ns, 1 <= 0.080ns, 0 <= 0.090ns, 0 <= 0.095ns, 0 <= 0.100ns}
        Leaf  : target=0.100ns count=3 avg=0.086ns sd=0.007ns min=0.078ns max=0.092ns {0 <= 0.060ns, 1 <= 0.080ns, 1 <= 0.090ns, 1 <= 0.095ns, 0 <= 0.100ns}
      Clock DAG library cell distribution after 'Approximately balancing fragments step' {count}:
         Invs: CLKINVX8: 1 CLKINVX6: 3 
      Legalizer API calls during this step: 0 succeeded with high effort: 0 succeeded with medium effort: 0 succeeded with low effort: 0 succeeded with basic effort: 0 succeeded with basic unbounded effort: 0
    Approximately balancing fragments step done. (took cpu=0:00:00.0 real=0:00:00.0)
    Clock DAG stats after Approximately balancing fragments:
      cell counts      : b=0, i=4, icg=0, dcg=0, l=0, total=4
      sink counts      : regular=65, enable_latch=0, load_capacitance=0, antenna=0, node_sink=0, total=65
      misc counts      : r=1, pp=0, mci=0
      cell areas       : b=0.000um^2, i=10.260um^2, icg=0.000um^2, dcg=0.000um^2, l=0.000um^2, total=10.260um^2
      cell capacitance : b=0.000pF, i=0.010pF, icg=0.000pF, dcg=0.000pF, l=0.000pF, total=0.010pF
      sink capacitance : total=0.014pF, avg=0.000pF, sd=0.000pF, min=0.000pF, max=0.000pF
      wire capacitance : top=0.000pF, trunk=0.005pF, leaf=0.037pF, total=0.042pF
      wire lengths     : top=0.000um, trunk=45.705um, leaf=248.045um, total=293.750um
      hp wire lengths  : top=0.000um, trunk=39.230um, leaf=165.685um, total=204.915um
    Clock DAG net violations after Approximately balancing fragments: none
    Clock DAG primary half-corner transition distribution after Approximately balancing fragments:
      Trunk : target=0.100ns count=2 avg=0.066ns sd=0.013ns min=0.057ns max=0.074ns {1 <= 0.060ns, 1 <= 0.080ns, 0 <= 0.090ns, 0 <= 0.095ns, 0 <= 0.100ns}
      Leaf  : target=0.100ns count=3 avg=0.086ns sd=0.007ns min=0.078ns max=0.092ns {0 <= 0.060ns, 1 <= 0.080ns, 1 <= 0.090ns, 1 <= 0.095ns, 0 <= 0.100ns}
    Clock DAG library cell distribution after Approximately balancing fragments {count}:
       Invs: CLKINVX8: 1 CLKINVX6: 3 
    Primary reporting skew groups after Approximately balancing fragments:
      skew_group clk_i/func: insertion delay [min=0.136, max=0.142], skew [0.006 vs 0.150]
    Skew group summary after Approximately balancing fragments:
      skew_group clk_i/func: insertion delay [min=0.136, max=0.142], skew [0.006 vs 0.150]
    Improving fragments clock skew...
      Clock DAG stats after 'Improving fragments clock skew':
        cell counts      : b=0, i=4, icg=0, dcg=0, l=0, total=4
        sink counts      : regular=65, enable_latch=0, load_capacitance=0, antenna=0, node_sink=0, total=65
        misc counts      : r=1, pp=0, mci=0
        cell areas       : b=0.000um^2, i=10.260um^2, icg=0.000um^2, dcg=0.000um^2, l=0.000um^2, total=10.260um^2
        cell capacitance : b=0.000pF, i=0.010pF, icg=0.000pF, dcg=0.000pF, l=0.000pF, total=0.010pF
        sink capacitance : total=0.014pF, avg=0.000pF, sd=0.000pF, min=0.000pF, max=0.000pF
        wire capacitance : top=0.000pF, trunk=0.005pF, leaf=0.037pF, total=0.042pF
        wire lengths     : top=0.000um, trunk=45.705um, leaf=248.045um, total=293.750um
        hp wire lengths  : top=0.000um, trunk=39.230um, leaf=165.685um, total=204.915um
      Clock DAG net violations after 'Improving fragments clock skew': none
      Clock DAG primary half-corner transition distribution after 'Improving fragments clock skew':
        Trunk : target=0.100ns count=2 avg=0.066ns sd=0.013ns min=0.057ns max=0.074ns {1 <= 0.060ns, 1 <= 0.080ns, 0 <= 0.090ns, 0 <= 0.095ns, 0 <= 0.100ns}
        Leaf  : target=0.100ns count=3 avg=0.086ns sd=0.007ns min=0.078ns max=0.092ns {0 <= 0.060ns, 1 <= 0.080ns, 1 <= 0.090ns, 1 <= 0.095ns, 0 <= 0.100ns}
      Clock DAG library cell distribution after 'Improving fragments clock skew' {count}:
         Invs: CLKINVX8: 1 CLKINVX6: 3 
      Primary reporting skew groups after 'Improving fragments clock skew':
        skew_group clk_i/func: insertion delay [min=0.136, max=0.142], skew [0.006 vs 0.150]
      Skew group summary after 'Improving fragments clock skew':
        skew_group clk_i/func: insertion delay [min=0.136, max=0.142], skew [0.006 vs 0.150]
      Legalizer API calls during this step: 0 succeeded with high effort: 0 succeeded with medium effort: 0 succeeded with low effort: 0 succeeded with basic effort: 0 succeeded with basic unbounded effort: 0
    Improving fragments clock skew done. (took cpu=0:00:00.0 real=0:00:00.0)
    Legalizer API calls during this step: 0 succeeded with high effort: 0 succeeded with medium effort: 0 succeeded with low effort: 0 succeeded with basic effort: 0 succeeded with basic unbounded effort: 0
  AdjustingMinPinPIDs for balancing done. (took cpu=0:00:00.0 real=0:00:00.0)
  Approximately balancing step...
    Resolve constraints - Approximately balancing...
    Resolving skew group constraints...
      Solving LP: 1 skew groups; 2 fragments, 2 fraglets and 3 vertices; 12 variables and 27 constraints; tolerance 1
    Resolving skew group constraints done.
    Resolve constraints - Approximately balancing done. (took cpu=0:00:00.0 real=0:00:00.0)
    Approximately balancing...
      Approximately balancing, wire and cell delays...
      Approximately balancing, wire and cell delays, iteration 1...
        Clock DAG stats after Approximately balancing, wire and cell delays, iteration 1:
          cell counts      : b=0, i=4, icg=0, dcg=0, l=0, total=4
          sink counts      : regular=65, enable_latch=0, load_capacitance=0, antenna=0, node_sink=0, total=65
          misc counts      : r=1, pp=0, mci=0
          cell areas       : b=0.000um^2, i=10.260um^2, icg=0.000um^2, dcg=0.000um^2, l=0.000um^2, total=10.260um^2
          cell capacitance : b=0.000pF, i=0.010pF, icg=0.000pF, dcg=0.000pF, l=0.000pF, total=0.010pF
          sink capacitance : total=0.014pF, avg=0.000pF, sd=0.000pF, min=0.000pF, max=0.000pF
          wire capacitance : top=0.000pF, trunk=0.005pF, leaf=0.037pF, total=0.042pF
          wire lengths     : top=0.000um, trunk=45.705um, leaf=248.045um, total=293.750um
          hp wire lengths  : top=0.000um, trunk=39.230um, leaf=165.685um, total=204.915um
        Clock DAG net violations after Approximately balancing, wire and cell delays, iteration 1: none
        Clock DAG primary half-corner transition distribution after Approximately balancing, wire and cell delays, iteration 1:
          Trunk : target=0.100ns count=2 avg=0.066ns sd=0.013ns min=0.057ns max=0.074ns {1 <= 0.060ns, 1 <= 0.080ns, 0 <= 0.090ns, 0 <= 0.095ns, 0 <= 0.100ns}
          Leaf  : target=0.100ns count=3 avg=0.086ns sd=0.007ns min=0.078ns max=0.092ns {0 <= 0.060ns, 1 <= 0.080ns, 1 <= 0.090ns, 1 <= 0.095ns, 0 <= 0.100ns}
        Clock DAG library cell distribution after Approximately balancing, wire and cell delays, iteration 1 {count}:
           Invs: CLKINVX8: 1 CLKINVX6: 3 
      Approximately balancing, wire and cell delays, iteration 1 done.
      Approximately balancing, wire and cell delays done. (took cpu=0:00:00.0 real=0:00:00.0)
    Approximately balancing done.
    Clock DAG stats after 'Approximately balancing step':
      cell counts      : b=0, i=4, icg=0, dcg=0, l=0, total=4
      sink counts      : regular=65, enable_latch=0, load_capacitance=0, antenna=0, node_sink=0, total=65
      misc counts      : r=1, pp=0, mci=0
      cell areas       : b=0.000um^2, i=10.260um^2, icg=0.000um^2, dcg=0.000um^2, l=0.000um^2, total=10.260um^2
      cell capacitance : b=0.000pF, i=0.010pF, icg=0.000pF, dcg=0.000pF, l=0.000pF, total=0.010pF
      sink capacitance : total=0.014pF, avg=0.000pF, sd=0.000pF, min=0.000pF, max=0.000pF
      wire capacitance : top=0.000pF, trunk=0.005pF, leaf=0.037pF, total=0.042pF
      wire lengths     : top=0.000um, trunk=45.705um, leaf=248.045um, total=293.750um
      hp wire lengths  : top=0.000um, trunk=39.230um, leaf=165.685um, total=204.915um
    Clock DAG net violations after 'Approximately balancing step': none
    Clock DAG primary half-corner transition distribution after 'Approximately balancing step':
      Trunk : target=0.100ns count=2 avg=0.066ns sd=0.013ns min=0.057ns max=0.074ns {1 <= 0.060ns, 1 <= 0.080ns, 0 <= 0.090ns, 0 <= 0.095ns, 0 <= 0.100ns}
      Leaf  : target=0.100ns count=3 avg=0.086ns sd=0.007ns min=0.078ns max=0.092ns {0 <= 0.060ns, 1 <= 0.080ns, 1 <= 0.090ns, 1 <= 0.095ns, 0 <= 0.100ns}
    Clock DAG library cell distribution after 'Approximately balancing step' {count}:
       Invs: CLKINVX8: 1 CLKINVX6: 3 
    Primary reporting skew groups after 'Approximately balancing step':
      skew_group clk_i/func: insertion delay [min=0.136, max=0.142], skew [0.006 vs 0.150]
    Skew group summary after 'Approximately balancing step':
      skew_group clk_i/func: insertion delay [min=0.136, max=0.142], skew [0.006 vs 0.150]
    Legalizer API calls during this step: 0 succeeded with high effort: 0 succeeded with medium effort: 0 succeeded with low effort: 0 succeeded with basic effort: 0 succeeded with basic unbounded effort: 0
  Approximately balancing step done. (took cpu=0:00:00.0 real=0:00:00.0)
  Approximately balancing paths...
    Added 0 buffers.
    Clock DAG stats after 'Approximately balancing paths':
      cell counts      : b=0, i=4, icg=0, dcg=0, l=0, total=4
      sink counts      : regular=65, enable_latch=0, load_capacitance=0, antenna=0, node_sink=0, total=65
      misc counts      : r=1, pp=0, mci=0
      cell areas       : b=0.000um^2, i=10.260um^2, icg=0.000um^2, dcg=0.000um^2, l=0.000um^2, total=10.260um^2
      cell capacitance : b=0.000pF, i=0.010pF, icg=0.000pF, dcg=0.000pF, l=0.000pF, total=0.010pF
      sink capacitance : total=0.014pF, avg=0.000pF, sd=0.000pF, min=0.000pF, max=0.000pF
      wire capacitance : top=0.000pF, trunk=0.005pF, leaf=0.037pF, total=0.042pF
      wire lengths     : top=0.000um, trunk=45.705um, leaf=248.045um, total=293.750um
      hp wire lengths  : top=0.000um, trunk=39.230um, leaf=165.685um, total=204.915um
    Clock DAG net violations after 'Approximately balancing paths': none
    Clock DAG primary half-corner transition distribution after 'Approximately balancing paths':
      Trunk : target=0.100ns count=2 avg=0.066ns sd=0.013ns min=0.057ns max=0.074ns {1 <= 0.060ns, 1 <= 0.080ns, 0 <= 0.090ns, 0 <= 0.095ns, 0 <= 0.100ns}
      Leaf  : target=0.100ns count=3 avg=0.086ns sd=0.007ns min=0.078ns max=0.092ns {0 <= 0.060ns, 1 <= 0.080ns, 1 <= 0.090ns, 1 <= 0.095ns, 0 <= 0.100ns}
    Clock DAG library cell distribution after 'Approximately balancing paths' {count}:
       Invs: CLKINVX8: 1 CLKINVX6: 3 
    Primary reporting skew groups after 'Approximately balancing paths':
      skew_group clk_i/func: insertion delay [min=0.136, max=0.142, avg=0.139, sd=0.003, skn=-0.258, kur=-1.405], skew [0.006 vs 0.150], 100% {0.136, 0.142} (wid=0.005 ws=0.001) (gid=0.138 gs=0.006)
    Skew group summary after 'Approximately balancing paths':
      skew_group clk_i/func: insertion delay [min=0.136, max=0.142, avg=0.139, sd=0.003, skn=-0.258, kur=-1.405], skew [0.006 vs 0.150], 100% {0.136, 0.142} (wid=0.005 ws=0.001) (gid=0.138 gs=0.006)
    Legalizer API calls during this step: 0 succeeded with high effort: 0 succeeded with medium effort: 0 succeeded with low effort: 0 succeeded with basic effort: 0 succeeded with basic unbounded effort: 0
  Approximately balancing paths done. (took cpu=0:00:00.0 real=0:00:00.0)
  Stage::Balancing done. (took cpu=0:00:00.0 real=0:00:00.0)
  Stage::Polishing...
  Clock tree timing engine global stage delay update for slow_0p9v_125c_cmax:both.late...
  Clock tree timing engine global stage delay update for slow_0p9v_125c_cmax:both.late done. (took cpu=0:00:00.0 real=0:00:00.0)
  Clock DAG stats before polishing:
    cell counts      : b=0, i=4, icg=0, dcg=0, l=0, total=4
    sink counts      : regular=65, enable_latch=0, load_capacitance=0, antenna=0, node_sink=0, total=65
    misc counts      : r=1, pp=0, mci=0
    cell areas       : b=0.000um^2, i=10.260um^2, icg=0.000um^2, dcg=0.000um^2, l=0.000um^2, total=10.260um^2
    cell capacitance : b=0.000pF, i=0.010pF, icg=0.000pF, dcg=0.000pF, l=0.000pF, total=0.010pF
    sink capacitance : total=0.014pF, avg=0.000pF, sd=0.000pF, min=0.000pF, max=0.000pF
    wire capacitance : top=0.000pF, trunk=0.005pF, leaf=0.037pF, total=0.042pF
    wire lengths     : top=0.000um, trunk=45.705um, leaf=248.045um, total=293.750um
    hp wire lengths  : top=0.000um, trunk=39.230um, leaf=165.685um, total=204.915um
  Clock DAG net violations before polishing: none
  Clock DAG primary half-corner transition distribution before polishing:
    Trunk : target=0.100ns count=2 avg=0.066ns sd=0.013ns min=0.057ns max=0.075ns {1 <= 0.060ns, 1 <= 0.080ns, 0 <= 0.090ns, 0 <= 0.095ns, 0 <= 0.100ns}
    Leaf  : target=0.100ns count=3 avg=0.085ns sd=0.007ns min=0.078ns max=0.092ns {0 <= 0.060ns, 1 <= 0.080ns, 1 <= 0.090ns, 1 <= 0.095ns, 0 <= 0.100ns}
  Clock DAG library cell distribution before polishing {count}:
     Invs: CLKINVX8: 1 CLKINVX6: 3 
  Primary reporting skew groups before polishing:
    skew_group clk_i/func: insertion delay [min=0.136, max=0.143], skew [0.006 vs 0.150]
  Skew group summary before polishing:
    skew_group clk_i/func: insertion delay [min=0.136, max=0.143], skew [0.006 vs 0.150]
  Merging balancing drivers for power...
    Tried: 6 Succeeded: 0
    Clock DAG stats after 'Merging balancing drivers for power':
      cell counts      : b=0, i=4, icg=0, dcg=0, l=0, total=4
      sink counts      : regular=65, enable_latch=0, load_capacitance=0, antenna=0, node_sink=0, total=65
      misc counts      : r=1, pp=0, mci=0
      cell areas       : b=0.000um^2, i=10.260um^2, icg=0.000um^2, dcg=0.000um^2, l=0.000um^2, total=10.260um^2
      cell capacitance : b=0.000pF, i=0.010pF, icg=0.000pF, dcg=0.000pF, l=0.000pF, total=0.010pF
      sink capacitance : total=0.014pF, avg=0.000pF, sd=0.000pF, min=0.000pF, max=0.000pF
      wire capacitance : top=0.000pF, trunk=0.005pF, leaf=0.037pF, total=0.042pF
      wire lengths     : top=0.000um, trunk=45.705um, leaf=248.045um, total=293.750um
      hp wire lengths  : top=0.000um, trunk=39.230um, leaf=165.685um, total=204.915um
    Clock DAG net violations after 'Merging balancing drivers for power': none
    Clock DAG primary half-corner transition distribution after 'Merging balancing drivers for power':
      Trunk : target=0.100ns count=2 avg=0.066ns sd=0.013ns min=0.057ns max=0.075ns {1 <= 0.060ns, 1 <= 0.080ns, 0 <= 0.090ns, 0 <= 0.095ns, 0 <= 0.100ns}
      Leaf  : target=0.100ns count=3 avg=0.085ns sd=0.007ns min=0.078ns max=0.092ns {0 <= 0.060ns, 1 <= 0.080ns, 1 <= 0.090ns, 1 <= 0.095ns, 0 <= 0.100ns}
    Clock DAG library cell distribution after 'Merging balancing drivers for power' {count}:
       Invs: CLKINVX8: 1 CLKINVX6: 3 
    Primary reporting skew groups after 'Merging balancing drivers for power':
      skew_group clk_i/func: insertion delay [min=0.136, max=0.143], skew [0.006 vs 0.150]
    Skew group summary after 'Merging balancing drivers for power':
      skew_group clk_i/func: insertion delay [min=0.136, max=0.143], skew [0.006 vs 0.150]
    Legalizer API calls during this step: 0 succeeded with high effort: 0 succeeded with medium effort: 0 succeeded with low effort: 0 succeeded with basic effort: 0 succeeded with basic unbounded effort: 0
  Merging balancing drivers for power done. (took cpu=0:00:00.0 real=0:00:00.0)
  Improving clock skew...
    Clock DAG stats after 'Improving clock skew':
      cell counts      : b=0, i=4, icg=0, dcg=0, l=0, total=4
      sink counts      : regular=65, enable_latch=0, load_capacitance=0, antenna=0, node_sink=0, total=65
      misc counts      : r=1, pp=0, mci=0
      cell areas       : b=0.000um^2, i=10.260um^2, icg=0.000um^2, dcg=0.000um^2, l=0.000um^2, total=10.260um^2
      cell capacitance : b=0.000pF, i=0.010pF, icg=0.000pF, dcg=0.000pF, l=0.000pF, total=0.010pF
      sink capacitance : total=0.014pF, avg=0.000pF, sd=0.000pF, min=0.000pF, max=0.000pF
      wire capacitance : top=0.000pF, trunk=0.005pF, leaf=0.037pF, total=0.042pF
      wire lengths     : top=0.000um, trunk=45.705um, leaf=248.045um, total=293.750um
      hp wire lengths  : top=0.000um, trunk=39.230um, leaf=165.685um, total=204.915um
    Clock DAG net violations after 'Improving clock skew': none
    Clock DAG primary half-corner transition distribution after 'Improving clock skew':
      Trunk : target=0.100ns count=2 avg=0.066ns sd=0.013ns min=0.057ns max=0.075ns {1 <= 0.060ns, 1 <= 0.080ns, 0 <= 0.090ns, 0 <= 0.095ns, 0 <= 0.100ns}
      Leaf  : target=0.100ns count=3 avg=0.085ns sd=0.007ns min=0.078ns max=0.092ns {0 <= 0.060ns, 1 <= 0.080ns, 1 <= 0.090ns, 1 <= 0.095ns, 0 <= 0.100ns}
    Clock DAG library cell distribution after 'Improving clock skew' {count}:
       Invs: CLKINVX8: 1 CLKINVX6: 3 
    Primary reporting skew groups after 'Improving clock skew':
      skew_group clk_i/func: insertion delay [min=0.136, max=0.143, avg=0.140, sd=0.003, skn=-0.247, kur=-1.406], skew [0.006 vs 0.150], 100% {0.136, 0.143} (wid=0.005 ws=0.001) (gid=0.139 gs=0.006)
    Skew group summary after 'Improving clock skew':
      skew_group clk_i/func: insertion delay [min=0.136, max=0.143, avg=0.140, sd=0.003, skn=-0.247, kur=-1.406], skew [0.006 vs 0.150], 100% {0.136, 0.143} (wid=0.005 ws=0.001) (gid=0.139 gs=0.006)
    Legalizer API calls during this step: 0 succeeded with high effort: 0 succeeded with medium effort: 0 succeeded with low effort: 0 succeeded with basic effort: 0 succeeded with basic unbounded effort: 0
  Improving clock skew done. (took cpu=0:00:00.0 real=0:00:00.0)
  Moving gates to reduce wire capacitance...
    Modified slew target multipliers. Leaf=(1 to 0.9) Trunk=(1 to 0.95) Top=(1 to 0.95)
    Iteration 1...
      Artificially removing short and long paths...
        Legalizer API calls during this step: 0 succeeded with high effort: 0 succeeded with medium effort: 0 succeeded with low effort: 0 succeeded with basic effort: 0 succeeded with basic unbounded effort: 0
      Artificially removing short and long paths done. (took cpu=0:00:00.0 real=0:00:00.0)
      Moving gates to reduce wire capacitance - iteration 1: WireCapReduction...
        Legalizing clock trees...
        Legalizing clock trees done. (took cpu=0:00:00.0 real=0:00:00.0)
        Legalizer API calls during this step: 24 succeeded with high effort: 24 succeeded with medium effort: 0 succeeded with low effort: 0 succeeded with basic effort: 0 succeeded with basic unbounded effort: 0
      Moving gates to reduce wire capacitance - iteration 1: WireCapReduction done. (took cpu=0:00:00.0 real=0:00:00.0)
      Moving gates to reduce wire capacitance - iteration 1: MoveGates...
        Moving gates: 
        ...20% ...40% ...60% ...80% ...Legalizing clock trees...
        Legalizing clock trees done. (took cpu=0:00:00.0 real=0:00:00.0)
        100% 
        Legalizer API calls during this step: 56 succeeded with high effort: 56 succeeded with medium effort: 0 succeeded with low effort: 0 succeeded with basic effort: 0 succeeded with basic unbounded effort: 0
      Moving gates to reduce wire capacitance - iteration 1: MoveGates done. (took cpu=0:00:00.0 real=0:00:00.0)
    Iteration 1 done.
    Iteration 2...
      Artificially removing short and long paths...
        Legalizer API calls during this step: 0 succeeded with high effort: 0 succeeded with medium effort: 0 succeeded with low effort: 0 succeeded with basic effort: 0 succeeded with basic unbounded effort: 0
      Artificially removing short and long paths done. (took cpu=0:00:00.0 real=0:00:00.0)
      Moving gates to reduce wire capacitance - iteration 2: WireCapReduction...
        Legalizing clock trees...
        Legalizing clock trees done. (took cpu=0:00:00.0 real=0:00:00.0)
        Legalizer API calls during this step: 27 succeeded with high effort: 27 succeeded with medium effort: 0 succeeded with low effort: 0 succeeded with basic effort: 0 succeeded with basic unbounded effort: 0
      Moving gates to reduce wire capacitance - iteration 2: WireCapReduction done. (took cpu=0:00:00.0 real=0:00:00.0)
      Moving gates to reduce wire capacitance - iteration 2: MoveGates...
        Moving gates: 
        ...20% ...40% ...60% ...80% ...Legalizing clock trees...
        Legalizing clock trees done. (took cpu=0:00:00.0 real=0:00:00.0)
        100% 
        Legalizer API calls during this step: 56 succeeded with high effort: 56 succeeded with medium effort: 0 succeeded with low effort: 0 succeeded with basic effort: 0 succeeded with basic unbounded effort: 0
      Moving gates to reduce wire capacitance - iteration 2: MoveGates done. (took cpu=0:00:00.0 real=0:00:00.0)
    Iteration 2 done.
    Reverted slew target multipliers. Leaf=(0.9 to 1) Trunk=(0.95 to 1) Top=(0.95 to 1)
    Clock DAG stats after 'Moving gates to reduce wire capacitance':
      cell counts      : b=0, i=4, icg=0, dcg=0, l=0, total=4
      sink counts      : regular=65, enable_latch=0, load_capacitance=0, antenna=0, node_sink=0, total=65
      misc counts      : r=1, pp=0, mci=0
      cell areas       : b=0.000um^2, i=10.260um^2, icg=0.000um^2, dcg=0.000um^2, l=0.000um^2, total=10.260um^2
      cell capacitance : b=0.000pF, i=0.010pF, icg=0.000pF, dcg=0.000pF, l=0.000pF, total=0.010pF
      sink capacitance : total=0.014pF, avg=0.000pF, sd=0.000pF, min=0.000pF, max=0.000pF
      wire capacitance : top=0.000pF, trunk=0.005pF, leaf=0.032pF, total=0.037pF
      wire lengths     : top=0.000um, trunk=50.305um, leaf=206.050um, total=256.355um
      hp wire lengths  : top=0.000um, trunk=40.090um, leaf=138.555um, total=178.645um
    Clock DAG net violations after 'Moving gates to reduce wire capacitance': none
    Clock DAG primary half-corner transition distribution after 'Moving gates to reduce wire capacitance':
      Trunk : target=0.100ns count=2 avg=0.067ns sd=0.012ns min=0.059ns max=0.076ns {1 <= 0.060ns, 1 <= 0.080ns, 0 <= 0.090ns, 0 <= 0.095ns, 0 <= 0.100ns}
      Leaf  : target=0.100ns count=3 avg=0.079ns sd=0.008ns min=0.071ns max=0.086ns {0 <= 0.060ns, 2 <= 0.080ns, 1 <= 0.090ns, 0 <= 0.095ns, 0 <= 0.100ns}
    Clock DAG library cell distribution after 'Moving gates to reduce wire capacitance' {count}:
       Invs: CLKINVX8: 1 CLKINVX6: 3 
    Primary reporting skew groups after 'Moving gates to reduce wire capacitance':
      skew_group clk_i/func: insertion delay [min=0.135, max=0.142, avg=0.139, sd=0.003, skn=-0.116, kur=-1.618], skew [0.008 vs 0.150], 100% {0.135, 0.142} (wid=0.004 ws=0.001) (gid=0.138 gs=0.008)
    Skew group summary after 'Moving gates to reduce wire capacitance':
      skew_group clk_i/func: insertion delay [min=0.135, max=0.142, avg=0.139, sd=0.003, skn=-0.116, kur=-1.618], skew [0.008 vs 0.150], 100% {0.135, 0.142} (wid=0.004 ws=0.001) (gid=0.138 gs=0.008)
    Legalizer API calls during this step: 163 succeeded with high effort: 163 succeeded with medium effort: 0 succeeded with low effort: 0 succeeded with basic effort: 0 succeeded with basic unbounded effort: 0
  Moving gates to reduce wire capacitance done. (took cpu=0:00:00.2 real=0:00:00.1)
  Reducing clock tree power 3...
    Artificially removing short and long paths...
      Legalizer API calls during this step: 0 succeeded with high effort: 0 succeeded with medium effort: 0 succeeded with low effort: 0 succeeded with basic effort: 0 succeeded with basic unbounded effort: 0
    Artificially removing short and long paths done. (took cpu=0:00:00.0 real=0:00:00.0)
    Initial gate capacitance is (rise=0.024pF fall=0.021pF).
    Resizing gates: 
    ...20% ...40% ...60% ...80% ...Legalizing clock trees...
    Legalizing clock trees done. (took cpu=0:00:00.0 real=0:00:00.0)
    100% 
    Iteration 1: gate capacitance is (rise=0.023pF fall=0.021pF).
    Resizing gates: 
    ...20% ...40% ...60% ...80% ...Legalizing clock trees...
    Legalizing clock trees done. (took cpu=0:00:00.0 real=0:00:00.0)
    100% 
    Iteration 2: gate capacitance is (rise=0.023pF fall=0.020pF).
    Resizing gates: 
    ...20% ...40% ...60% ...80% ...Legalizing clock trees...
    Legalizing clock trees done. (took cpu=0:00:00.0 real=0:00:00.0)
    100% 
    Clock DAG stats after 'Reducing clock tree power 3':
      cell counts      : b=0, i=4, icg=0, dcg=0, l=0, total=4
      sink counts      : regular=65, enable_latch=0, load_capacitance=0, antenna=0, node_sink=0, total=65
      misc counts      : r=1, pp=0, mci=0
      cell areas       : b=0.000um^2, i=8.892um^2, icg=0.000um^2, dcg=0.000um^2, l=0.000um^2, total=8.892um^2
      cell capacitance : b=0.000pF, i=0.009pF, icg=0.000pF, dcg=0.000pF, l=0.000pF, total=0.009pF
      sink capacitance : total=0.014pF, avg=0.000pF, sd=0.000pF, min=0.000pF, max=0.000pF
      wire capacitance : top=0.000pF, trunk=0.005pF, leaf=0.032pF, total=0.037pF
      wire lengths     : top=0.000um, trunk=49.790um, leaf=206.155um, total=255.945um
      hp wire lengths  : top=0.000um, trunk=40.090um, leaf=138.555um, total=178.645um
    Clock DAG net violations after 'Reducing clock tree power 3': none
    Clock DAG primary half-corner transition distribution after 'Reducing clock tree power 3':
      Trunk : target=0.100ns count=2 avg=0.074ns sd=0.029ns min=0.053ns max=0.095ns {1 <= 0.060ns, 0 <= 0.080ns, 0 <= 0.090ns, 1 <= 0.095ns, 0 <= 0.100ns}
      Leaf  : target=0.100ns count=3 avg=0.087ns sd=0.004ns min=0.082ns max=0.089ns {0 <= 0.060ns, 0 <= 0.080ns, 3 <= 0.090ns, 0 <= 0.095ns, 0 <= 0.100ns}
    Clock DAG library cell distribution after 'Reducing clock tree power 3' {count}:
       Invs: CLKINVX6: 3 CLKINVX4: 1 
    Primary reporting skew groups after 'Reducing clock tree power 3':
      skew_group clk_i/func: insertion delay [min=0.156, max=0.160, avg=0.158, sd=0.001, skn=-0.804, kur=-1.304], skew [0.004 vs 0.150], 100% {0.156, 0.160} (wid=0.004 ws=0.001) (gid=0.155 gs=0.003)
    Skew group summary after 'Reducing clock tree power 3':
      skew_group clk_i/func: insertion delay [min=0.156, max=0.160, avg=0.158, sd=0.001, skn=-0.804, kur=-1.304], skew [0.004 vs 0.150], 100% {0.156, 0.160} (wid=0.004 ws=0.001) (gid=0.155 gs=0.003)
    Legalizer API calls during this step: 26 succeeded with high effort: 26 succeeded with medium effort: 0 succeeded with low effort: 0 succeeded with basic effort: 0 succeeded with basic unbounded effort: 0
  Reducing clock tree power 3 done. (took cpu=0:00:00.0 real=0:00:00.0)
  Improving insertion delay...
    Clock DAG stats after 'Improving insertion delay':
      cell counts      : b=0, i=4, icg=0, dcg=0, l=0, total=4
      sink counts      : regular=65, enable_latch=0, load_capacitance=0, antenna=0, node_sink=0, total=65
      misc counts      : r=1, pp=0, mci=0
      cell areas       : b=0.000um^2, i=9.576um^2, icg=0.000um^2, dcg=0.000um^2, l=0.000um^2, total=9.576um^2
      cell capacitance : b=0.000pF, i=0.010pF, icg=0.000pF, dcg=0.000pF, l=0.000pF, total=0.010pF
      sink capacitance : total=0.014pF, avg=0.000pF, sd=0.000pF, min=0.000pF, max=0.000pF
      wire capacitance : top=0.000pF, trunk=0.005pF, leaf=0.032pF, total=0.037pF
      wire lengths     : top=0.000um, trunk=50.600um, leaf=206.155um, total=256.755um
      hp wire lengths  : top=0.000um, trunk=38.690um, leaf=138.555um, total=177.245um
    Clock DAG net violations after 'Improving insertion delay': none
    Clock DAG primary half-corner transition distribution after 'Improving insertion delay':
      Trunk : target=0.100ns count=2 avg=0.066ns sd=0.009ns min=0.060ns max=0.072ns {1 <= 0.060ns, 1 <= 0.080ns, 0 <= 0.090ns, 0 <= 0.095ns, 0 <= 0.100ns}
      Leaf  : target=0.100ns count=3 avg=0.083ns sd=0.004ns min=0.079ns max=0.086ns {0 <= 0.060ns, 1 <= 0.080ns, 2 <= 0.090ns, 0 <= 0.095ns, 0 <= 0.100ns}
    Clock DAG library cell distribution after 'Improving insertion delay' {count}:
       Invs: CLKINVX6: 4 
    Primary reporting skew groups after 'Improving insertion delay':
      skew_group clk_i/func: insertion delay [min=0.135, max=0.139, avg=0.137, sd=0.001, skn=-0.711, kur=-1.330], skew [0.004 vs 0.150], 100% {0.135, 0.139} (wid=0.004 ws=0.001) (gid=0.135 gs=0.003)
    Skew group summary after 'Improving insertion delay':
      skew_group clk_i/func: insertion delay [min=0.135, max=0.139, avg=0.137, sd=0.001, skn=-0.711, kur=-1.330], skew [0.004 vs 0.150], 100% {0.135, 0.139} (wid=0.004 ws=0.001) (gid=0.135 gs=0.003)
    Legalizer API calls during this step: 25 succeeded with high effort: 25 succeeded with medium effort: 0 succeeded with low effort: 0 succeeded with basic effort: 0 succeeded with basic unbounded effort: 0
  Improving insertion delay done. (took cpu=0:00:00.0 real=0:00:00.0)
  Wire Opt OverFix...
    Wire Reduction extra effort...
      Modified slew target multipliers. Leaf=(1 to 0.95) Trunk=(1 to 1) Top=(1 to 1)
      Artificially removing short and long paths...
        Legalizer API calls during this step: 0 succeeded with high effort: 0 succeeded with medium effort: 0 succeeded with low effort: 0 succeeded with basic effort: 0 succeeded with basic unbounded effort: 0
      Artificially removing short and long paths done. (took cpu=0:00:00.0 real=0:00:00.0)
      Global shorten wires A0...
        Legalizer API calls during this step: 1 succeeded with high effort: 1 succeeded with medium effort: 0 succeeded with low effort: 0 succeeded with basic effort: 0 succeeded with basic unbounded effort: 0
      Global shorten wires A0 done. (took cpu=0:00:00.0 real=0:00:00.0)
      Move For Wirelength - core...
        Move for wirelength. considered=5, filtered=0, permitted=4, cannotCompute=0, computed=4, moveTooSmall=8, resolved=0, predictFail=4, currentlyIllegal=0, legalizationFail=0, legalizedMoveTooSmall=4, ignoredLeafDriver=0, worse=6, accepted=1
        Max accepted move=4.620um, total accepted move=4.620um, average move=4.620um
        Move for wirelength. considered=5, filtered=0, permitted=4, cannotCompute=0, computed=4, moveTooSmall=6, resolved=0, predictFail=4, currentlyIllegal=0, legalizationFail=0, legalizedMoveTooSmall=7, ignoredLeafDriver=0, worse=6, accepted=0
        Max accepted move=0.000um, total accepted move=0.000um
        Legalizer API calls during this step: 32 succeeded with high effort: 32 succeeded with medium effort: 0 succeeded with low effort: 0 succeeded with basic effort: 0 succeeded with basic unbounded effort: 0
      Move For Wirelength - core done. (took cpu=0:00:00.0 real=0:00:00.0)
      Global shorten wires A1...
        Legalizer API calls during this step: 5 succeeded with high effort: 5 succeeded with medium effort: 0 succeeded with low effort: 0 succeeded with basic effort: 0 succeeded with basic unbounded effort: 0
      Global shorten wires A1 done. (took cpu=0:00:00.0 real=0:00:00.0)
      Move For Wirelength - core...
        Move for wirelength. considered=5, filtered=0, permitted=4, cannotCompute=4, computed=0, moveTooSmall=11, resolved=0, predictFail=0, currentlyIllegal=0, legalizationFail=0, legalizedMoveTooSmall=0, ignoredLeafDriver=0, worse=0, accepted=0
        Max accepted move=0.000um, total accepted move=0.000um
        Legalizer API calls during this step: 0 succeeded with high effort: 0 succeeded with medium effort: 0 succeeded with low effort: 0 succeeded with basic effort: 0 succeeded with basic unbounded effort: 0
      Move For Wirelength - core done. (took cpu=0:00:00.0 real=0:00:00.0)
      Global shorten wires B...
        Legalizer API calls during this step: 18 succeeded with high effort: 18 succeeded with medium effort: 0 succeeded with low effort: 0 succeeded with basic effort: 0 succeeded with basic unbounded effort: 0
      Global shorten wires B done. (took cpu=0:00:00.0 real=0:00:00.0)
      Move For Wirelength - branch...
        Move for wirelength. considered=5, filtered=0, permitted=4, cannotCompute=0, computed=4, moveTooSmall=0, resolved=0, predictFail=0, currentlyIllegal=0, legalizationFail=0, legalizedMoveTooSmall=0, ignoredLeafDriver=0, worse=4, accepted=0
        Max accepted move=0.000um, total accepted move=0.000um
        Legalizer API calls during this step: 4 succeeded with high effort: 4 succeeded with medium effort: 0 succeeded with low effort: 0 succeeded with basic effort: 0 succeeded with basic unbounded effort: 0
      Move For Wirelength - branch done. (took cpu=0:00:00.0 real=0:00:00.0)
      Reverted slew target multipliers. Leaf=(0.95 to 1) Trunk=(1 to 1) Top=(1 to 1)
      Clock DAG stats after 'Wire Reduction extra effort':
        cell counts      : b=0, i=4, icg=0, dcg=0, l=0, total=4
        sink counts      : regular=65, enable_latch=0, load_capacitance=0, antenna=0, node_sink=0, total=65
        misc counts      : r=1, pp=0, mci=0
        cell areas       : b=0.000um^2, i=9.576um^2, icg=0.000um^2, dcg=0.000um^2, l=0.000um^2, total=9.576um^2
        cell capacitance : b=0.000pF, i=0.010pF, icg=0.000pF, dcg=0.000pF, l=0.000pF, total=0.010pF
        sink capacitance : total=0.014pF, avg=0.000pF, sd=0.000pF, min=0.000pF, max=0.000pF
        wire capacitance : top=0.000pF, trunk=0.005pF, leaf=0.032pF, total=0.037pF
        wire lengths     : top=0.000um, trunk=49.870um, leaf=206.155um, total=256.025um
        hp wire lengths  : top=0.000um, trunk=40.910um, leaf=138.555um, total=179.465um
      Clock DAG net violations after 'Wire Reduction extra effort': none
      Clock DAG primary half-corner transition distribution after 'Wire Reduction extra effort':
        Trunk : target=0.100ns count=2 avg=0.065ns sd=0.010ns min=0.059ns max=0.072ns {1 <= 0.060ns, 1 <= 0.080ns, 0 <= 0.090ns, 0 <= 0.095ns, 0 <= 0.100ns}
        Leaf  : target=0.100ns count=3 avg=0.083ns sd=0.004ns min=0.079ns max=0.086ns {0 <= 0.060ns, 1 <= 0.080ns, 2 <= 0.090ns, 0 <= 0.095ns, 0 <= 0.100ns}
      Clock DAG library cell distribution after 'Wire Reduction extra effort' {count}:
         Invs: CLKINVX6: 4 
      Primary reporting skew groups after 'Wire Reduction extra effort':
        skew_group clk_i/func: insertion delay [min=0.135, max=0.139, avg=0.138, sd=0.002, skn=-0.806, kur=-1.305], skew [0.004 vs 0.150], 100% {0.135, 0.139} (wid=0.004 ws=0.001) (gid=0.135 gs=0.003)
      Skew group summary after 'Wire Reduction extra effort':
        skew_group clk_i/func: insertion delay [min=0.135, max=0.139, avg=0.138, sd=0.002, skn=-0.806, kur=-1.305], skew [0.004 vs 0.150], 100% {0.135, 0.139} (wid=0.004 ws=0.001) (gid=0.135 gs=0.003)
      Legalizer API calls during this step: 60 succeeded with high effort: 60 succeeded with medium effort: 0 succeeded with low effort: 0 succeeded with basic effort: 0 succeeded with basic unbounded effort: 0
    Wire Reduction extra effort done. (took cpu=0:00:00.0 real=0:00:00.0)
    Optimizing orientation...
    FlipOpt...
    Disconnecting clock tree from netlist...
    Disconnecting clock tree from netlist done.
    Orientation Wirelength Optimization: Attempted = 4 , Succeeded = 0 , Constraints Broken = 4 , CannotMove = 0 , Illegal = 0 , Other = 0
    Resynthesising clock tree into netlist...
      Reset timing graph...
Ignoring AAE DB Resetting ...
      Reset timing graph done.
    Resynthesising clock tree into netlist done.
    FlipOpt done. (took cpu=0:00:00.0 real=0:00:00.0)
    Optimizing orientation done. (took cpu=0:00:00.0 real=0:00:00.0)
    Clock DAG stats after 'Wire Opt OverFix':
      cell counts      : b=0, i=4, icg=0, dcg=0, l=0, total=4
      sink counts      : regular=65, enable_latch=0, load_capacitance=0, antenna=0, node_sink=0, total=65
      misc counts      : r=1, pp=0, mci=0
      cell areas       : b=0.000um^2, i=9.576um^2, icg=0.000um^2, dcg=0.000um^2, l=0.000um^2, total=9.576um^2
      cell capacitance : b=0.000pF, i=0.010pF, icg=0.000pF, dcg=0.000pF, l=0.000pF, total=0.010pF
      sink capacitance : total=0.014pF, avg=0.000pF, sd=0.000pF, min=0.000pF, max=0.000pF
      wire capacitance : top=0.000pF, trunk=0.005pF, leaf=0.032pF, total=0.037pF
      wire lengths     : top=0.000um, trunk=49.870um, leaf=206.155um, total=256.025um
      hp wire lengths  : top=0.000um, trunk=40.910um, leaf=138.555um, total=179.465um
    Clock DAG net violations after 'Wire Opt OverFix': none
    Clock DAG primary half-corner transition distribution after 'Wire Opt OverFix':
      Trunk : target=0.100ns count=2 avg=0.065ns sd=0.010ns min=0.059ns max=0.072ns {1 <= 0.060ns, 1 <= 0.080ns, 0 <= 0.090ns, 0 <= 0.095ns, 0 <= 0.100ns}
      Leaf  : target=0.100ns count=3 avg=0.083ns sd=0.004ns min=0.079ns max=0.086ns {0 <= 0.060ns, 1 <= 0.080ns, 2 <= 0.090ns, 0 <= 0.095ns, 0 <= 0.100ns}
    Clock DAG library cell distribution after 'Wire Opt OverFix' {count}:
       Invs: CLKINVX6: 4 
    Primary reporting skew groups after 'Wire Opt OverFix':
      skew_group clk_i/func: insertion delay [min=0.135, max=0.139, avg=0.138, sd=0.002, skn=-0.806, kur=-1.305], skew [0.004 vs 0.150], 100% {0.135, 0.139} (wid=0.004 ws=0.001) (gid=0.135 gs=0.003)
    Skew group summary after 'Wire Opt OverFix':
      skew_group clk_i/func: insertion delay [min=0.135, max=0.139, avg=0.138, sd=0.002, skn=-0.806, kur=-1.305], skew [0.004 vs 0.150], 100% {0.135, 0.139} (wid=0.004 ws=0.001) (gid=0.135 gs=0.003)
    Legalizer API calls during this step: 76 succeeded with high effort: 75 succeeded with medium effort: 0 succeeded with low effort: 0 succeeded with basic effort: 0 succeeded with basic unbounded effort: 0
  Wire Opt OverFix done. (took cpu=0:00:00.0 real=0:00:00.0)
  Total capacitance is (rise=0.060pF fall=0.058pF), of which (rise=0.037pF fall=0.037pF) is wire, and (rise=0.023pF fall=0.021pF) is gate.
  Stage::Polishing done. (took cpu=0:00:00.3 real=0:00:00.2)
  Stage::Updating netlist...
  Reset timing graph...
Ignoring AAE DB Resetting ...
  Reset timing graph done.
  Setting non-default rules before calling refine place.
  Leaving CCOpt scope - Cleaning up placement interface...
  Leaving CCOpt scope - Cleaning up placement interface done. (took cpu=0:00:00.0 real=0:00:00.0)
**WARN: (IMPSP-2904):	option place_detail_filler_gap_effort and place_detail_filler_gap_min_gap will be obsolete from next release and is replaced by place_detail_legalization_inst_gap <site>.
**WARN: (IMPSP-2904):	option place_detail_filler_gap_effort and place_detail_filler_gap_min_gap will be obsolete from next release and is replaced by place_detail_legalization_inst_gap <site>.
  Leaving CCOpt scope - ClockRefiner...
  Soft fixed 6 clock instances and 0 clock sinks.
  Performing clock and sink only refine place with checks partially disabled for sinks.
*** Starting place_detail (0:00:38.2 mem=6217.8M) ***
Total net bbox length = 2.164e+04 (1.065e+04 1.099e+04) (ext = 2.174e+03)
Move report: Detail placement moves 0 insts, mean move: 0.00 um, max move: 0.00 um 
	Runtime: CPU: 0:00:00.0 REAL: 0:00:00.0 MEM: 6185.8MB
Summary Report:
Instances move: 0 (out of 2008 movable)
Instances flipped: 0
Mean displacement: 0.00 um
Max displacement: 0.00 um 
Physical-only instances move: 0 (out of 0 movable physical-only)
Total net bbox length = 2.164e+04 (1.065e+04 1.099e+04) (ext = 2.174e+03)
Runtime: CPU: 0:00:00.0 REAL: 0:00:00.0 MEM: 6185.8MB
*** Finished place_detail (0:00:38.2 mem=6185.8M) ***
  ClockRefiner summary
  All clock instances: Moved 0, flipped 0 and cell swapped 0 (out of a total of 69).
  Restoring place_status_cts on 4 clock instances.
  Leaving CCOpt scope - ClockRefiner done. (took cpu=0:00:00.1 real=0:00:00.0)
  Stage::Updating netlist done. (took cpu=0:00:00.1 real=0:00:00.1)
  CCOpt::Phase::Implementation done. (took cpu=0:00:00.5 real=0:00:00.4)
  CCOpt::Phase::eGRPC...
  eGR Post Conditioning...
    Clock implementation routing...
      Leaving CCOpt scope - Routing Tools...
Net route status summary:
  Clock:         5 (unrouted=5, trialRouted=0, noStatus=0, routed=0, fixed=0, [crossesIlmBoundary=0, tooFewTerms=0, (crossesIlmBoundary AND tooFewTerms=0)])
  Non-clock:  2428 (unrouted=4, trialRouted=2424, noStatus=0, routed=0, fixed=0, [crossesIlmBoundary=0, tooFewTerms=3, (crossesIlmBoundary AND tooFewTerms=0)])
      Routing using eGR only...
        Early Global Route - eGR only step...
(ccopt eGR): There are 5 nets to be routed. 0 nets have skip routing designation.
(ccopt eGR): There are 5 nets for routing of which 5 have one or more fixed wires.
(ccopt eGR): Start to route 5 all nets
[PSP]    Started Early Global Route ( Curr Mem: 5.55 MB )
[PSP]    Started Early Global Route kernel ( Curr Mem: 5.55 MB )
[NR-eGR] Early global route reroute 5 out of 2429 routable nets
[NR-eGR] Track table information for default rule: 
[NR-eGR] Metal1 has single uniform track structure
[NR-eGR] Metal2 has single uniform track structure
[NR-eGR] Metal3 has single uniform track structure
[NR-eGR] Metal4 has single uniform track structure
[NR-eGR] Metal5 has single uniform track structure
[NR-eGR] Metal6 has single uniform track structure
[NR-eGR] Metal7 has single uniform track structure
[NR-eGR] Metal8 has single uniform track structure
[NR-eGR] Metal9 has single uniform track structure
[NR-eGR] Metal10 has single uniform track structure
[NR-eGR] Metal11 has single uniform track structure
[NR-eGR] Read 5212 PG shapes
[NR-eGR] Read 0 clock shapes
[NR-eGR] Read 0 other shapes
[NR-eGR] #Routing Blockages  : 20
[NR-eGR] #Bump Blockages     : 0
[NR-eGR] #Instance Blockages : 0
[NR-eGR] #PG Blockages       : 5212
[NR-eGR] #Halo Blockages     : 0
[NR-eGR] #Boundary Blockages : 0
[NR-eGR] #Clock Blockages    : 0
[NR-eGR] #Other Blockages    : 0
[NR-eGR] #prerouted nets         : 0
[NR-eGR] #prerouted special nets : 0
[NR-eGR] #prerouted wires        : 0
[NR-eGR] Read 2429 nets ( ignored 2424 )
[NR-eGR] Connected 0 must-join pins/ports (pre-process)
[NR-eGR] #via pillars        : 0
[NR-eGR] #must join all port : 0
[NR-eGR] #multiple ports     : 0
[NR-eGR] #has must join      : 0
[NR-eGR] There are 5 clock nets ( 5 with NDR ).
[NR-eGR] ============ Routing rule table ============
[NR-eGR] Rule id: 0  Rule name: ndr_cts_2w25s_trunk  Nets: 2
[NR-eGR] Rule id: 1  Rule name: ndr_cts_2w25s_leaf  Nets: 3
[NR-eGR] ========================================
[NR-eGR] 
[NR-eGR] Layer group 1: route 2 net(s) in layer range [7, 8]
[NR-eGR] Early Global Route overflow of layer group 1: 0.00% H + 0.00% V. EstWL: 4.959000e+01um
[NR-eGR] Layer group 2: route 3 net(s) in layer range [2, 7]
[NR-eGR] Early Global Route overflow of layer group 2: 0.00% H + 0.00% V. EstWL: 2.479500e+02um
[NR-eGR] Congestion Analysis By layer: (blocked Gcells are excluded) 
[NR-eGR]                        OverCon            
[NR-eGR]                         #Gcell     %Gcell
[NR-eGR]        Layer             (1-0)    OverCon
[NR-eGR] ----------------------------------------------
[NR-eGR]  Metal1 ( 1)         0( 0.00%)   ( 0.00%) 
[NR-eGR]  Metal2 ( 2)         0( 0.00%)   ( 0.00%) 
[NR-eGR]  Metal3 ( 3)         0( 0.00%)   ( 0.00%) 
[NR-eGR]  Metal4 ( 4)         0( 0.00%)   ( 0.00%) 
[NR-eGR]  Metal5 ( 5)         0( 0.00%)   ( 0.00%) 
[NR-eGR]  Metal6 ( 6)         0( 0.00%)   ( 0.00%) 
[NR-eGR]  Metal7 ( 7)         0( 0.00%)   ( 0.00%) 
[NR-eGR]  Metal8 ( 8)         0( 0.00%)   ( 0.00%) 
[NR-eGR]  Metal9 ( 9)         0( 0.00%)   ( 0.00%) 
[NR-eGR] Metal10 (10)         0( 0.00%)   ( 0.00%) 
[NR-eGR] Metal11 (11)         0( 0.00%)   ( 0.00%) 
[NR-eGR] ----------------------------------------------
[NR-eGR]        Total         0( 0.00%)   ( 0.00%) 
[NR-eGR] 
[NR-eGR] Overflow after Early Global Route 0.00% H + 0.00% V
[NR-eGR] Connected 0 must-join pins/ports (post-process)
[NR-eGR] Total eGR-routed clock nets wire length: 260um, number of vias: 202
[NR-eGR] --------------------------------------------------------------------------
[NR-eGR] Report for selected net(s) only.
[NR-eGR]                  Length (um)  Vias 
[NR-eGR] -----------------------------------
[NR-eGR]  Metal1   (1H)             0    73 
[NR-eGR]  Metal2   (2V)           130   105 
[NR-eGR]  Metal3   (3H)            80     5 
[NR-eGR]  Metal4   (4V)             0     5 
[NR-eGR]  Metal5   (5H)            10     6 
[NR-eGR]  Metal6   (6V)             0     4 
[NR-eGR]  Metal7   (7H)             4     4 
[NR-eGR]  Metal8   (8V)            35     0 
[NR-eGR]  Metal9   (9H)             0     0 
[NR-eGR]  Metal10  (10V)            0     0 
[NR-eGR]  Metal11  (11H)            0     0 
[NR-eGR] -----------------------------------
[NR-eGR]           Total          260   202 
[NR-eGR] --------------------------------------------------------------------------
[NR-eGR] Total half perimeter of net bounding box: 188um
[NR-eGR] Total length: 260um, number of vias: 202
[NR-eGR] --------------------------------------------------------------------------
[NR-eGR] Total routed clock nets wire length: 260um, number of vias: 202
[NR-eGR] --------------------------------------------------------------------------
[NR-eGR]                  Length (um)   Vias 
[NR-eGR] ------------------------------------
[NR-eGR]  Metal1   (1H)             0   6748 
[NR-eGR]  Metal2   (2V)          7996   8857 
[NR-eGR]  Metal3   (3H)          9840    976 
[NR-eGR]  Metal4   (4V)          4612    358 
[NR-eGR]  Metal5   (5H)          2085    109 
[NR-eGR]  Metal6   (6V)           361     28 
[NR-eGR]  Metal7   (7H)             8      4 
[NR-eGR]  Metal8   (8V)            35      0 
[NR-eGR]  Metal9   (9H)             0      0 
[NR-eGR]  Metal10  (10V)            0      0 
[NR-eGR]  Metal11  (11H)            0      0 
[NR-eGR] ------------------------------------
[NR-eGR]           Total        24936  17080 
[NR-eGR] --------------------------------------------------------------------------
[NR-eGR] Total half perimeter of net bounding box: 21636um
[NR-eGR] Total length: 24936um, number of vias: 17080
[NR-eGR] --------------------------------------------------------------------------
[NR-eGR] Finished Early Global Route kernel ( CPU: 0.04 sec, Real: 0.06 sec, Curr Mem: 5.56 MB )
[NR-eGR] Finished Early Global Route ( CPU: 0.05 sec, Real: 0.06 sec, Curr Mem: 5.56 MB )
        Early Global Route - eGR only step done. (took cpu=0:00:00.1 real=0:00:00.1)
      Routing using eGR only done.
Net route status summary:
  Clock:         5 (unrouted=0, trialRouted=0, noStatus=0, routed=5, fixed=0, [crossesIlmBoundary=0, tooFewTerms=0, (crossesIlmBoundary AND tooFewTerms=0)])
  Non-clock:  2428 (unrouted=4, trialRouted=2424, noStatus=0, routed=0, fixed=0, [crossesIlmBoundary=0, tooFewTerms=3, (crossesIlmBoundary AND tooFewTerms=0)])

CCOPT: Done with clock implementation routing.

      Leaving CCOpt scope - Routing Tools done. (took cpu=0:00:00.1 real=0:00:00.1)
    Clock implementation routing done.
    Leaving CCOpt scope - extractRC...
    Updating RC parasitics by calling: "extract_rc -noRouteCheck"...
Extraction called for design 'matmul_sync' of instances=2008 and nets=2433 using extraction engine 'pre_route' .
pre_route RC Extraction called for design matmul_sync.
RC Extraction called in multi-corner(2) mode.
RCMode: PreRoute
      RC Corner Indexes            0       1   
Capacitance Scaling Factor   : 1.00000 1.00000 
Resistance Scaling Factor    : 1.00000 1.00000 
Clock Cap. Scaling Factor    : 1.00000 1.00000 
Clock Res. Scaling Factor    : 1.00000 1.00000 
Shrink Factor                : 1.00000
PreRoute extraction is honoring NDR/Shielding/ExtraSpace for clock nets.
Using Quantus QRC technology file ...
Updating RC Grid density data for preRoute extraction ...
Initializing multi-corner resistance tables ...
PreRoute RC Extraction DONE (CPU Time: 0:00:00.0  Real Time: 0:00:00.0  MEM: 6217.840M)
    Updating RC parasitics by calling: "extract_rc -noRouteCheck" done.
    Leaving CCOpt scope - extractRC done. (took cpu=0:00:00.0 real=0:00:00.0)
**WARN: (IMPSP-2904):	option place_detail_filler_gap_effort and place_detail_filler_gap_min_gap will be obsolete from next release and is replaced by place_detail_legalization_inst_gap <site>.
**WARN: (IMPSP-2904):	option place_detail_filler_gap_effort and place_detail_filler_gap_min_gap will be obsolete from next release and is replaced by place_detail_legalization_inst_gap <site>.
    Leaving CCOpt scope - Initializing placement interface...
    Leaving CCOpt scope - Initializing placement interface done. (took cpu=0:00:00.0 real=0:00:00.0)
    Calling post conditioning for eGRPC...
      eGRPC...
        eGRPC active optimizations:
         - Move Down
         - Downsizing before DRV sizing
         - DRV fixing with sizing
         - Move to fanout
         - Cloning
        
        Currently running CTS, using active skew data
        Loading clock net RC data...
        Preprocessing clock nets...
        Nets initialized for optimization: Seen: 5 Attempted: 5 Successful: 5 Unsuccessful: 0 Invalid: 0
        Preprocessing clock nets done. (took cpu=0:00:00.0 real=0:00:00.0)
        Loading clock net RC data done. (took cpu=0:00:00.0 real=0:00:00.0)
        ProEngine running disconnected to DB
        Disconnecting...
        Disconnecting Clock Trees
        Disconnecting done. (took cpu=0:00:00.0 real=0:00:00.0)
        Reset bufferability constraints...
        Resetting previous bufferability status on all nets so that eGRPC will attempt to fix all clock tree violations.
        Clock tree timing engine global stage delay update for slow_0p9v_125c_cmax:both.late...
        Clock tree timing engine global stage delay update for slow_0p9v_125c_cmax:both.late done. (took cpu=0:00:00.0 real=0:00:00.0)
        Reset bufferability constraints done. (took cpu=0:00:00.0 real=0:00:00.0)
        Clock DAG stats eGRPC initial state:
          cell counts      : b=0, i=4, icg=0, dcg=0, l=0, total=4
          sink counts      : regular=65, enable_latch=0, load_capacitance=0, antenna=0, node_sink=0, total=65
          misc counts      : r=1, pp=0, mci=0
          cell areas       : b=0.000um^2, i=9.576um^2, icg=0.000um^2, dcg=0.000um^2, l=0.000um^2, total=9.576um^2
          cell capacitance : b=0.000pF, i=0.010pF, icg=0.000pF, dcg=0.000pF, l=0.000pF, total=0.010pF
          sink capacitance : total=0.014pF, avg=0.000pF, sd=0.000pF, min=0.000pF, max=0.000pF
          wire capacitance : top=0.000pF, trunk=0.005pF, leaf=0.030pF, total=0.035pF
          wire lengths     : top=0.000um, trunk=49.725um, leaf=210.140um, total=259.865um
          hp wire lengths  : top=0.000um, trunk=40.910um, leaf=138.555um, total=179.465um
        Clock DAG net violations eGRPC initial state: none
        Clock DAG primary half-corner transition distribution eGRPC initial state:
          Trunk : target=0.100ns count=2 avg=0.067ns sd=0.008ns min=0.061ns max=0.072ns {0 <= 0.060ns, 2 <= 0.080ns, 0 <= 0.090ns, 0 <= 0.095ns, 0 <= 0.100ns}
          Leaf  : target=0.100ns count=3 avg=0.080ns sd=0.004ns min=0.076ns max=0.083ns {0 <= 0.060ns, 1 <= 0.080ns, 2 <= 0.090ns, 0 <= 0.095ns, 0 <= 0.100ns}
        Clock DAG library cell distribution eGRPC initial state {count}:
           Invs: CLKINVX6: 4 
        Primary reporting skew groups eGRPC initial state:
          skew_group clk_i/func: insertion delay [min=0.134, max=0.138, avg=0.137, sd=0.001, skn=-0.833, kur=-1.290], skew [0.003 vs 0.150], 100% {0.134, 0.138} (wid=0.004 ws=0.001) (gid=0.134 gs=0.003)
        Skew group summary eGRPC initial state:
          skew_group clk_i/func: insertion delay [min=0.134, max=0.138, avg=0.137, sd=0.001, skn=-0.833, kur=-1.290], skew [0.003 vs 0.150], 100% {0.134, 0.138} (wid=0.004 ws=0.001) (gid=0.134 gs=0.003)
        eGRPC Moving buffers...
          Modifying slew-target multiplier by 1
          Violation analysis...
          Violation analysis done. (took cpu=0:00:00.0 real=0:00:00.0)
          Restoring slew-target multiplier
          Clock DAG stats after 'eGRPC Moving buffers':
            cell counts      : b=0, i=4, icg=0, dcg=0, l=0, total=4
            sink counts      : regular=65, enable_latch=0, load_capacitance=0, antenna=0, node_sink=0, total=65
            misc counts      : r=1, pp=0, mci=0
            cell areas       : b=0.000um^2, i=9.576um^2, icg=0.000um^2, dcg=0.000um^2, l=0.000um^2, total=9.576um^2
            cell capacitance : b=0.000pF, i=0.010pF, icg=0.000pF, dcg=0.000pF, l=0.000pF, total=0.010pF
            sink capacitance : total=0.014pF, avg=0.000pF, sd=0.000pF, min=0.000pF, max=0.000pF
            wire capacitance : top=0.000pF, trunk=0.005pF, leaf=0.030pF, total=0.035pF
            wire lengths     : top=0.000um, trunk=49.725um, leaf=210.140um, total=259.865um
            hp wire lengths  : top=0.000um, trunk=40.910um, leaf=138.555um, total=179.465um
          Clock DAG net violations after 'eGRPC Moving buffers': none
          Clock DAG primary half-corner transition distribution after 'eGRPC Moving buffers':
            Trunk : target=0.100ns count=2 avg=0.067ns sd=0.008ns min=0.061ns max=0.072ns {0 <= 0.060ns, 2 <= 0.080ns, 0 <= 0.090ns, 0 <= 0.095ns, 0 <= 0.100ns}
            Leaf  : target=0.100ns count=3 avg=0.080ns sd=0.004ns min=0.076ns max=0.083ns {0 <= 0.060ns, 1 <= 0.080ns, 2 <= 0.090ns, 0 <= 0.095ns, 0 <= 0.100ns}
          Clock DAG library cell distribution after 'eGRPC Moving buffers' {count}:
             Invs: CLKINVX6: 4 
          Primary reporting skew groups after 'eGRPC Moving buffers':
            skew_group clk_i/func: insertion delay [min=0.134, max=0.138], skew [0.003 vs 0.150]
          Skew group summary after 'eGRPC Moving buffers':
            skew_group clk_i/func: insertion delay [min=0.134, max=0.138], skew [0.003 vs 0.150]
          Legalizer API calls during this step: 0 succeeded with high effort: 0 succeeded with medium effort: 0 succeeded with low effort: 0 succeeded with basic effort: 0 succeeded with basic unbounded effort: 0
        eGRPC Moving buffers done. (took cpu=0:00:00.0 real=0:00:00.0)
        eGRPC Initial Pass of Downsizing Clock Tree cells...
          Modifying slew-target multiplier by  Leaf:0.9 Trunk:0.9 Top:0.9
          Artificially removing short and long paths...
            Legalizer API calls during this step: 0 succeeded with high effort: 0 succeeded with medium effort: 0 succeeded with low effort: 0 succeeded with basic effort: 0 succeeded with basic unbounded effort: 0
          Artificially removing short and long paths done. (took cpu=0:00:00.0 real=0:00:00.0)
          Downsizing prefiltering...
          Downsizing prefiltering done.
          Prefiltering Summary : numPassedPreFiltering = 3, numSkippedDueToCloseToSlewTarget = 2, numSkippedDueToCloseToSkewTarget = 0
          Downsizing Pass 0...
          Resizing gates: ...20% ...40% ...60% ...80% ...100% 
          Downsizing Pass 0 done. (took cpu=0:00:00.0 real=0:00:00.0)
          Downsizing Pass Summary 0, attempted = 3, resized = 0, running total = 0
          DoDownSizing Summary : numSized = 0
          Restoring slew-target multiplier
          Clock DAG stats after 'eGRPC Initial Pass of Downsizing Clock Tree cells':
            cell counts      : b=0, i=4, icg=0, dcg=0, l=0, total=4
            sink counts      : regular=65, enable_latch=0, load_capacitance=0, antenna=0, node_sink=0, total=65
            misc counts      : r=1, pp=0, mci=0
            cell areas       : b=0.000um^2, i=9.576um^2, icg=0.000um^2, dcg=0.000um^2, l=0.000um^2, total=9.576um^2
            cell capacitance : b=0.000pF, i=0.010pF, icg=0.000pF, dcg=0.000pF, l=0.000pF, total=0.010pF
            sink capacitance : total=0.014pF, avg=0.000pF, sd=0.000pF, min=0.000pF, max=0.000pF
            wire capacitance : top=0.000pF, trunk=0.005pF, leaf=0.030pF, total=0.035pF
            wire lengths     : top=0.000um, trunk=49.725um, leaf=210.140um, total=259.865um
            hp wire lengths  : top=0.000um, trunk=40.910um, leaf=138.555um, total=179.465um
          Clock DAG net violations after 'eGRPC Initial Pass of Downsizing Clock Tree cells': none
          Clock DAG primary half-corner transition distribution after 'eGRPC Initial Pass of Downsizing Clock Tree cells':
            Trunk : target=0.100ns count=2 avg=0.067ns sd=0.008ns min=0.061ns max=0.072ns {0 <= 0.060ns, 2 <= 0.080ns, 0 <= 0.090ns, 0 <= 0.095ns, 0 <= 0.100ns}
            Leaf  : target=0.100ns count=3 avg=0.080ns sd=0.004ns min=0.076ns max=0.083ns {0 <= 0.060ns, 1 <= 0.080ns, 2 <= 0.090ns, 0 <= 0.095ns, 0 <= 0.100ns}
          Clock DAG library cell distribution after 'eGRPC Initial Pass of Downsizing Clock Tree cells' {count}:
             Invs: CLKINVX6: 4 
          Primary reporting skew groups after 'eGRPC Initial Pass of Downsizing Clock Tree cells':
            skew_group clk_i/func: insertion delay [min=0.134, max=0.138], skew [0.003 vs 0.150]
          Skew group summary after 'eGRPC Initial Pass of Downsizing Clock Tree cells':
            skew_group clk_i/func: insertion delay [min=0.134, max=0.138], skew [0.003 vs 0.150]
          Legalizer API calls during this step: 0 succeeded with high effort: 0 succeeded with medium effort: 0 succeeded with low effort: 0 succeeded with basic effort: 0 succeeded with basic unbounded effort: 0
        eGRPC Initial Pass of Downsizing Clock Tree cells done. (took cpu=0:00:00.0 real=0:00:00.0)
        eGRPC Fixing DRVs...
          Fixing clock tree DRVs: ...20% ...40% ...60% ...80% ...100% 
          CCOpt-eGRPC: considered: 5, tested: 5, violation detected: 0, violation ignored (due to small violation): 0, cannot run: 0, attempted: 0, unsuccessful: 0, sized: 0
          
          Statistics: Fix DRVs (cell sizing):
          ===================================
          
          Cell changes by Net Type:
          
          -------------------------------------------------------------------------------------------------
          Net Type    Attempted    Upsized     Downsized    Swapped Same Size    Total Changed    Not Sized
          -------------------------------------------------------------------------------------------------
          top                0            0           0            0                    0                0
          trunk              0            0           0            0                    0                0
          leaf               0            0           0            0                    0                0
          -------------------------------------------------------------------------------------------------
          Total              0            0           0            0                    0                0
          -------------------------------------------------------------------------------------------------
          
          Upsized: 0, Downsized: 0, Sized but same area: 0, Unchanged: 0, Area change: 0.000um^2 (0.000%)
          Max. move: 0.000um, Min. move: 0.000um, Avg. move: N/A
          
          Clock DAG stats after 'eGRPC Fixing DRVs':
            cell counts      : b=0, i=4, icg=0, dcg=0, l=0, total=4
            sink counts      : regular=65, enable_latch=0, load_capacitance=0, antenna=0, node_sink=0, total=65
            misc counts      : r=1, pp=0, mci=0
            cell areas       : b=0.000um^2, i=9.576um^2, icg=0.000um^2, dcg=0.000um^2, l=0.000um^2, total=9.576um^2
            cell capacitance : b=0.000pF, i=0.010pF, icg=0.000pF, dcg=0.000pF, l=0.000pF, total=0.010pF
            sink capacitance : total=0.014pF, avg=0.000pF, sd=0.000pF, min=0.000pF, max=0.000pF
            wire capacitance : top=0.000pF, trunk=0.005pF, leaf=0.030pF, total=0.035pF
            wire lengths     : top=0.000um, trunk=49.725um, leaf=210.140um, total=259.865um
            hp wire lengths  : top=0.000um, trunk=40.910um, leaf=138.555um, total=179.465um
          Clock DAG net violations after 'eGRPC Fixing DRVs': none
          Clock DAG primary half-corner transition distribution after 'eGRPC Fixing DRVs':
            Trunk : target=0.100ns count=2 avg=0.067ns sd=0.008ns min=0.061ns max=0.072ns {0 <= 0.060ns, 2 <= 0.080ns, 0 <= 0.090ns, 0 <= 0.095ns, 0 <= 0.100ns}
            Leaf  : target=0.100ns count=3 avg=0.080ns sd=0.004ns min=0.076ns max=0.083ns {0 <= 0.060ns, 1 <= 0.080ns, 2 <= 0.090ns, 0 <= 0.095ns, 0 <= 0.100ns}
          Clock DAG library cell distribution after 'eGRPC Fixing DRVs' {count}:
             Invs: CLKINVX6: 4 
          Primary reporting skew groups after 'eGRPC Fixing DRVs':
            skew_group clk_i/func: insertion delay [min=0.134, max=0.138], skew [0.003 vs 0.150]
          Skew group summary after 'eGRPC Fixing DRVs':
            skew_group clk_i/func: insertion delay [min=0.134, max=0.138], skew [0.003 vs 0.150]
          Legalizer API calls during this step: 0 succeeded with high effort: 0 succeeded with medium effort: 0 succeeded with low effort: 0 succeeded with basic effort: 0 succeeded with basic unbounded effort: 0
        eGRPC Fixing DRVs done. (took cpu=0:00:00.0 real=0:00:00.0)
        Reconnecting optimized routes...
        Reset timing graph...
Ignoring AAE DB Resetting ...
        Reset timing graph done.
        Reconnecting optimized routes done. (took cpu=0:00:00.0 real=0:00:00.0)
        Violation analysis...
        Violation analysis done. (took cpu=0:00:00.0 real=0:00:00.0)
        Reset timing graph...
Ignoring AAE DB Resetting ...
        Reset timing graph done.
        Clock DAG stats before routing clock trees:
          cell counts      : b=0, i=4, icg=0, dcg=0, l=0, total=4
          sink counts      : regular=65, enable_latch=0, load_capacitance=0, antenna=0, node_sink=0, total=65
          misc counts      : r=1, pp=0, mci=0
          cell areas       : b=0.000um^2, i=9.576um^2, icg=0.000um^2, dcg=0.000um^2, l=0.000um^2, total=9.576um^2
          cell capacitance : b=0.000pF, i=0.010pF, icg=0.000pF, dcg=0.000pF, l=0.000pF, total=0.010pF
          sink capacitance : total=0.014pF, avg=0.000pF, sd=0.000pF, min=0.000pF, max=0.000pF
          wire capacitance : top=0.000pF, trunk=0.005pF, leaf=0.030pF, total=0.035pF
          wire lengths     : top=0.000um, trunk=49.725um, leaf=210.140um, total=259.865um
          hp wire lengths  : top=0.000um, trunk=40.910um, leaf=138.555um, total=179.465um
        Clock DAG net violations before routing clock trees: none
        Clock DAG primary half-corner transition distribution before routing clock trees:
          Trunk : target=0.100ns count=2 avg=0.067ns sd=0.008ns min=0.061ns max=0.072ns {0 <= 0.060ns, 2 <= 0.080ns, 0 <= 0.090ns, 0 <= 0.095ns, 0 <= 0.100ns}
          Leaf  : target=0.100ns count=3 avg=0.080ns sd=0.004ns min=0.076ns max=0.083ns {0 <= 0.060ns, 1 <= 0.080ns, 2 <= 0.090ns, 0 <= 0.095ns, 0 <= 0.100ns}
        Clock DAG library cell distribution before routing clock trees {count}:
           Invs: CLKINVX6: 4 
        Primary reporting skew groups before routing clock trees:
          skew_group clk_i/func: insertion delay [min=0.134, max=0.138, avg=0.137, sd=0.001, skn=-0.833, kur=-1.290], skew [0.003 vs 0.150], 100% {0.134, 0.138} (wid=0.004 ws=0.001) (gid=0.134 gs=0.003)
        Skew group summary before routing clock trees:
          skew_group clk_i/func: insertion delay [min=0.134, max=0.138, avg=0.137, sd=0.001, skn=-0.833, kur=-1.290], skew [0.003 vs 0.150], 100% {0.134, 0.138} (wid=0.004 ws=0.001) (gid=0.134 gs=0.003)
        Legalizer API calls during this step: 0 succeeded with high effort: 0 succeeded with medium effort: 0 succeeded with low effort: 0 succeeded with basic effort: 0 succeeded with basic unbounded effort: 0
      eGRPC done.
    Calling post conditioning for eGRPC done.
  eGR Post Conditioning done.
  Refine place not called during Post Conditioning. Calling it now the eGR->PC Loop is complete.
  Leaving CCOpt scope - Cleaning up placement interface...
  Leaving CCOpt scope - Cleaning up placement interface done. (took cpu=0:00:00.0 real=0:00:00.0)
**WARN: (IMPSP-2904):	option place_detail_filler_gap_effort and place_detail_filler_gap_min_gap will be obsolete from next release and is replaced by place_detail_legalization_inst_gap <site>.
**WARN: (IMPSP-2904):	option place_detail_filler_gap_effort and place_detail_filler_gap_min_gap will be obsolete from next release and is replaced by place_detail_legalization_inst_gap <site>.
  Leaving CCOpt scope - ClockRefiner...
  Soft fixed 6 clock instances and 0 clock sinks.
  Performing Single Pass Refine Place.
*** Starting place_detail (0:00:38.5 mem=6217.8M) ***
Total net bbox length = 2.164e+04 (1.065e+04 1.099e+04) (ext = 2.174e+03)
Move report: Detail placement moves 1 insts, mean move: 1.40 um, max move: 1.40 um 
	Max move on inst (WALLACE_CSA_DUMMY_OP_groupi59_g3636__6161): (14.60, 78.66) --> (13.20, 78.66)
	Runtime: CPU: 0:00:00.6 REAL: 0:00:01.0 MEM: 6185.8MB
Summary Report:
Instances move: 1 (out of 2008 movable)
Instances flipped: 0
Mean displacement: 1.40 um
Max displacement: 1.40 um (Instance: WALLACE_CSA_DUMMY_OP_groupi59_g3636__6161) (14.6, 78.66) -> (13.2, 78.66)
	Length: 4 sites, height: 1 rows, site name: CoreSite, cell type: AND2XL
Physical-only instances move: 0 (out of 0 movable physical-only)
Total net bbox length = 2.164e+04 (1.065e+04 1.099e+04) (ext = 2.174e+03)
Runtime: CPU: 0:00:00.6 REAL: 0:00:01.0 MEM: 6185.8MB
*** Finished place_detail (0:00:39.0 mem=6185.8M) ***
  ClockRefiner summary
  All clock instances: Moved 0, flipped 0 and cell swapped 0 (out of a total of 69).
  Restoring place_status_cts on 4 clock instances.
  Leaving CCOpt scope - ClockRefiner done. (took cpu=0:00:00.6 real=0:00:00.4)
  CCOpt::Phase::eGRPC done. (took cpu=0:00:00.8 real=0:00:00.6)
  CCOpt::Phase::Routing...
  Clock implementation routing...
    Leaving CCOpt scope - Routing Tools...
Net route status summary:
  Clock:         5 (unrouted=0, trialRouted=0, noStatus=0, routed=5, fixed=0, [crossesIlmBoundary=0, tooFewTerms=0, (crossesIlmBoundary AND tooFewTerms=0)])
  Non-clock:  2428 (unrouted=4, trialRouted=2424, noStatus=0, routed=0, fixed=0, [crossesIlmBoundary=0, tooFewTerms=3, (crossesIlmBoundary AND tooFewTerms=0)])
    Routing using eGR in eGR->NR Step...
      Early Global Route - eGR->Nr High Frequency step...
(ccopt eGR): There are 5 nets to be routed. 0 nets have skip routing designation.
(ccopt eGR): There are 5 nets for routing of which 5 have one or more fixed wires.
(ccopt eGR): Start to route 5 all nets
[PSP]    Started Early Global Route ( Curr Mem: 5.57 MB )
[PSP]    Started Early Global Route kernel ( Curr Mem: 5.57 MB )
[NR-eGR] Early global route reroute 5 out of 2429 routable nets
[NR-eGR] Track table information for default rule: 
[NR-eGR] Metal1 has single uniform track structure
[NR-eGR] Metal2 has single uniform track structure
[NR-eGR] Metal3 has single uniform track structure
[NR-eGR] Metal4 has single uniform track structure
[NR-eGR] Metal5 has single uniform track structure
[NR-eGR] Metal6 has single uniform track structure
[NR-eGR] Metal7 has single uniform track structure
[NR-eGR] Metal8 has single uniform track structure
[NR-eGR] Metal9 has single uniform track structure
[NR-eGR] Metal10 has single uniform track structure
[NR-eGR] Metal11 has single uniform track structure
[NR-eGR] Read 5212 PG shapes
[NR-eGR] Read 0 clock shapes
[NR-eGR] Read 0 other shapes
[NR-eGR] #Routing Blockages  : 20
[NR-eGR] #Bump Blockages     : 0
[NR-eGR] #Instance Blockages : 0
[NR-eGR] #PG Blockages       : 5212
[NR-eGR] #Halo Blockages     : 0
[NR-eGR] #Boundary Blockages : 0
[NR-eGR] #Clock Blockages    : 0
[NR-eGR] #Other Blockages    : 0
[NR-eGR] #prerouted nets         : 0
[NR-eGR] #prerouted special nets : 0
[NR-eGR] #prerouted wires        : 0
[NR-eGR] Read 2429 nets ( ignored 2424 )
[NR-eGR] Connected 0 must-join pins/ports (pre-process)
[NR-eGR] #via pillars        : 0
[NR-eGR] #must join all port : 0
[NR-eGR] #multiple ports     : 0
[NR-eGR] #has must join      : 0
[NR-eGR] There are 5 clock nets ( 5 with NDR ).
[NR-eGR] ============ Routing rule table ============
[NR-eGR] Rule id: 0  Rule name: ndr_cts_2w25s_trunk  Nets: 2
[NR-eGR] Rule id: 1  Rule name: ndr_cts_2w25s_leaf  Nets: 3
[NR-eGR] ========================================
[NR-eGR] 
[NR-eGR] Layer group 1: route 2 net(s) in layer range [7, 8]
[NR-eGR] Early Global Route overflow of layer group 1: 0.00% H + 0.00% V. EstWL: 4.959000e+01um
[NR-eGR] Layer group 2: route 3 net(s) in layer range [2, 7]
[NR-eGR] Early Global Route overflow of layer group 2: 0.00% H + 0.00% V. EstWL: 2.479500e+02um
[NR-eGR] Congestion Analysis By layer: (blocked Gcells are excluded) 
[NR-eGR]                        OverCon            
[NR-eGR]                         #Gcell     %Gcell
[NR-eGR]        Layer             (1-0)    OverCon
[NR-eGR] ----------------------------------------------
[NR-eGR]  Metal1 ( 1)         0( 0.00%)   ( 0.00%) 
[NR-eGR]  Metal2 ( 2)         0( 0.00%)   ( 0.00%) 
[NR-eGR]  Metal3 ( 3)         0( 0.00%)   ( 0.00%) 
[NR-eGR]  Metal4 ( 4)         0( 0.00%)   ( 0.00%) 
[NR-eGR]  Metal5 ( 5)         0( 0.00%)   ( 0.00%) 
[NR-eGR]  Metal6 ( 6)         0( 0.00%)   ( 0.00%) 
[NR-eGR]  Metal7 ( 7)         0( 0.00%)   ( 0.00%) 
[NR-eGR]  Metal8 ( 8)         0( 0.00%)   ( 0.00%) 
[NR-eGR]  Metal9 ( 9)         0( 0.00%)   ( 0.00%) 
[NR-eGR] Metal10 (10)         0( 0.00%)   ( 0.00%) 
[NR-eGR] Metal11 (11)         0( 0.00%)   ( 0.00%) 
[NR-eGR] ----------------------------------------------
[NR-eGR]        Total         0( 0.00%)   ( 0.00%) 
[NR-eGR] 
[NR-eGR] Overflow after Early Global Route 0.00% H + 0.00% V
[NR-eGR] Connected 0 must-join pins/ports (post-process)
[NR-eGR] Total eGR-routed clock nets wire length: 260um, number of vias: 202
[NR-eGR] --------------------------------------------------------------------------
[NR-eGR] Report for selected net(s) only.
[NR-eGR]                  Length (um)  Vias 
[NR-eGR] -----------------------------------
[NR-eGR]  Metal1   (1H)             0    73 
[NR-eGR]  Metal2   (2V)           130   105 
[NR-eGR]  Metal3   (3H)            80     5 
[NR-eGR]  Metal4   (4V)             0     5 
[NR-eGR]  Metal5   (5H)            10     6 
[NR-eGR]  Metal6   (6V)             0     4 
[NR-eGR]  Metal7   (7H)             4     4 
[NR-eGR]  Metal8   (8V)            35     0 
[NR-eGR]  Metal9   (9H)             0     0 
[NR-eGR]  Metal10  (10V)            0     0 
[NR-eGR]  Metal11  (11H)            0     0 
[NR-eGR] -----------------------------------
[NR-eGR]           Total          260   202 
[NR-eGR] --------------------------------------------------------------------------
[NR-eGR] Total half perimeter of net bounding box: 188um
[NR-eGR] Total length: 260um, number of vias: 202
[NR-eGR] --------------------------------------------------------------------------
[NR-eGR] Total routed clock nets wire length: 260um, number of vias: 202
[NR-eGR] --------------------------------------------------------------------------
[NR-eGR]                  Length (um)   Vias 
[NR-eGR] ------------------------------------
[NR-eGR]  Metal1   (1H)             0   6748 
[NR-eGR]  Metal2   (2V)          7996   8857 
[NR-eGR]  Metal3   (3H)          9840    976 
[NR-eGR]  Metal4   (4V)          4612    358 
[NR-eGR]  Metal5   (5H)          2085    109 
[NR-eGR]  Metal6   (6V)           361     28 
[NR-eGR]  Metal7   (7H)             8      4 
[NR-eGR]  Metal8   (8V)            35      0 
[NR-eGR]  Metal9   (9H)             0      0 
[NR-eGR]  Metal10  (10V)            0      0 
[NR-eGR]  Metal11  (11H)            0      0 
[NR-eGR] ------------------------------------
[NR-eGR]           Total        24936  17080 
[NR-eGR] --------------------------------------------------------------------------
[NR-eGR] Total half perimeter of net bounding box: 21638um
[NR-eGR] Total length: 24936um, number of vias: 17080
[NR-eGR] --------------------------------------------------------------------------
[NR-eGR] Finished Early Global Route kernel ( CPU: 0.04 sec, Real: 0.06 sec, Curr Mem: 5.57 MB )
[NR-eGR] Finished Early Global Route ( CPU: 0.05 sec, Real: 0.07 sec, Curr Mem: 5.57 MB )
      Early Global Route - eGR->Nr High Frequency step done. (took cpu=0:00:00.1 real=0:00:00.1)
    Routing using eGR in eGR->NR Step done.
    Routing using NR in eGR->NR Step...

CCOPT: Preparing to route 5 clock nets with NanoRoute.
  0 nets are default rule, 3 are ndr_cts_2w25s_leaf and 2 are ndr_cts_2w25s_trunk.
  Preferred NanoRoute mode settings: Current
#WARNING (NRIF-82) When route_detail_post_route_swap_via is set to 'false', the post route via swapping step will be performed on nets with attribute -multi_cut_via_effort, and to double cut vias.
#WARNING (NRIF-90) Option set_db route_bottom_routing_layer is obsolete. It will continue to work for the current release. To ensure compatibility with future releases, use option set_db design_bottom_routing_layer instead.
#WARNING (NRIF-95) Option set_db route_top_routing_layer has invalid value "0". Reset to max routing layer "11".
#WARNING (NRIF-91) Option set_db route_top_routing_layer is obsolete. It will continue to work for the current release. To ensure compatibility with future releases, use option set_db design_top_routing_layer instead.
#WARNING (NRIF-83) When route_detail_post_route_swap_via is set to 'none', the post route via swapping step will be skipped in all scenarios.
#WARNING (NRIF-90) Option set_db route_bottom_routing_layer is obsolete. It will continue to work for the current release. To ensure compatibility with future releases, use option set_db design_bottom_routing_layer instead.
#WARNING (NRIF-95) Option set_db route_top_routing_layer has invalid value "0". Reset to max routing layer "11".
#WARNING (NRIF-91) Option set_db route_top_routing_layer is obsolete. It will continue to work for the current release. To ensure compatibility with future releases, use option set_db design_top_routing_layer instead.
      Clock detailed routing...
        NanoRoute...

route_global_detail

#Start route_global_detail on Fri Nov 14 14:52:33 2025
#
#import 0 vias (num_signal=0 num_non_signal=0 num_extra_signal=0)
#NanoRoute Version 23.15-s106_1 NR250707-2219/23_15-UB
#
#Wire/Via statistics before line assignment ...
#Total number of nets with non-default rule or having extra spacing = 5
#
#  Routing Statistics
#
#----------------+-----------+-----+
#  Layer         | Length(um)| Vias|
#----------------+-----------+-----+
#  Poly ( 0H)    |          0|    0|
#  Metal1 ( 1H)  |          0|   73|
#  Metal2 ( 2V)  |        130|  105|
#  Metal3 ( 3H)  |         80|    5|
#  Metal4 ( 4V)  |          0|    5|
#  Metal5 ( 5H)  |         10|    6|
#  Metal6 ( 6V)  |          0|    4|
#  Metal7 ( 7H)  |          4|    4|
#  Metal8 ( 8V)  |         35|    0|
#  Metal9 ( 9H)  |          0|    0|
#  Metal10 (10V) |          0|    0|
#  Metal11 (11H) |          0|    0|
#----------------+-----------+-----+
#  Total         |        260|  202|
#----------------+-----------+-----+
#
# Total half perimeter of net bounding box: 193 um.
#Start routing data preparation on Fri Nov 14 14:52:33 2025
#
#Rebuild pin access data for design.
#Initial pin access analysis.
#Detail pin access analysis.
#Done pin access analysis.
# Metal1       H   Track-Pitch = 0.19000    Line-2-Via Pitch = 0.13000
# Metal2       V   Track-Pitch = 0.20000    Line-2-Via Pitch = 0.15000
# Metal3       H   Track-Pitch = 0.19000    Line-2-Via Pitch = 0.15000
# Metal4       V   Track-Pitch = 0.20000    Line-2-Via Pitch = 0.15000
# Metal5       H   Track-Pitch = 0.19000    Line-2-Via Pitch = 0.15000
# Metal6       V   Track-Pitch = 0.20000    Line-2-Via Pitch = 0.15000
# Metal7       H   Track-Pitch = 0.19000    Line-2-Via Pitch = 0.15000
# Metal8       V   Track-Pitch = 0.20000    Line-2-Via Pitch = 0.15000
# Metal9       H   Track-Pitch = 0.19000    Line-2-Via Pitch = 0.15000
# Metal10      V   Track-Pitch = 0.50000    Line-2-Via Pitch = 0.42000
# Metal11      H   Track-Pitch = 0.47500    Line-2-Via Pitch = 0.43000
#Bottom routing layer index=2(Metal2), bottom routing layer for shielding=2(Metal2), bottom shield layer=2(Metal2) top shield layer=11(Metal11)
#shield_bottom_stripe_layer=1(Metal1), shield_top_stripe_layer=11(Metal11)
#pin_access_rlayer=2(Metal2) num_routing_layer=11 top_routing_layer=11 top_ripin_layer=11
#shield_top_dpt_rlayer=-1 top_rlayer=11 top_trim_metal_rlayer=-1 rlayer_lowest=1 bottom_rlayer=2
#enable_trim_layer_shield=F enable_dpt_layer_shield=F has_line_end_grid=F
#cpu time = 00:00:00, elapsed time = 00:00:00, memory = 3367.29 (MB), peak = 3637.05 (MB)
#Regenerating Ggrids automatically.
#Auto generating G-grids with size=15 tracks, using layer Metal3's pitch = 0.19000.
#Using automatically generated G-grids.
#Done routing data preparation.
#cpu time = 00:00:03, elapsed time = 00:00:02, memory = 3490.64 (MB), peak = 3637.05 (MB)
#
#Connectivity extraction summary:
#5 routed net(s) are imported.
#3 nets are fixed|skipped|trivial (not extracted).
#Total number of nets = 8.
#
Updating RC Grid density data for preRoute extraction ...
Initializing multi-corner resistance tables ...
#
#Distribution of nets:
#  
# #pin range           #net       % 
#------------------------------------
#          2            1718 ( 70.6%)
#          3             349 ( 14.3%)
#          4             184 (  7.6%)
#          5              57 (  2.3%)
#          6               8 (  0.3%)
#          7              24 (  1.0%)
#          8               8 (  0.3%)
#          9              13 (  0.5%)
#  10  -  19              61 (  2.5%)
#  20  -  29               7 (  0.3%)
#  60  -  69               1 (  0.0%)
#     >=2000               0 (  0.0%)
#
#Total: 2433 nets, 2430 non-trivial nets
#                                    #net       % 
#-------------------------------------------------
#  Fully global routed                  5 ( 0.2%)
#  Clock                                5
#  Tie-net                              1
#  Nondefault rule                      5
#  Shield rule                          5
#  Extra space                          5
#  Prefer layer range                   5
#
#  Rule                       #net     #shield
#---------------------------------------------
#  ndr_cts_2w25s_leaf            3           3
#  ndr_cts_2w25s_trunk           2           2
#
#Nets in 2 layer ranges:
#  Bottom Pref.Layer    Top Pref.Layer       #net       % 
#---------------------------------------------------------
#            -------           Metal7           3 (  0.1%)
#             Metal7           Metal8           2 (  0.1%)
#
#5 nets selected.
#
#
#..
#
#Iteration 1.1: cpu:00:00:00, real:00:00:00, mem:3.4 GB, peak:3.6 GB --0.82 [8]--
#Iteration 1.2: cpu:00:00:00, real:00:00:00, mem:3.4 GB, peak:3.6 GB --0.73 [8]--
#Iteration 2.1: cpu:00:00:00, real:00:00:00, mem:3.4 GB, peak:3.6 GB --0.83 [8]--
#Iteration 3.1: cpu:00:00:00, real:00:00:00, mem:3.4 GB, peak:3.6 GB --0.83 [8]--
#
#Line Assignment statistics:
#Cpu time = 00:00:00
#Elapsed time = 00:00:00
#Increased memory = 2.74 (MB)
#Total memory = 3512.69 (MB)
#Peak memory = 3637.05 (MB)
#End Line Assignment: cpu:00:00:00, real:00:00:01, mem:3.4 GB, peak:3.6 GB --0.78 [8]--
#
#Wire/Via statistics after line assignment ...
#Total number of nets with non-default rule or having extra spacing = 5
#
#  Routing Statistics
#
#----------------+-----------+-----+
#  Layer         | Length(um)| Vias|
#----------------+-----------+-----+
#  Poly ( 0H)    |          0|    0|
#  Metal1 ( 1H)  |          0|   73|
#  Metal2 ( 2V)  |        150|  117|
#  Metal3 ( 3H)  |         80|    5|
#  Metal4 ( 4V)  |          1|    5|
#  Metal5 ( 5H)  |         10|    4|
#  Metal6 ( 6V)  |          0|    4|
#  Metal7 ( 7H)  |          4|    4|
#  Metal8 ( 8V)  |         35|    0|
#  Metal9 ( 9H)  |          0|    0|
#  Metal10 (10V) |          0|    0|
#  Metal11 (11H) |          0|    0|
#----------------+-----------+-----+
#  Total         |        280|  212|
#----------------+-----------+-----+
#
# Total half perimeter of net bounding box: 193 um.
#Routing data preparation, pin analysis, line assignment statistics:
#Cpu time = 00:00:04
#Elapsed time = 00:00:03
#Increased memory = 145.52 (MB)
#Total memory = 3500.48 (MB)
#Peak memory = 3637.05 (MB)
#Skip comparing routing design signature in db-snapshot flow
#Using multithreading with 8 threads.
#
#Start Detail Routing..
#
#Start litho driven routing to prevent litho hotspot patterns.
#start initial detail routing ...
#   number of violations = 0
#cpu time = 00:00:00, elapsed time = 00:00:00, memory = 3532.87 (MB), peak = 3716.39 (MB)
#Complete Detail Routing.
#Total number of nets with non-default rule or having extra spacing = 5
#
#  Routing Statistics
#
#----------------+-----------+-----+---------------------+---------------------+
#  Layer         | Length(um)| Vias|           Single-cut|            Multi-cut|
#----------------+-----------+-----+---------------------+---------------------+
#  Poly ( 0H)    |          0|    0|          0  (  0.0%)|          0  (  0.0%)|
#  Metal1 ( 1H)  |          0|   73|          6  (  8.2%)|         67  ( 91.8%)|
#  Metal2 ( 2V)  |        129|   64|          0  (  0.0%)|         64  (100.0%)|
#  Metal3 ( 3H)  |         81|    5|          0  (  0.0%)|          5  (100.0%)|
#  Metal4 ( 4V)  |          1|    5|          0  (  0.0%)|          5  (100.0%)|
#  Metal5 ( 5H)  |         10|    4|          0  (  0.0%)|          4  (100.0%)|
#  Metal6 ( 6V)  |          0|    4|          0  (  0.0%)|          4  (100.0%)|
#  Metal7 ( 7H)  |          4|    4|          0  (  0.0%)|          4  (100.0%)|
#  Metal8 ( 8V)  |         35|    0|          0  (  0.0%)|          0  (  0.0%)|
#  Metal9 ( 9H)  |          0|    0|          0  (  0.0%)|          0  (  0.0%)|
#  Metal10 (10V) |          0|    0|          0  (  0.0%)|          0  (  0.0%)|
#  Metal11 (11H) |          0|    0|          0  (  0.0%)|          0  (  0.0%)|
#----------------+-----------+-----+---------------------+---------------------+
#  Total         |        261|  159|          6  (  3.8%)|        153  ( 96.2%)|
#----------------+-----------+-----+---------------------+---------------------+
#
# Total half perimeter of net bounding box: 193 um.
#Total number of DRC violations = 0
#Cpu time = 00:00:00
#Elapsed time = 00:00:00
#Increased memory = 16.06 (MB)
#Total memory = 3516.54 (MB)
#Peak memory = 3716.39 (MB)
#
#start routing for process antenna violation fix ...
#Default setup view is reset to slow_0p9v_125c_cmax_func.
#cpu time = 00:00:00, elapsed time = 00:00:00, memory = 3516.23 (MB), peak = 3716.39 (MB)
#
#Total number of nets with non-default rule or having extra spacing = 5
#
#  Routing Statistics
#
#----------------+-----------+-----+---------------------+---------------------+
#  Layer         | Length(um)| Vias|           Single-cut|            Multi-cut|
#----------------+-----------+-----+---------------------+---------------------+
#  Poly ( 0H)    |          0|    0|          0  (  0.0%)|          0  (  0.0%)|
#  Metal1 ( 1H)  |          0|   73|          6  (  8.2%)|         67  ( 91.8%)|
#  Metal2 ( 2V)  |        129|   64|          0  (  0.0%)|         64  (100.0%)|
#  Metal3 ( 3H)  |         81|    5|          0  (  0.0%)|          5  (100.0%)|
#  Metal4 ( 4V)  |          1|    5|          0  (  0.0%)|          5  (100.0%)|
#  Metal5 ( 5H)  |         10|    4|          0  (  0.0%)|          4  (100.0%)|
#  Metal6 ( 6V)  |          0|    4|          0  (  0.0%)|          4  (100.0%)|
#  Metal7 ( 7H)  |          4|    4|          0  (  0.0%)|          4  (100.0%)|
#  Metal8 ( 8V)  |         35|    0|          0  (  0.0%)|          0  (  0.0%)|
#  Metal9 ( 9H)  |          0|    0|          0  (  0.0%)|          0  (  0.0%)|
#  Metal10 (10V) |          0|    0|          0  (  0.0%)|          0  (  0.0%)|
#  Metal11 (11H) |          0|    0|          0  (  0.0%)|          0  (  0.0%)|
#----------------+-----------+-----+---------------------+---------------------+
#  Total         |        261|  159|          6  (  3.8%)|        153  ( 96.2%)|
#----------------+-----------+-----+---------------------+---------------------+
#
# Total half perimeter of net bounding box: 193 um.
#Total number of DRC violations = 0
#Total number of process antenna violations = 0
#Total number of net violated process antenna rule = 0
#
#
#Total number of nets with non-default rule or having extra spacing = 5
#
#  Routing Statistics
#
#----------------+-----------+-----+---------------------+---------------------+
#  Layer         | Length(um)| Vias|           Single-cut|            Multi-cut|
#----------------+-----------+-----+---------------------+---------------------+
#  Poly ( 0H)    |          0|    0|          0  (  0.0%)|          0  (  0.0%)|
#  Metal1 ( 1H)  |          0|   73|          6  (  8.2%)|         67  ( 91.8%)|
#  Metal2 ( 2V)  |        129|   64|          0  (  0.0%)|         64  (100.0%)|
#  Metal3 ( 3H)  |         81|    5|          0  (  0.0%)|          5  (100.0%)|
#  Metal4 ( 4V)  |          1|    5|          0  (  0.0%)|          5  (100.0%)|
#  Metal5 ( 5H)  |         10|    4|          0  (  0.0%)|          4  (100.0%)|
#  Metal6 ( 6V)  |          0|    4|          0  (  0.0%)|          4  (100.0%)|
#  Metal7 ( 7H)  |          4|    4|          0  (  0.0%)|          4  (100.0%)|
#  Metal8 ( 8V)  |         35|    0|          0  (  0.0%)|          0  (  0.0%)|
#  Metal9 ( 9H)  |          0|    0|          0  (  0.0%)|          0  (  0.0%)|
#  Metal10 (10V) |          0|    0|          0  (  0.0%)|          0  (  0.0%)|
#  Metal11 (11H) |          0|    0|          0  (  0.0%)|          0  (  0.0%)|
#----------------+-----------+-----+---------------------+---------------------+
#  Total         |        261|  159|          6  (  3.8%)|        153  ( 96.2%)|
#----------------+-----------+-----+---------------------+---------------------+
#
# Total half perimeter of net bounding box: 193 um.
#Total number of DRC violations = 0
#Total number of process antenna violations = 0
#Total number of net violated process antenna rule = 0
#
#Bottom routing layer index=2(Metal2), bottom routing layer for shielding=2(Metal2), bottom shield layer=2(Metal2) top shield layer=11(Metal11)
#shield_bottom_stripe_layer=1(Metal1), shield_top_stripe_layer=11(Metal11)
#pin_access_rlayer=2(Metal2) num_routing_layer=11 top_routing_layer=11 top_ripin_layer=11
#shield_top_dpt_rlayer=-1 top_rlayer=11 top_trim_metal_rlayer=-1 rlayer_lowest=1 bottom_rlayer=2
#enable_trim_layer_shield=F enable_dpt_layer_shield=F has_line_end_grid=F
#Analyzing shielding information. 
#  Total shield net = 5 (one-side = 0, hf = 0 ), 5 nets need to be shielded.
#  Bottom shield layer is layer 2.
#  Bottom routing layer for shield is layer 2.
#  Start shielding step 1
#  Finished shielding step 1: cpu time = 00:00:00, elapsed time = 00:00:00, memory = 3516.48 (MB), peak = 3716.39 (MB)
#  Start shielding step 2 
#    Inner loop #1
#    Inner loop #2
#  Finished shielding step 2:   cpu time = 00:00:00, elapsed time = 00:00:00, memory = 3517.37 (MB), peak = 3716.39 (MB)
#  Start shielding step 3
#    Start loop 1
#    Finished loop 1 cpu time = 00:00:00, elapsed time = 00:00:00, memory = 3538.29 (MB), peak = 3716.39 (MB)
#  Finished shielding step 3: cpu time = 00:00:00, elapsed time = 00:00:00, memory = 3538.29 (MB), peak = 3716.39 (MB)
#  Start shielding step 4
#    Inner loop #1
#  Finished shielding step 4:   cpu time = 00:00:00, elapsed time = 00:00:00, memory = 3538.36 (MB), peak = 3716.39 (MB)
#    cpu time = 00:00:00, elapsed time = 00:00:00, memory = 3520.12 (MB), peak = 3716.39 (MB)
#-------------------------------------------------------------------------------
#
#	Shielding Summary
#-------------------------------------------------------------------------------
#Primary shielding net(s): VSS 
#Opportunistic shielding net(s): VDD 
#
#Number of nets with shield attribute: 5
#Number of nets reported: 5
#Number of nets without shielding: 0
#Average ratio                   : 0.936
#
#Name   Average Length     Shield    Ratio
#Metal2:          25.9       47.3     0.914
#Metal3:          16.2       31.1     0.961
#Metal4:           0.2        0.4     0.833
#Metal5:           2.0        3.9     0.985
#Metal7:           0.8        0.9     0.552
#Metal8:           7.1       14.1     1.000
#-------------------------------------------------------------------------------
#Bottom shield layer (Metal2) and above: 
#Average (BotShieldLayer) ratio  : 0.936
#
#Name    Actual Length     Shield    Ratio
#Metal2:         129.4      236.6     0.914
#Metal3:          81.0      155.6     0.961
#Metal4:           1.1        1.9     0.833
#Metal5:           9.8       19.2     0.985
#Metal7:           4.2        4.6     0.552
#Metal8:          35.3       70.7     1.000
#-------------------------------------------------------------------------------
#Preferred routing layer range: Metal2 - Metal8
#Average (PrefLayerOnly) ratio   : 0.937
#
#Name    Actual Length     Shield    Ratio
#Metal2:         128.1      234.8     0.916
#Metal3:          81.0      155.6     0.961
#Metal7:           4.2        4.6     0.552
#Metal8:          35.3       70.7     1.000
#-------------------------------------------------------------------------------
#Done Shielding:    cpu time = 00:00:00, elapsed time = 00:00:00, memory = 3520.12 (MB), peak = 3716.39 (MB)
#route_detail Statistics:
#Cpu time = 00:00:01
#Elapsed time = 00:00:01
#Increased memory = 19.64 (MB)
#Total memory = 3520.12 (MB)
#Peak memory = 3716.39 (MB)
#
#route_global_detail statistics:
#Cpu time = 00:00:05
#Elapsed time = 00:00:04
#Increased memory = 86.61 (MB)
#Total memory = 3433.01 (MB)
#Peak memory = 3716.39 (MB)
#Number of warnings = 0
#Total number of warnings = 17
#Number of fails = 0
#Total number of fails = 0
#Complete route_global_detail on Fri Nov 14 14:52:36 2025
#
#
#  Scalability Statistics
#
#-------------------------+---------+-------------+------------+
#  route_global_detail    | cpu time| elapsed time| scalability|
#-------------------------+---------+-------------+------------+
#  Pre Callback           | 00:00:00|     00:00:00|         1.0|
#  Post Callback          | 00:00:00|     00:00:00|         1.0|
#  Timing Data Generation | 00:00:00|     00:00:00|         1.0|
#  DB Import              | 00:00:00|     00:00:00|         1.0|
#  DB Export              | 00:00:00|     00:00:00|         1.0|
#  Cell Pin Access        | 00:00:02|     00:00:00|         1.0|
#  Data Preparation       | 00:00:02|     00:00:02|         1.0|
#  Line Assignment        | 00:00:00|     00:00:01|         1.0|
#  Detail Routing         | 00:00:00|     00:00:00|         1.0|
#  Antenna Fixing         | 00:00:00|     00:00:00|         1.0|
#  Shielding              | 00:00:00|     00:00:00|         1.0|
#  Entire Command         | 00:00:05|     00:00:04|         1.4|
#-------------------------+---------+-------------+------------+
#
        NanoRoute done. (took cpu=0:00:05.0 real=0:00:03.6)
      Clock detailed routing done.
#WARNING (NRIF-83) When route_detail_post_route_swap_via is set to 'none', the post route via swapping step will be skipped in all scenarios.
#WARNING (NRIF-90) Option set_db route_bottom_routing_layer is obsolete. It will continue to work for the current release. To ensure compatibility with future releases, use option set_db design_bottom_routing_layer instead.
#WARNING (NRIF-95) Option set_db route_top_routing_layer has invalid value "0". Reset to max routing layer "11".
#WARNING (NRIF-91) Option set_db route_top_routing_layer is obsolete. It will continue to work for the current release. To ensure compatibility with future releases, use option set_db design_top_routing_layer instead.
Skipping check of guided vs. routed net lengths.
Set FIXED routing status on 5 net(s)
Set FIXED placed status on 4 instance(s)
      Route Remaining Unrouted Nets...
Running route_early_global to complete any remaining unrouted nets.
Updating RC Grid density data for preRoute extraction ...
Initializing multi-corner resistance tables ...
[NR-eGR] Started Early Global Route ( Curr Mem: 5.63 MB )
[NR-eGR] Started Early Global Route kernel ( Curr Mem: 5.63 MB )
[NR-eGR] Early global route reroute all routable nets
[NR-eGR] Track table information for default rule: 
[NR-eGR] Metal1 has single uniform track structure
[NR-eGR] Metal2 has single uniform track structure
[NR-eGR] Metal3 has single uniform track structure
[NR-eGR] Metal4 has single uniform track structure
[NR-eGR] Metal5 has single uniform track structure
[NR-eGR] Metal6 has single uniform track structure
[NR-eGR] Metal7 has single uniform track structure
[NR-eGR] Metal8 has single uniform track structure
[NR-eGR] Metal9 has single uniform track structure
[NR-eGR] Metal10 has single uniform track structure
[NR-eGR] Metal11 has single uniform track structure
[NR-eGR] Read 6519 PG shapes
[NR-eGR] Read 0 clock shapes
[NR-eGR] Read 0 other shapes
[NR-eGR] #Routing Blockages  : 20
[NR-eGR] #Bump Blockages     : 0
[NR-eGR] #Instance Blockages : 0
[NR-eGR] #PG Blockages       : 6519
[NR-eGR] #Halo Blockages     : 0
[NR-eGR] #Boundary Blockages : 0
[NR-eGR] #Clock Blockages    : 0
[NR-eGR] #Other Blockages    : 0
[NR-eGR] #prerouted nets         : 5
[NR-eGR] #prerouted special nets : 0
[NR-eGR] #prerouted wires        : 153
[NR-eGR] Read 2429 nets ( ignored 5 )
[NR-eGR] Number of tracks per clock wire is set as 5, but the design does not have any clock nets or they are fixed. The setting will not be applied.
[NR-eGR] ============ Routing rule table ============
[NR-eGR] Rule id: 2  Rule name: (Default)  Nets: 2424
[NR-eGR] ========================================
[NR-eGR] 
[NR-eGR] Layer group 1: route 2424 net(s) in layer range [2, 11]
[NR-eGR] Early Global Route overflow of layer group 1: 0.00% H + 0.00% V. EstWL: 2.307132e+04um
[NR-eGR] Congestion Analysis By layer: (blocked Gcells are excluded) 
[NR-eGR]                        OverCon            
[NR-eGR]                         #Gcell     %Gcell
[NR-eGR]        Layer               (1)    OverCon
[NR-eGR] ----------------------------------------------
[NR-eGR]  Metal1 ( 1)         0( 0.00%)   ( 0.00%) 
[NR-eGR]  Metal2 ( 2)         1( 0.03%)   ( 0.03%) 
[NR-eGR]  Metal3 ( 3)         0( 0.00%)   ( 0.00%) 
[NR-eGR]  Metal4 ( 4)         0( 0.00%)   ( 0.00%) 
[NR-eGR]  Metal5 ( 5)         0( 0.00%)   ( 0.00%) 
[NR-eGR]  Metal6 ( 6)         0( 0.00%)   ( 0.00%) 
[NR-eGR]  Metal7 ( 7)         0( 0.00%)   ( 0.00%) 
[NR-eGR]  Metal8 ( 8)         0( 0.00%)   ( 0.00%) 
[NR-eGR]  Metal9 ( 9)         0( 0.00%)   ( 0.00%) 
[NR-eGR] Metal10 (10)         0( 0.00%)   ( 0.00%) 
[NR-eGR] Metal11 (11)         0( 0.00%)   ( 0.00%) 
[NR-eGR] ----------------------------------------------
[NR-eGR]        Total         1( 0.00%)   ( 0.00%) 
[NR-eGR] 
[NR-eGR] Overflow after Early Global Route 0.00% H + 0.00% V
[NR-eGR] Connected 0 must-join pins/ports (post-process)
[NR-eGR] Total eGR-routed clock nets wire length: 0um, number of vias: 0
[NR-eGR] --------------------------------------------------------------------------
[NR-eGR]                  Length (um)   Vias 
[NR-eGR] ------------------------------------
[NR-eGR]  Metal1   (1H)             0   6748 
[NR-eGR]  Metal2   (2V)          7866   8835 
[NR-eGR]  Metal3   (3H)          9790    990 
[NR-eGR]  Metal4   (4V)          4754    351 
[NR-eGR]  Metal5   (5H)          2138    113 
[NR-eGR]  Metal6   (6V)           371     28 
[NR-eGR]  Metal7   (7H)             8      4 
[NR-eGR]  Metal8   (8V)            35      0 
[NR-eGR]  Metal9   (9H)             0      0 
[NR-eGR]  Metal10  (10V)            0      0 
[NR-eGR]  Metal11  (11H)            0      0 
[NR-eGR] ------------------------------------
[NR-eGR]           Total        24962  17069 
[NR-eGR] --------------------------------------------------------------------------
[NR-eGR] Total half perimeter of net bounding box: 21638um
[NR-eGR] Total length: 24962um, number of vias: 17069
[NR-eGR] --------------------------------------------------------------------------
[NR-eGR] Finished Early Global Route kernel ( CPU: 0.09 sec, Real: 0.07 sec, Curr Mem: 5.64 MB )
[NR-eGR] Finished Early Global Route ( CPU: 0.10 sec, Real: 0.07 sec, Curr Mem: 5.63 MB )
      Route Remaining Unrouted Nets done. (took cpu=0:00:00.1 real=0:00:00.1)
    Routing using NR in eGR->NR Step done.
Net route status summary:
  Clock:         5 (unrouted=0, trialRouted=0, noStatus=0, routed=0, fixed=5, [crossesIlmBoundary=0, tooFewTerms=0, (crossesIlmBoundary AND tooFewTerms=0)])
  Non-clock:  2428 (unrouted=4, trialRouted=2424, noStatus=0, routed=0, fixed=0, [crossesIlmBoundary=0, tooFewTerms=3, (crossesIlmBoundary AND tooFewTerms=0)])

CCOPT: Done with clock implementation routing.

    Leaving CCOpt scope - Routing Tools done. (took cpu=0:00:05.3 real=0:00:03.8)
  Clock implementation routing done.
  Leaving CCOpt scope - extractRC...
  Updating RC parasitics by calling: "extract_rc -noRouteCheck"...
Extraction called for design 'matmul_sync' of instances=2008 and nets=2433 using extraction engine 'pre_route' .
pre_route RC Extraction called for design matmul_sync.
RC Extraction called in multi-corner(2) mode.
RCMode: PreRoute
      RC Corner Indexes            0       1   
Capacitance Scaling Factor   : 1.00000 1.00000 
Resistance Scaling Factor    : 1.00000 1.00000 
Clock Cap. Scaling Factor    : 1.00000 1.00000 
Clock Res. Scaling Factor    : 1.00000 1.00000 
Shrink Factor                : 1.00000
PreRoute extraction is honoring NDR/Shielding/ExtraSpace for clock nets.
Using Quantus QRC technology file ...
Updating RC Grid density data for preRoute extraction ...
Initializing multi-corner resistance tables ...
PreRoute RC Extraction DONE (CPU Time: 0:00:00.0  Real Time: 0:00:00.0  MEM: 6249.848M)
  Updating RC parasitics by calling: "extract_rc -noRouteCheck" done.
  Leaving CCOpt scope - extractRC done. (took cpu=0:00:00.0 real=0:00:00.0)
  Clock tree timing engine global stage delay update for slow_0p9v_125c_cmax:both.late...
  Clock tree timing engine global stage delay update for slow_0p9v_125c_cmax:both.late done. (took cpu=0:00:00.0 real=0:00:00.0)
  Clock DAG stats after routing clock trees:
    cell counts      : b=0, i=4, icg=0, dcg=0, l=0, total=4
    sink counts      : regular=65, enable_latch=0, load_capacitance=0, antenna=0, node_sink=0, total=65
    misc counts      : r=1, pp=0, mci=0
    cell areas       : b=0.000um^2, i=9.576um^2, icg=0.000um^2, dcg=0.000um^2, l=0.000um^2, total=9.576um^2
    cell capacitance : b=0.000pF, i=0.010pF, icg=0.000pF, dcg=0.000pF, l=0.000pF, total=0.010pF
    sink capacitance : total=0.014pF, avg=0.000pF, sd=0.000pF, min=0.000pF, max=0.000pF
    wire capacitance : top=0.000pF, trunk=0.006pF, leaf=0.032pF, total=0.038pF
    wire lengths     : top=0.000um, trunk=51.795um, leaf=209.105um, total=260.900um
    hp wire lengths  : top=0.000um, trunk=40.910um, leaf=138.555um, total=179.465um
  Clock DAG net violations after routing clock trees: none
  Clock DAG primary half-corner transition distribution after routing clock trees:
    Trunk : target=0.100ns count=2 avg=0.068ns sd=0.009ns min=0.062ns max=0.075ns {0 <= 0.060ns, 2 <= 0.080ns, 0 <= 0.090ns, 0 <= 0.095ns, 0 <= 0.100ns}
    Leaf  : target=0.100ns count=3 avg=0.085ns sd=0.004ns min=0.081ns max=0.088ns {0 <= 0.060ns, 0 <= 0.080ns, 3 <= 0.090ns, 0 <= 0.095ns, 0 <= 0.100ns}
  Clock DAG library cell distribution after routing clock trees {count}:
     Invs: CLKINVX6: 4 
  Primary reporting skew groups after routing clock trees:
    skew_group clk_i/func: insertion delay [min=0.139, max=0.142, avg=0.141, sd=0.001, skn=0.178, kur=-1.427], skew [0.003 vs 0.150], 100% {0.139, 0.142} (wid=0.003 ws=0.000) (gid=0.139 gs=0.003)
  Skew group summary after routing clock trees:
    skew_group clk_i/func: insertion delay [min=0.139, max=0.142, avg=0.141, sd=0.001, skn=0.178, kur=-1.427], skew [0.003 vs 0.150], 100% {0.139, 0.142} (wid=0.003 ws=0.000) (gid=0.139 gs=0.003)
  CCOpt::Phase::Routing done. (took cpu=0:00:05.4 real=0:00:03.9)
  CCOpt::Phase::PostConditioning...
**WARN: (IMPSP-2904):	option place_detail_filler_gap_effort and place_detail_filler_gap_min_gap will be obsolete from next release and is replaced by place_detail_legalization_inst_gap <site>.
**WARN: (IMPSP-2904):	option place_detail_filler_gap_effort and place_detail_filler_gap_min_gap will be obsolete from next release and is replaced by place_detail_legalization_inst_gap <site>.
  Leaving CCOpt scope - Initializing placement interface...
  Leaving CCOpt scope - Initializing placement interface done. (took cpu=0:00:00.0 real=0:00:00.0)
  PostConditioning...
    PostConditioning active optimizations:
     - DRV fixing with initial upsizing, sizing and buffering
     - Skew fixing with sizing
    
    Currently running CTS, using active skew data
    ProEngine running partially connected to DB
    Reset bufferability constraints...
    Resetting previous bufferability status on all nets so that PostConditioning will attempt to fix all clock tree violations.
    Reset bufferability constraints done. (took cpu=0:00:00.0 real=0:00:00.0)
    PostConditioning Upsizing To Fix DRVs...
      Fixing clock tree DRVs with upsizing: ...20% ...40% ...60% ...80% ...100% 
      CCOpt-PostConditioning: considered: 5, tested: 5, violation detected: 0, violation ignored (due to small violation): 0, cannot run: 0, attempted: 0, unsuccessful: 0, sized: 0
      
      Statistics: Fix DRVs (initial upsizing):
      ========================================
      
      Cell changes by Net Type:
      
      -------------------------------------------------------------------------------------------------
      Net Type    Attempted    Upsized     Downsized    Swapped Same Size    Total Changed    Not Sized
      -------------------------------------------------------------------------------------------------
      top                0            0           0            0                    0                0
      trunk              0            0           0            0                    0                0
      leaf               0            0           0            0                    0                0
      -------------------------------------------------------------------------------------------------
      Total              0            0           0            0                    0                0
      -------------------------------------------------------------------------------------------------
      
      Upsized: 0, Downsized: 0, Sized but same area: 0, Unchanged: 0, Area change: 0.000um^2 (0.000%)
      Max. move: 0.000um, Min. move: 0.000um, Avg. move: N/A
      
      Clock DAG stats after 'PostConditioning Upsizing To Fix DRVs':
        cell counts      : b=0, i=4, icg=0, dcg=0, l=0, total=4
        sink counts      : regular=65, enable_latch=0, load_capacitance=0, antenna=0, node_sink=0, total=65
        misc counts      : r=1, pp=0, mci=0
        cell areas       : b=0.000um^2, i=9.576um^2, icg=0.000um^2, dcg=0.000um^2, l=0.000um^2, total=9.576um^2
        cell capacitance : b=0.000pF, i=0.010pF, icg=0.000pF, dcg=0.000pF, l=0.000pF, total=0.010pF
        sink capacitance : total=0.014pF, avg=0.000pF, sd=0.000pF, min=0.000pF, max=0.000pF
        wire capacitance : top=0.000pF, trunk=0.006pF, leaf=0.032pF, total=0.038pF
        wire lengths     : top=0.000um, trunk=51.795um, leaf=209.105um, total=260.900um
        hp wire lengths  : top=0.000um, trunk=40.910um, leaf=138.555um, total=179.465um
      Clock DAG net violations after 'PostConditioning Upsizing To Fix DRVs': none
      Clock DAG primary half-corner transition distribution after 'PostConditioning Upsizing To Fix DRVs':
        Trunk : target=0.100ns count=2 avg=0.068ns sd=0.009ns min=0.062ns max=0.075ns {0 <= 0.060ns, 2 <= 0.080ns, 0 <= 0.090ns, 0 <= 0.095ns, 0 <= 0.100ns}
        Leaf  : target=0.100ns count=3 avg=0.085ns sd=0.004ns min=0.081ns max=0.088ns {0 <= 0.060ns, 0 <= 0.080ns, 3 <= 0.090ns, 0 <= 0.095ns, 0 <= 0.100ns}
      Clock DAG library cell distribution after 'PostConditioning Upsizing To Fix DRVs' {count}:
         Invs: CLKINVX6: 4 
      Primary reporting skew groups after 'PostConditioning Upsizing To Fix DRVs':
        skew_group clk_i/func: insertion delay [min=0.139, max=0.142], skew [0.003 vs 0.150]
      Skew group summary after 'PostConditioning Upsizing To Fix DRVs':
        skew_group clk_i/func: insertion delay [min=0.139, max=0.142], skew [0.003 vs 0.150]
      Legalizer API calls during this step: 0 succeeded with high effort: 0 succeeded with medium effort: 0 succeeded with low effort: 0 succeeded with basic effort: 0 succeeded with basic unbounded effort: 0
    PostConditioning Upsizing To Fix DRVs done. (took cpu=0:00:00.0 real=0:00:00.0)
    Recomputing CTS skew targets...
    Resolving skew group constraints...
      Solving LP: 1 skew groups; 2 fragments, 2 fraglets and 3 vertices; 12 variables and 27 constraints; tolerance 1
    Resolving skew group constraints done.
    Recomputing CTS skew targets done. (took cpu=0:00:00.0 real=0:00:00.0)
    PostConditioning Fixing DRVs...
      Fixing clock tree DRVs: ...20% ...40% ...60% ...80% ...100% 
      CCOpt-PostConditioning: considered: 5, tested: 5, violation detected: 0, violation ignored (due to small violation): 0, cannot run: 0, attempted: 0, unsuccessful: 0, sized: 0
      
      Statistics: Fix DRVs (cell sizing):
      ===================================
      
      Cell changes by Net Type:
      
      -------------------------------------------------------------------------------------------------
      Net Type    Attempted    Upsized     Downsized    Swapped Same Size    Total Changed    Not Sized
      -------------------------------------------------------------------------------------------------
      top                0            0           0            0                    0                0
      trunk              0            0           0            0                    0                0
      leaf               0            0           0            0                    0                0
      -------------------------------------------------------------------------------------------------
      Total              0            0           0            0                    0                0
      -------------------------------------------------------------------------------------------------
      
      Upsized: 0, Downsized: 0, Sized but same area: 0, Unchanged: 0, Area change: 0.000um^2 (0.000%)
      Max. move: 0.000um, Min. move: 0.000um, Avg. move: N/A
      
      Clock DAG stats after 'PostConditioning Fixing DRVs':
        cell counts      : b=0, i=4, icg=0, dcg=0, l=0, total=4
        sink counts      : regular=65, enable_latch=0, load_capacitance=0, antenna=0, node_sink=0, total=65
        misc counts      : r=1, pp=0, mci=0
        cell areas       : b=0.000um^2, i=9.576um^2, icg=0.000um^2, dcg=0.000um^2, l=0.000um^2, total=9.576um^2
        cell capacitance : b=0.000pF, i=0.010pF, icg=0.000pF, dcg=0.000pF, l=0.000pF, total=0.010pF
        sink capacitance : total=0.014pF, avg=0.000pF, sd=0.000pF, min=0.000pF, max=0.000pF
        wire capacitance : top=0.000pF, trunk=0.006pF, leaf=0.032pF, total=0.038pF
        wire lengths     : top=0.000um, trunk=51.795um, leaf=209.105um, total=260.900um
        hp wire lengths  : top=0.000um, trunk=40.910um, leaf=138.555um, total=179.465um
      Clock DAG net violations after 'PostConditioning Fixing DRVs': none
      Clock DAG primary half-corner transition distribution after 'PostConditioning Fixing DRVs':
        Trunk : target=0.100ns count=2 avg=0.068ns sd=0.009ns min=0.062ns max=0.075ns {0 <= 0.060ns, 2 <= 0.080ns, 0 <= 0.090ns, 0 <= 0.095ns, 0 <= 0.100ns}
        Leaf  : target=0.100ns count=3 avg=0.085ns sd=0.004ns min=0.081ns max=0.088ns {0 <= 0.060ns, 0 <= 0.080ns, 3 <= 0.090ns, 0 <= 0.095ns, 0 <= 0.100ns}
      Clock DAG library cell distribution after 'PostConditioning Fixing DRVs' {count}:
         Invs: CLKINVX6: 4 
      Primary reporting skew groups after 'PostConditioning Fixing DRVs':
        skew_group clk_i/func: insertion delay [min=0.139, max=0.142], skew [0.003 vs 0.150]
      Skew group summary after 'PostConditioning Fixing DRVs':
        skew_group clk_i/func: insertion delay [min=0.139, max=0.142], skew [0.003 vs 0.150]
      Legalizer API calls during this step: 0 succeeded with high effort: 0 succeeded with medium effort: 0 succeeded with low effort: 0 succeeded with basic effort: 0 succeeded with basic unbounded effort: 0
    PostConditioning Fixing DRVs done. (took cpu=0:00:00.0 real=0:00:00.0)
    Buffering to fix DRVs...
    Fixing DRVs with route buffering pass 1. Quick buffering: enabled
    Rebuffering to fix clock tree DRVs: ...20% ...40% ...60% ...80% ...100% 
    Inserted 0 buffers and inverters.
    success count. Default: 0, QS: 0, QD: 0, FS: 0, MQS: 0
    CCOpt-PostConditioning: nets considered: 5, nets tested: 5, nets violation detected: 0, nets violation ignored (due to small violation): 0, nets cannot run: 0, nets attempted: 0, nets unsuccessful: 0, buffered: 0
    Clock DAG stats PostConditioning after re-buffering DRV fixing:
      cell counts      : b=0, i=4, icg=0, dcg=0, l=0, total=4
      sink counts      : regular=65, enable_latch=0, load_capacitance=0, antenna=0, node_sink=0, total=65
      misc counts      : r=1, pp=0, mci=0
      cell areas       : b=0.000um^2, i=9.576um^2, icg=0.000um^2, dcg=0.000um^2, l=0.000um^2, total=9.576um^2
      cell capacitance : b=0.000pF, i=0.010pF, icg=0.000pF, dcg=0.000pF, l=0.000pF, total=0.010pF
      sink capacitance : total=0.014pF, avg=0.000pF, sd=0.000pF, min=0.000pF, max=0.000pF
      wire capacitance : top=0.000pF, trunk=0.006pF, leaf=0.032pF, total=0.038pF
      wire lengths     : top=0.000um, trunk=51.795um, leaf=209.105um, total=260.900um
      hp wire lengths  : top=0.000um, trunk=40.910um, leaf=138.555um, total=179.465um
    Clock DAG net violations PostConditioning after re-buffering DRV fixing: none
    Clock DAG primary half-corner transition distribution PostConditioning after re-buffering DRV fixing:
      Trunk : target=0.100ns count=2 avg=0.068ns sd=0.009ns min=0.062ns max=0.075ns {0 <= 0.060ns, 2 <= 0.080ns, 0 <= 0.090ns, 0 <= 0.095ns, 0 <= 0.100ns}
      Leaf  : target=0.100ns count=3 avg=0.085ns sd=0.004ns min=0.081ns max=0.088ns {0 <= 0.060ns, 0 <= 0.080ns, 3 <= 0.090ns, 0 <= 0.095ns, 0 <= 0.100ns}
    Clock DAG library cell distribution PostConditioning after re-buffering DRV fixing {count}:
       Invs: CLKINVX6: 4 
    Primary reporting skew groups PostConditioning after re-buffering DRV fixing:
      skew_group clk_i/func: insertion delay [min=0.139, max=0.142, avg=0.141, sd=0.001, skn=0.178, kur=-1.427], skew [0.003 vs 0.150], 100% {0.139, 0.142} (wid=0.003 ws=0.000) (gid=0.139 gs=0.003)
    Skew group summary PostConditioning after re-buffering DRV fixing:
      skew_group clk_i/func: insertion delay [min=0.139, max=0.142, avg=0.141, sd=0.001, skn=0.178, kur=-1.427], skew [0.003 vs 0.150], 100% {0.139, 0.142} (wid=0.003 ws=0.000) (gid=0.139 gs=0.003)
    Buffering to fix DRVs done. (took cpu=0:00:00.0 real=0:00:00.0)
    PostConditioning Fixing Skew by cell sizing...
      Modifying slew-target multiplier by 1
      Resized 0 clock insts to decrease delay.
      Resized 0 clock insts to increase delay.
      Restoring slew-target multiplier
      
      Statistics: Fix Skew (cell sizing):
      ===================================
      
      Cell changes by Net Type:
      
      -------------------------------------------------------------------------------------------------
      Net Type    Attempted    Upsized     Downsized    Swapped Same Size    Total Changed    Not Sized
      -------------------------------------------------------------------------------------------------
      top                0            0           0            0                    0                0
      trunk              0            0           0            0                    0                0
      leaf               0            0           0            0                    0                0
      -------------------------------------------------------------------------------------------------
      Total              0            0           0            0                    0                0
      -------------------------------------------------------------------------------------------------
      
      Upsized: 0, Downsized: 0, Sized but same area: 0, Unchanged: 0, Area change: 0.000um^2 (0.000%)
      Max. move: 0.000um, Min. move: 0.000um, Avg. move: N/A
      
      Clock DAG stats after 'PostConditioning Fixing Skew by cell sizing':
        cell counts      : b=0, i=4, icg=0, dcg=0, l=0, total=4
        sink counts      : regular=65, enable_latch=0, load_capacitance=0, antenna=0, node_sink=0, total=65
        misc counts      : r=1, pp=0, mci=0
        cell areas       : b=0.000um^2, i=9.576um^2, icg=0.000um^2, dcg=0.000um^2, l=0.000um^2, total=9.576um^2
        cell capacitance : b=0.000pF, i=0.010pF, icg=0.000pF, dcg=0.000pF, l=0.000pF, total=0.010pF
        sink capacitance : total=0.014pF, avg=0.000pF, sd=0.000pF, min=0.000pF, max=0.000pF
        wire capacitance : top=0.000pF, trunk=0.006pF, leaf=0.032pF, total=0.038pF
        wire lengths     : top=0.000um, trunk=51.795um, leaf=209.105um, total=260.900um
        hp wire lengths  : top=0.000um, trunk=40.910um, leaf=138.555um, total=179.465um
      Clock DAG net violations after 'PostConditioning Fixing Skew by cell sizing': none
      Clock DAG primary half-corner transition distribution after 'PostConditioning Fixing Skew by cell sizing':
        Trunk : target=0.100ns count=2 avg=0.068ns sd=0.009ns min=0.062ns max=0.075ns {0 <= 0.060ns, 2 <= 0.080ns, 0 <= 0.090ns, 0 <= 0.095ns, 0 <= 0.100ns}
        Leaf  : target=0.100ns count=3 avg=0.085ns sd=0.004ns min=0.081ns max=0.088ns {0 <= 0.060ns, 0 <= 0.080ns, 3 <= 0.090ns, 0 <= 0.095ns, 0 <= 0.100ns}
      Clock DAG library cell distribution after 'PostConditioning Fixing Skew by cell sizing' {count}:
         Invs: CLKINVX6: 4 
      Primary reporting skew groups after 'PostConditioning Fixing Skew by cell sizing':
        skew_group clk_i/func: insertion delay [min=0.139, max=0.142, avg=0.141, sd=0.001, skn=0.178, kur=-1.427], skew [0.003 vs 0.150], 100% {0.139, 0.142} (wid=0.003 ws=0.000) (gid=0.139 gs=0.003)
      Skew group summary after 'PostConditioning Fixing Skew by cell sizing':
        skew_group clk_i/func: insertion delay [min=0.139, max=0.142, avg=0.141, sd=0.001, skn=0.178, kur=-1.427], skew [0.003 vs 0.150], 100% {0.139, 0.142} (wid=0.003 ws=0.000) (gid=0.139 gs=0.003)
      Legalizer API calls during this step: 0 succeeded with high effort: 0 succeeded with medium effort: 0 succeeded with low effort: 0 succeeded with basic effort: 0 succeeded with basic unbounded effort: 0
    PostConditioning Fixing Skew by cell sizing done. (took cpu=0:00:00.0 real=0:00:00.0)
    Reconnecting optimized routes...
    Reset timing graph...
Ignoring AAE DB Resetting ...
    Reset timing graph done.
    Reconnecting optimized routes done. (took cpu=0:00:00.0 real=0:00:00.0)
Skipping place_detail: no changes were made during DRV and/or skew fixing steps so it is unnecessary.
    Legalizer API calls during this step: 0 succeeded with high effort: 0 succeeded with medium effort: 0 succeeded with low effort: 0 succeeded with basic effort: 0 succeeded with basic unbounded effort: 0
  PostConditioning done.
Net route status summary:
  Clock:         5 (unrouted=0, trialRouted=0, noStatus=0, routed=0, fixed=5, [crossesIlmBoundary=0, tooFewTerms=0, (crossesIlmBoundary AND tooFewTerms=0)])
  Non-clock:  2428 (unrouted=4, trialRouted=2424, noStatus=0, routed=0, fixed=0, [crossesIlmBoundary=0, tooFewTerms=3, (crossesIlmBoundary AND tooFewTerms=0)])
  Update timing and DAG stats after post-conditioning...
  Update timing and DAG stats after post-conditioning done. (took cpu=0:00:00.0 real=0:00:00.0)
  Clock tree timing engine global stage delay update for slow_0p9v_125c_cmax:both.late...
  Clock tree timing engine global stage delay update for slow_0p9v_125c_cmax:both.late done. (took cpu=0:00:00.0 real=0:00:00.0)
  Clock DAG stats after post-conditioning:
    cell counts      : b=0, i=4, icg=0, dcg=0, l=0, total=4
    sink counts      : regular=65, enable_latch=0, load_capacitance=0, antenna=0, node_sink=0, total=65
    misc counts      : r=1, pp=0, mci=0
    cell areas       : b=0.000um^2, i=9.576um^2, icg=0.000um^2, dcg=0.000um^2, l=0.000um^2, total=9.576um^2
    cell capacitance : b=0.000pF, i=0.010pF, icg=0.000pF, dcg=0.000pF, l=0.000pF, total=0.010pF
    sink capacitance : total=0.014pF, avg=0.000pF, sd=0.000pF, min=0.000pF, max=0.000pF
    wire capacitance : top=0.000pF, trunk=0.006pF, leaf=0.032pF, total=0.038pF
    wire lengths     : top=0.000um, trunk=51.795um, leaf=209.105um, total=260.900um
    hp wire lengths  : top=0.000um, trunk=40.910um, leaf=138.555um, total=179.465um
  Clock DAG net violations after post-conditioning: none
  Clock DAG primary half-corner transition distribution after post-conditioning:
    Trunk : target=0.100ns count=2 avg=0.068ns sd=0.009ns min=0.062ns max=0.075ns {0 <= 0.060ns, 2 <= 0.080ns, 0 <= 0.090ns, 0 <= 0.095ns, 0 <= 0.100ns}
    Leaf  : target=0.100ns count=3 avg=0.085ns sd=0.004ns min=0.081ns max=0.088ns {0 <= 0.060ns, 0 <= 0.080ns, 3 <= 0.090ns, 0 <= 0.095ns, 0 <= 0.100ns}
  Clock DAG library cell distribution after post-conditioning {count}:
     Invs: CLKINVX6: 4 
  Primary reporting skew groups after post-conditioning:
    skew_group clk_i/func: insertion delay [min=0.139, max=0.142, avg=0.141, sd=0.001, skn=0.178, kur=-1.427], skew [0.003 vs 0.150], 100% {0.139, 0.142} (wid=0.003 ws=0.000) (gid=0.139 gs=0.003)
  Skew group summary after post-conditioning:
    skew_group clk_i/func: insertion delay [min=0.139, max=0.142, avg=0.141, sd=0.001, skn=0.178, kur=-1.427], skew [0.003 vs 0.150], 100% {0.139, 0.142} (wid=0.003 ws=0.000) (gid=0.139 gs=0.003)
  CCOpt::Phase::PostConditioning done. (took cpu=0:00:00.1 real=0:00:00.1)
  Post-balance tidy up or trial balance steps...
  
  Clock DAG stats at end of CTS:
  ==============================
  
  -------------------------------------------------------
  Cell type                 Count    Area     Capacitance
  -------------------------------------------------------
  Buffers                     0      0.000       0.000
  Inverters                   4      9.576       0.010
  Integrated Clock Gates      0      0.000       0.000
  Discrete Clock Gates        0      0.000       0.000
  Clock Logic                 0      0.000       0.000
  All                         4      9.576       0.010
  -------------------------------------------------------
  
  Clock DAG miscellaneous counts at end of CTS:
  =============================================
  
  ------------------------------
  Type                     Count
  ------------------------------
  Roots                      1
  Preserved Ports            0
  Multiple Clock Inputs      0
  ------------------------------
  
  
  Clock DAG sink counts at end of CTS:
  ====================================
  
  -------------------------
  Sink type           Count
  -------------------------
  Regular              65
  Enable Latch          0
  Load Capacitance      0
  Antenna Diode         0
  Node Sink             0
  Total                65
  -------------------------
  
  
  Clock DAG wire lengths at end of CTS:
  =====================================
  
  --------------------
  Type     Wire Length
  --------------------
  Top          0.000
  Trunk       51.795
  Leaf       209.105
  Total      260.900
  --------------------
  
  
  Clock DAG hp wire lengths at end of CTS:
  ========================================
  
  -----------------------
  Type     hp Wire Length
  -----------------------
  Top           0.000
  Trunk        40.910
  Leaf        138.555
  Total       179.465
  -----------------------
  
  
  Clock DAG capacitances at end of CTS:
  =====================================
  
  --------------------------------
  Type     Gate     Wire     Total
  --------------------------------
  Top      0.000    0.000    0.000
  Trunk    0.010    0.006    0.016
  Leaf     0.014    0.032    0.046
  Total    0.023    0.038    0.062
  --------------------------------
  
  
  Clock DAG sink capacitances at end of CTS:
  ==========================================
  
  -----------------------------------------------
  Total    Average    Std. Dev.    Min      Max
  -----------------------------------------------
  0.014     0.000       0.000      0.000    0.000
  -----------------------------------------------
  
  
  Clock DAG net violations at end of CTS:
  =======================================
  
  None
  
  
  Clock DAG primary half-corner transition distribution at end of CTS:
  ====================================================================
  
  --------------------------------------------------------------------------------------------------------------------------------------------------------------
  Net Type    Target    Count    Average    Std. Dev.    Min      Max      Distribution                                                              Over Target
  --------------------------------------------------------------------------------------------------------------------------------------------------------------
  Trunk       0.100       2       0.068       0.009      0.062    0.075    {0 <= 0.060ns, 2 <= 0.080ns, 0 <= 0.090ns, 0 <= 0.095ns, 0 <= 0.100ns}         -
  Leaf        0.100       3       0.085       0.004      0.081    0.088    {0 <= 0.060ns, 0 <= 0.080ns, 3 <= 0.090ns, 0 <= 0.095ns, 0 <= 0.100ns}         -
  --------------------------------------------------------------------------------------------------------------------------------------------------------------
  
  
  Clock DAG library cell distribution at end of CTS:
  ==================================================
  
  -------------------------------------------
  Name        Type        Inst     Inst Area 
                          Count    (um^2)
  -------------------------------------------
  CLKINVX6    inverter      4        9.576
  -------------------------------------------
  
  
  Primary reporting skew groups summary at end of CTS:
  ====================================================
  
  -------------------------------------------------------------------------------------------------------------------------------------------------------------------------------------------------
  Half-corner                      Skew Group    Min ID    Max ID    Skew     Skew target    Wire skew    Worst sink skew    Average ID    Std.Dev    Skewness    Kurtosis    Skew window occupancy
  -------------------------------------------------------------------------------------------------------------------------------------------------------------------------------------------------
  slow_0p9v_125c_cmax:both.late    clk_i/func    0.139     0.142     0.003       0.150         0.000           0.000           0.141        0.001      0.178       -1.427     100% {0.139, 0.142}
  -------------------------------------------------------------------------------------------------------------------------------------------------------------------------------------------------
  
  
  Skew group summary at end of CTS:
  =================================
  
  -------------------------------------------------------------------------------------------------------------------------------------------------------------------------------------------------
  Half-corner                      Skew Group    Min ID    Max ID    Skew     Skew target    Wire skew    Worst sink skew    Average ID    Std.Dev    Skewness    Kurtosis    Skew window occupancy
  -------------------------------------------------------------------------------------------------------------------------------------------------------------------------------------------------
  slow_0p9v_125c_cmax:both.late    clk_i/func    0.139     0.142     0.003       0.150         0.000           0.000           0.141        0.001      0.178       -1.427     100% {0.139, 0.142}
  -------------------------------------------------------------------------------------------------------------------------------------------------------------------------------------------------
  
  
  Found a total of 0 clock tree pins with a slew violation.
  
  Post-balance tidy up or trial balance steps done. (took cpu=0:00:00.0 real=0:00:00.0)
Synthesizing clock trees done.
Tidy Up And Update Timing...
External - Set all clocks to propagated mode...
Innovus updating I/O latencies
AAE_INFO: opIsDesignInPostRouteState() is 0
#################################################################################
# Design Stage: PreRoute
# Design Name: matmul_sync
# Design Mode: 45nm
# Analysis Mode: MMMC OCV 
# Parasitics Mode: No SPEF/RCDB 
# Signoff Settings: SI Off (EWM)
#################################################################################
Start delay calculation (fullDC) (8 T). (MEM=3555.54)
Total number of fetched objects 2430
AAE_INFO: Total number of nets for which stage creation was skipped for all views 0
Total number of fetched objects 2430
AAE_INFO: Total number of nets for which stage creation was skipped for all views 0
End delay calculation. (MEM=3653.75 CPU=0:00:00.2 REAL=0:00:00.0)
End delay calculation (fullDC). (MEM=3653.75 CPU=0:00:00.3 REAL=0:00:00.0)
	Clock: clk_i, View: slow_0p9v_125c_cmax_scan_shift, Ideal Latency: 0, Propagated Latency: 0.136558
	 Executing: set_clock_latency -source -early -min -rise -0.136558 [get_pins clk_i]
	Clock: clk_i, View: slow_0p9v_125c_cmax_scan_shift, Ideal Latency: 0, Propagated Latency: 0.136558
	 Executing: set_clock_latency -source -late -min -rise -0.136558 [get_pins clk_i]
	Clock: clk_i, View: slow_0p9v_125c_cmax_scan_shift, Ideal Latency: 0, Propagated Latency: 0.138695
	 Executing: set_clock_latency -source -early -min -fall -0.638695 [get_pins clk_i]
	Clock: clk_i, View: slow_0p9v_125c_cmax_scan_shift, Ideal Latency: 0, Propagated Latency: 0.138695
	 Executing: set_clock_latency -source -late -min -fall -0.638695 [get_pins clk_i]
	Clock: clk_i, View: slow_0p9v_125c_cmax_scan_shift, Ideal Latency: 0, Propagated Latency: 0.136558
	 Executing: set_clock_latency -source -early -max -rise -0.136558 [get_pins clk_i]
	Clock: clk_i, View: slow_0p9v_125c_cmax_scan_shift, Ideal Latency: 0, Propagated Latency: 0.136558
	 Executing: set_clock_latency -source -late -max -rise -0.136558 [get_pins clk_i]
	Clock: clk_i, View: slow_0p9v_125c_cmax_scan_shift, Ideal Latency: 0, Propagated Latency: 0.138695
	 Executing: set_clock_latency -source -early -max -fall 0.361305 [get_pins clk_i]
	Clock: clk_i, View: slow_0p9v_125c_cmax_scan_shift, Ideal Latency: 0, Propagated Latency: 0.138695
	 Executing: set_clock_latency -source -late -max -fall 0.361305 [get_pins clk_i]
	Clock: clk_i, View: fast_1p1v_0c_cmin_scan_capture, Ideal Latency: 0, Propagated Latency: 0.0524115
	 Executing: set_clock_latency -source -early -min -rise -0.0524115 [get_pins clk_i]
	Clock: clk_i, View: fast_1p1v_0c_cmin_scan_capture, Ideal Latency: 0, Propagated Latency: 0.0524115
	 Executing: set_clock_latency -source -late -min -rise -0.0524115 [get_pins clk_i]
	Clock: clk_i, View: fast_1p1v_0c_cmin_scan_capture, Ideal Latency: 0, Propagated Latency: 0.0550589
	 Executing: set_clock_latency -source -early -min -fall -0.0550589 [get_pins clk_i]
	Clock: clk_i, View: fast_1p1v_0c_cmin_scan_capture, Ideal Latency: 0, Propagated Latency: 0.0550589
	 Executing: set_clock_latency -source -late -min -fall -0.0550589 [get_pins clk_i]
	Clock: clk_i, View: fast_1p1v_0c_cmin_scan_capture, Ideal Latency: 0, Propagated Latency: 0.0524115
	 Executing: set_clock_latency -source -early -max -rise -0.0524115 [get_pins clk_i]
	Clock: clk_i, View: fast_1p1v_0c_cmin_scan_capture, Ideal Latency: 0, Propagated Latency: 0.0524115
	 Executing: set_clock_latency -source -late -max -rise -0.0524115 [get_pins clk_i]
	Clock: clk_i, View: fast_1p1v_0c_cmin_scan_capture, Ideal Latency: 0, Propagated Latency: 0.0550589
	 Executing: set_clock_latency -source -early -max -fall -0.0550589 [get_pins clk_i]
	Clock: clk_i, View: fast_1p1v_0c_cmin_scan_capture, Ideal Latency: 0, Propagated Latency: 0.0550589
	 Executing: set_clock_latency -source -late -max -fall -0.0550589 [get_pins clk_i]
	Clock: clk_i, View: fast_1p1v_0c_cmin_scan_shift, Ideal Latency: 0, Propagated Latency: 0.0524115
	 Executing: set_clock_latency -source -early -min -rise -0.0524115 [get_pins clk_i]
	Clock: clk_i, View: fast_1p1v_0c_cmin_scan_shift, Ideal Latency: 0, Propagated Latency: 0.0524115
	 Executing: set_clock_latency -source -late -min -rise -0.0524115 [get_pins clk_i]
	Clock: clk_i, View: fast_1p1v_0c_cmin_scan_shift, Ideal Latency: 0, Propagated Latency: 0.0550589
	 Executing: set_clock_latency -source -early -min -fall -0.0550589 [get_pins clk_i]
	Clock: clk_i, View: fast_1p1v_0c_cmin_scan_shift, Ideal Latency: 0, Propagated Latency: 0.0550589
	 Executing: set_clock_latency -source -late -min -fall -0.0550589 [get_pins clk_i]
	Clock: clk_i, View: fast_1p1v_0c_cmin_scan_shift, Ideal Latency: 0, Propagated Latency: 0.0524115
	 Executing: set_clock_latency -source -early -max -rise -0.0524115 [get_pins clk_i]
	Clock: clk_i, View: fast_1p1v_0c_cmin_scan_shift, Ideal Latency: 0, Propagated Latency: 0.0524115
	 Executing: set_clock_latency -source -late -max -rise -0.0524115 [get_pins clk_i]
	Clock: clk_i, View: fast_1p1v_0c_cmin_scan_shift, Ideal Latency: 0, Propagated Latency: 0.0550589
	 Executing: set_clock_latency -source -early -max -fall -0.0550589 [get_pins clk_i]
	Clock: clk_i, View: fast_1p1v_0c_cmin_scan_shift, Ideal Latency: 0, Propagated Latency: 0.0550589
	 Executing: set_clock_latency -source -late -max -fall -0.0550589 [get_pins clk_i]
	Clock: clk_i, View: slow_0p9v_125c_cmax_func, Ideal Latency: 0, Propagated Latency: 0.136558
	 Executing: set_clock_latency -source -early -min -rise -0.136558 [get_pins clk_i]
	Clock: clk_i, View: slow_0p9v_125c_cmax_func, Ideal Latency: 0, Propagated Latency: 0.136558
	 Executing: set_clock_latency -source -late -min -rise -0.136558 [get_pins clk_i]
	Clock: clk_i, View: slow_0p9v_125c_cmax_func, Ideal Latency: 0, Propagated Latency: 0.138695
	 Executing: set_clock_latency -source -early -min -fall -0.238695 [get_pins clk_i]
	Clock: clk_i, View: slow_0p9v_125c_cmax_func, Ideal Latency: 0, Propagated Latency: 0.138695
	 Executing: set_clock_latency -source -late -min -fall -0.238695 [get_pins clk_i]
	Clock: clk_i, View: slow_0p9v_125c_cmax_func, Ideal Latency: 0, Propagated Latency: 0.136558
	 Executing: set_clock_latency -source -early -max -rise -0.136558 [get_pins clk_i]
	Clock: clk_i, View: slow_0p9v_125c_cmax_func, Ideal Latency: 0, Propagated Latency: 0.136558
	 Executing: set_clock_latency -source -late -max -rise -0.136558 [get_pins clk_i]
	Clock: clk_i, View: slow_0p9v_125c_cmax_func, Ideal Latency: 0, Propagated Latency: 0.138695
	 Executing: set_clock_latency -source -early -max -fall -0.0386951 [get_pins clk_i]
	Clock: clk_i, View: slow_0p9v_125c_cmax_func, Ideal Latency: 0, Propagated Latency: 0.138695
	 Executing: set_clock_latency -source -late -max -fall -0.0386951 [get_pins clk_i]
	Clock: clk_i, View: fast_1p1v_0c_cmin_func, Ideal Latency: 0, Propagated Latency: 0.0524115
	 Executing: set_clock_latency -source -early -min -rise -0.0524115 [get_pins clk_i]
	Clock: clk_i, View: fast_1p1v_0c_cmin_func, Ideal Latency: 0, Propagated Latency: 0.0524115
	 Executing: set_clock_latency -source -late -min -rise -0.0524115 [get_pins clk_i]
	Clock: clk_i, View: fast_1p1v_0c_cmin_func, Ideal Latency: 0, Propagated Latency: 0.0550595
	 Executing: set_clock_latency -source -early -min -fall -0.0550595 [get_pins clk_i]
	Clock: clk_i, View: fast_1p1v_0c_cmin_func, Ideal Latency: 0, Propagated Latency: 0.0550595
	 Executing: set_clock_latency -source -late -min -fall -0.0550595 [get_pins clk_i]
	Clock: clk_i, View: fast_1p1v_0c_cmin_func, Ideal Latency: 0, Propagated Latency: 0.0524115
	 Executing: set_clock_latency -source -early -max -rise -0.0524115 [get_pins clk_i]
	Clock: clk_i, View: fast_1p1v_0c_cmin_func, Ideal Latency: 0, Propagated Latency: 0.0524115
	 Executing: set_clock_latency -source -late -max -rise -0.0524115 [get_pins clk_i]
	Clock: clk_i, View: fast_1p1v_0c_cmin_func, Ideal Latency: 0, Propagated Latency: 0.0550595
	 Executing: set_clock_latency -source -early -max -fall -0.0550595 [get_pins clk_i]
	Clock: clk_i, View: fast_1p1v_0c_cmin_func, Ideal Latency: 0, Propagated Latency: 0.0550595
	 Executing: set_clock_latency -source -late -max -fall -0.0550595 [get_pins clk_i]
	Clock: clk_i, View: slow_0p9v_125c_cmax_scan_capture, Ideal Latency: 0, Propagated Latency: 0.136558
	 Executing: set_clock_latency -source -early -min -rise -0.136558 [get_pins clk_i]
	Clock: clk_i, View: slow_0p9v_125c_cmax_scan_capture, Ideal Latency: 0, Propagated Latency: 0.136558
	 Executing: set_clock_latency -source -late -min -rise -0.136558 [get_pins clk_i]
	Clock: clk_i, View: slow_0p9v_125c_cmax_scan_capture, Ideal Latency: 0, Propagated Latency: 0.138695
	 Executing: set_clock_latency -source -early -min -fall -0.638695 [get_pins clk_i]
	Clock: clk_i, View: slow_0p9v_125c_cmax_scan_capture, Ideal Latency: 0, Propagated Latency: 0.138695
	 Executing: set_clock_latency -source -late -min -fall -0.638695 [get_pins clk_i]
	Clock: clk_i, View: slow_0p9v_125c_cmax_scan_capture, Ideal Latency: 0, Propagated Latency: 0.136558
	 Executing: set_clock_latency -source -early -max -rise -0.136558 [get_pins clk_i]
	Clock: clk_i, View: slow_0p9v_125c_cmax_scan_capture, Ideal Latency: 0, Propagated Latency: 0.136558
	 Executing: set_clock_latency -source -late -max -rise -0.136558 [get_pins clk_i]
	Clock: clk_i, View: slow_0p9v_125c_cmax_scan_capture, Ideal Latency: 0, Propagated Latency: 0.138695
	 Executing: set_clock_latency -source -early -max -fall 0.361305 [get_pins clk_i]
	Clock: clk_i, View: slow_0p9v_125c_cmax_scan_capture, Ideal Latency: 0, Propagated Latency: 0.138695
	 Executing: set_clock_latency -source -late -max -fall 0.361305 [get_pins clk_i]
Setting all clocks to propagated mode.
External - Set all clocks to propagated mode done. (took cpu=0:00:00.9 real=0:00:00.5)
Clock DAG stats after update timingGraph:
  cell counts      : b=0, i=4, icg=0, dcg=0, l=0, total=4
  sink counts      : regular=65, enable_latch=0, load_capacitance=0, antenna=0, node_sink=0, total=65
  misc counts      : r=1, pp=0, mci=0
  cell areas       : b=0.000um^2, i=9.576um^2, icg=0.000um^2, dcg=0.000um^2, l=0.000um^2, total=9.576um^2
  cell capacitance : b=0.000pF, i=0.010pF, icg=0.000pF, dcg=0.000pF, l=0.000pF, total=0.010pF
  sink capacitance : total=0.014pF, avg=0.000pF, sd=0.000pF, min=0.000pF, max=0.000pF
  wire capacitance : top=0.000pF, trunk=0.006pF, leaf=0.032pF, total=0.038pF
  wire lengths     : top=0.000um, trunk=51.795um, leaf=209.105um, total=260.900um
  hp wire lengths  : top=0.000um, trunk=40.910um, leaf=138.555um, total=179.465um
Clock DAG net violations after update timingGraph: none
Clock DAG primary half-corner transition distribution after update timingGraph:
  Trunk : target=0.100ns count=2 avg=0.068ns sd=0.009ns min=0.062ns max=0.075ns {0 <= 0.060ns, 2 <= 0.080ns, 0 <= 0.090ns, 0 <= 0.095ns, 0 <= 0.100ns}
  Leaf  : target=0.100ns count=3 avg=0.085ns sd=0.004ns min=0.081ns max=0.088ns {0 <= 0.060ns, 0 <= 0.080ns, 3 <= 0.090ns, 0 <= 0.095ns, 0 <= 0.100ns}
Clock DAG library cell distribution after update timingGraph {count}:
   Invs: CLKINVX6: 4 
Primary reporting skew groups after update timingGraph:
  skew_group clk_i/func: insertion delay [min=0.139, max=0.142, avg=0.141, sd=0.001, skn=0.178, kur=-1.427], skew [0.003 vs 0.150], 100% {0.139, 0.142} (wid=0.003 ws=0.000) (gid=0.139 gs=0.003)
Skew group summary after update timingGraph:
  skew_group clk_i/func: insertion delay [min=0.139, max=0.142, avg=0.141, sd=0.001, skn=0.178, kur=-1.427], skew [0.003 vs 0.150], 100% {0.139, 0.142} (wid=0.003 ws=0.000) (gid=0.139 gs=0.003)
Logging CTS constraint violations...
  No violations found.
Logging CTS constraint violations done.
Tidy Up And Update Timing done. (took cpu=0:00:00.9 real=0:00:00.5)
Copying last skew targets (including wire skew targets) from clk_i/func to clk_i/scan_capture (the duplicate skew group).
Copying last insertion target (including wire insertion delay target) from clk_i/func to clk_i/scan_capture (the duplicate skew group).
Copying last skew targets (including wire skew targets) from clk_i/func to clk_i/scan_shift (the duplicate skew group).
Copying last insertion target (including wire insertion delay target) from clk_i/func to clk_i/scan_shift (the duplicate skew group).
Runtime done. (took cpu=0:00:16.4 real=0:00:12.6)
Runtime Summary
===============
Clock Runtime:  (14%) Core CTS           1.87 (Init 0.91, Construction 0.26, Implementation 0.33, eGRPC 0.10, PostConditioning 0.06, Other 0.21)
Clock Runtime:  (35%) CTS services       4.51 (RefinePlace 0.58, EarlyGlobalClock 0.29, NanoRoute 3.55, ExtractRC 0.09, TimingAnalysis 0.00)
Clock Runtime:  (49%) Other CTS          6.23 (Init 0.56, CongRepair/EGR-DP 5.13, TimingUpdate 0.54, Other 0.00)
Clock Runtime: (100%) Total             12.61

Leaving CCOpt scope - Cleaning up placement interface...
Leaving CCOpt scope - Cleaning up placement interface done. (took cpu=0:00:00.0 real=0:00:00.0)
**WARN: (IMPSP-2904):	option place_detail_filler_gap_effort and place_detail_filler_gap_min_gap will be obsolete from next release and is replaced by place_detail_legalization_inst_gap <site>.
**WARN: (IMPSP-2904):	option place_detail_filler_gap_effort and place_detail_filler_gap_min_gap will be obsolete from next release and is replaced by place_detail_legalization_inst_gap <site>.
*** CTS #1 [finish] (clock_opt_design #1) : cpu/real = 0:00:16.1/0:00:12.4 (1.3), totSession cpu/real = 0:00:45.5/0:00:49.6 (0.9), mem = 6643.2M
Synthesizing clock trees with CCOpt done.
      flow.cputime  flow.realtime  timing.setup.tns  timing.setup.wns  snapshot
UM:*                                                                   cts
Begin: Reorder Scan Chains
*** Scan Trace Summary (runtime: cpu: 0:00:00.0 , real: 0:00:00.0): 
Successfully traced 1 scan chain  (total 64 scan bits).
Start applying DEF ordered sections ...
Successfully applied all DEF ordered sections.
*** Scan Sanity Check Summary:
*** 1 scan chain  passed sanity check.
DBG: sciUnitLenDelay = 0.123450
Set analysis mode to hold.
AAE_INFO: opIsDesignInPostRouteState() is 0
#################################################################################
# Design Stage: PreRoute
# Design Name: matmul_sync
# Design Mode: 45nm
# Analysis Mode: MMMC OCV 
# Parasitics Mode: No SPEF/RCDB 
# Signoff Settings: SI Off (EWM)
#################################################################################
Start delay calculation (fullDC) (8 T). (MEM=3527.74)
Total number of fetched objects 2430
AAE_INFO: Total number of nets for which stage creation was skipped for all views 0
Total number of fetched objects 2430
AAE_INFO: Total number of nets for which stage creation was skipped for all views 0
End delay calculation. (MEM=3623.66 CPU=0:00:00.6 REAL=0:00:00.0)
End delay calculation (fullDC). (MEM=3623.66 CPU=0:00:00.8 REAL=0:00:00.0)
DBG: scgNrActiveHoldView = 6
*** Scan Trace Summary (runtime: cpu: 0:00:00.0 , real: 0:00:00.0): 
Successfully traced 1 scan chain  (total 64 scan bits).
Start applying DEF ordered sections ...
Successfully applied all DEF ordered sections.
*** Scan Sanity Check Summary:
*** 1 scan chain  passed sanity check.
AAE_INFO: opIsDesignInPostRouteState() is 0
#################################################################################
# Design Stage: PreRoute
# Design Name: matmul_sync
# Design Mode: 45nm
# Analysis Mode: MMMC OCV 
# Parasitics Mode: No SPEF/RCDB 
# Signoff Settings: SI Off (EWM)
#################################################################################
Start delay calculation (fullDC) (8 T). (MEM=3652.59)
Total number of fetched objects 2430
AAE_INFO: Total number of nets for which stage creation was skipped for all views 0
Total number of fetched objects 2430
AAE_INFO: Total number of nets for which stage creation was skipped for all views 0
End delay calculation. (MEM=3679.52 CPU=0:00:00.6 REAL=0:00:00.0)
End delay calculation (fullDC). (MEM=3679.52 CPU=0:00:00.8 REAL=0:00:00.0)
Restore timing analysis mode.
*** Summary: Scan Reorder within scan chain
Initial total scan wire length:      690.975 (floating:      657.565)
Final   total scan wire length:      690.975 (floating:      657.565)
Improvement:        0.000   percent  0.00 (floating improvement:        0.000   percent  0.00)
Initial scan reorder max long connection: not available for -stitchChainsAfterFreeMerging
Final   scan reorder max long connection:       20.605
Total net length = 2.262e+04 (1.112e+04 1.150e+04) (ext = 2.222e+03)
*** End of reorder_scan (cpu=0:00:02.7, real=0:00:01.0, mem=6560.2M) ***
End: Reorder Scan Chains
**opt_design ... cpu = 0:00:00, real = 0:00:00, mem = 3467.1M, totSessionCpu=0:00:48 **
GigaOpt running with 8 threads.
*** InitOpt #1 [begin] (clock_opt_design #1) : totSession cpu/real = 0:00:48.2/0:00:50.7 (0.9), mem = 6560.2M
**INFO: set_db design_flow_effort standard -> setting 'set_db opt_all_end_points true' for the duration of this command.
Need call spDPlaceInit before registerPrioInstLoc.
[GPS-MSV] UPF Flow. Number of Power Domains: 1
[GPS-MSV]   Power Domain 'pd_aon' (tag=1) Default
**WARN: (IMPOPT-3564):	The following cells are set dont_use temporarily by the tool because there are no rows defined for their technology site, or they are not placeable in any power domain, or their pins cannot be snapped to the tracks. To avoid this message, review the create_floorplan, msv setting, the library setting or set manually those cells as dont_use.
	Cell DFF2RX1, site CoreSite.
	Cell DFF2RX2, site CoreSite.
	Cell DFF2X1, site CoreSite.
	Cell DFF2X2, site CoreSite.
	Cell DFF4RX1, site CoreSite.
	Cell DFF4RX2, site CoreSite.
	Cell DFF4X1, site CoreSite.
	Cell DFF4X2, site CoreSite.
	Cell FSWNX1, site CoreSiteDouble.
	Cell FSWX1, site CoreSiteDouble.
	Cell HSWBX1, site CoreSite.
	Cell HSWCX1, site CoreSite.
	Cell HSWDNX1, site CoreSiteDouble.
	Cell HSWDX1, site CoreSiteDouble.
	Cell HSWNX1, site CoreSiteDouble.
	Cell HSWX1, site CoreSiteDouble.
	Cell ISOHLDX1_OFF, site CoreSiteDouble.
	Cell ISOHLDX1_ON, site CoreSite.
	Cell ISOHX1_OFF, site CoreSiteDouble.
	Cell ISOHX1_ON, site CoreSite.
	...
	Reporting only the 20 first cells found...
.
Info: Using SynthesisEngine executable '/opt/soc/eda/cadence/DDI231/INNOVUS231/bin/innovus_'.
      SynthesisEngine workers will not check out additional licenses.
**INFO: Using Advanced Metric Collection system.
**opt_design ... cpu = 0:00:01, real = 0:00:24, mem = 3567.3M, totSessionCpu=0:00:49 **
#optDebug: { P: 45 W: 9201 FE: standard PE: none LDR: 0.5}
*** opt_design -post_cts ***
DRC Margin: user margin 0.0; extra margin 0.2
Hold Target Slack: user slack 0
Setup Target Slack: user slack 0; extra slack 0.0
set_db opt_skew_eco_route false
Multi-VT timing optimization disabled based on library information.
Start to check current routing status for nets...
All nets are already routed correctly.
End to check current routing status for nets (mem=6561.2M)
	CornerforLayerOpt timing analysis view slow_0p9v_125c_cmax_func has been selected for calibration 
	CornerforLayerOpt timing analysis view slow_0p9v_125c_cmax_func has been selected for calibration 
	CornerforLayerOpt timing analysis view slow_0p9v_125c_cmax_func has been selected for calibration 
	CornerforLayerOpt timing analysis view slow_0p9v_125c_cmax_func has been selected for calibration 
	CornerforLayerOpt timing analysis view slow_0p9v_125c_cmax_func has been selected for calibration 
	CornerforLayerOpt timing analysis view slow_0p9v_125c_cmax_func has been selected for calibration 
	CornerforLayerOpt timing analysis view slow_0p9v_125c_cmax_func has been selected for calibration 
	CornerforLayerOpt timing analysis view slow_0p9v_125c_cmax_func has been selected for calibration 
	CornerforLayerOpt timing analysis view slow_0p9v_125c_cmax_func has been selected for calibration 
	CornerforLayerOpt timing analysis view slow_0p9v_125c_cmax_func has been selected for calibration 
	CornerforLayerOpt timing analysis view slow_0p9v_125c_cmax_func has been selected for calibration 
	CornerforLayerOpt timing analysis view slow_0p9v_125c_cmax_func has been selected for calibration 
Compute RC Scale Done ...
** Profile ** Start :  cpu=0:00:00.0, mem=6561.2M
** Profile ** Other data :  cpu=0:00:00.0, mem=6561.2M
Starting delay calculation for Setup views
AAE_INFO: opIsDesignInPostRouteState() is 0
#################################################################################
# Design Stage: PreRoute
# Design Name: matmul_sync
# Design Mode: 45nm
# Analysis Mode: MMMC OCV 
# Parasitics Mode: No SPEF/RCDB 
# Signoff Settings: SI Off (EWM)
#################################################################################
Start delay calculation (fullDC) (8 T). (MEM=3687.04)
Total number of fetched objects 2430
AAE_INFO: Total number of nets for which stage creation was skipped for all views 0
End delay calculation. (MEM=3783.29 CPU=0:00:00.4 REAL=0:00:00.0)
End delay calculation (fullDC). (MEM=3783.29 CPU=0:00:00.5 REAL=0:00:00.0)
*** Done Building Timing Graph (cpu=0:00:01.0 real=0:00:01.0 totSessionCpu=0:00:51.4 mem=6639.0M)
** Profile ** Overall slacks :  cpu=0:00:01.0, mem=6639.0M
** Profile ** DRVs :  cpu=0:00:00.0, mem=6640.0M

OptSummary:

------------------------------------------------------------------
             Initial Summary
------------------------------------------------------------------

Setup views included:
 slow_0p9v_125c_cmax_func slow_0p9v_125c_cmax_scan_capture 
 slow_0p9v_125c_cmax_scan_shift 

+--------------------+---------+
|     Setup mode     |   all   |
+--------------------+---------+
|           WNS (ns):| -0.084  |
|           TNS (ns):| -0.456  |
|    Violating Paths:|    8    |
|          All Paths:|   258   |
+--------------------+---------+

+----------------+-------------------------------+------------------+
|                |              Real             |       Total      |
|    DRVs        +------------------+------------+------------------|
|                |  Nr nets(terms)  | Worst Vio  |  Nr nets(terms)  |
+----------------+------------------+------------+------------------+
|   max_cap      |      1 (1)       |   -0.008   |     65 (65)      |
|   max_tran     |      0 (0)       |   0.000    |      0 (0)       |
|   max_fanout   |      0 (0)       |     0      |      0 (0)       |
|   max_length   |      0 (0)       |     0      |      0 (0)       |
+----------------+------------------+------------+------------------+

Density: 62.215%
------------------------------------------------------------------
** Profile ** Report data :  cpu=0:00:00.0, mem=6640.0M
**opt_design ... cpu = 0:00:03, real = 0:00:26, mem = 3725.9M, totSessionCpu=0:00:51 **
*** InitOpt #1 [finish] (clock_opt_design #1) : cpu/real = 0:00:03.3/0:00:25.6 (0.1), totSession cpu/real = 0:00:51.5/0:01:16.4 (0.7), mem = 6640.0M
** INFO : this run is activating low effort ccoptDesign flow
OPTC: m4 20.0 50.0 [ 250.0 20.0 50.0 ]
OPTC: view 50.0:250.0 100.0:500.0 100.0:500.0 [ 0.0500 ]
#optDebug: fT-E <X 2 0 0 1>
-opt_post_cts_congestion_repair false      # bool, default=false, private
GigaOpt Checkpoint: Internal congRefineRouteType -postCTS -congThreshold 0.001 -rescheduleForCongestion -numThreads 8 -resetVeryShortNets -resetShortNets -useSpineBased -rescheduleForAdherence -minSlack -225.5 -useBottleneckAnalyzer -drvRatio 0.4
Begin: GigaOpt Route Type Constraints Refinement
*** CongRefineRouteType #1 [begin] (clock_opt_design #1) : totSession cpu/real = 0:00:52.0/0:01:16.6 (0.7), mem = 6655.0M

Footprint cell information for calculating maxBufDist
*info: There are 11 candidate Buffer cells
*info: There are 12 candidate Inverter cells

Updated routing constraints on 0 nets.
Bottom Preferred Layer:
+---------------+------------+----------------------+
|     Layer     |    CLK     |         Rule         |
+---------------+------------+----------------------+
| Metal2 (z=2)  |          3 | ndr_cts_2w25s_leaf   |
+---------------+------------+----------------------+
| Metal7 (z=7)  |          2 | ndr_cts_2w25s_trunk  |
+---------------+------------+----------------------+
Via Pillar Rule:
    None
*** CongRefineRouteType #1 [finish] (clock_opt_design #1) : cpu/real = 0:00:00.4/0:00:00.4 (1.0), totSession cpu/real = 0:00:52.4/0:01:17.1 (0.7), mem = 6648.0M
End: GigaOpt Route Type Constraints Refinement
*** SimplifyNetlist #1 [begin] (clock_opt_design #1) : totSession cpu/real = 0:00:52.5/0:01:17.1 (0.7), mem = 6648.0M
Info: 5 nets with fixed/cover wires excluded.
Info: 5 clock nets excluded from IPO operation.

Netlist preparation processing... 

Constant propagation run...
CPU of constant propagation run : 0:00:00.0 (mem :6776.0M)

Dangling output instance removal run...
CPU of dangling output instance removal run : 0:00:00.0 (mem :6776.0M)

Dont care observability instance removal run...
CPU of dont care observability instance removal run : 0:00:00.0 (mem :6776.0M)

Removed instances... 

Replaced instances... 

Removed 0 instance
	CPU for removing db instances : 0:00:00.0 (mem :6776.0M)
	CPU for removing timing graph nodes : 0:00:00.0 (mem :6776.0M)
CPU of: netlist preparation :0:00:00.0 (mem :6776.0M)

Mark undriven nets with IPOIgnored run...
CPU of marking undriven nets with IPOIgnored run : 0:00:00.0 (mem :6776.0M)
*info: Marking 0 isolation instances dont touch
*info: Marking 0 level shifter instances dont touch
*** SimplifyNetlist #1 [finish] (clock_opt_design #1) : cpu/real = 0:00:00.7/0:00:00.7 (1.0), totSession cpu/real = 0:00:53.2/0:01:17.8 (0.7), mem = 6640.0M
*** ExcludedClockNetOpt #1 [begin] (clock_opt_design #1) : totSession cpu/real = 0:00:53.3/0:01:17.9 (0.7), mem = 6640.0M
*** Starting optimizing excluded clock nets MEM= 6640.0M) ***
*info: No excluded clock nets to be optimized.
*** Finished optimizing excluded clock nets (CPU Time= 0:00:00.0  MEM= 6640.0M) ***
*** ExcludedClockNetOpt #1 [finish] (clock_opt_design #1) : cpu/real = 0:00:00.0/0:00:00.0 (0.0), totSession cpu/real = 0:00:53.3/0:01:17.9 (0.7), mem = 6640.0M
*** ExcludedClockNetOpt #2 [begin] (clock_opt_design #1) : totSession cpu/real = 0:00:53.3/0:01:17.9 (0.7), mem = 6640.0M
*** Starting optimizing excluded clock nets MEM= 6640.0M) ***
*info: No excluded clock nets to be optimized.
*** Finished optimizing excluded clock nets (CPU Time= 0:00:00.0  MEM= 6640.0M) ***
*** ExcludedClockNetOpt #2 [finish] (clock_opt_design #1) : cpu/real = 0:00:00.0/0:00:00.0 (0.0), totSession cpu/real = 0:00:53.3/0:01:17.9 (0.7), mem = 6640.0M
Info: Done creating the CCOpt slew target map.
Begin: GigaOpt high fanout net optimization
GigaOpt HFN: use maxLocalDensity 1.2
GigaOpt Checkpoint: Internal optDRV -useLevelizedBufferTreeOnly -auxMaxFanoutCountLimit 500 -largeScaleFixing -maxIter 1 -maxLocalDensity 1.2 -numThreads 8 -postCTS -preRouteDontEndWithRefinePlaceIncrSteinerRouteDC
*** DrvOpt #1 [begin] (clock_opt_design #1) : totSession cpu/real = 0:00:53.3/0:01:18.0 (0.7), mem = 6640.0M
Info: 5 nets with fixed/cover wires excluded.
Info: 5 clock nets excluded from IPO operation.
	CornerforLayerOpt timing analysis view slow_0p9v_125c_cmax_func has been selected for calibration 
	CornerforLayerOpt timing analysis view slow_0p9v_125c_cmax_func has been selected for calibration 
	CornerforLayerOpt timing analysis view slow_0p9v_125c_cmax_func has been selected for calibration 
	CornerforLayerOpt timing analysis view slow_0p9v_125c_cmax_func has been selected for calibration 
	CornerforLayerOpt timing analysis view slow_0p9v_125c_cmax_func has been selected for calibration 
	CornerforLayerOpt timing analysis view slow_0p9v_125c_cmax_func has been selected for calibration 
	CornerforLayerOpt timing analysis view slow_0p9v_125c_cmax_func has been selected for calibration 
	CornerforLayerOpt timing analysis view slow_0p9v_125c_cmax_func has been selected for calibration 
	CornerforLayerOpt timing analysis view slow_0p9v_125c_cmax_func has been selected for calibration 
	CornerforLayerOpt timing analysis view slow_0p9v_125c_cmax_func has been selected for calibration 
	CornerforLayerOpt timing analysis view slow_0p9v_125c_cmax_func has been selected for calibration 
	CornerforLayerOpt timing analysis view slow_0p9v_125c_cmax_func has been selected for calibration 
	CornerforLayerOpt timing analysis view slow_0p9v_125c_cmax_func has been selected for calibration 
	CornerforLayerOpt timing analysis view slow_0p9v_125c_cmax_func has been selected for calibration 
	CornerforLayerOpt timing analysis view slow_0p9v_125c_cmax_func has been selected for calibration 
	CornerforLayerOpt timing analysis view slow_0p9v_125c_cmax_func has been selected for calibration 
	CornerforLayerOpt timing analysis view slow_0p9v_125c_cmax_func has been selected for calibration 
	CornerforLayerOpt timing analysis view slow_0p9v_125c_cmax_func has been selected for calibration 
	CornerforLayerOpt timing analysis view slow_0p9v_125c_cmax_func has been selected for calibration 
	CornerforLayerOpt timing analysis view slow_0p9v_125c_cmax_func has been selected for calibration 
	CornerforLayerOpt timing analysis view slow_0p9v_125c_cmax_func has been selected for calibration 
	CornerforLayerOpt timing analysis view slow_0p9v_125c_cmax_func has been selected for calibration 
	CornerforLayerOpt timing analysis view slow_0p9v_125c_cmax_func has been selected for calibration 
	CornerforLayerOpt timing analysis view slow_0p9v_125c_cmax_func has been selected for calibration 
*** DrvOpt #1 [finish] (clock_opt_design #1) : cpu/real = 0:00:00.3/0:00:00.3 (1.2), totSession cpu/real = 0:00:53.6/0:01:18.2 (0.7), mem = 6640.0M
GigaOpt HFN: restore maxLocalDensity to 0.98
End: GigaOpt high fanout net optimization
Begin: GigaOpt DRV Optimization
[GPS-DRV] number of DCLS groups: 0; maxIter: 2
GigaOpt Checkpoint: Internal optDRV -max_tran -max_cap -maxLocalDensity 0.98 -numThreads 8 -smallScaleFixing -maxIter 3 -setupTNSCostFactor 3.0 -max_fanout -postCTS
*** DrvOpt #2 [begin] (clock_opt_design #1) : totSession cpu/real = 0:00:53.7/0:01:18.2 (0.7), mem = 6648.0M
Info: 5 nets with fixed/cover wires excluded.
Info: 5 clock nets excluded from IPO operation.
	CornerforLayerOpt timing analysis view slow_0p9v_125c_cmax_func has been selected for calibration 
	CornerforLayerOpt timing analysis view slow_0p9v_125c_cmax_func has been selected for calibration 
	CornerforLayerOpt timing analysis view slow_0p9v_125c_cmax_func has been selected for calibration 
	CornerforLayerOpt timing analysis view slow_0p9v_125c_cmax_func has been selected for calibration 
	CornerforLayerOpt timing analysis view slow_0p9v_125c_cmax_func has been selected for calibration 
	CornerforLayerOpt timing analysis view slow_0p9v_125c_cmax_func has been selected for calibration 
	CornerforLayerOpt timing analysis view slow_0p9v_125c_cmax_func has been selected for calibration 
	CornerforLayerOpt timing analysis view slow_0p9v_125c_cmax_func has been selected for calibration 
	CornerforLayerOpt timing analysis view slow_0p9v_125c_cmax_func has been selected for calibration 
	CornerforLayerOpt timing analysis view slow_0p9v_125c_cmax_func has been selected for calibration 
	CornerforLayerOpt timing analysis view slow_0p9v_125c_cmax_func has been selected for calibration 
	CornerforLayerOpt timing analysis view slow_0p9v_125c_cmax_func has been selected for calibration 
	CornerforLayerOpt timing analysis view slow_0p9v_125c_cmax_func has been selected for calibration 
	CornerforLayerOpt timing analysis view slow_0p9v_125c_cmax_func has been selected for calibration 
	CornerforLayerOpt timing analysis view slow_0p9v_125c_cmax_func has been selected for calibration 
	CornerforLayerOpt timing analysis view slow_0p9v_125c_cmax_func has been selected for calibration 
	CornerforLayerOpt timing analysis view slow_0p9v_125c_cmax_func has been selected for calibration 
	CornerforLayerOpt timing analysis view slow_0p9v_125c_cmax_func has been selected for calibration 
	CornerforLayerOpt timing analysis view slow_0p9v_125c_cmax_func has been selected for calibration 
	CornerforLayerOpt timing analysis view slow_0p9v_125c_cmax_func has been selected for calibration 
	CornerforLayerOpt timing analysis view slow_0p9v_125c_cmax_func has been selected for calibration 
	CornerforLayerOpt timing analysis view slow_0p9v_125c_cmax_func has been selected for calibration 
	CornerforLayerOpt timing analysis view slow_0p9v_125c_cmax_func has been selected for calibration 
	CornerforLayerOpt timing analysis view slow_0p9v_125c_cmax_func has been selected for calibration 
+-------------------------------------------------------------------------------------------------------------------------------------------------------+
|        max-tran       |        max-cap        |  max-fanout |  max-length |       setup       |        |        |        |       |          |         |
+-------------------------------------------------------------------------------------------------------------------------------------------------------+
| nets | terms|  wViol  | nets | terms|  wViol  | nets | terms| nets | terms|   WNS   |   TNS   |  #Buf  |  #Inv  | #Resize|Density|   Real   |   Mem   |
+-------------------------------------------------------------------------------------------------------------------------------------------------------+
|     0|     0|     0.00|     0|     0|     0.00|     0|     0|     0|     0|    -0.08|    -0.46|       0|       0|       0| 62.22%|          |         |
|     0|     0|     0.00|     0|     0|     0.00|     0|     0|     0|     0|    -0.08|    -0.46|       0|       0|       0| 62.22%| 0:00:00.0|  6776.0M|
+-------------------------------------------------------------------------------------------------------------------------------------------------------+
Bottom Preferred Layer:
+---------------+------------+----------------------+
|     Layer     |    CLK     |         Rule         |
+---------------+------------+----------------------+
| Metal2 (z=2)  |          3 | ndr_cts_2w25s_leaf   |
+---------------+------------+----------------------+
| Metal7 (z=7)  |          2 | ndr_cts_2w25s_trunk  |
+---------------+------------+----------------------+
Via Pillar Rule:
    None

*** Finish DRV Fixing (cpu=0:00:00.0 real=0:00:00.0 mem=6776.0M) ***

*** DrvOpt #2 [finish] (clock_opt_design #1) : cpu/real = 0:00:00.8/0:00:00.8 (1.1), totSession cpu/real = 0:00:54.5/0:01:19.0 (0.7), mem = 6640.0M
End: GigaOpt DRV Optimization
GigaOpt DRV: restore maxLocalDensity to 0.98
**opt_design ... cpu = 0:00:06, real = 0:00:29, mem = 3736.5M, totSessionCpu=0:00:55 **

Optimization is working on the following views:
  Setup views: slow_0p9v_125c_cmax_func slow_0p9v_125c_cmax_scan_shift 
  Hold  views: slow_0p9v_125c_cmax_func slow_0p9v_125c_cmax_scan_shift fast_1p1v_0c_cmin_func fast_1p1v_0c_cmin_scan_capture fast_1p1v_0c_cmin_scan_shift 
Number of setup views: 3
Begin: GigaOpt Global Optimization
*info: use new DP (enabled)
GigaOpt Checkpoint: Internal globalOpt -maxLocalDensity 1.2 -numThreads 8 -postCTS -preRouteDontEndWithRefinePlaceIncrSteinerRouteDC -enableHighLayerOpt -maxIter 1 -maxIterForLEPG 1 -maxIterAtSameRoiCutoff 0
Info: 5 nets with fixed/cover wires excluded.
Info: 5 clock nets excluded from IPO operation.
*** GlobalOpt #1 [begin] (clock_opt_design #1) : totSession cpu/real = 0:00:54.9/0:01:19.2 (0.7), mem = 6655.0M
*info: 5 clock nets excluded
*info: 5 nets with fixed/cover wires excluded.
** GigaOpt Global Opt WNS Slack -0.084  TNS Slack -0.456 
+--------+--------+---------+------------+--------+--------------------------------+---------+-----------------------------------------+
|  WNS   |  TNS   | Density |    Real    |  Mem   |           Worst View           |Pathgroup|                End Point                |
+--------+--------+---------+------------+--------+--------------------------------+---------+-----------------------------------------+
|  -0.084|  -0.456|   62.22%|   0:00:00.0| 6784.0M|        slow_0p9v_125c_cmax_func|  default| result_o[30]                            |
|  -0.084|  -0.456|   62.22%|   0:00:00.0| 6792.0M|        slow_0p9v_125c_cmax_func|  default| result_o[30]                            |
|  -0.084|  -0.456|   62.22%|   0:00:00.0| 6792.0M|        slow_0p9v_125c_cmax_func|  default| result_o[30]                            |
|  -0.084|  -0.456|   62.22%|   0:00:00.0| 6792.0M|        slow_0p9v_125c_cmax_func|  default| result_o[30]                            |
|  -0.081|  -0.359|   62.18%|   0:00:00.0| 6816.5M|        slow_0p9v_125c_cmax_func|  default| result_o[31]                            |
|  -0.081|  -0.359|   62.18%|   0:00:00.0| 6832.6M|        slow_0p9v_125c_cmax_func|  default| result_o[31]                            |
+--------+--------+---------+------------+--------+--------------------------------+---------+-----------------------------------------+

*** Finish post-CTS Global Setup Fixing (cpu=0:00:01.7 real=0:00:00.0 mem=6832.6M) ***

*** Finish post-CTS Setup Fixing (cpu=0:00:01.7 real=0:00:00.0 mem=6832.6M) ***
Bottom Preferred Layer:
+---------------+------------+----------------------+
|     Layer     |    CLK     |         Rule         |
+---------------+------------+----------------------+
| Metal2 (z=2)  |          3 | ndr_cts_2w25s_leaf   |
+---------------+------------+----------------------+
| Metal7 (z=7)  |          2 | ndr_cts_2w25s_trunk  |
+---------------+------------+----------------------+
Via Pillar Rule:
    None
** GigaOpt Global Opt End WNS Slack -0.081  TNS Slack -0.359 
*** GlobalOpt #1 [finish] (clock_opt_design #1) : cpu/real = 0:00:02.4/0:00:01.1 (2.2), totSession cpu/real = 0:00:57.3/0:01:20.3 (0.7), mem = 6696.6M
End: GigaOpt Global Optimization

Active setup views:
 slow_0p9v_125c_cmax_func
  Dominating endpoints: 128
  Dominating TNS: -0.359

 slow_0p9v_125c_cmax_scan_shift
  Dominating endpoints: 3
  Dominating TNS: -0.000


Optimization is working on the following views:
  Setup views: slow_0p9v_125c_cmax_func 
  Hold  views: slow_0p9v_125c_cmax_func fast_1p1v_0c_cmin_func fast_1p1v_0c_cmin_scan_capture fast_1p1v_0c_cmin_scan_shift 
Begin: GigaOpt Global Optimization
*info: use new DP (enabled)
GigaOpt Checkpoint: Internal globalOpt -maxLocalDensity 1.2 -numThreads 8 -postCTS -preRouteDontEndWithRefinePlaceIncrSteinerRouteDC -enableHighLayerOpt -maxIter 50 -maxIterForLEPG 50
Info: 5 nets with fixed/cover wires excluded.
Info: 5 clock nets excluded from IPO operation.
*** GlobalOpt #2 [begin] (clock_opt_design #1) : totSession cpu/real = 0:00:57.6/0:01:20.5 (0.7), mem = 6687.6M
*info: 5 clock nets excluded
*info: 5 nets with fixed/cover wires excluded.
** GigaOpt Global Opt WNS Slack -0.081  TNS Slack -0.359 
+--------+--------+---------+------------+--------+--------------------------------+---------+-----------------------------------------+
|  WNS   |  TNS   | Density |    Real    |  Mem   |           Worst View           |Pathgroup|                End Point                |
+--------+--------+---------+------------+--------+--------------------------------+---------+-----------------------------------------+
|  -0.081|  -0.359|   62.18%|   0:00:00.0| 6816.6M|        slow_0p9v_125c_cmax_func|  default| result_o[31]                            |
|  -0.081|  -0.359|   62.18%|   0:00:00.0| 6816.6M|        slow_0p9v_125c_cmax_func|  default| result_o[31]                            |
|  -0.081|  -0.359|   62.18%|   0:00:00.0| 6816.6M|        slow_0p9v_125c_cmax_func|  default| result_o[31]                            |
|  -0.081|  -0.359|   62.18%|   0:00:00.0| 6816.6M|        slow_0p9v_125c_cmax_func|  default| result_o[31]                            |
|  -0.081|  -0.359|   62.18%|   0:00:00.0| 6816.6M|        slow_0p9v_125c_cmax_func|  default| result_o[31]                            |
|  -0.073|  -0.337|   62.18%|   0:00:00.0| 6827.6M|        slow_0p9v_125c_cmax_func|  default| result_o[31]                            |
|  -0.073|  -0.337|   62.18%|   0:00:00.0| 6827.6M|        slow_0p9v_125c_cmax_func|  default| result_o[31]                            |
|  -0.073|  -0.337|   62.18%|   0:00:00.0| 6827.6M|        slow_0p9v_125c_cmax_func|  default| result_o[31]                            |
|  -0.070|  -0.294|   62.18%|   0:00:00.0| 6831.1M|        slow_0p9v_125c_cmax_func|  default| result_o[31]                            |
|  -0.070|  -0.268|   62.17%|   0:00:00.0| 6861.9M|        slow_0p9v_125c_cmax_func|  default| result_o[31]                            |
|  -0.070|  -0.268|   62.17%|   0:00:00.0| 6861.9M|        slow_0p9v_125c_cmax_func|  default| result_o[31]                            |
|  -0.070|  -0.268|   62.17%|   0:00:00.0| 6861.9M|        slow_0p9v_125c_cmax_func|  default| result_o[31]                            |
|  -0.059|  -0.241|   62.22%|   0:00:00.0| 6865.7M|        slow_0p9v_125c_cmax_func|  default| result_o[31]                            |
|  -0.057|  -0.227|   62.22%|   0:00:01.0| 6886.7M|        slow_0p9v_125c_cmax_func|  default| result_o[63]                            |
|  -0.057|  -0.227|   62.22%|   0:00:00.0| 6886.7M|        slow_0p9v_125c_cmax_func|  default| result_o[63]                            |
|  -0.057|  -0.227|   62.22%|   0:00:00.0| 6886.7M|        slow_0p9v_125c_cmax_func|  default| result_o[63]                            |
|  -0.058|  -0.229|   62.25%|   0:00:00.0| 6886.7M|        slow_0p9v_125c_cmax_func|  default| result_o[63]                            |
|  -0.058|  -0.229|   62.25%|   0:00:00.0| 6889.2M|        slow_0p9v_125c_cmax_func|  default| result_o[63]                            |
+--------+--------+---------+------------+--------+--------------------------------+---------+-----------------------------------------+

*** Finish post-CTS Global Setup Fixing (cpu=0:00:02.7 real=0:00:01.0 mem=6889.2M) ***

*** Finish post-CTS Setup Fixing (cpu=0:00:02.7 real=0:00:01.0 mem=6889.2M) ***
Bottom Preferred Layer:
+---------------+------------+----------------------+
|     Layer     |    CLK     |         Rule         |
+---------------+------------+----------------------+
| Metal2 (z=2)  |          3 | ndr_cts_2w25s_leaf   |
+---------------+------------+----------------------+
| Metal7 (z=7)  |          2 | ndr_cts_2w25s_trunk  |
+---------------+------------+----------------------+
Via Pillar Rule:
    None
** GigaOpt Global Opt End WNS Slack -0.058  TNS Slack -0.229 
*** GlobalOpt #2 [finish] (clock_opt_design #1) : cpu/real = 0:00:03.4/0:00:01.6 (2.1), totSession cpu/real = 0:01:01.0/0:01:22.1 (0.7), mem = 6753.2M
End: GigaOpt Global Optimization
*** Timing NOT met, worst failing slack is -0.058
*** Check timing (0:00:00.0)
GigaOpt Checkpoint: Internal reclaim -numThreads 8 -postCTS -doRemoveUselessTerm -tgtSlackMult 3 -routeType -noRouteTypeResizePolish -noViewPrune -weedwhack -nonLegal -nativePathGroupFlow -SimpCCIn
Info: 5 nets with fixed/cover wires excluded.
Info: 5 clock nets excluded from IPO operation.
Begin: Area Reclaim Optimization
*** AreaOpt #1 [begin] (clock_opt_design #1) : totSession cpu/real = 0:01:01.2/0:01:22.3 (0.7), mem = 6825.2M
Reclaim Optimization WNS Slack -0.058  TNS Slack -0.229 Density 62.25
+---------+---------+--------+--------+------------+--------+
| Density | Commits |  WNS   |  TNS   |    Real    |  Mem   |
+---------+---------+--------+--------+------------+--------+
|   62.25%|        -|  -0.058|  -0.229|   0:00:00.0| 6825.2M|
|   62.20%|        9|  -0.058|  -0.159|   0:00:01.0| 6841.2M|
|   62.20%|        0|  -0.058|  -0.159|   0:00:00.0| 6841.2M|
|   62.16%|        2|  -0.058|  -0.159|   0:00:00.0| 6841.2M|
|   62.01%|       16|  -0.055|  -0.195|   0:00:00.0| 6841.2M|
|   62.00%|        1|  -0.055|  -0.195|   0:00:00.0| 6841.2M|
|   62.00%|        0|  -0.055|  -0.195|   0:00:00.0| 6841.2M|
|   62.00%|        0|  -0.055|  -0.195|   0:00:00.0| 6841.2M|
+---------+---------+--------+--------+------------+--------+
Reclaim Optimization End WNS Slack -0.055  TNS Slack -0.195 Density 62.00
Bottom Preferred Layer:
+---------------+------------+----------------------+
|     Layer     |    CLK     |         Rule         |
+---------------+------------+----------------------+
| Metal2 (z=2)  |          3 | ndr_cts_2w25s_leaf   |
+---------------+------------+----------------------+
| Metal7 (z=7)  |          2 | ndr_cts_2w25s_trunk  |
+---------------+------------+----------------------+
Via Pillar Rule:
    None

Number of times islegalLocAvaiable called = 0 skipped = 0, called in commitmove = 0, skipped in commitmove = 0
End: Core Area Reclaim Optimization (cpu = 0:00:01.2) (real = 0:00:01.0) **
*** AreaOpt #1 [finish] (clock_opt_design #1) : cpu/real = 0:00:01.2/0:00:00.9 (1.3), totSession cpu/real = 0:01:02.4/0:01:23.2 (0.8), mem = 6841.2M
Executing incremental physical updates
Executing incremental physical updates
End: Area Reclaim Optimization (cpu=0:00:01, real=0:00:01, mem=6705.19M, totSessionCpu=0:01:02).
Begin: GigaOpt DRV Optimization
[GPS-DRV] number of DCLS groups: 0; maxIter: 2
GigaOpt Checkpoint: Internal optDRV -max_tran -max_cap -maxLocalDensity 0.98 -numThreads 8 -smallScaleFixing -maxIter 3 -setupTNSCostFactor 3.0 -max_fanout -postCTS
*** DrvOpt #3 [begin] (clock_opt_design #1) : totSession cpu/real = 0:01:02.5/0:01:23.3 (0.8), mem = 6713.2M
Info: 5 nets with fixed/cover wires excluded.
Info: 5 clock nets excluded from IPO operation.
	CornerforLayerOpt timing analysis view slow_0p9v_125c_cmax_func has been selected for calibration 
	CornerforLayerOpt timing analysis view slow_0p9v_125c_cmax_func has been selected for calibration 
	CornerforLayerOpt timing analysis view slow_0p9v_125c_cmax_func has been selected for calibration 
	CornerforLayerOpt timing analysis view slow_0p9v_125c_cmax_func has been selected for calibration 
	CornerforLayerOpt timing analysis view slow_0p9v_125c_cmax_func has been selected for calibration 
	CornerforLayerOpt timing analysis view slow_0p9v_125c_cmax_func has been selected for calibration 
	CornerforLayerOpt timing analysis view slow_0p9v_125c_cmax_func has been selected for calibration 
	CornerforLayerOpt timing analysis view slow_0p9v_125c_cmax_func has been selected for calibration 
	CornerforLayerOpt timing analysis view slow_0p9v_125c_cmax_func has been selected for calibration 
	CornerforLayerOpt timing analysis view slow_0p9v_125c_cmax_func has been selected for calibration 
	CornerforLayerOpt timing analysis view slow_0p9v_125c_cmax_func has been selected for calibration 
	CornerforLayerOpt timing analysis view slow_0p9v_125c_cmax_func has been selected for calibration 
	CornerforLayerOpt timing analysis view slow_0p9v_125c_cmax_func has been selected for calibration 
	CornerforLayerOpt timing analysis view slow_0p9v_125c_cmax_func has been selected for calibration 
	CornerforLayerOpt timing analysis view slow_0p9v_125c_cmax_func has been selected for calibration 
	CornerforLayerOpt timing analysis view slow_0p9v_125c_cmax_func has been selected for calibration 
	CornerforLayerOpt timing analysis view slow_0p9v_125c_cmax_func has been selected for calibration 
	CornerforLayerOpt timing analysis view slow_0p9v_125c_cmax_func has been selected for calibration 
	CornerforLayerOpt timing analysis view slow_0p9v_125c_cmax_func has been selected for calibration 
	CornerforLayerOpt timing analysis view slow_0p9v_125c_cmax_func has been selected for calibration 
	CornerforLayerOpt timing analysis view slow_0p9v_125c_cmax_func has been selected for calibration 
	CornerforLayerOpt timing analysis view slow_0p9v_125c_cmax_func has been selected for calibration 
	CornerforLayerOpt timing analysis view slow_0p9v_125c_cmax_func has been selected for calibration 
	CornerforLayerOpt timing analysis view slow_0p9v_125c_cmax_func has been selected for calibration 
+-------------------------------------------------------------------------------------------------------------------------------------------------------+
|        max-tran       |        max-cap        |  max-fanout |  max-length |       setup       |        |        |        |       |          |         |
+-------------------------------------------------------------------------------------------------------------------------------------------------------+
| nets | terms|  wViol  | nets | terms|  wViol  | nets | terms| nets | terms|   WNS   |   TNS   |  #Buf  |  #Inv  | #Resize|Density|   Real   |   Mem   |
+-------------------------------------------------------------------------------------------------------------------------------------------------------+
|     4|     4|    -0.02|     0|     0|     0.00|     0|     0|     0|     0|    -0.06|    -0.20|       0|       0|       0| 62.00%|          |         |
|     0|     0|     0.00|     0|     0|     0.00|     0|     0|     0|     0|    -0.06|    -0.21|       0|       2|       3| 62.06%| 0:00:00.0|  6841.2M|
|     0|     0|     0.00|     0|     0|     0.00|     0|     0|     0|     0|    -0.06|    -0.21|       0|       0|       0| 62.06%| 0:00:00.0|  6841.2M|
+-------------------------------------------------------------------------------------------------------------------------------------------------------+
Bottom Preferred Layer:
+---------------+------------+----------------------+
|     Layer     |    CLK     |         Rule         |
+---------------+------------+----------------------+
| Metal2 (z=2)  |          3 | ndr_cts_2w25s_leaf   |
+---------------+------------+----------------------+
| Metal7 (z=7)  |          2 | ndr_cts_2w25s_trunk  |
+---------------+------------+----------------------+
Via Pillar Rule:
    None

*** Finish DRV Fixing (cpu=0:00:00.1 real=0:00:00.0 mem=6841.2M) ***

*** Starting place_detail (0:01:03 mem=6833.2M) ***
Total net bbox length = 2.166e+04 (1.068e+04 1.098e+04) (ext = 2.182e+03)
Move report: Detail placement moves 37 insts, mean move: 1.26 um, max move: 4.42 um 
	Max move on inst (WALLACE_CSA_DUMMY_OP_groupi58_g3634__9315): (33.60, 22.23) --> (34.60, 25.65)
	Runtime: CPU: 0:00:00.6 REAL: 0:00:00.0 MEM: 6809.2MB
Summary Report:
Instances move: 37 (out of 1997 movable)
Instances flipped: 0
Mean displacement: 1.26 um
Max displacement: 4.42 um (Instance: WALLACE_CSA_DUMMY_OP_groupi58_g3634__9315) (33.6, 22.23) -> (34.6, 25.65)
	Length: 3 sites, height: 1 rows, site name: CoreSite, cell type: NAND2X1
Physical-only instances move: 0 (out of 0 movable physical-only)
Total net bbox length = 2.169e+04 (1.068e+04 1.101e+04) (ext = 2.181e+03)
Runtime: CPU: 0:00:00.6 REAL: 0:00:00.0 MEM: 6809.2MB
*** Finished place_detail (0:01:04 mem=6809.2M) ***
Finished re-routing un-routed nets (0:00:00.0 6833.2M)


Density : 0.6206
Max route overflow : 0.0000


*** Finish Physical Update (cpu=0:00:00.7 real=0:00:00.0 mem=6841.2M) ***
*** DrvOpt #3 [finish] (clock_opt_design #1) : cpu/real = 0:00:01.4/0:00:01.1 (1.3), totSession cpu/real = 0:01:03.9/0:01:24.4 (0.8), mem = 6705.2M
End: GigaOpt DRV Optimization
GigaOpt DRV: restore maxLocalDensity to 0.98
** Profile ** Start :  cpu=0:00:00.0, mem=6705.2M
** Profile ** Other data :  cpu=0:00:00.0, mem=6705.2M
** Profile ** Overall slacks :  cpu=0:00:00.0, mem=6705.2M
** Profile ** DRVs :  cpu=0:00:00.0, mem=6713.2M

OptSummary:

------------------------------------------------------------------
     Summary (cpu=0.02min real=0.02min mem=6705.2M)
------------------------------------------------------------------

Setup views included:
 slow_0p9v_125c_cmax_func 

+--------------------+---------+
|     Setup mode     |   all   |
+--------------------+---------+
|           WNS (ns):| -0.057  |
|           TNS (ns):| -0.206  |
|    Violating Paths:|    5    |
|          All Paths:|   192   |
+--------------------+---------+

+----------------+-------------------------------+------------------+
|                |              Real             |       Total      |
|    DRVs        +------------------+------------+------------------|
|                |  Nr nets(terms)  | Worst Vio  |  Nr nets(terms)  |
+----------------+------------------+------------+------------------+
|   max_cap      |      1 (1)       |   -0.008   |     65 (65)      |
|   max_tran     |      0 (0)       |   0.000    |      0 (0)       |
|   max_fanout   |      0 (0)       |     0      |      0 (0)       |
|   max_length   |      0 (0)       |     0      |      0 (0)       |
+----------------+------------------+------------+------------------+

Density: 62.057%
Routing Overflow: 0.00% H and 0.00% V
------------------------------------------------------------------
** Profile ** Report data :  cpu=0:00:00.0, mem=6713.2M
**opt_design ... cpu = 0:00:16, real = 0:00:34, mem = 3893.1M, totSessionCpu=0:01:04 **
Begin: GigaOpt Optimization in WNS mode
GigaOpt Checkpoint: Internal optTiming -maxLocalDensity 1.0 -maxLocalDensityForHardenOpt 0.92 -numThreads 8 -postCTS -wtns -integratedAreaOpt -pgMode all -ipoTgtSlackCoef 1.5 -effTgtSlackCoef 1 -nativePathGroupFlow -NDROptEffortAuto -usefulSkew -nonLegalPlaceEcoBumpRecoveryInWNSOpt
Info: 5 nets with fixed/cover wires excluded.
Info: 5 clock nets excluded from IPO operation.
*** WnsOpt #1 [begin] (clock_opt_design #1) : totSession cpu/real = 0:01:04.1/0:01:24.5 (0.8), mem = 6713.2M
*info: 5 clock nets excluded
*info: 5 nets with fixed/cover wires excluded.
** GigaOpt Optimizer WNS Slack -0.057 TNS Slack -0.206 Density 62.06
Optimizer WNS Pass 0
OptDebug: Start of Optimizer WNS Pass 0:
+--------------------------------+------+------+
|Path Group                      |   WNS|   TNS|
+--------------------------------+------+------+
|in2out in2reg r..reg2reg default|-0.057|-0.206|
|HEPG                            | 0.000| 0.000|
|All Paths                       |-0.057|-0.206|
+--------------------------------+------+------+

CCOptDebug: Start of Optimizer WNS Pass 0: WNS -0.057ns TNS -0.206ns; Real time 0:00:48.0
Active Path Group: in2out in2reg reg2out reg2reg default 
+--------+---------+--------+---------+---------+------------+--------+--------------------------------+---------+-----------------------------------------+
|  WNS   | All WNS |  TNS   | All TNS | Density |    Real    |  Mem   |           Worst View           |Pathgroup|                End Point                |
+--------+---------+--------+---------+---------+------------+--------+--------------------------------+---------+-----------------------------------------+
|  -0.057|   -0.057|  -0.206|   -0.206|   62.06%|   0:00:00.0| 6896.2M|        slow_0p9v_125c_cmax_func|  reg2out| result_o[47]                            |
|   0.005|    0.005|   0.000|    0.000|   62.67%|   0:00:00.0| 6974.3M|        slow_0p9v_125c_cmax_func|  reg2out| result_o[15]                            |
|   0.032|    0.032|   0.000|    0.000|   62.82%|   0:00:00.0| 6977.3M|        slow_0p9v_125c_cmax_func|  reg2out| result_o[31]                            |
|   0.036|    0.036|   0.000|    0.000|   63.01%|   0:00:01.0| 6982.4M|        slow_0p9v_125c_cmax_func|  reg2out| result_o[15]                            |
|   0.043|    0.043|   0.000|    0.000|   63.13%|   0:00:00.0| 6987.4M|        slow_0p9v_125c_cmax_func|  reg2out| result_o[15]                            |
|   0.048|    0.048|   0.000|    0.000|   63.23%|   0:00:00.0| 6987.4M|        slow_0p9v_125c_cmax_func|  reg2out| result_o[15]                            |
|   0.048|    0.048|   0.000|    0.000|   63.23%|   0:00:00.0| 6987.4M|        slow_0p9v_125c_cmax_func|  reg2out| result_o[15]                            |
+--------+---------+--------+---------+---------+------------+--------+--------------------------------+---------+-----------------------------------------+

*** Finish Core Optimize Step (cpu=0:00:03.0 real=0:00:01.0 mem=6987.4M) ***

*** Finished Optimize Step Cumulative (cpu=0:00:03.0 real=0:00:01.0 mem=6987.4M) ***
OptDebug: End of Optimizer WNS Pass 0:
+--------------------------------+-----+-----+
|Path Group                      |  WNS|  TNS|
+--------------------------------+-----+-----+
|in2out in2reg r..reg2reg default|0.048|0.000|
|HEPG                            |0.000|0.000|
|All Paths                       |0.048|0.000|
+--------------------------------+-----+-----+

CCOptDebug: End of Optimizer WNS Pass 0: WNS 0.048ns TNS 0.000ns; Real time 0:00:49.0
** GigaOpt Optimizer WNS Slack 0.048 TNS Slack 0.000 Density 63.23
Begin: Area Reclaim Optimization
*** AreaOpt #2 [begin] (WnsOpt #1 / clock_opt_design #1) : totSession cpu/real = 0:01:08.0/0:01:26.2 (0.8), mem = 6987.4M
Reclaim Optimization WNS Slack 0.048  TNS Slack 0.000 Density 63.23
+---------+---------+--------+--------+------------+--------+
| Density | Commits |  WNS   |  TNS   |    Real    |  Mem   |
+---------+---------+--------+--------+------------+--------+
|   63.23%|        -|   0.048|   0.000|   0:00:00.0| 6987.4M|
|   63.17%|        3|   0.048|   0.000|   0:00:00.0| 6991.4M|
|   62.62%|       62|   0.058|   0.000|   0:00:01.0| 7005.4M|
|   62.57%|        3|   0.058|   0.000|   0:00:00.0| 7005.4M|
|   62.57%|        0|   0.058|   0.000|   0:00:00.0| 7005.4M|
+---------+---------+--------+--------+------------+--------+
Reclaim Optimization End WNS Slack 0.058  TNS Slack 0.000 Density 62.57
Bottom Preferred Layer:
+---------------+------------+----------------------+
|     Layer     |    CLK     |         Rule         |
+---------------+------------+----------------------+
| Metal2 (z=2)  |          3 | ndr_cts_2w25s_leaf   |
+---------------+------------+----------------------+
| Metal7 (z=7)  |          2 | ndr_cts_2w25s_trunk  |
+---------------+------------+----------------------+
Via Pillar Rule:
    None

Number of times islegalLocAvaiable called = 125 skipped = 0, called in commitmove = 65, skipped in commitmove = 0
End: Core Area Reclaim Optimization (cpu = 0:00:01.4) (real = 0:00:01.0) **
*** AreaOpt #2 [finish] (WnsOpt #1 / clock_opt_design #1) : cpu/real = 0:00:01.4/0:00:00.8 (1.7), totSession cpu/real = 0:01:09.4/0:01:27.0 (0.8), mem = 6998.4M
End: Area Reclaim Optimization (cpu=0:00:01, real=0:00:01, mem=6998.44M, totSessionCpu=0:01:09).
*** Starting place_detail (0:01:10 mem=6990.4M) ***
Total net bbox length = 2.194e+04 (1.090e+04 1.104e+04) (ext = 2.180e+03)

Starting Small incrNP...
Density distribution unevenness ratio = 22.130%
Skipped incrNP (cpu=0:00:00.0, real=0:00:00.0, mem=6990.4M)
End of Small incrNP (cpu=0:00:00.0, real=0:00:00.0)
Move report: Detail placement moves 243 insts, mean move: 0.45 um, max move: 3.42 um 
	Max move on inst (cts_FE_OCPC18_operand_b_i_sr_21): (18.20, 37.62) --> (18.20, 34.20)
	Runtime: CPU: 0:00:00.7 REAL: 0:00:00.0 MEM: 7000.4MB
Summary Report:
Instances move: 243 (out of 2016 movable)
Instances flipped: 0
Mean displacement: 0.45 um
Max displacement: 3.42 um (Instance: cts_FE_OCPC18_operand_b_i_sr_21) (18.2, 37.62) -> (18.2, 34.2)
	Length: 6 sites, height: 1 rows, site name: CoreSite, cell type: BUFX3
Physical-only instances move: 0 (out of 0 movable physical-only)
Total net bbox length = 2.202e+04 (1.096e+04 1.107e+04) (ext = 2.177e+03)
Runtime: CPU: 0:00:00.7 REAL: 0:00:00.0 MEM: 7000.4MB
*** Finished place_detail (0:01:10 mem=7000.4M) ***
Finished re-routing un-routed nets (0:00:00.0 7024.4M)


Density : 0.6257
Max route overflow : 0.0000


*** Finish Physical Update (cpu=0:00:00.8 real=0:00:00.0 mem=6985.4M) ***
** GigaOpt Optimizer WNS Slack 0.058 TNS Slack 0.000 Density 62.57
OptDebug: End of Setup Fixing:
+--------------------------------+-----+-----+
|Path Group                      |  WNS|  TNS|
+--------------------------------+-----+-----+
|in2out in2reg r..reg2reg default|0.058|0.000|
|HEPG                            |0.000|0.000|
|All Paths                       |0.058|0.000|
+--------------------------------+-----+-----+

Bottom Preferred Layer:
+---------------+------------+----------------------+
|     Layer     |    CLK     |         Rule         |
+---------------+------------+----------------------+
| Metal2 (z=2)  |          3 | ndr_cts_2w25s_leaf   |
+---------------+------------+----------------------+
| Metal7 (z=7)  |          2 | ndr_cts_2w25s_trunk  |
+---------------+------------+----------------------+
Via Pillar Rule:
    None

*** Finish post-CTS Setup Fixing (cpu=0:00:05.7 real=0:00:02.0 mem=6985.4M) ***

*** WnsOpt #1 [finish] (clock_opt_design #1) : cpu/real = 0:00:06.3/0:00:03.1 (2.0), totSession cpu/real = 0:01:10.4/0:01:27.6 (0.8), mem = 6849.4M
End: GigaOpt Optimization in WNS mode
GigaOpt Checkpoint: Internal reclaim -noViewPrune -rebufferOnly -costCleanup -preRouteDontEndWithRefinePlaceIncrSteinerRouteDC -force -numThreads 8 -postCTS
Info: 5 nets with fixed/cover wires excluded.
Info: 5 clock nets excluded from IPO operation.
Begin: Area Reclaim Optimization
*** AreaOpt #3 [begin] (clock_opt_design #1) : totSession cpu/real = 0:01:10.5/0:01:27.8 (0.8), mem = 6985.4M
Reclaim Optimization WNS Slack 0.000  TNS Slack 0.000 Density 62.57
+---------+---------+--------+--------+------------+--------+
| Density | Commits |  WNS   |  TNS   |    Real    |  Mem   |
+---------+---------+--------+--------+------------+--------+
|   62.57%|        -|   0.000|   0.000|   0:00:00.0| 6985.4M|
|   62.08%|       43|   0.000|   0.000|   0:00:00.0| 6985.4M|
+---------+---------+--------+--------+------------+--------+
Reclaim Optimization End WNS Slack 0.000  TNS Slack 0.000 Density 62.08
Bottom Preferred Layer:
+---------------+------------+----------------------+
|     Layer     |    CLK     |         Rule         |
+---------------+------------+----------------------+
| Metal2 (z=2)  |          3 | ndr_cts_2w25s_leaf   |
+---------------+------------+----------------------+
| Metal7 (z=7)  |          2 | ndr_cts_2w25s_trunk  |
+---------------+------------+----------------------+
Via Pillar Rule:
    None

Number of times islegalLocAvaiable called = 0 skipped = 0, called in commitmove = 0, skipped in commitmove = 0
End: Core Area Reclaim Optimization (cpu = 0:00:01.7) (real = 0:00:01.0) **
*** AreaOpt #3 [finish] (clock_opt_design #1) : cpu/real = 0:00:01.7/0:00:01.0 (1.7), totSession cpu/real = 0:01:12.2/0:01:28.7 (0.8), mem = 6985.4M
End: Area Reclaim Optimization (cpu=0:00:02, real=0:00:01, mem=6849.44M, totSessionCpu=0:01:12).
GigaOpt Checkpoint: Internal reclaim -numThreads 8 -customPhyUpdate -noGCompAndPhase -force -svrReclaim -rtrShortNets -allowDegradingShortNetRemoval -postCTS -tgtSlackMult 2 -wtns -noRouteTypeResizePolish -noViewPrune -nativePathGroupFlow -SimpCCIn
Info: 5 nets with fixed/cover wires excluded.
Info: 5 clock nets excluded from IPO operation.
Begin: Area Reclaim Optimization
*** AreaOpt #4 [begin] (clock_opt_design #1) : totSession cpu/real = 0:01:12.4/0:01:28.9 (0.8), mem = 6977.5M
Reclaim Optimization WNS Slack 0.001  TNS Slack 0.000 Density 62.08
+---------+---------+--------+--------+------------+--------+
| Density | Commits |  WNS   |  TNS   |    Real    |  Mem   |
+---------+---------+--------+--------+------------+--------+
|   62.08%|        -|   0.001|   0.000|   0:00:00.0| 6977.5M|
|   62.08%|        0|   0.001|   0.000|   0:00:00.0| 6977.5M|
|   62.08%|        0|   0.001|   0.000|   0:00:00.0| 6977.5M|
|   62.08%|        0|   0.001|   0.000|   0:00:00.0| 6977.5M|
|   62.01%|        8|   0.001|   0.000|   0:00:00.0| 6977.5M|
|   62.01%|        0|   0.001|   0.000|   0:00:00.0| 6977.5M|
|   62.01%|        0|   0.001|   0.000|   0:00:00.0| 6977.5M|
+---------+---------+--------+--------+------------+--------+
Reclaim Optimization End WNS Slack 0.001  TNS Slack 0.000 Density 62.01
Bottom Preferred Layer:
+---------------+------------+----------------------+
|     Layer     |    CLK     |         Rule         |
+---------------+------------+----------------------+
| Metal2 (z=2)  |          3 | ndr_cts_2w25s_leaf   |
+---------------+------------+----------------------+
| Metal7 (z=7)  |          2 | ndr_cts_2w25s_trunk  |
+---------------+------------+----------------------+
Via Pillar Rule:
    None

Number of times islegalLocAvaiable called = 15 skipped = 0, called in commitmove = 8, skipped in commitmove = 0
End: Core Area Reclaim Optimization (cpu = 0:00:00.5) (real = 0:00:00.0) **
*** Starting place_detail (0:01:13 mem=6969.5M) ***
Total net bbox length = 2.184e+04 (1.081e+04 1.103e+04) (ext = 2.182e+03)
Move report: Detail placement moves 49 insts, mean move: 1.10 um, max move: 4.02 um 
	Max move on inst (FE_RC_207_0): (72.40, 10.26) --> (73.00, 6.84)
	Runtime: CPU: 0:00:00.5 REAL: 0:00:00.0 MEM: 6945.5MB
Summary Report:
Instances move: 49 (out of 2004 movable)
Instances flipped: 0
Mean displacement: 1.10 um
Max displacement: 4.02 um (Instance: FE_RC_207_0) (72.4, 10.26) -> (73, 6.84)
	Length: 2 sites, height: 1 rows, site name: CoreSite, cell type: INVX1
Physical-only instances move: 0 (out of 0 movable physical-only)
Total net bbox length = 2.188e+04 (1.083e+04 1.105e+04) (ext = 2.182e+03)
Runtime: CPU: 0:00:00.5 REAL: 0:00:00.0 MEM: 6945.5MB
*** Finished place_detail (0:01:13 mem=6945.5M) ***
Finished re-routing un-routed nets (0:00:00.0 6969.5M)


Density : 0.6201
Max route overflow : 0.0000


*** Finish Physical Update (cpu=0:00:00.6 real=0:00:00.0 mem=6977.5M) ***
*** AreaOpt #4 [finish] (clock_opt_design #1) : cpu/real = 0:00:01.2/0:00:00.7 (1.6), totSession cpu/real = 0:01:13.5/0:01:29.6 (0.8), mem = 6977.5M
End: Area Reclaim Optimization (cpu=0:00:01, real=0:00:00, mem=6841.46M, totSessionCpu=0:01:14).
*** LocalWireReclaim #1 [begin] (clock_opt_design #1) : totSession cpu/real = 0:01:13.7/0:01:29.7 (0.8), mem = 6841.5M
Starting local wire reclaim
*** Starting place_detail (0:01:14 mem=6841.5M) ***
**WARN: (IMPSP-12502):	Slack driven placement is disabled because either timing libraries or timing constraint files are not provided.
**WARN: AAE based timing driven is off.
Call icdpEval cleanup ...
Move report: Detail placement moves 563 insts, mean move: 2.13 um, max move: 26.91 um 
	Max move on inst (cts_FE_OFC46_operand_b_i_sr_28): (21.20, 59.85) --> (46.40, 61.56)
	Runtime: CPU: 0:00:02.0 REAL: 0:00:02.0 MEM: 6817.5MB
Summary Report:
Instances move: 563 (out of 2004 movable)
Instances flipped: 0
Mean displacement: 2.13 um
Max displacement: 26.91 um (Instance: cts_FE_OFC46_operand_b_i_sr_28) (21.2, 59.85) -> (46.4, 61.56)
	Length: 4 sites, height: 1 rows, site name: CoreSite, cell type: INVX3
Physical-only instances move: 0 (out of 0 movable physical-only)
Runtime: CPU: 0:00:02.0 REAL: 0:00:02.0 MEM: 6817.5MB
*** Finished place_detail (0:01:16 mem=6817.5M) ***
*** LocalWireReclaim #1 [finish] (clock_opt_design #1) : cpu/real = 0:00:02.0/0:00:01.4 (1.5), totSession cpu/real = 0:01:15.7/0:01:31.1 (0.8), mem = 6841.5M
AAE_INFO: opIsDesignInPostRouteState() is 0
#################################################################################
# Design Stage: PreRoute
# Design Name: matmul_sync
# Design Mode: 45nm
# Analysis Mode: MMMC OCV 
# Parasitics Mode: No SPEF/RCDB 
# Signoff Settings: SI Off (EWM)
#################################################################################
Start delay calculation (fullDC) (8 T). (MEM=3967.41)
Total number of fetched objects 2429
AAE_INFO: Total number of nets for which stage creation was skipped for all views 0
End delay calculation. (MEM=4023.29 CPU=0:00:00.3 REAL=0:00:00.0)
End delay calculation (fullDC). (MEM=4023.29 CPU=0:00:00.3 REAL=0:00:00.0)
eGR doReRoute: optGuide
[NR-eGR] Early global route reroute all routable nets
[NR-eGR] Track table information for default rule: 
[NR-eGR] Metal1 has single uniform track structure
[NR-eGR] Metal2 has single uniform track structure
[NR-eGR] Metal3 has single uniform track structure
[NR-eGR] Metal4 has single uniform track structure
[NR-eGR] Metal5 has single uniform track structure
[NR-eGR] Metal6 has single uniform track structure
[NR-eGR] Metal7 has single uniform track structure
[NR-eGR] Metal8 has single uniform track structure
[NR-eGR] Metal9 has single uniform track structure
[NR-eGR] Metal10 has single uniform track structure
[NR-eGR] Metal11 has single uniform track structure
[NR-eGR] Read 6519 PG shapes
[NR-eGR] Read 0 clock shapes
[NR-eGR] Read 0 other shapes
[NR-eGR] #Routing Blockages  : 20
[NR-eGR] #Bump Blockages     : 0
[NR-eGR] #Instance Blockages : 0
[NR-eGR] #PG Blockages       : 6519
[NR-eGR] #Halo Blockages     : 0
[NR-eGR] #Boundary Blockages : 0
[NR-eGR] #Clock Blockages    : 0
[NR-eGR] #Other Blockages    : 0
[NR-eGR] #prerouted nets         : 5
[NR-eGR] #prerouted special nets : 0
[NR-eGR] #prerouted wires        : 153
[NR-eGR] Read 2428 nets ( ignored 5 )
[NR-eGR] Number of tracks per clock wire is set as 5, but the design does not have any clock nets or they are fixed. The setting will not be applied.
[NR-eGR] ============ Routing rule table ============
[NR-eGR] Rule id: 0  Rule name: (Default)  Nets: 2423
[NR-eGR] ========================================
[NR-eGR] 
[NR-eGR] Layer group 1: route 2423 net(s) in layer range [2, 11]
[NR-eGR] Early Global Route overflow of layer group 1: 0.00% H + 0.00% V. EstWL: 2.305251e+04um
[NR-eGR] Congestion Analysis By layer: (blocked Gcells are excluded) 
[NR-eGR]                        OverCon            
[NR-eGR]                         #Gcell     %Gcell
[NR-eGR]        Layer               (1)    OverCon
[NR-eGR] ----------------------------------------------
[NR-eGR]  Metal1 ( 1)         0( 0.00%)   ( 0.00%) 
[NR-eGR]  Metal2 ( 2)         2( 0.06%)   ( 0.06%) 
[NR-eGR]  Metal3 ( 3)         0( 0.00%)   ( 0.00%) 
[NR-eGR]  Metal4 ( 4)         0( 0.00%)   ( 0.00%) 
[NR-eGR]  Metal5 ( 5)         0( 0.00%)   ( 0.00%) 
[NR-eGR]  Metal6 ( 6)         0( 0.00%)   ( 0.00%) 
[NR-eGR]  Metal7 ( 7)         0( 0.00%)   ( 0.00%) 
[NR-eGR]  Metal8 ( 8)         0( 0.00%)   ( 0.00%) 
[NR-eGR]  Metal9 ( 9)         0( 0.00%)   ( 0.00%) 
[NR-eGR] Metal10 (10)         0( 0.00%)   ( 0.00%) 
[NR-eGR] Metal11 (11)         0( 0.00%)   ( 0.00%) 
[NR-eGR] ----------------------------------------------
[NR-eGR]        Total         2( 0.01%)   ( 0.01%) 
[NR-eGR] 
[NR-eGR] Overflow after Early Global Route 0.00% H + 0.00% V
[NR-eGR] Connected 0 must-join pins/ports (post-process)
[NR-eGR] Total eGR-routed clock nets wire length: 0um, number of vias: 0
[NR-eGR] --------------------------------------------------------------------------
[NR-eGR]                  Length (um)   Vias 
[NR-eGR] ------------------------------------
[NR-eGR]  Metal1   (1H)             0   6744 
[NR-eGR]  Metal2   (2V)          7907   8723 
[NR-eGR]  Metal3   (3H)          9678    987 
[NR-eGR]  Metal4   (4V)          4532    363 
[NR-eGR]  Metal5   (5H)          2153    123 
[NR-eGR]  Metal6   (6V)           525     26 
[NR-eGR]  Metal7   (7H)             8      4 
[NR-eGR]  Metal8   (8V)            35      0 
[NR-eGR]  Metal9   (9H)             0      0 
[NR-eGR]  Metal10  (10V)            0      0 
[NR-eGR]  Metal11  (11H)            0      0 
[NR-eGR] ------------------------------------
[NR-eGR]           Total        24838  16970 
[NR-eGR] --------------------------------------------------------------------------
[NR-eGR] Total half perimeter of net bounding box: 21683um
[NR-eGR] Total length: 24838um, number of vias: 16970
[NR-eGR] --------------------------------------------------------------------------
[NR-eGR] Finished Early Global Route kernel ( CPU: 0.18 sec, Real: 0.12 sec, Curr Mem: 5.85 MB )
[NR-eGR] Finished Early Global Route ( CPU: 0.18 sec, Real: 0.12 sec, Curr Mem: 5.85 MB )
Extraction called for design 'matmul_sync' of instances=2008 and nets=2432 using extraction engine 'pre_route' .
pre_route RC Extraction called for design matmul_sync.
RC Extraction called in multi-corner(2) mode.
RCMode: PreRoute
      RC Corner Indexes            0       1   
Capacitance Scaling Factor   : 1.00000 1.00000 
Resistance Scaling Factor    : 1.00000 1.00000 
Clock Cap. Scaling Factor    : 1.00000 1.00000 
Clock Res. Scaling Factor    : 1.00000 1.00000 
Shrink Factor                : 1.00000
PreRoute extraction is honoring NDR/Shielding/ExtraSpace for clock nets.
Using Quantus QRC technology file ...
Updating RC Grid density data for preRoute extraction ...
Initializing multi-corner resistance tables ...
PreRoute RC Extraction DONE (CPU Time: 0:00:00.0  Real Time: 0:00:00.0  MEM: 6709.688M)
Compute RC Scale Done ...
[hotspot] +------------+---------------+---------------+
[hotspot] |            |   max hotspot | total hotspot |
[hotspot] +------------+---------------+---------------+
[hotspot] | normalized |          0.00 |          0.00 |
[hotspot] +------------+---------------+---------------+
Local HotSpot Analysis: normalized max congestion hotspot area = 0.00, normalized total congestion hotspot area = 0.00 (area is in unit of 4 std-cell row bins)
GigaOpt Checkpoint: Internal congRefineRouteType -postCTS -numThreads 8 -resetVeryShortNets -rescheduleForAdherence  
Begin: GigaOpt Route Type Constraints Refinement
*** CongRefineRouteType #2 [begin] (clock_opt_design #1) : totSession cpu/real = 0:01:16.8/0:01:31.8 (0.8), mem = 6709.7M
Updated routing constraints on 0 nets.
Bottom Preferred Layer:
+---------------+------------+----------------------+
|     Layer     |    CLK     |         Rule         |
+---------------+------------+----------------------+
| Metal2 (z=2)  |          3 | ndr_cts_2w25s_leaf   |
+---------------+------------+----------------------+
| Metal7 (z=7)  |          2 | ndr_cts_2w25s_trunk  |
+---------------+------------+----------------------+
Via Pillar Rule:
    None
*** CongRefineRouteType #2 [finish] (clock_opt_design #1) : cpu/real = 0:00:00.0/0:00:00.0 (2.0), totSession cpu/real = 0:01:16.9/0:01:31.9 (0.8), mem = 6709.7M
End: GigaOpt Route Type Constraints Refinement
skip EGR on cluster skew clock nets.

Optimization is working on the following views:
  Setup views: slow_0p9v_125c_cmax_func slow_0p9v_125c_cmax_scan_shift 
  Hold  views: slow_0p9v_125c_cmax_func slow_0p9v_125c_cmax_scan_shift fast_1p1v_0c_cmin_func fast_1p1v_0c_cmin_scan_capture fast_1p1v_0c_cmin_scan_shift 
-opt_exp_set_preroute_early_power_reclaim_recovery_split_flow false
                                           # bool, default=false, private
Starting delay calculation for Setup views
AAE_INFO: opIsDesignInPostRouteState() is 0
#################################################################################
# Design Stage: PreRoute
# Design Name: matmul_sync
# Design Mode: 45nm
# Analysis Mode: MMMC OCV 
# Parasitics Mode: No SPEF/RCDB 
# Signoff Settings: SI Off (EWM)
#################################################################################
Start delay calculation (fullDC) (8 T). (MEM=3903.18)
Total number of fetched objects 2429
AAE_INFO: Total number of nets for which stage creation was skipped for all views 0
End delay calculation. (MEM=3964.96 CPU=0:00:00.3 REAL=0:00:00.0)
End delay calculation (fullDC). (MEM=3964.96 CPU=0:00:00.4 REAL=0:00:00.0)
*** Done Building Timing Graph (cpu=0:00:01.5 real=0:00:01.0 totSessionCpu=0:01:18 mem=6862.6M)
Begin: GigaOpt postEco DRV Optimization
GigaOpt Checkpoint: Internal optDRV -inPostEcoStage -smallScaleFixing -maxIter 3 -max_tran -max_cap -maxLocalDensity 0.98 -numThreads 8 -preRouteDontEndWithRefinePlaceIncrSteinerRouteDC -setupTNSCostFactor 1.0 -postCTS -max_fanout
*** DrvOpt #4 [begin] (clock_opt_design #1) : totSession cpu/real = 0:01:18.5/0:01:32.9 (0.8), mem = 6862.6M
Info: 5 nets with fixed/cover wires excluded.
Info: 5 clock nets excluded from IPO operation.
	CornerforLayerOpt timing analysis view slow_0p9v_125c_cmax_func has been selected for calibration 
	CornerforLayerOpt timing analysis view slow_0p9v_125c_cmax_func has been selected for calibration 
	CornerforLayerOpt timing analysis view slow_0p9v_125c_cmax_func has been selected for calibration 
	CornerforLayerOpt timing analysis view slow_0p9v_125c_cmax_func has been selected for calibration 
	CornerforLayerOpt timing analysis view slow_0p9v_125c_cmax_func has been selected for calibration 
	CornerforLayerOpt timing analysis view slow_0p9v_125c_cmax_func has been selected for calibration 
	CornerforLayerOpt timing analysis view slow_0p9v_125c_cmax_func has been selected for calibration 
	CornerforLayerOpt timing analysis view slow_0p9v_125c_cmax_func has been selected for calibration 
	CornerforLayerOpt timing analysis view slow_0p9v_125c_cmax_func has been selected for calibration 
	CornerforLayerOpt timing analysis view slow_0p9v_125c_cmax_func has been selected for calibration 
	CornerforLayerOpt timing analysis view slow_0p9v_125c_cmax_func has been selected for calibration 
	CornerforLayerOpt timing analysis view slow_0p9v_125c_cmax_func has been selected for calibration 
	CornerforLayerOpt timing analysis view slow_0p9v_125c_cmax_func has been selected for calibration 
	CornerforLayerOpt timing analysis view slow_0p9v_125c_cmax_func has been selected for calibration 
	CornerforLayerOpt timing analysis view slow_0p9v_125c_cmax_func has been selected for calibration 
	CornerforLayerOpt timing analysis view slow_0p9v_125c_cmax_func has been selected for calibration 
	CornerforLayerOpt timing analysis view slow_0p9v_125c_cmax_func has been selected for calibration 
	CornerforLayerOpt timing analysis view slow_0p9v_125c_cmax_func has been selected for calibration 
	CornerforLayerOpt timing analysis view slow_0p9v_125c_cmax_func has been selected for calibration 
	CornerforLayerOpt timing analysis view slow_0p9v_125c_cmax_func has been selected for calibration 
	CornerforLayerOpt timing analysis view slow_0p9v_125c_cmax_func has been selected for calibration 
	CornerforLayerOpt timing analysis view slow_0p9v_125c_cmax_func has been selected for calibration 
	CornerforLayerOpt timing analysis view slow_0p9v_125c_cmax_func has been selected for calibration 
	CornerforLayerOpt timing analysis view slow_0p9v_125c_cmax_func has been selected for calibration 
+-------------------------------------------------------------------------------------------------------------------------------------------------------+
|        max-tran       |        max-cap        |  max-fanout |  max-length |       setup       |        |        |        |       |          |         |
+-------------------------------------------------------------------------------------------------------------------------------------------------------+
| nets | terms|  wViol  | nets | terms|  wViol  | nets | terms| nets | terms|   WNS   |   TNS   |  #Buf  |  #Inv  | #Resize|Density|   Real   |   Mem   |
+-------------------------------------------------------------------------------------------------------------------------------------------------------+
|     1|     1|    -0.02|     0|     0|     0.00|     0|     0|     0|     0|    -0.03|    -0.05|       0|       0|       0| 62.01%|          |         |
|     0|     0|     0.00|     0|     0|     0.00|     0|     0|     0|     0|    -0.03|    -0.05|       0|       2|       1| 62.08%| 0:00:00.0|  7007.6M|
|     0|     0|     0.00|     0|     0|     0.00|     0|     0|     0|     0|    -0.03|    -0.05|       0|       0|       0| 62.08%| 0:00:00.0|  7007.6M|
+-------------------------------------------------------------------------------------------------------------------------------------------------------+
Bottom Preferred Layer:
+---------------+------------+----------------------+
|     Layer     |    CLK     |         Rule         |
+---------------+------------+----------------------+
| Metal2 (z=2)  |          3 | ndr_cts_2w25s_leaf   |
+---------------+------------+----------------------+
| Metal7 (z=7)  |          2 | ndr_cts_2w25s_trunk  |
+---------------+------------+----------------------+
Via Pillar Rule:
    None

*** Finish DRV Fixing (cpu=0:00:00.1 real=0:00:00.0 mem=7007.6M) ***

*** DrvOpt #4 [finish] (clock_opt_design #1) : cpu/real = 0:00:00.3/0:00:00.3 (1.1), totSession cpu/real = 0:01:18.8/0:01:33.2 (0.8), mem = 6871.6M
End: GigaOpt postEco DRV Optimization
GigaOpt: WNS changes after postEco optimization: -0.003 -> -0.027 (bump = 0.024)
GigaOpt: Skipping nonLegal postEco optimization
Design TNS changes after trial route: -0.005 -> -0.051
Begin: GigaOpt TNS non-legal recovery
GigaOpt Checkpoint: Internal optTiming -setupRecovery -newSetupRecovery -allEndPoints -maxLocalDensity 0.92 -numThreads 8 -nativePathGroupFlow  -NDROptEffortAuto  -ipoTgtSlackCoef 0 -effTgtSlackCoef 0 -tnsBumpRecoveryInTNS -integratedAreaOpt -postCTS
Info: 5 nets with fixed/cover wires excluded.
Info: 5 clock nets excluded from IPO operation.
*** TnsOpt #1 [begin] (clock_opt_design #1) : totSession cpu/real = 0:01:18.9/0:01:33.3 (0.8), mem = 6791.6M
*info: 5 clock nets excluded
*info: 5 nets with fixed/cover wires excluded.
** GigaOpt Optimizer WNS Slack -0.028 TNS Slack -0.051 Density 62.08
Optimizer TNS Opt
OptDebug: Start of Optimizer TNS Pass:
+--------------------------------+------+------+
|Path Group                      |   WNS|   TNS|
+--------------------------------+------+------+
|in2out in2reg r..reg2reg default|-0.028|-0.051|
|HEPG                            | 0.000| 0.000|
|All Paths                       |-0.028|-0.051|
+--------------------------------+------+------+

CCOptDebug: Start of Optimizer TNS Pass: WNS -0.028ns TNS -0.051ns; Real time 0:00:56.0
Active Path Group: in2out in2reg reg2out reg2reg default 
+--------+---------+--------+---------+---------+------------+--------+--------------------------------+---------+-----------------------------------------+
|  WNS   | All WNS |  TNS   | All TNS | Density |    Real    |  Mem   |           Worst View           |Pathgroup|                End Point                |
+--------+---------+--------+---------+---------+------------+--------+--------------------------------+---------+-----------------------------------------+
|  -0.028|   -0.028|  -0.051|   -0.051|   62.08%|   0:00:00.0| 6919.6M|        slow_0p9v_125c_cmax_func|  reg2out| result_o[15]                            |
|   0.000|    0.003|   0.000|    0.000|   62.20%|   0:00:00.0| 6951.6M|        slow_0p9v_125c_cmax_func|       NA| NA                                      |
+--------+---------+--------+---------+---------+------------+--------+--------------------------------+---------+-----------------------------------------+

*** Finish Core Optimize Step (cpu=0:00:00.3 real=0:00:00.0 mem=6951.6M) ***

*** Finished Optimize Step Cumulative (cpu=0:00:00.3 real=0:00:00.0 mem=6951.6M) ***
OptDebug: End of Optimizer TNS Pass:
+--------------------------------+-----+-----+
|Path Group                      |  WNS|  TNS|
+--------------------------------+-----+-----+
|in2out in2reg r..reg2reg default|0.003|0.000|
|HEPG                            |0.000|0.000|
|All Paths                       |0.003|0.000|
+--------------------------------+-----+-----+

CCOptDebug: End of Optimizer TNS Pass: WNS 0.003ns TNS 0.000ns; Real time 0:00:56.0
*** Starting place_detail (0:01:20 mem=6943.6M) ***
Total net bbox length = 2.173e+04 (1.072e+04 1.101e+04) (ext = 2.174e+03)

Starting Small incrNP...
Density distribution unevenness ratio = 21.887%
Skipped incrNP (cpu=0:00:00.0, real=0:00:00.0, mem=6943.6M)
End of Small incrNP (cpu=0:00:00.0, real=0:00:00.0)
Move report: Detail placement moves 28 insts, mean move: 1.56 um, max move: 3.62 um 
	Max move on inst (WALLACE_CSA_DUMMY_OP_groupi57_g3669__5526): (60.80, 56.43) --> (61.00, 59.85)
	Runtime: CPU: 0:00:00.6 REAL: 0:00:01.0 MEM: 6919.6MB
Summary Report:
Instances move: 28 (out of 2008 movable)
Instances flipped: 0
Mean displacement: 1.56 um
Max displacement: 3.62 um (Instance: WALLACE_CSA_DUMMY_OP_groupi57_g3669__5526) (60.8, 56.43) -> (61, 59.85)
	Length: 3 sites, height: 1 rows, site name: CoreSite, cell type: NOR2X1
Physical-only instances move: 0 (out of 0 movable physical-only)
Total net bbox length = 2.175e+04 (1.073e+04 1.103e+04) (ext = 2.173e+03)
Runtime: CPU: 0:00:00.6 REAL: 0:00:01.0 MEM: 6919.6MB
*** Finished place_detail (0:01:20 mem=6919.6M) ***
Finished re-routing un-routed nets (0:00:00.0 6943.6M)


Density : 0.6220
Max route overflow : 0.0000


*** Finish Physical Update (cpu=0:00:00.7 real=0:00:01.0 mem=6951.6M) ***
** GigaOpt Optimizer WNS Slack 0.000 TNS Slack 0.000 Density 62.20
OptDebug: End of Setup Fixing:
+--------------------------------+-----+-----+
|Path Group                      |  WNS|  TNS|
+--------------------------------+-----+-----+
|in2out in2reg r..reg2reg default|0.003|0.000|
|HEPG                            |0.000|0.000|
|All Paths                       |0.003|0.000|
+--------------------------------+-----+-----+

Bottom Preferred Layer:
+---------------+------------+----------------------+
|     Layer     |    CLK     |         Rule         |
+---------------+------------+----------------------+
| Metal2 (z=2)  |          3 | ndr_cts_2w25s_leaf   |
+---------------+------------+----------------------+
| Metal7 (z=7)  |          2 | ndr_cts_2w25s_trunk  |
+---------------+------------+----------------------+
Via Pillar Rule:
    None

*** Finish post-CTS Setup Fixing (cpu=0:00:01.2 real=0:00:01.0 mem=6951.6M) ***

*** TnsOpt #1 [finish] (clock_opt_design #1) : cpu/real = 0:00:01.4/0:00:00.9 (1.6), totSession cpu/real = 0:01:20.3/0:01:34.2 (0.9), mem = 6815.6M
End: GigaOpt TNS non-legal recovery
#optDebug: fT-D <X 1 0 0 0>
Register exp ratio and priority group on 0 nets on 2433 nets : 

Active setup views:
 slow_0p9v_125c_cmax_func
  Dominating endpoints: 128
  Dominating TNS: -0.000

Extraction called for design 'matmul_sync' of instances=2012 and nets=2436 using extraction engine 'pre_route' .
pre_route RC Extraction called for design matmul_sync.
RC Extraction called in multi-corner(2) mode.
RCMode: PreRoute
      RC Corner Indexes            0       1   
Capacitance Scaling Factor   : 1.00000 1.00000 
Resistance Scaling Factor    : 1.00000 1.00000 
Clock Cap. Scaling Factor    : 1.00000 1.00000 
Clock Res. Scaling Factor    : 1.00000 1.00000 
Shrink Factor                : 1.00000
PreRoute extraction is honoring NDR/Shielding/ExtraSpace for clock nets.
Using Quantus QRC technology file ...
Grid density data update skipped
Initializing multi-corner resistance tables ...
PreRoute RC Extraction DONE (CPU Time: 0:00:00.0  Real Time: 0:00:00.0  MEM: 6742.766M)
Starting delay calculation for Setup views
AAE_INFO: opIsDesignInPostRouteState() is 0
#################################################################################
# Design Stage: PreRoute
# Design Name: matmul_sync
# Design Mode: 45nm
# Analysis Mode: MMMC OCV 
# Parasitics Mode: No SPEF/RCDB 
# Signoff Settings: SI Off (EWM)
#################################################################################
Start delay calculation (fullDC) (8 T). (MEM=3964.21)
Total number of fetched objects 2433
AAE_INFO: Total number of nets for which stage creation was skipped for all views 0
End delay calculation. (MEM=4021.98 CPU=0:00:00.3 REAL=0:00:00.0)
End delay calculation (fullDC). (MEM=4021.98 CPU=0:00:00.4 REAL=0:00:00.0)
*** Done Building Timing Graph (cpu=0:00:00.8 real=0:00:00.0 totSessionCpu=0:01:21 mem=6822.6M)
OPTC: user 20.0 (reset)
[NR-eGR] Early global route reroute all routable nets
[NR-eGR] Track table information for default rule: 
[NR-eGR] Metal1 has single uniform track structure
[NR-eGR] Metal2 has single uniform track structure
[NR-eGR] Metal3 has single uniform track structure
[NR-eGR] Metal4 has single uniform track structure
[NR-eGR] Metal5 has single uniform track structure
[NR-eGR] Metal6 has single uniform track structure
[NR-eGR] Metal7 has single uniform track structure
[NR-eGR] Metal8 has single uniform track structure
[NR-eGR] Metal9 has single uniform track structure
[NR-eGR] Metal10 has single uniform track structure
[NR-eGR] Metal11 has single uniform track structure
[NR-eGR] Read 6519 PG shapes
[NR-eGR] Read 0 clock shapes
[NR-eGR] Read 0 other shapes
[NR-eGR] #Routing Blockages  : 20
[NR-eGR] #Bump Blockages     : 0
[NR-eGR] #Instance Blockages : 0
[NR-eGR] #PG Blockages       : 6519
[NR-eGR] #Halo Blockages     : 0
[NR-eGR] #Boundary Blockages : 0
[NR-eGR] #Clock Blockages    : 0
[NR-eGR] #Other Blockages    : 0
[NR-eGR] #prerouted nets         : 5
[NR-eGR] #prerouted special nets : 0
[NR-eGR] #prerouted wires        : 153
[NR-eGR] Read 2432 nets ( ignored 5 )
[NR-eGR] Number of tracks per clock wire is set as 5, but the design does not have any clock nets or they are fixed. The setting will not be applied.
[NR-eGR] ============ Routing rule table ============
[NR-eGR] Rule id: 0  Rule name: (Default)  Nets: 2427
[NR-eGR] ========================================
[NR-eGR] 
[NR-eGR] Layer group 1: route 2427 net(s) in layer range [2, 11]
[NR-eGR] Early Global Route overflow of layer group 1: 0.00% H + 0.00% V. EstWL: 2.309355e+04um
[NR-eGR] Congestion Analysis By layer: (blocked Gcells are excluded) 
[NR-eGR]                        OverCon            
[NR-eGR]                         #Gcell     %Gcell
[NR-eGR]        Layer               (1)    OverCon
[NR-eGR] ----------------------------------------------
[NR-eGR]  Metal1 ( 1)         0( 0.00%)   ( 0.00%) 
[NR-eGR]  Metal2 ( 2)         2( 0.06%)   ( 0.06%) 
[NR-eGR]  Metal3 ( 3)         0( 0.00%)   ( 0.00%) 
[NR-eGR]  Metal4 ( 4)         0( 0.00%)   ( 0.00%) 
[NR-eGR]  Metal5 ( 5)         0( 0.00%)   ( 0.00%) 
[NR-eGR]  Metal6 ( 6)         0( 0.00%)   ( 0.00%) 
[NR-eGR]  Metal7 ( 7)         0( 0.00%)   ( 0.00%) 
[NR-eGR]  Metal8 ( 8)         0( 0.00%)   ( 0.00%) 
[NR-eGR]  Metal9 ( 9)         0( 0.00%)   ( 0.00%) 
[NR-eGR] Metal10 (10)         0( 0.00%)   ( 0.00%) 
[NR-eGR] Metal11 (11)         0( 0.00%)   ( 0.00%) 
[NR-eGR] ----------------------------------------------
[NR-eGR]        Total         2( 0.01%)   ( 0.01%) 
[NR-eGR] 
[NR-eGR] Overflow after Early Global Route 0.00% H + 0.00% V
[NR-eGR] Finished Early Global Route kernel ( CPU: 0.04 sec, Real: 0.05 sec, Curr Mem: 6.00 MB )
[NR-eGR] Finished Early Global Route ( CPU: 0.05 sec, Real: 0.05 sec, Curr Mem: 6.00 MB )
[hotspot] +------------+---------------+---------------+
[hotspot] |            |   max hotspot | total hotspot |
[hotspot] +------------+---------------+---------------+
[hotspot] | normalized |          0.00 |          0.00 |
[hotspot] +------------+---------------+---------------+
Local HotSpot Analysis: normalized max congestion hotspot area = 0.00, normalized total congestion hotspot area = 0.00 (area is in unit of 4 std-cell row bins)
[hotspot] Hotspot report including placement blocked areas
[hotspot] +------------+---------------+---------------+
[hotspot] |            |   max hotspot | total hotspot |
[hotspot] +------------+---------------+---------------+
[hotspot] | normalized |          0.00 |          0.00 |
[hotspot] +------------+---------------+---------------+
Local HotSpot Analysis (blockage included): normalized max congestion hotspot area = 0.00, normalized total congestion hotspot area = 0.00 (area is in unit of 4 std-cell row bins)
Reported timing to dir reports/cts
**opt_design ... cpu = 0:00:33, real = 0:00:45, mem = 3965.9M, totSessionCpu=0:01:21 **
** Profile ** Start :  cpu=0:00:00.0, mem=6743.6M
** Profile ** Other data :  cpu=0:00:00.0, mem=6743.6M
** Profile ** Overall slacks :  cpu=0:00:00.2, mem=6830.6M
** Profile ** Total reports :  cpu=0:00:00.2, mem=6830.6M
** Profile ** DRVs :  cpu=0:00:00.1, mem=6831.6M

OptSummary:

------------------------------------------------------------------
     opt_design Final Summary
------------------------------------------------------------------

Setup views included:
 slow_0p9v_125c_cmax_func slow_0p9v_125c_cmax_scan_shift 

+--------------------+---------+---------+---------+---------+---------+---------+
|     Setup mode     |   all   | reg2reg | in2reg  | reg2out | in2out  | default |
+--------------------+---------+---------+---------+---------+---------+---------+
|           WNS (ns):|  0.003  |  9.048  |  1.048  |  0.003  |   N/A   |  0.137  |
|           TNS (ns):|  0.000  |  0.000  |  0.000  |  0.000  |   N/A   |  0.000  |
|    Violating Paths:|    0    |    0    |    0    |    0    |   N/A   |    0    |
|          All Paths:|   258   |   63    |   129   |   64    |   N/A   |    2    |
+--------------------+---------+---------+---------+---------+---------+---------+

+----------------+-------------------------------+------------------+
|                |              Real             |       Total      |
|    DRVs        +------------------+------------+------------------|
|                |  Nr nets(terms)  | Worst Vio  |  Nr nets(terms)  |
+----------------+------------------+------------+------------------+
|   max_cap      |      1 (1)       |   -0.008   |     65 (65)      |
|   max_tran     |      0 (0)       |   0.000    |      0 (0)       |
|   max_fanout   |      0 (0)       |     0      |      0 (0)       |
|   max_length   |      0 (0)       |     0      |      0 (0)       |
+----------------+------------------+------------+------------------+

Density: 62.204%
Routing Overflow: 0.00% H and 0.00% V
------------------------------------------------------------------
** Profile ** Report data :  cpu=0:00:00.0, mem=6831.6M
Begin: Collecting metrics
 ------------------------------------------------------------------------------------------------------------------------------------------ 
| Snapshot                | WNS                  | TNS                  | Density (%) | Hotspot      | Resource               | DRVs       |
|                         | HEPG (ns) | ALL (ns) | HEPG (ns) | ALL (ns) |             | Max  | Total | Real (s) | Memory (MB) | Tran | Cap |
|-------------------------+-----------+----------+-----------+----------+-------------+------+-------+----------+-------------+------+-----|
| initial_summary         |           |   -0.084 |           |       -0 |       62.22 |      |       | 0:00:01  |        6640 |    0 |   1 |
| route_type_refinement   |           |          |           |          |             |      |       | 0:00:01  |        6648 |      |     |
| simplify_netlist        |           |          |           |          |             |      |       | 0:00:01  |        6640 |      |     |
| excluded_clk_net_fixing |           |          |           |          |             |      |       | 0:00:00  |        6640 |      |     |
| drv_fixing              |     0.000 |   -0.084 |         0 |       -0 |       62.22 |      |       | 0:00:01  |        6640 |    0 |   0 |
| global_opt              |           |   -0.081 |           |       -0 |       62.18 |      |       | 0:00:01  |        6697 |      |     |
| global_opt_2            |           |   -0.058 |           |       -0 |       62.25 |      |       | 0:00:02  |        6753 |      |     |
| area_reclaiming         |     0.000 |   -0.055 |         0 |       -0 |       62.00 |      |       | 0:00:01  |        6705 |      |     |
| drv_fixing_2            |     0.000 |   -0.057 |         0 |       -0 |       62.06 |      |       | 0:00:01  |        6713 |    0 |   1 |
| wns_fixing              |     0.000 |    0.058 |         0 |        0 |       62.57 |      |       | 0:00:03  |        6998 |      |     |
| area_reclaiming_2       |     0.000 |    0.001 |         0 |        0 |       62.08 |      |       | 0:00:01  |        6849 |      |     |
| area_reclaiming_3       |     0.000 |    0.001 |         0 |        0 |       62.01 |      |       | 0:00:01  |        6841 |      |     |
| local_wire_reclaim      |           |          |           |          |             |      |       | 0:00:02  |        6841 |      |     |
| global_route            |           |          |           |          |             | 0.00 |  0.00 | 0:00:00  |        6710 |      |     |
| route_type_refinement_2 |           |          |           |          |             |      |       | 0:00:00  |        6710 |      |     |
| drv_eco_fixing          |     0.000 |   -0.028 |         0 |       -0 |       62.08 |      |       | 0:00:00  |        6872 |    0 |   0 |
| tns_eco_fixing          |     0.000 |    0.003 |         0 |        0 |       62.20 |      |       | 0:00:01  |        6952 |      |     |
| final_summary           |           |    0.003 |           |        0 |       62.20 | 0.00 |  0.00 | 0:00:10  |        6832 |    0 |   1 |
 ------------------------------------------------------------------------------------------------------------------------------------------ 
End: Collecting metrics
**opt_design ... cpu = 0:00:34, real = 0:00:54, mem = 3972.5M, totSessionCpu=0:01:22 **
cleaningup cpe interface
*** Finished opt_design ***
      flow.cputime  flow.realtime  timing.setup.tns  timing.setup.wns  snapshot
UM:*                                                                   final
      flow.cputime  flow.realtime  timing.setup.tns  timing.setup.wns  snapshot
UM:*                                                                   opt_design_postcts
Info: final physical memory for 9 CRR processes is 1060.09MB.
Info: Summary of CRR changes:
      - Timing transform commits:       0
cleaningup cpe interface
Info: Destroy the CCOpt slew target map.
Removing temporary dont_use automatically set for cells with technology sites with no row.
Set place::cacheFPlanSiteMark to 0
cleaningup cpe interface
(clock_opt_design): dumping clock statistics to metric
Updating ideal nets and annotations...
Clock tree spec update: Ideal nets, transition and delay annotations were updated to match active timing constraints.
Updating ideal nets and annotations done. (took cpu=0:00:00.0 real=0:00:00.0)
No differences between SDC and CTS ideal net status found.
Clock tree timing engine global stage delay update for slow_0p9v_125c_cmax:both.early...
Clock tree timing engine global stage delay update for slow_0p9v_125c_cmax:both.early done. (took cpu=0:00:00.0 real=0:00:00.0)
Clock tree timing engine global stage delay update for slow_0p9v_125c_cmax:both.late...
Clock tree timing engine global stage delay update for slow_0p9v_125c_cmax:both.late done. (took cpu=0:00:00.0 real=0:00:00.0)
Clock tree timing engine global stage delay update for fast_1p1v_0c_cmin:hold.early...
Clock tree timing engine global stage delay update for fast_1p1v_0c_cmin:hold.early done. (took cpu=0:00:00.0 real=0:00:00.0)
Clock tree timing engine global stage delay update for fast_1p1v_0c_cmin:hold.late...
Clock tree timing engine global stage delay update for fast_1p1v_0c_cmin:hold.late done. (took cpu=0:00:00.0 real=0:00:00.0)
UM: Running design category ...

      flow.cputime  flow.realtime  timing.setup.tns  timing.setup.wns  snapshot
UM:          54.31             75          0.000 ns          0.003 ns  clock_opt_design

*** Summary of all messages that are not suppressed in this session:
Severity  ID               Count  Summary                                  
WARNING   IMPSP-12502          1  Slack driven placement is disabled becau...
WARNING   IMPSP-2904          20  option place_detail_filler_gap_effort an...
WARNING   IMPOPT-3564          1  The following cells are set dont_use tem...
WARNING   IMPCCOPT-1127        2  The skew group %s has been identified as...
*** Message Summary: 24 warning(s), 0 error(s)

*** clock_opt_design #1 [finish] () : cpu/real = 0:00:54.3/0:01:14.8 (0.7), totSession cpu/real = 0:01:22.4/0:01:50.1 (0.7), mem = 6831.6M
Ending "clock_opt_design" (total cpu=0:00:54.4, real=0:01:15, peak res=4181.0M, current mem=3844.8M)
@flow 7: }
#@ End verbose flow_step cts.add_clock_tree
      flow.cputime  flow.realtime  timing.setup.tns  timing.setup.wns  snapshot
UM:          56.37             77          0.000 ns          0.003 ns  add_clock_tree
##FLOW_KIT: enabling features from command line: {report_lec synth_spatial pnr_db_handoff add_scan generate_models opt_signoff}
#@ Begin verbose flow_step cts.add_tieoffs
@flow 2: #- insert dedicated tieoff models
@flow 3: if {[get_db add_tieoffs_cells] ne "" } {
@@flow 4: delete_tieoffs
  Deleted 0 logical insts of cell TIEHI
  Deleted 0 logical insts of cell TIELO
@flow 5: #add_tieoffs -matching_power_domains true
@flow 6: puts "Warning: add_tiedoffs without matching_power_domains"
Warning: add_tiedoffs without matching_power_domains
@@flow 7: add_tieoffs
Options: No distance constraint, Max Fan-out = 32.
	CornerforLayerOpt timing analysis view slow_0p9v_125c_cmax_func has been selected for calibration 
	CornerforLayerOpt timing analysis view slow_0p9v_125c_cmax_func has been selected for calibration 
	CornerforLayerOpt timing analysis view slow_0p9v_125c_cmax_func has been selected for calibration 
	CornerforLayerOpt timing analysis view slow_0p9v_125c_cmax_func has been selected for calibration 
	CornerforLayerOpt timing analysis view slow_0p9v_125c_cmax_func has been selected for calibration 
	CornerforLayerOpt timing analysis view slow_0p9v_125c_cmax_func has been selected for calibration 
	CornerforLayerOpt timing analysis view slow_0p9v_125c_cmax_func has been selected for calibration 
	CornerforLayerOpt timing analysis view slow_0p9v_125c_cmax_func has been selected for calibration 
	CornerforLayerOpt timing analysis view slow_0p9v_125c_cmax_func has been selected for calibration 
	CornerforLayerOpt timing analysis view slow_0p9v_125c_cmax_func has been selected for calibration 
	CornerforLayerOpt timing analysis view slow_0p9v_125c_cmax_func has been selected for calibration 
	CornerforLayerOpt timing analysis view slow_0p9v_125c_cmax_func has been selected for calibration 
Re-routed 2 nets
INFO: Total Number of Tie Cells (TIEHI) placed: 2 for power domain pd_aon
INFO: Total Number of Tie Cells (TIELO) placed: 0 for power domain pd_aon
@flow 8: }
#@ End verbose flow_step cts.add_tieoffs
      flow.cputime  flow.realtime  timing.setup.tns  timing.setup.wns  snapshot
UM:           6.06              6                                      add_tieoffs
##FLOW_KIT: enabling features from command line: {report_lec synth_spatial pnr_db_handoff add_scan generate_models opt_signoff}
#@ Begin verbose flow_step cts.block_finish
@flow 2: #- Make sure flow_report_name is reset from any reports executed during the flow
@@flow 3: set_db flow_report_name [get_db [lindex [get_db flow_hier_path] end] .name]
@flow 5: if {[get_feature pnr_db_handoff] && [is_flow -quiet -inside flow:syn_opt]} {...
@flow 7: } else {
@@flow 8: set_db flow_write_db_common false
@flow 9: }
@flow 11: #- Store non-default root attributes to metrics
@flow 12: catch {report_obj -tcl} flow_root_config
@flow 13: if {[dict exists $flow_root_config root:/]} {
@flow 14: set flow_root_config [dict get $flow_root_config root:/]
@flow 15: }
@flow 19: foreach key [dict keys $flow_root_config] {
	if {[string length [dict get $flow_root_config $key]] > 200} {
	    dict set flow_root_config $key "\[long value truncated\]"
	}
    }
@@flow 24: set_metric -name flow.root_config -value $flow_root_config
#@ End verbose flow_step cts.block_finish
      flow.cputime  flow.realtime  timing.setup.tns  timing.setup.wns  snapshot
UM:           2.35              3                                      block_finish
#% Begin save design ... (date=11/14 14:53:47, mem=3974.2M)
% Begin Save ccopt configuration ... (date=11/14 14:53:47, mem=3974.2M)
% End Save ccopt configuration ... (date=11/14 14:53:47, total cpu=0:00:00.0, real=0:00:00.0, peak res=3974.6M, current mem=3974.6M)
% Begin Save netlist data ... (date=11/14 14:53:47, mem=3974.6M)
Writing Binary DB to /home/student/16/ex8/flow_matmul_sync_1/dbs/cts.enc/vbin/matmul_sync.v.bin in multi-threaded mode...
% End Save netlist data ... (date=11/14 14:53:47, total cpu=0:00:00.0, real=0:00:00.0, peak res=3975.2M, current mem=3975.2M)
Saving symbol-table file in separate thread ...
Saving congestion map file in separate thread ...
Saving congestion map file /home/student/16/ex8/flow_matmul_sync_1/dbs/cts.enc/matmul_sync.route.congmap.gz ...
% Begin Save AAE data ... (date=11/14 14:53:47, mem=3975.4M)
Saving AAE Data ...
% End Save AAE data ... (date=11/14 14:53:47, total cpu=0:00:00.0, real=0:00:00.0, peak res=3976.3M, current mem=3976.3M)
Saving preference file /home/student/16/ex8/flow_matmul_sync_1/dbs/cts.enc/gui.pref.tcl ...
Saving mode setting ...
Saving root attributes to be loaded post write_db ...
**WARN: (IMPMF-5054):	fill_setting_save command is obsolete and should not be used any more. It still works in this release but will be removed in future release. Recommend to use Pegasus metal fill flow which is the replacement.
Saving global file ...
Saving root attributes to be loaded previous write_db ...
*info - save blackBox cells to lef file /home/student/16/ex8/flow_matmul_sync_1/dbs/cts.enc/matmul_sync.bbox.lef
Saving Drc markers ...
... No Drc file written since there is no markers found.
Saving SCANDEF file ...
*** Scan Trace Summary (runtime: cpu: 0:00:00.0 , real: 0:00:00.0): 
Successfully traced 1 scan chain  (total 64 scan bits).
Start applying DEF ordered sections ...
Successfully applied all DEF ordered sections.
*** Scan Sanity Check Summary:
*** 1 scan chain  passed sanity check.
Convert 0 swires and 0 svias from compressed groups
74 swires and 9 svias were compressed
74 swires and 9 svias were decompressed from small or sparse groups
Saving special route data file in separate thread ...
Saving PG file in separate thread ...
Saving placement file in separate thread ...
Saving route file in separate thread ...
Saving property file in separate thread ...
Convert 0 swires and 0 svias from compressed groups
Saving PG file /home/student/16/ex8/flow_matmul_sync_1/dbs/cts.enc/matmul_sync.pg.gz, version#2, (Created by Innovus v23.15-s106_1 on Fri Nov 14 14:53:50 2025)
** Saving stdCellPlacement_binary (version# 2) ...
Save Adaptive View Pruning View Names to Binary file
slow_0p9v_125c_cmax_func
Saving property file /home/student/16/ex8/flow_matmul_sync_1/dbs/cts.enc/matmul_sync.prop
TAT_INFO: ::saveSpecialRoute REAL = 0 : CPU = 0 : MEM = 0.
*** Completed saveProperty (cpu=0:00:00.0 real=0:00:00.0 mem=6983.6M) ***
*** Completed savePGFile (cpu=0:00:00.0 real=0:00:01.0 mem=6983.6M) ***
TAT_INFO: ::savePGFile REAL = 1 : CPU = 0 : MEM = 0.
TAT_INFO: ::savePlace REAL = 0 : CPU = 0 : MEM = 0.
*** Completed saveRoute (cpu=0:00:00.0 real=0:00:01.0 mem=6983.6M) ***
TAT_INFO: ::saveRoute REAL = 1 : CPU = 0 : MEM = 0.
TAT_INFO: ::db::saveAnnotationAndProp REAL = 0 : CPU = 0 : MEM = 0.
#Saving pin access data to file /home/student/16/ex8/flow_matmul_sync_1/dbs/cts.enc/matmul_sync.apa ...
#
Saving rc congestion map /home/student/16/ex8/flow_matmul_sync_1/dbs/cts.enc/matmul_sync.congmap.gz ...
Saving preRoute extracted patterns in file '/home/student/16/ex8/flow_matmul_sync_1/dbs/cts.enc/matmul_sync.techData.gz' ...
Saving preRoute extraction data in directory '/home/student/16/ex8/flow_matmul_sync_1/dbs/cts.enc/extraction/' ...
Saving rc congestion map /home/student/16/ex8/flow_matmul_sync_1/dbs/cts.enc/matmul_sync.congmap.gz ...
Saving power intent database ...
fast_1p1v_0c_cmin slow_0p9v_125c_cmax
TAT_INFO: ::db::saveSymbolTable REAL = 1 : CPU = 0 : MEM = 0.
TAT_INFO: ::saveCongMap REAL = 1 : CPU = 0 : MEM = 0.
% Begin Save power constraints data ... (date=11/14 14:53:55, mem=3982.8M)
% End Save power constraints data ... (date=11/14 14:53:55, total cpu=0:00:00.0, real=0:00:00.0, peak res=3982.8M, current mem=3982.8M)
cmax_125c cmin_0c
cmax_125c cmin_0c
cmax_125c cmin_0c
cmax_125c cmin_0c
cmax_125c cmin_0c
**WARN: (GLOBAL-100):	Global 'timing_enable_backward_compatible_mmmc_mode' has become obsolete. It will be removed in the next release.
**WARN: (GLOBAL-100):	Global 'timing_enable_backward_compatible_mmmc_mode' has become obsolete. It will be removed in the next release.
Generated self-contained design cts.enc
slow_0p9v_125c_ls fast_1p1v_0c_ls
cmax_125c cmin_0c
#% End save design ... (date=11/14 14:53:56, total cpu=0:00:01.4, real=0:00:09.0, peak res=4018.9M, current mem=4002.1M)

*** Summary of all messages that are not suppressed in this session:
Severity  ID               Count  Summary                                  
WARNING   IMPMF-5054           1  fill_setting_save command is obsolete an...
*** Message Summary: 1 warning(s), 0 error(s)

      flow.cputime  flow.realtime  timing.setup.tns  timing.setup.wns  snapshot
UM:*                                                                   write_db
##FLOW_KIT: enabling features from command line: {report_lec synth_spatial pnr_db_handoff add_scan generate_models opt_signoff}
#@ Begin verbose flow_step cts.report_postcts.report_start
#@ End verbose flow_step cts.report_postcts.report_start
      flow.cputime  flow.realtime  timing.setup.tns  timing.setup.wns  snapshot
UM:           2.04              2                                      report_start
      flow.cputime  flow.realtime  timing.setup.tns  timing.setup.wns  snapshot
UM:*                                                                   report_postcts
##FLOW_KIT: enabling features from command line: {report_lec synth_spatial pnr_db_handoff add_scan generate_models opt_signoff}
#@ Begin verbose flow_step cts.report_postcts.init_innovus
@flow 3: # Tool settings: NOTE: already set by flow_config.tcl
@flow 4: #set_multi_cpu_usage -local_cpu 8 -remote_host 1 -cpu_per_remote_host 8
@flow 6: if {[get_feature -feature report_lec]} {
@flow 7: # Init attributes  [get_db -category init]
@flow 8: 	#-------------------------------------------------------------------------------
@@flow 9: set_db write_lec_directory_naming_style "fv/%s/[get_db flow_report_name]"
@flow 10:
@flow 11: }
@@flow 12: set_db init_design_uniquify 1
@flow 14: # Design attributes  [get_db -category design]
@flow 15: #-------------------------------------------------------------------------------
@@flow 16: set_db design_process_node            45
##  Process: 45            (User Set)               
##     Node: (not set)                           

##  Check design process and node:  
##  Design tech node is not set.

Applying the recommended capacitance filtering threshold values for 45nm process node: total_c_th=0, relative_c_th=1 and coupling_c_th=0.1.
	These values will be used by all post-route extraction engines, including TQuantus, IQuantus and Quantus QRC extraction.
	Capacitance filtering mode(extract_rc_cap_filter_mode option of the set_db) is 'relative_and_coupling' for all engines.
	The accuracy mode for post_route extract_rc_effort_level low extraction will be set to 'high'.
	Default value for EffortLevel(extract_rc_effort_level option of the set_db) in post_route extraction mode is 'medium'.
@flow 17: if {[get_feature -feature flow_express]} {...}
@@flow 20: set_db design_early_clock_flow              true
@flow 22: # Via naming
@flow 23: #-------------------------------------------------------------------------------
@flow 24: # Use design name as prefix for VIAs, as otherwise they will cause collision when merging designs on toplevel
@@flow 25: set_db write_stream_via_names true
@flow 27: # Timing attributes  [get_db -category timing && delaycalc]
@flow 28: #-------------------------------------------------------------------------------
@@flow 29: set_db timing_analysis_cppr           both
@@flow 30: set_db timing_analysis_type           ocv
@@flow 31: set_db timing_report_fields           {timing_point net cell fanout load transition delay incr_delay arrival edge user_derate power_domain}
@flow 33: #set_db timing_analysis_socv                               true                        ;# Enable socv analysis
@flow 34: #set_db timing_socv_rc_variation_mode                      true                        ;# Enable interconnect variation mode in SOCV mode
@flow 35: #set_db  timing_report_enable_verbose_ssta_mode true
@flow 37: # Add, TL: flow sets this to "no_async", async is default and should be used
@@flow 38: set_db timing_analysis_async_checks async
@flow 39: # Add, TL: maybe a bit hazardous... disable default io delay for ports which are unconstrained!
@flow 40: # if true, will cause hold problems (since launching clock is the receiving clock (with same latency!))
@@flow 41: set_db timing_apply_default_primary_input_assertion false
@@flow 43: set_db delaycal_advanced_node_pin_cap_settings true
@@flow 44: set_db delaycal_advanced_pin_cap_mode true
@flow 47: # Extraction attributes  [get_db -category extract_rc]
@flow 48: #-------------------------------------------------------------------------------
@flow 49: if {[get_feature -feature add_pvs_fill] || [get_feature -feature add_pegasus_beol_fill]} {...}
@flow 52: if {[is_flow -after flow:opt_signoff] || [is_flow -inside flow:opt_signoff]} {...}
@flow 58: if {[is_flow -after flow:route]} {...}
@flow 64: if {0} {...
@flow 66: } else {
@@flow 67: set_db delaycal_equivalent_waveform_model               no_propagation
@flow 68: }
@@flow 69: set_db si_aggressor_alignment                             timing_aware_edge       
@flow 71: # Mod, TL: Too few licenses to extract all corners in parallel . Use the following to reduce number of used licenses :
@flow 72: #set_db extract_rc_qrc_run_mode sequential
@flow 74: # Floorplan attributes  [get_db -category floorplan]
@flow 75: #-------------------------------------------------------------------------------
@@flow 76: set_db finish_floorplan_active_objs   [list macro soft_blockage core]
@flow 77: # Constraints for even or odd site width/ row height
@@flow 78: set_db floorplan_row_site_height                          even
@@flow 79: set_db floorplan_row_site_width                           even
@flow 81: # Placement attributes  [get_db -category place]
@flow 82: #-------------------------------------------------------------------------------
@@flow 83: set_db place_detail_legalization_inst_gap                 1 
@@flow 84: set_db place_detail_use_no_diffusion_one_site_filler      false                        ;
@flow 84: # False to not leave 1-site gaps
@@flow 85: set_db place_detail_filler_gap_min_gap                    0.2
**WARN: (IMPSP-2904):	option place_detail_filler_gap_effort and place_detail_filler_gap_min_gap will be obsolete from next release and is replaced by place_detail_legalization_inst_gap <site>.
@@flow 86: set_db place_detail_filler_gap_effort                     high
**WARN: (IMPSP-2904):	option place_detail_filler_gap_effort and place_detail_filler_gap_min_gap will be obsolete from next release and is replaced by place_detail_legalization_inst_gap <site>.
@@flow 88: set_db place_global_uniform_density                       true                        ;
@flow 88: # Enable even cell distribution for designs with less than 70% utilization
@@flow 90: set_db place_global_place_io_pins               true
@@flow 91: set_db place_detail_use_check_drc               true
@flow 92: #set_db place_detail_color_aware_legal           true
@flow 94: # Tieoff attributes  [get_db -category add_tieoffs]
@flow 95: #-------------------------------------------------------------------------------
@@flow 96: set_db add_tieoffs_cells                        [list TIEHI TIELO]
@flow 97: # tieoff max fanout not honored without this?
@@flow 98: set_db add_tieoffs_max_fanout 32
@flow 100: # Optimization attributes  [get_db -category opt]
@flow 101: #-------------------------------------------------------------------------------
@@flow 102: set_db opt_fix_hold_allow_setup_tns_degradation           true                        ;
@flow 102: # When set to true, allows setup total negative slack to degrade during hold optimization.
@@flow 103: set_db opt_fix_hold_verbose                               true                        ;
@flow 103: # When set to true, display extra info in the log about remaining hold violations.
@@flow 104: set_db opt_new_inst_prefix            "[get_db flow_report_name]_"
@flow 105: # Note, do not use DEL* -cells for hold fixing because of HUGE variation
@@flow 106: set_db opt_fix_hold_lib_cells                   [list  ]
**WARN: (IMPOPT-7140):	The "set_db opt_hold_cells" list is empty
@flow 107: # enable data checks during gigaplace (false by default)
@flow 108: #set_db opt_enable_data_to_data_checks     true
@flow 110: # fix max_fanout / max_load violations, false by default
@@flow 111: set_db opt_fix_fanout_load true
@flow 113: # Clock attributes  [get_db -category cts]
@flow 114: #-------------------------------------------------------------------------------
@@flow 115: set_db cts_top_fanout_threshold                           2000                        ;
@flow 115: # Minimum number of transitive fanout in the clock tree for a net to be routed as a top net
@@flow 116: set_db cts_target_skew                          0.15
@@flow 117: set_db cts_target_max_transition_time           0.10
@@flow 119: set_db cts_buffer_cells                         [list CLKBUFX12 CLKBUFX16 CLKBUFX2 CLKBUFX20 CLKBUFX3 CLKBUFX4 CLKBUFX6 CLKBUFX8]
@@flow 120: set_db cts_inverter_cells                       [list CLKINVX1 CLKINVX12 CLKINVX16 CLKINVX2 CLKINVX20 CLKINVX3 CLKINVX4 CLKINVX6 CLKINVX8]
@@flow 121: set_db cts_clock_gating_cells                   [list TLATNCAX12 TLATNCAX16 TLATNCAX2 TLATNCAX20 TLATNCAX3 TLATNCAX4 TLATNCAX6 TLATNCAX8]
@@flow 122: set_db cts_logic_cells                          [get_db [get_db base_cells CLK*] .name]
@flow 124: #- Route types definitions occur during the "init_floorplan" flow_step
@flow 125: if {[get_db route_types] ne ""} {
@@flow 126: set_db cts_route_type_leaf                     cts_route_type_leaf
@@flow 127: set_db cts_route_type_trunk                    cts_route_type_trunk
@@flow 128: set_db cts_route_type_top                      cts_route_type_top
@flow 129: }
@flow 131: # Only use inverters in clock tree, no buffers
@@flow 132: set_db cts_use_inverters true
@flow 134: # Use max 32 fanout also in CTS
@@flow 135: set_db cts_max_fanout 32
@flow 137: # power balance leakage / dynamic
@flow 138: #-------------------------------------------------------------------------------
@flow 139: # Optimize both leakage & dynamic with same weight
@@flow 140: set_db opt_leakage_to_dynamic_ratio                 0.5
@flow 142: # Filler attributes  [get_db -category add_fillers]
@flow 143: #-------------------------------------------------------------------------------
@flow 144: #set_db add_fillers_avoid_abutment_patterns                "1:1 2:1"                   ;# Avoid 1:1 filler abutment
@@flow 145: set_db add_fillers_cells                        [list  DECAP10 DECAP2 DECAP3 DECAP4 DECAP5 DECAP6 DECAP7 DECAP8 DECAP9  FILL1 FILL16 FILL2 FILL32 FILL4 FILL64 FILL8  ]
@@flow 146: set_db add_fillers_no_single_site_gap true
@flow 147: # Insert fillers to toplevel hierarchy
@@flow 148: set_db add_fillers_cell_name_style                      flat
@flow 150: # Routing attributes  [get_db -category route]
@flow 151: #-------------------------------------------------------------------------------
@@flow 152: set_db route_early_global_bottom_routing_layer            [get_db [get_db layers Metal2] .route_index]
**WARN: (IMPPSP-1003):	Found use of 'route_early_global_bottom_routing_layer'. This will continue to work in this release; however, it is recommended to use 'design_bottom_routing_layer' instead.
@@flow 153: set_db route_early_global_top_routing_layer               [get_db [get_db layers Metal11] .route_index]
**WARN: (IMPPSP-1003):	Found use of 'route_early_global_top_routing_layer'. This will continue to work in this release; however, it is recommended to use 'design_top_routing_layer' instead.
@flow 154: #set_db route_early_global_num_tracks_per_clock_wire     1
@@flow 155: set_db route_early_global_num_tracks_per_clock_wire     5
@flow 157: # Note TL: use only up to M8 in routing
@@flow 158: set_db route_design_bottom_routing_layer                  [get_db [get_db layers Metal2] .route_index]
#WARNING (NRIF-90) Option set_db route_bottom_routing_layer is obsolete. It will continue to work for the current release. To ensure compatibility with future releases, use option set_db design_bottom_routing_layer instead.
@@flow 159: set_db route_design_top_routing_layer                     [get_db [get_db layers Metal11] .route_index]
#WARNING (NRIF-91) Option set_db route_top_routing_layer is obsolete. It will continue to work for the current release. To ensure compatibility with future releases, use option set_db design_top_routing_layer instead.
@@flow 161: set_db route_design_detail_post_route_swap_via          none
#WARNING (NRIF-83) When route_detail_post_route_swap_via is set to 'none', the post route via swapping step will be skipped in all scenarios.
@@flow 162: set_db route_design_with_litho_driven                   true
@@flow 163: set_db route_design_with_timing_driven                  true
@flow 165: # Antenna options
@@flow 166: set_db route_design_antenna_pin_limit                   1000
@@flow 167: set_db route_design_antenna_cell_name                   ANTENNA
@@flow 168: set_db route_design_add_antenna_inst_prefix             "ANTENNA"
@@flow 169: set_db route_design_antenna_diode_insertion             true
@@flow 170: set_db route_design_detail_fix_antenna                  true
@flow 172: #set_db route_design_process_node                        45
@@flow 173: set_db route_design_with_via_in_pin                     1:1 ;
@flow 173: # enclose via inside stdcell pin shape on M1 accesses
@flow 175: # H240 trim grid definition
@flow 176: #set_db route_design_with_trim_metal "-layer 2  #-mask2 {-pitch 0.24 -core_offset 0.225 -width 0.03 }  #-mask2 {-pitch 0.24 -core_offset 0.095 -width 0.03 }  #-mask1 {-pitch 0.24 -core_offset 0.015 -width 0.03 }  #-mask1 {-pitch 0.24 -core_offset 0.145 -width 0.03 }"
@@flow 178: set_db route_design_concurrent_minimize_via_count_effort  high                        ;
@flow 178: # Reduce the via count while routing
@@flow 179: set_db route_design_detail_use_multi_cut_via_effort       high                        ;
@flow 179: # Turn on concurrent double/bar cut routing before CTS
@flow 180: #set_db route_design_with_via_only_for_block_cell_pin      2:2                         ;# Access M2 MACRO pin with VIA only
@flow 182: if {0} {...}
@@flow 189: eval_legacy {setNanoRouteMode  -routeExpShieldAddTappingVia true}                     ;
@flow 189: # Add Tapping via for the specified distance for shielding
@flow 191: # Timing ECO attributes [get_db -category opt_signoff] 
@flow 192: #-------------------------------------------------------------------------------
@@flow 193: set_db distributed_child_license_checkout_list          tpsxl
@flow 195: # techniques                                                                    
@flow 196: #set_db opt_signoff_resize_inst  true                                           
@flow 197: #set_db opt_signoff_add_inst true                                               
@flow 198: #set_db opt_signoff_swap_inst true                                              
@flow 199: #set_db opt_signoff_delete_inst true                                            
@flow 200: #set_db opt_signoff_allow_skewing false                                         
@flow 201: #set_db opt_signoff_optimize_sequential_cells false                             
@@flow 202: set_db opt_signoff_optimize_core_only                   true                                    
@flow 203: #set_db opt_signoff_optimize_replicated_modules false                           
@flow 205: # target
@flow 206: #set_db opt_signoff_setup_target_slack 0.0
@flow 207: #set_db opt_signoff_hold_target_slack 0.0 
@flow 209: # Note TL: both false by default
@@flow 210: set_db opt_signoff_fix_si_slew true
@@flow 211: set_db opt_signoff_fix_xtalk   true
@@flow 212: set_db opt_signoff_fix_glitch  true
@flow 214: # Hold fixing
@@flow 215: set_db opt_signoff_fix_hold_allow_setup_optimization      true                        ;
@flow 215: # When set to true, incremental Setup fixing is performed during Hold fixing in order to create more Setup margins on Hold violated nodes that could not be fixed earlier due to Setup timing conflict
@@flow 216: set_db opt_signoff_fix_hold_allow_setup_tns_degrade       true                        ;
@flow 216: # When  specified,  the  Setup Total Negative Slack can be degraded during Hold time violations fixing while still maintaining the Setup Worst Negative Slack in every Setup active views.
@flow 218: # PBA
@@flow 219: set_db opt_signoff_retime                               path_slew_propagation
@flow 220: #set_db opt_signoff_check_type both                 
@flow 221: #set_db opt_signoff_max_paths -1                    
@flow 222: #set_db opt_signoff_nworst -1                       
@flow 223: #set_db opt_signoff_max_slack 0.0                   
@flow 225: # I/OS
@flow 226: #set_db opt_signoff_eco_file_prefix {}
@flow 227: #set_db opt_signoff_partition_list_file {}
@flow 228: #set_db opt_signoff_prefix ESO            
@flow 229: #set_db opt_signoff_read_eco_opt_db {}    
@flow 230: #set_db opt_signoff_write_eco_opt_db ecoTimingDB
@flow 231: #set_db opt_signoff_verbose false               
@flow 232: #set_db opt_signoff_pre_sta_tcl                
#@ End verbose flow_step cts.report_postcts.init_innovus
      flow.cputime  flow.realtime  timing.setup.tns  timing.setup.wns  snapshot
UM:            3.1              3                                      init_innovus
##FLOW_KIT: enabling features from command line: {report_lec synth_spatial pnr_db_handoff add_scan generate_models opt_signoff}
#@ Begin verbose flow_step cts.report_postcts.report_area_innovus
@@flow 2: report_summary -no_html -out_dir [file join [get_db flow_report_directory] [get_db flow_report_name]] -out_file [file join [get_db flow_report_directory] [get_db flow_report_name] [get_db flow_report_prefix]qor.rpt]
Start to collect the design information.
Build netlist information for Cell matmul_sync.
Finished collecting the design information.
Generating standard cells used in the design report.
Analyze library ... 
Analyze netlist ... 
Analyze timing ... 
Analyze floorplan/placement ... 
Analyze power intent ... 
Generating power domain pd_aon cell type instance used in the design report.
Analysis Routing ...
Report saved in file reports/cts/qor.rpt
@@flow 3: report_area  -min_count 1000 -out_file [file join [get_db flow_report_directory] [get_db flow_report_name] [get_db flow_report_prefix]area.summary.rpt]
#@ End verbose flow_step cts.report_postcts.report_area_innovus
UM: Running design category ...

      flow.cputime  flow.realtime  timing.setup.tns  timing.setup.wns  snapshot
UM:           2.62              3                                      report_area_innovus
##FLOW_KIT: enabling features from command line: {report_lec synth_spatial pnr_db_handoff add_scan generate_models opt_signoff}
#@ Begin verbose flow_step cts.report_postcts.report_timing_early_innovus
@flow 2: #- Update the timer for hold and write reports
@@flow 3: time_design -expanded_views -hold -report_only -report_dir [file join [get_db flow_report_directory] [get_db flow_report_name]] -report_prefix time_design_expanded_views_hold
*** time_design #1 [begin] () : totSession cpu/real = 0:01:43.0/0:02:18.1 (0.7), mem = 6959.6M
*** Enable all active views. ***
** Profile ** Start :  cpu=0:00:00.0, mem=6856.8M
** Profile ** Other data :  cpu=0:00:00.0, mem=6856.8M
Extraction called for design 'matmul_sync' of instances=2014 and nets=2438 using extraction engine 'pre_route' .
pre_route RC Extraction called for design matmul_sync.
RC Extraction called in multi-corner(2) mode.
RCMode: PreRoute
      RC Corner Indexes            0       1   
Capacitance Scaling Factor   : 1.00000 1.00000 
Resistance Scaling Factor    : 1.00000 1.00000 
Clock Cap. Scaling Factor    : 1.00000 1.00000 
Clock Res. Scaling Factor    : 1.00000 1.00000 
Shrink Factor                : 1.00000
PreRoute extraction is honoring NDR/Shielding/ExtraSpace for clock nets.
Using Quantus QRC technology file ...
Grid density data update skipped
Initializing multi-corner resistance tables ...
PreRoute RC Extraction DONE (CPU Time: 0:00:00.0  Real Time: 0:00:00.0  MEM: 6856.766M)
Starting delay calculation for Hold views
AAE_INFO: opIsDesignInPostRouteState() is 0
#################################################################################
# Design Stage: PreRoute
# Design Name: matmul_sync
# Design Mode: 45nm
# Analysis Mode: MMMC OCV 
# Parasitics Mode: No SPEF/RCDB 
# Signoff Settings: SI Off (EWM)
#################################################################################
Start delay calculation (fullDC) (8 T). (MEM=3989.07)
Total number of fetched objects 2435
AAE_INFO: Total number of nets for which stage creation was skipped for all views 0
Total number of fetched objects 2435
AAE_INFO: Total number of nets for which stage creation was skipped for all views 0
End delay calculation. (MEM=4103 CPU=0:00:00.6 REAL=0:00:00.0)
End delay calculation (fullDC). (MEM=4103 CPU=0:00:00.8 REAL=0:00:00.0)
*** Done Building Timing Graph (cpu=0:00:01.3 real=0:00:00.0 totSessionCpu=0:01:44 mem=6983.7M)
** Profile ** Overall slacks :  cpu=0:00:01.4, mem=6983.7M
** Profile ** slow_0p9v_125c_cmax_func slacks :  cpu=0:00:00.0, mem=6983.7M
** Profile ** slow_0p9v_125c_cmax_scan_capture slacks :  cpu=0:00:00.0, mem=6983.7M
** Profile ** slow_0p9v_125c_cmax_scan_shift slacks :  cpu=0:00:00.0, mem=6983.7M
** Profile ** fast_1p1v_0c_cmin_func slacks :  cpu=0:00:00.0, mem=6983.7M
** Profile ** fast_1p1v_0c_cmin_scan_capture slacks :  cpu=0:00:00.0, mem=6983.7M
** Profile ** fast_1p1v_0c_cmin_scan_shift slacks :  cpu=0:00:00.0, mem=6983.7M
** Profile ** Total reports :  cpu=0:00:00.1, mem=6983.7M
** Profile ** slow_0p9v_125c_cmax_func reports :  cpu=0:00:00.1, mem=6983.7M
** Profile ** slow_0p9v_125c_cmax_scan_capture reports :  cpu=0:00:00.1, mem=6983.7M
** Profile ** slow_0p9v_125c_cmax_scan_shift reports :  cpu=0:00:00.1, mem=6983.7M
** Profile ** fast_1p1v_0c_cmin_func reports :  cpu=0:00:00.1, mem=6983.7M
** Profile ** fast_1p1v_0c_cmin_scan_capture reports :  cpu=0:00:00.1, mem=6983.7M
** Profile ** fast_1p1v_0c_cmin_scan_shift reports :  cpu=0:00:00.1, mem=6983.7M

OptSummary:

------------------------------------------------------------------
         time_design Summary
------------------------------------------------------------------

Hold views included:
 slow_0p9v_125c_cmax_func slow_0p9v_125c_cmax_scan_capture 
 slow_0p9v_125c_cmax_scan_shift fast_1p1v_0c_cmin_func 
 fast_1p1v_0c_cmin_scan_capture fast_1p1v_0c_cmin_scan_shift 
 

+--------------------+---------+---------+---------+---------+---------+---------+
|     Hold mode      |   all   | reg2reg | in2reg  | reg2out | in2out  | default |
+--------------------+---------+---------+---------+---------+---------+---------+
|           WNS (ns):|  0.038  |  0.038  |  0.952  |  1.123  |   N/A   |  0.040  |
|           TNS (ns):|  0.000  |  0.000  |  0.000  |  0.000  |   N/A   |  0.000  |
|    Violating Paths:|    0    |    0    |    0    |    0    |   N/A   |    0    |
|          All Paths:|   258   |   63    |   129   |   64    |   N/A   |    2    |
+--------------------+---------+---------+---------+---------+---------+---------+
|slow_0p9v_125c_cmax_func
|                    |  1.456  |   N/A   |  1.456  |  2.171  |   N/A   |  0.000  |
|                    |  0.000  |   N/A   |  0.000  |  0.000  |   N/A   |  0.000  |
|                    |    0    |   N/A   |    0    |    0    |   N/A   |    0    |
|                    |   192   |   N/A   |   128   |   64    |   N/A   |    0    |
+--------------------+---------+---------+---------+---------+---------+---------+
|slow_0p9v_125c_cmax_scan_capture
|                    |  0.952  |   N/A   |  0.952  |  1.671  |   N/A   |  0.000  |
|                    |  0.000  |   N/A   |  0.000  |  0.000  |   N/A   |  0.000  |
|                    |    0    |   N/A   |    0    |    0    |   N/A   |    0    |
|                    |   192   |   N/A   |   128   |   64    |   N/A   |    0    |
+--------------------+---------+---------+---------+---------+---------+---------+
|slow_0p9v_125c_cmax_scan_shift
|                    |  0.278  |  0.278  |  0.952  |  1.671  |   N/A   |  0.292  |
|                    |  0.000  |  0.000  |  0.000  |  0.000  |   N/A   |  0.000  |
|                    |    0    |    0    |    0    |    0    |   N/A   |    0    |
|                    |   194   |   63    |   65    |   64    |   N/A   |    2    |
+--------------------+---------+---------+---------+---------+---------+---------+
|fast_1p1v_0c_cmin_func
|                    |  1.471  |   N/A   |  1.471  |  1.623  |   N/A   |  0.000  |
|                    |  0.000  |   N/A   |  0.000  |  0.000  |   N/A   |  0.000  |
|                    |    0    |   N/A   |    0    |    0    |   N/A   |    0    |
|                    |   192   |   N/A   |   128   |   64    |   N/A   |    0    |
+--------------------+---------+---------+---------+---------+---------+---------+
|fast_1p1v_0c_cmin_scan_capture
|                    |  0.971  |   N/A   |  0.971  |  1.123  |   N/A   |  0.000  |
|                    |  0.000  |   N/A   |  0.000  |  0.000  |   N/A   |  0.000  |
|                    |    0    |   N/A   |    0    |    0    |   N/A   |    0    |
|                    |   192   |   N/A   |   128   |   64    |   N/A   |    0    |
+--------------------+---------+---------+---------+---------+---------+---------+
|fast_1p1v_0c_cmin_scan_shift
|                    |  0.038  |  0.038  |  0.973  |  1.123  |   N/A   |  0.040  |
|                    |  0.000  |  0.000  |  0.000  |  0.000  |   N/A   |  0.000  |
|                    |    0    |    0    |    0    |    0    |   N/A   |    0    |
|                    |   194   |   63    |   65    |   64    |   N/A   |    2    |
+--------------------+---------+---------+---------+---------+---------+---------+

Density: 62.227%
------------------------------------------------------------------
** Profile ** Report data :  cpu=0:00:00.0, mem=6855.8M
Reported timing to dir reports/cts
Total CPU time: 2.39 sec
Total Real time: 1.0 sec
Total Memory Usage: 6855.765625 Mbytes
*** time_design #1 [finish] () : cpu/real = 0:00:02.4/0:00:01.2 (2.1), totSession cpu/real = 0:01:45.4/0:02:19.3 (0.8), mem = 6855.8M
@flow 5: #- Reports that describe timing health
@@flow 6: report_timing_summary -checks {hold drv} > [file join [get_db flow_report_directory] [get_db flow_report_name] [get_db flow_report_prefix]hold.analysis_summary.rpt]
AAE_INFO: opIsDesignInPostRouteState() is 0
#################################################################################
# Design Stage: PreRoute
# Design Name: matmul_sync
# Design Mode: 45nm
# Analysis Mode: MMMC OCV 
# Parasitics Mode: No SPEF/RCDB 
# Signoff Settings: SI Off (EWM)
#################################################################################
Start delay calculation (fullDC) (8 T). (MEM=3990.83)
Total number of fetched objects 2435
AAE_INFO: Total number of nets for which stage creation was skipped for all views 0
Total number of fetched objects 2435
AAE_INFO: Total number of nets for which stage creation was skipped for all views 0
End delay calculation. (MEM=4094.59 CPU=0:00:00.7 REAL=0:00:00.0)
End delay calculation (fullDC). (MEM=4094.59 CPU=0:00:00.9 REAL=0:00:00.0)
@@flow 7: report_timing_summary -checks {hold drv} -expand_views > [file join [get_db flow_report_directory] [get_db flow_report_name] [get_db flow_report_prefix]hold.view_summary.rpt]
@@flow 8: report_timing_summary -checks {hold drv} -expand_views -expand_clocks launch_capture  > [file join [get_db flow_report_directory] [get_db flow_report_name] [get_db flow_report_prefix]hold.group_summary.rpt]
@@flow 9: report_constraint -early -all_violators -drv_violation_type {min_capacitance min_transition min_fanout} > [file join [get_db flow_report_directory] [get_db flow_report_name] [get_db flow_report_prefix]hold.all_violators.rpt]
#@ End verbose flow_step cts.report_postcts.report_timing_early_innovus
UM: Running hold category ...
**WARN: (TCLCMD-1469):	No timing paths found matching the specified criteria. Empty collection returned.
      flow.cputime  flow.realtime  timing.setup.tns  timing.setup.wns  snapshot
UM:           6.64              4                                      report_timing_early_innovus
##FLOW_KIT: enabling features from command line: {report_lec synth_spatial pnr_db_handoff add_scan generate_models opt_signoff}
#@ Begin verbose flow_step cts.report_postcts.report_early_paths
@flow 2: #- Reports that show detailed early timing with Graph Based Analysis (GBA)
@@flow 3: report_timing -early -max_paths 5   -nworst 1 -path_type endpoint        > [get_db flow_report_directory]/[get_db flow_report_name]/hold.endpoint.rpt
@@flow 4: report_timing -early -max_paths 1   -nworst 1 -path_type full_clock -net > [get_db flow_report_directory]/[get_db flow_report_name]/hold.worst.rpt
@@flow 5: report_timing -early -max_paths 500 -nworst 1 -path_type full_clock      > [get_db flow_report_directory]/[get_db flow_report_name]/hold.gba.rpt
@flow 7: #- Reports that show detailed timing with Path Based Analysis (PBA)
@flow 8: if {[is_flow -quiet -inside flow:sta]} {...}
#@ End verbose flow_step cts.report_postcts.report_early_paths
      flow.cputime  flow.realtime  timing.setup.tns  timing.setup.wns  snapshot
UM:           2.71              3                                      report_early_paths
##FLOW_KIT: enabling features from command line: {report_lec synth_spatial pnr_db_handoff add_scan generate_models opt_signoff}
#@ Begin verbose flow_step cts.report_postcts.report_timing_late_innovus
@flow 2: #- Update the timer for setup and write reports
@@flow 3: time_design -expanded_views -report_only -report_dir [file join [get_db flow_report_directory] [get_db flow_report_name]] -report_prefix time_design_expanded_views
*** time_design #2 [begin] () : totSession cpu/real = 0:01:52.4/0:02:25.2 (0.8), mem = 7425.5M
** Profile ** Start :  cpu=0:00:00.0, mem=7425.5M
** Profile ** Other data :  cpu=0:00:00.0, mem=7418.5M
**WARN: (TCLCMD-1681):	The software has performed a full/partial timing reset. All existing timing path and timing point collection references have been invalidated and may no longer be referenced.
Starting delay calculation for Setup views
AAE_INFO: opIsDesignInPostRouteState() is 0
#################################################################################
# Design Stage: PreRoute
# Design Name: matmul_sync
# Design Mode: 45nm
# Analysis Mode: MMMC OCV 
# Parasitics Mode: No SPEF/RCDB 
# Signoff Settings: SI Off (EWM)
#################################################################################
Start delay calculation (fullDC) (8 T). (MEM=4348.25)
Total number of fetched objects 2435
AAE_INFO: Total number of nets for which stage creation was skipped for all views 0
End delay calculation. (MEM=4369.46 CPU=0:00:00.3 REAL=0:00:00.0)
End delay calculation (fullDC). (MEM=4369.46 CPU=0:00:00.4 REAL=0:00:00.0)
*** Done Building Timing Graph (cpu=0:00:00.8 real=0:00:00.0 totSessionCpu=0:01:53 mem=7424.4M)
** Profile ** Overall slacks :  cpu=0:00:00.9, mem=7424.4M
** Profile ** slow_0p9v_125c_cmax_func slacks :  cpu=0:00:00.0, mem=7424.4M
** Profile ** slow_0p9v_125c_cmax_scan_capture slacks :  cpu=0:00:00.0, mem=7424.4M
** Profile ** slow_0p9v_125c_cmax_scan_shift slacks :  cpu=0:00:00.0, mem=7424.4M
** Profile ** Total reports :  cpu=0:00:00.1, mem=7424.4M
** Profile ** slow_0p9v_125c_cmax_func reports :  cpu=0:00:00.1, mem=7424.4M
** Profile ** slow_0p9v_125c_cmax_scan_capture reports :  cpu=0:00:00.1, mem=7424.4M
** Profile ** slow_0p9v_125c_cmax_scan_shift reports :  cpu=0:00:00.1, mem=7424.4M
** Profile ** DRVs :  cpu=0:00:00.1, mem=7425.4M

OptSummary:

------------------------------------------------------------------
         time_design Summary
------------------------------------------------------------------

Setup views included:
 slow_0p9v_125c_cmax_func slow_0p9v_125c_cmax_scan_capture 
 slow_0p9v_125c_cmax_scan_shift 

+--------------------+---------+---------+---------+---------+---------+---------+
|     Setup mode     |   all   | reg2reg | in2reg  | reg2out | in2out  | default |
+--------------------+---------+---------+---------+---------+---------+---------+
|           WNS (ns):|  0.003  |  9.048  |  1.048  |  0.003  |   N/A   |  0.137  |
|           TNS (ns):|  0.000  |  0.000  |  0.000  |  0.000  |   N/A   |  0.000  |
|    Violating Paths:|    0    |    0    |    0    |    0    |   N/A   |    0    |
|          All Paths:|   258   |   63    |   129   |   64    |   N/A   |    2    |
+--------------------+---------+---------+---------+---------+---------+---------+
|slow_0p9v_125c_cmax_func
|                    |  0.003  |   N/A   |  1.158  |  0.003  |   N/A   |  0.000  |
|                    |  0.000  |   N/A   |  0.000  |  0.000  |   N/A   |  0.000  |
|                    |    0    |   N/A   |    0    |    0    |   N/A   |    0    |
|                    |   192   |   N/A   |   128   |   64    |   N/A   |    0    |
+--------------------+---------+---------+---------+---------+---------+---------+
|slow_0p9v_125c_cmax_scan_capture
|                    |  5.353  |   N/A   |  8.134  |  5.353  |   N/A   |  0.000  |
|                    |  0.000  |   N/A   |  0.000  |  0.000  |   N/A   |  0.000  |
|                    |    0    |   N/A   |    0    |    0    |   N/A   |    0    |
|                    |   192   |   N/A   |   128   |   64    |   N/A   |    0    |
+--------------------+---------+---------+---------+---------+---------+---------+
|slow_0p9v_125c_cmax_scan_shift
|                    |  0.137  |  9.048  |  1.048  |  5.353  |   N/A   |  0.137  |
|                    |  0.000  |  0.000  |  0.000  |  0.000  |   N/A   |  0.000  |
|                    |    0    |    0    |    0    |    0    |   N/A   |    0    |
|                    |   194   |   63    |   65    |   64    |   N/A   |    2    |
+--------------------+---------+---------+---------+---------+---------+---------+

+----------------+-------------------------------+------------------+
|                |              Real             |       Total      |
|    DRVs        +------------------+------------+------------------|
|                |  Nr nets(terms)  | Worst Vio  |  Nr nets(terms)  |
+----------------+------------------+------------+------------------+
|   max_cap      |      1 (1)       |   -0.008   |     65 (65)      |
|   max_tran     |      0 (0)       |   0.000    |      0 (0)       |
|   max_fanout   |      0 (0)       |     0      |      0 (0)       |
|   max_length   |      0 (0)       |     0      |      0 (0)       |
+----------------+------------------+------------+------------------+

Density: 62.227%
------------------------------------------------------------------
** Profile ** Report data :  cpu=0:00:00.0, mem=7425.4M
Reported timing to dir reports/cts
Total CPU time: 1.56 sec
Total Real time: 9.0 sec
Total Memory Usage: 7425.359375 Mbytes
*** time_design #2 [finish] () : cpu/real = 0:00:01.6/0:00:09.1 (0.2), totSession cpu/real = 0:01:54.0/0:02:34.3 (0.7), mem = 7425.4M
@flow 5: #- Reports that describe timing health
@@flow 6: report_timing_summary -checks {setup drv} > [file join [get_db flow_report_directory] [get_db flow_report_name] [get_db flow_report_prefix]setup.analysis_summary.rpt]
@@flow 7: report_timing_summary -checks {setup drv} -expand_views > [file join [get_db flow_report_directory] [get_db flow_report_name] [get_db flow_report_prefix]setup.view_summary.rpt]
@@flow 8: report_timing_summary -checks {setup drv} -expand_views -expand_clocks launch_capture  > [file join [get_db flow_report_directory] [get_db flow_report_name] [get_db flow_report_prefix]setup.group_summary.rpt]
@@flow 9: report_constraint -late -all_violators -drv_violation_type {max_capacitance max_transition max_fanout} > [file join [get_db flow_report_directory] [get_db flow_report_name] [get_db flow_report_prefix]setup.all_violators.rpt]
@@flow 10: set_metric -name timing.drv.report_file -value [file join [get_db flow_report_name] [get_db flow_report_prefix]setup.all_violators.rpt]
#@ End verbose flow_step cts.report_postcts.report_timing_late_innovus
UM: Running setup category ...
**WARN: (TCLCMD-1469):	No timing paths found matching the specified criteria. Empty collection returned.
      flow.cputime  flow.realtime  timing.setup.tns  timing.setup.wns  snapshot
UM:           4.39             12          0.000 ns          0.003 ns  report_timing_late_innovus
##FLOW_KIT: enabling features from command line: {report_lec synth_spatial pnr_db_handoff add_scan generate_models opt_signoff}
#@ Begin verbose flow_step cts.report_postcts.report_late_paths
@flow 2: #- Reports that show detailed timing with Graph Based Analysis (GBA)
@@flow 3: report_timing -max_paths 5   -nworst 1 -path_type endpoint        > [get_db flow_report_directory]/[get_db flow_report_name]/setup.endpoint.rpt
@@flow 4: report_timing -max_paths 1   -nworst 1 -path_type full_clock -net > [get_db flow_report_directory]/[get_db flow_report_name]/setup.worst.rpt
@@flow 5: report_timing -max_paths 500 -nworst 1 -path_type full_clock      > [get_db flow_report_directory]/[get_db flow_report_name]/setup.gba.rpt
@flow 7: #- Reports that show detailed timing with Path Based Analysis (PBA)
@flow 8: if {[is_flow -quiet -inside flow:sta]} {...}
#@ End verbose flow_step cts.report_postcts.report_late_paths
      flow.cputime  flow.realtime  timing.setup.tns  timing.setup.wns  snapshot
UM:            2.5              2                                      report_late_paths
##FLOW_KIT: enabling features from command line: {report_lec synth_spatial pnr_db_handoff add_scan generate_models opt_signoff}
#@ Begin verbose flow_step cts.report_postcts.report_clock_timing
@flow 2: #- Reports that check clock implementation
@@flow 3: report_clock_timing -type summary > [file join [get_db flow_report_directory] [get_db flow_report_name] [get_db flow_report_prefix]clock.summary.rpt]
@@flow 4: report_clock_timing -type latency > [file join [get_db flow_report_directory] [get_db flow_report_name] [get_db flow_report_prefix]clock.latency.rpt]
@@flow 5: report_clock_timing -type skew    > [file join [get_db flow_report_directory] [get_db flow_report_name] [get_db flow_report_prefix]clock.skew.rpt]
#@ End verbose flow_step cts.report_postcts.report_clock_timing
UM: Running clock category ...
Updating ideal nets and annotations...
Clock tree spec update: Ideal nets, transition and delay annotations were updated to match active timing constraints.
Updating ideal nets and annotations done. (took cpu=0:00:00.0 real=0:00:00.0)
No differences between SDC and CTS ideal net status found.
Clock tree timing engine global stage delay update for slow_0p9v_125c_cmax:both.early...
Clock tree timing engine global stage delay update for slow_0p9v_125c_cmax:both.early done. (took cpu=0:00:00.0 real=0:00:00.0)
Clock tree timing engine global stage delay update for slow_0p9v_125c_cmax:both.late...
Clock tree timing engine global stage delay update for slow_0p9v_125c_cmax:both.late done. (took cpu=0:00:00.0 real=0:00:00.0)
Clock tree timing engine global stage delay update for fast_1p1v_0c_cmin:hold.early...
Clock tree timing engine global stage delay update for fast_1p1v_0c_cmin:hold.early done. (took cpu=0:00:00.0 real=0:00:00.0)
Clock tree timing engine global stage delay update for fast_1p1v_0c_cmin:hold.late...
Clock tree timing engine global stage delay update for fast_1p1v_0c_cmin:hold.late done. (took cpu=0:00:00.0 real=0:00:00.0)

Clock DAG stats:
================

-------------------------------------------------------
Cell type                 Count    Area     Capacitance
-------------------------------------------------------
Buffers                     0      0.000       0.000
Inverters                   4      9.576       0.010
Integrated Clock Gates      0      0.000       0.000
Discrete Clock Gates        0      0.000       0.000
Clock Logic                 0      0.000       0.000
All                         4      9.576       0.010
-------------------------------------------------------

Clock DAG miscellaneous counts:
===============================

------------------------------
Type                     Count
------------------------------
Roots                      1
Preserved Ports            0
Multiple Clock Inputs      0
------------------------------


Clock DAG sink counts:
======================

-------------------------
Sink type           Count
-------------------------
Regular              65
Enable Latch          0
Load Capacitance      0
Antenna Diode         0
Node Sink             0
Total                65
-------------------------


Clock DAG wire lengths:
=======================

--------------------
Type     Wire Length
--------------------
Top          0.000
Trunk       51.795
Leaf       209.105
Total      260.900
--------------------


Clock DAG hp wire lengths:
==========================

-----------------------
Type     hp Wire Length
-----------------------
Top           0.000
Trunk        40.910
Leaf        139.355
Total       180.265
-----------------------


Clock DAG capacitances:
=======================

--------------------------------
Type     Gate     Wire     Total
--------------------------------
Top      0.000    0.000    0.000
Trunk    0.010    0.006    0.016
Leaf     0.014    0.032    0.046
Total    0.023    0.038    0.062
--------------------------------


Clock DAG sink capacitances:
============================

-----------------------------------------------
Total    Average    Std. Dev.    Min      Max
-----------------------------------------------
0.014     0.000       0.000      0.000    0.000
-----------------------------------------------


Clock DAG net violations:
=========================

None


Clock DAG primary half-corner transition distribution:
======================================================

--------------------------------------------------------------------------------------------------------------------------------------------------------------
Net Type    Target    Count    Average    Std. Dev.    Min      Max      Distribution                                                              Over Target
--------------------------------------------------------------------------------------------------------------------------------------------------------------
Trunk       0.100       2       0.068       0.009      0.062    0.075    {0 <= 0.060ns, 2 <= 0.080ns, 0 <= 0.090ns, 0 <= 0.095ns, 0 <= 0.100ns}         -
Leaf        0.100       3       0.085       0.004      0.081    0.088    {0 <= 0.060ns, 0 <= 0.080ns, 3 <= 0.090ns, 0 <= 0.095ns, 0 <= 0.100ns}         -
--------------------------------------------------------------------------------------------------------------------------------------------------------------


Clock DAG library cell distribution:
====================================

-------------------------------------------
Name        Type        Inst     Inst Area 
                        Count    (um^2)
-------------------------------------------
CLKINVX6    inverter      4        9.576
-------------------------------------------



Please note that the following tables reflect only the defined clock trees, so the flop counts might not include all flops in your design.

Clock Tree Summary:
===================

---------------------------------------------------------------------------------------------------------------------
Clock Tree  Clock  Bufs  Invs  Other  Max       Max     Max     Max          Standard   Wire   Gate   Clock Tree Root
Name        Gates              Clock  Non-leaf  Leaf    Length  Source-sink  cell area  cap    cap    
                               Cells  Fanout    Fanout  (um)    Resistance   (um^2)     (pF)   (pF)   
                                                                (Ohms)                                
---------------------------------------------------------------------------------------------------------------------
clk_i         0     0     4      0       3        24    43.07     706.198      9.576    0.038  0.023  clk_i
---------------------------------------------------------------------------------------------------------------------

Clock Sink Summary:
===================

-------------------------------------------------------------------------------------------------------------------------------------------
Clock Tree  Explicit      Implicit      Explicit     Implicit     Explicit   Implicit   Posedge  Negedge  Memory  Enable  Non enable  Other
Name        exclude pins  exclude pins  ignore pins  ignore pins  stop pins  stop pins  Flops    Flops    Clock   Latch   Latch       Sinks
                                                                                                          Pins    Sinks   Sinks       
-------------------------------------------------------------------------------------------------------------------------------------------
clk_i            0             0             0            0           0          0        64        0       0       0         1         0
-------------------------------------------------------------------------------------------------------------------------------------------

Summary across all clock trees:
===============================

-----------------------------------------------------------------------------------------------------------
Clock  Bufs  Invs  Other  Max       Average   Max     Average  Max     Max          Standard   Wire   Gate
Gates              Clock  Non-leaf  Non-leaf  Leaf    Leaf     Length  Source-sink  cell area  cap    cap
                   Cells  Fanout    Fanout    Fanout  Fanout   (um)    Resistance   (um^2)     (pF)   (pF)
                                                                       (Ohms)                         
-----------------------------------------------------------------------------------------------------------
  0     0     4      0       3         2        24    21.6667  43.070    70.620       9.576    0.038  0.023
-----------------------------------------------------------------------------------------------------------

Clock Sink Summary across all clock trees:
==========================================

-------------------------------------------------------------------------------------------------------------------------------
Explicit      Implicit      Explicit     Implicit     Explicit   Implicit   Posedge  Negedge  Memory  Enable  Non enable  Other
exclude pins  exclude pins  ignore pins  ignore pins  stop pins  stop pins  Flops    Flops    Clock   Latch   Latch       Sinks
                                                                                              Pins    Sinks   Sinks       
-------------------------------------------------------------------------------------------------------------------------------
     0             0             0            0           0          0        64        0       0       0         1         0
-------------------------------------------------------------------------------------------------------------------------------

Physical metrics across all clock trees:
========================================

-----------------------------------------------------------------------
Metric                               Minimum  Average  Maximum  Std.dev
-----------------------------------------------------------------------
Source-sink routed net length (um)   10.155   33.853   43.070   12.045
Source-sink manhattan distance (um)  10.280   32.912   39.525   11.364
Source-sink resistance (Ohm)         19.909   48.405   70.620   17.482
-----------------------------------------------------------------------

Transition distribution for half-corner slow_0p9v_125c_cmax:both.late:
======================================================================

--------------------------------------------------------------------------------------------------------------------------------------------------------------
Net Type    Target    Count    Average    Std. Dev.    Min      Max      Distribution                                                              Over Target
--------------------------------------------------------------------------------------------------------------------------------------------------------------
Trunk       0.100       2       0.068       0.009      0.062    0.075    {0 <= 0.060ns, 2 <= 0.080ns, 0 <= 0.090ns, 0 <= 0.095ns, 0 <= 0.100ns}         -
Leaf        0.100       3       0.085       0.004      0.081    0.088    {0 <= 0.060ns, 0 <= 0.080ns, 3 <= 0.090ns, 0 <= 0.095ns, 0 <= 0.100ns}         -
--------------------------------------------------------------------------------------------------------------------------------------------------------------

Count of violations across all clock trees:
===========================================

---------------------------------------------------------------------------------------
Clock Tree  # Max capacitance  # Max resistance  # Max length  # Max fanout  # Slew
Name        violations         violations        violations    violations    violations
---------------------------------------------------------------------------------------
clk_i               0                 0               0             0            0
---------------------------------------------------------------------------------------
Total               0                 0               0             0            0
---------------------------------------------------------------------------------------

Note the above table per clock tree is based on CCOpt clock tree view. The violations are counted across half corners.

Found a total of 0 clock tree pins with max capacitance violations.
Found a total of 0 clock tree nets with max resistance violations.
Found a total of 0 clock tree nets with max length violations.
Found a total of 0 clock tree nets with max fanout violations.
Found a total of 0 clock tree pins with a slew violation.

Clock Timing Summary:
=====================

Target and measured clock slews (in ns):

-----------------------------------------------------------------------------------------------------------------------------------------------------
Clock tree  Timing Corner                   Worst Rising  Worst Falling  Worst Rising  Worst Falling  Leaf Slew    Leaf Slew  Trunk Slew   Trunk Slew
                                            Leaf Slew     Leaf Slew      Trunk Slew    Trunk Slew     Target Type  Target     Target Type  Target
-----------------------------------------------------------------------------------------------------------------------------------------------------
clk_i       slow_0p9v_125c_cmax:both.early     0.072          0.087         0.056          0.068      ignored          -      ignored          -
clk_i       slow_0p9v_125c_cmax:both.late      0.074          0.088         0.064          0.075      explicit      0.100     explicit      0.100
clk_i       fast_1p1v_0c_cmin:hold.early       0.026          0.027         0.036          0.043      ignored          -      ignored          -
clk_i       fast_1p1v_0c_cmin:hold.late        0.027          0.029         0.063          0.069      ignored          -      ignored          -
-----------------------------------------------------------------------------------------------------------------------------------------------------

* - indicates that target was not met.

auto extracted - target was extracted from SDC.
auto computed - target was computed when balancing trees.

Total Transition Slacks Summary:
================================

-------------------------------------------------------------------------------------------------
Total       Total Leaf    Total        Total Leaf    Mean        Median      Std.Dev     Worst
Overslew    Overslew      Underslew    Underslew     Overslew    Overslew    Overslew    Overslew
-------------------------------------------------------------------------------------------------
 0.000        0.000        -0.109        -0.046       0.000       0.000       0.000       0.000
-------------------------------------------------------------------------------------------------

Transition times measured in the half-corner slow_0p9v_125c_cmax:both.late

Top Underslews:

-------------------------------------
Driving node           Underslew (ns)
-------------------------------------
clk_i                      -0.038
CTS_ccl_a_inv_00012        -0.025
CTS_ccl_a_inv_00009        -0.019
CTS_ccl_a_inv_00007        -0.016
CTS_ccl_a_inv_00008        -0.011
-------------------------------------


      flow.cputime  flow.realtime  timing.setup.tns  timing.setup.wns  snapshot
UM:           2.46              3                                      report_clock_timing
##FLOW_KIT: enabling features from command line: {report_lec synth_spatial pnr_db_handoff add_scan generate_models opt_signoff}
#@ Begin verbose flow_step cts.report_postcts.report_power_innovus
@@flow 2: report_power -no_wrap -out_file [file join [get_db flow_report_directory] [get_db flow_report_name] [get_db flow_report_prefix]power.all.rpt]
env CDS_WORKAREA is set to /home/student/16/ex8/flow_matmul_sync_1

Power Net Detected:
        Voltage	    Name
           0.9V	    VDD
             0V	    VSS
Using Power View slow_0p9v_125c_cmax_func
.

Begin Power Analysis

           0.9V	    VDD
             0V	    VSS

Begin Processing Timing Library for Power Calculation

Ended Processing Timing Library for Power Calculation: (cpu=0:00:00, real=0:00:01, mem(process/total/peak)=4301.59MB/9341.41MB/4301.59MB)



Begin Processing Power Net/Grid for Power Calculation

Ended Processing Power Net/Grid for Power Calculation: (cpu=0:00:00, real=0:00:01, mem(process/total/peak)=4301.59MB/9341.41MB/4301.59MB)

Begin Processing Timing Window Data for Power Calculation

clk_i_virtual(200MHz) clk_i(200MHz) CK: assigning clock clk_i to net clk_i
Ended Processing Timing Window Data for Power Calculation: (cpu=0:00:00, real=0:00:01, mem(process/total/peak)=4301.59MB/9341.41MB/4301.59MB)

Begin Processing User Attributes

Ended Processing User Attributes: (cpu=0:00:00, real=0:00:01, mem(process/total/peak)=4301.59MB/9341.41MB/4301.59MB)

Begin Processing Signal Activity


Starting Levelizing
2025-Nov-14 14:54:40 (2025-Nov-14 12:54:40 GMT)
2025-Nov-14 14:54:40 (2025-Nov-14 12:54:40 GMT): 10%
2025-Nov-14 14:54:40 (2025-Nov-14 12:54:40 GMT): 20%
2025-Nov-14 14:54:40 (2025-Nov-14 12:54:40 GMT): 30%
2025-Nov-14 14:54:40 (2025-Nov-14 12:54:40 GMT): 40%
2025-Nov-14 14:54:40 (2025-Nov-14 12:54:40 GMT): 50%
2025-Nov-14 14:54:40 (2025-Nov-14 12:54:40 GMT): 60%
2025-Nov-14 14:54:40 (2025-Nov-14 12:54:40 GMT): 70%
2025-Nov-14 14:54:40 (2025-Nov-14 12:54:40 GMT): 80%
2025-Nov-14 14:54:40 (2025-Nov-14 12:54:40 GMT): 90%

Finished Levelizing
2025-Nov-14 14:54:40 (2025-Nov-14 12:54:40 GMT)

Starting Activity Propagation
2025-Nov-14 14:54:40 (2025-Nov-14 12:54:40 GMT)
2025-Nov-14 14:54:40 (2025-Nov-14 12:54:40 GMT): 10%
2025-Nov-14 14:54:40 (2025-Nov-14 12:54:40 GMT): 20%
2025-Nov-14 14:54:40 (2025-Nov-14 12:54:40 GMT): 30%

Finished Activity Propagation
2025-Nov-14 14:54:40 (2025-Nov-14 12:54:40 GMT)
Ended Processing Signal Activity: (cpu=0:00:00, real=0:00:01, mem(process/total/peak)=4301.59MB/9341.41MB/4301.59MB)

Begin Power Computation

      ----------------------------------------------------------
      # of cell(s) missing both power/leakage table: 0
      # of cell(s) missing power table: 1
      # of cell(s) missing leakage table: 0
      ----------------------------------------------------------
CellName                                  Missing Table(s)
TIEHI                                     internal power, 



Starting Calculating power
2025-Nov-14 14:54:42 (2025-Nov-14 12:54:42 GMT)
2025-Nov-14 14:54:42 (2025-Nov-14 12:54:42 GMT): 10%
2025-Nov-14 14:54:42 (2025-Nov-14 12:54:42 GMT): 20%
2025-Nov-14 14:54:42 (2025-Nov-14 12:54:42 GMT): 30%
2025-Nov-14 14:54:42 (2025-Nov-14 12:54:42 GMT): 40%
2025-Nov-14 14:54:42 (2025-Nov-14 12:54:42 GMT): 50%
2025-Nov-14 14:54:42 (2025-Nov-14 12:54:42 GMT): 60%
2025-Nov-14 14:54:42 (2025-Nov-14 12:54:42 GMT): 70%
2025-Nov-14 14:54:42 (2025-Nov-14 12:54:42 GMT): 80%
2025-Nov-14 14:54:42 (2025-Nov-14 12:54:42 GMT): 90%

Finished Calculating power
2025-Nov-14 14:54:42 (2025-Nov-14 12:54:42 GMT)
      # of MSMV cell(s) missing power_level: 0
Ended Power Computation: (cpu=0:00:00, real=0:00:01, mem(process/total/peak)=4306.98MB/9359.43MB/4306.98MB)

Begin Processing User Attributes

Begin Processing set_power
Ended Processing set_power: (cpu=0:00:00, real=0:00:01,
mem(process/total/peak)=4306.98MB/9359.43MB/4306.98MB)
Ended Processing User Attributes: (cpu=0:00:00, real=0:00:03, mem(process/total/peak)=4306.98MB/9359.43MB/4306.98MB)

Ended Power Analysis: (cpu=0:00:00, real=0:00:17, mem(process/total/peak)=4306.98MB/9359.43MB/4306.98MB)

Begin Boundary Leakage Calculation
Ended Boundary Leakage Calculation: (cpu=0:00:00, real=0:00:01,
mem(process/total/peak)=4306.98MB/9359.43MB/4306.98MB)
Begin Static Power Report Generation
*



Total Power
-----------------------------------------------------------------------------------------
Total Internal Power:        0.28562056 	   60.0505%
Total Switching Power:       0.18987309 	   39.9200%
Total Leakage Power:         0.00013999 	    0.0294%
Total Power:                 0.47563365
-----------------------------------------------------------------------------------------
** INFO:  (VOLTUS_POWR-3465): There are 0 decaps and 0 fillers in the design

Ended Static Power Report Generation: (cpu=0:00:00, real=0:00:01,
mem(process/total/peak)=4307.70MB/9359.43MB/4307.70MB)


Output file is reports/cts/power.all.rpt
#@ End verbose flow_step cts.report_postcts.report_power_innovus
UM: Running power category ...
      flow.cputime  flow.realtime  timing.setup.tns  timing.setup.wns  snapshot
UM:           2.74             25                                      report_power_innovus
##FLOW_KIT: enabling features from command line: {report_lec synth_spatial pnr_db_handoff add_scan generate_models opt_signoff}
#@ Begin verbose flow_step cts.report_postcts.report_finish
#@ End verbose flow_step cts.report_postcts.report_finish
      flow.cputime  flow.realtime  timing.setup.tns  timing.setup.wns  snapshot
UM:           2.39              2                                      report_finish

Program version = 23.15-s106_1
Working directory = /home/student/16/ex8/flow_matmul_sync_1
Databases directory = /home/student/16/ex8/flow_matmul_sync_1/dbs
Starting time = Nov 14, 2025 14:52:16
Ending time = Nov 14, 2025 14:54:57

Run Flow Summary
---------------------

Steps run:  cts.block_start cts.init_innovus cts.manage_uncertainty cts.add_clock_tree cts.add_tieoffs cts.block_finish cts.report_postcts.report_start cts.report_postcts.init_innovus cts.report_postcts.report_area_innovus cts.report_postcts.report_timing_early_innovus cts.report_postcts.report_early_paths cts.report_postcts.report_timing_late_innovus cts.report_postcts.report_late_paths cts.report_postcts.report_clock_timing cts.report_postcts.report_power_innovus cts.report_postcts.report_finish

Step status:
     cts.block_start                                        success
     cts.init_innovus                                       success
     cts.manage_uncertainty                                 success
     cts.add_clock_tree                                     success
     cts.add_tieoffs                                        success
     cts.block_finish                                       success
     cts.report_postcts.report_start                        success
     cts.report_postcts.init_innovus                        success
     cts.report_postcts.report_area_innovus                 success
     cts.report_postcts.report_timing_early_innovus         success
     cts.report_postcts.report_early_paths                  success
     cts.report_postcts.report_timing_late_innovus          success
     cts.report_postcts.report_late_paths                   success
     cts.report_postcts.report_clock_timing                 success
     cts.report_postcts.report_power_innovus                success
     cts.report_postcts.report_finish                       success

 ---------------------------------------------------------------------------------------------------- 
| Snapshot    | flow.cputime (s) | flow.realtime (s) | timing.setup.tns (ns) | timing.setup.wns (ns) |
|-------------+------------------+-------------------+-----------------------+-----------------------|
| syn_generic | 0:00:40          | 0:01:20           |                     0 |                 0.441 |
| syn_map     | 0:01:08          | 0:01:15           |                     0 |                 0.001 |
| syn_opt     | 0:02:49          | 0:04:34           |                     0 |                 0.007 |
| floorplan   | 0:00:42          | 0:01:02           |                       |                       |
| prects      | 0:01:12          | 0:01:57           |                    -0 |                -0.000 |
| cts         | 0:01:39          | 0:02:16           |                     0 |                 0.003 |
 ---------------------------------------------------------------------------------------------------- 
*** Message Summary: 3399 warning(s), 0 error(s)


*** Memory Usage v#1 (Current mem = 7493.359M, initial mem = 856.402M) ***
--- Ending "Innovus" (totcpu=0:02:07, real=0:03:20, mem=7493.4M) ---
