
Cadence Innovus(TM) Implementation System.
Copyright 2024 Cadence Design Systems, Inc. All rights reserved worldwide.

Version:	v23.15-s106_1, built Wed Jul 16 17:15:29 PDT 2025
Options:	-batch -stylus -log /home/student/16/ex8/flow_matmul_sync_1/logs/floorplan -wait 2160 -disable_user_startup -execute if {[catch {init_flow  {flow_script /home/student/16/ex8/flow_matmul_sync_1/cadence_flow_scripts/scripts/run_flow.tcl yaml_script {} flow_no_check 0 parent_uuid {} previous_uuid 5443e0d4-be25-4ec5-b2f0-e8e59c6b8a65 top_dir /home/student/16/ex8/flow_matmul_sync_1 flow_dir . status_file /home/student/16/ex8/flow_matmul_sync_1/flow.status.d/floorplan metrics_file /home/student/16/ex8/flow_matmul_sync_1/flow.metrics.d/floorplan run_tag {} db {cdb /home/student/16/ex8/flow_matmul_sync_1/dbs/syn_opt.cdb matmul_sync {}} db_is_ref_run 0 branch {} caller_data {group 0 process_branch 0 trunk_process 1 flowtool_hostname ASIC-vm flowtool_pid 3079} flow {flow flow:block dir . db {cdb dbs/syn_opt.cdb matmul_sync {}} branch {} tool innovus caller_data {group 0 process_branch 0 trunk_process 1 flowtool_hostname ASIC-vm flowtool_pid 3079} uuid 5443e0d4-be25-4ec5-b2f0-e8e59c6b8a65 tool_options {} start_step {tool innovus flow flow:block canonical_path {.steps flow:floorplan .steps flow_step:block_start} step flow_step:block_start features {} str floorplan.block_start} process_branch_trunk 1} flow_name flow:block first_step {tool innovus flow flow:block canonical_path {.steps flow:floorplan .steps flow_step:block_start} step flow_step:block_start features {} str floorplan.block_start} interactive 0 interactive_run 0 enabled_features {report_lec synth_spatial pnr_db_handoff add_scan generate_models opt_signoff} inject_tcl {} trunk_process 1 aum_upload false tool_options {} overwrite 0 last_step {tool innovus flow flow:block canonical_path {.steps flow:floorplan .steps flow_step:innovus_to_lec} step flow_step:innovus_to_lec features {} str floorplan.innovus_to_lec} log_prefix /home/student/16/ex8/flow_matmul_sync_1/logs/floorplan}; run_flow -from {tool innovus flow flow:block canonical_path {.steps flow:floorplan .steps flow_step:block_start} step flow_step:block_start features {} str floorplan.block_start} -to {tool innovus flow flow:block canonical_path {.steps flow:floorplan .steps flow_step:innovus_to_lec} step flow_step:innovus_to_lec features {} str floorplan.innovus_to_lec}} msg]} { puts [concat {Tcl error:} $errorInfo]; set fp [open {/home/student/16/ex8/flow_matmul_sync_1/flow.status.d/floorplan} a]; puts $fp {}; puts $fp [list [list script run_tcl status error flow {flow:block} branch {} flow_working_directory {.} flow_starting_db {cdb /home/student/16/ex8/flow_matmul_sync_1/dbs/syn_opt.cdb matmul_sync {}} {tool_options} {} steps_run [get_db flow_step_canonical_current] msg $msg]]; close $fp; exit 1 }; exit 0 
Date:		Fri Nov 14 14:46:00 2025
Host:		ASIC-vm (x86_64 w/Linux 4.18.0-553.69.1.el8_10.x86_64) (8cores*8cpus*12th Gen Intel(R) Core(TM) i7-12700 25600KB)
OS:		Rocky Linux 8.10 (Green Obsidian)

License:
		[14:46:09.329153] Configured Lic search path (23.02-s006): 5280@licl01.it.tuni.fi

		invs	Innovus Implementation System	23.1	checkout succeeded
		8 CPU jobs allowed with the current license(s). Use set_multi_cpu_usage to set your required CPU count.


Create and set the environment variable TMPDIR to /home/student/16/ex8/flow_matmul_sync_1/innovus_temp_10608_51fce4ef-70bb-44d2-ae3a-70c12f8c96d2_ASIC-vm_student_vXS3ID.

Change the soft stacksize limit to 0.2%RAM (31 mbytes). Set global soft_stack_size_limit to change the value.
[INFO] Loading Pegasus 24.13 fill procedures
Info: Process UID = 10608 / 51fce4ef-70bb-44d2-ae3a-70c12f8c96d2 / rsFTWEQSSj

**INFO:  MMMC transition support version v31-84 

#@ Processing -execute option
@innovus 1> if {[catch {init_flow  {flow_script /home/student/16/ex8/flow_matmul_sync_1/cadence_flow_scripts/scripts/run_flow.tcl yaml_script {} flow_no_check 0 parent_uuid {} previous_uuid 5443e0d4-be25-4ec5-b2f0-e8e59c6b8a65 top_dir /home/student/16/ex8/flow_matmul_sync_1 flow_dir . status_file /home/student/16/ex8/flow_matmul_sync_1/flow.status.d/floorplan metrics_file /home/student/16/ex8/flow_matmul_sync_1/flow.metrics.d/floorplan run_tag {} db {cdb /home/student/16/ex8/flow_matmul_sync_1/dbs/syn_opt.cdb matmul_sync {}} db_is_ref_run 0 branch {} caller_data {group 0 process_branch 0 trunk_process 1 flowtool_hostname ASIC-vm flowtool_pid 3079} flow {flow flow:block dir . db {cdb dbs/syn_opt.cdb matmul_sync {}} branch {} tool innovus caller_data {group 0 process_branch 0 trunk_process 1 flowtool_hostname ASIC-vm flowtool_pid 3079} uuid 5443e0d4-be25-4ec5-b2f0-e8e59c6b8a65 tool_options {} start_step {tool innovus flow flow:block canonical_path {.steps flow:floorplan .steps flow_step:block_start} step flow_step:block_start features {} str floorplan.block_start} process_branch_trunk 1} flow_name flow:block first_step {tool innovus flow flow:block canonical_path {.steps flow:floorplan .steps flow_step:block_start} step flow_step:block_start features {} str floorplan.block_start} interactive 0 interactive_run 0 enabled_features {report_lec synth_spatial pnr_db_handoff add_scan generate_models opt_signoff} inject_tcl {} trunk_process 1 aum_upload false tool_options {} overwrite 0 last_step {tool innovus flow flow:block canonical_path {.steps flow:floorplan .steps flow_step:innovus_to_lec} step flow_step:innovus_to_lec features {} str floorplan.innovus_to_lec} log_prefix /home/student/16/ex8/flow_matmul_sync_1/logs/floorplan}; run_flow -from {tool innovus flow flow:block canonical_path {.steps flow:floorplan .steps flow_step:block_start} step flow_step:block_start features {} str floorplan.block_start} -to {tool innovus flow flow:block canonical_path {.steps flow:floorplan .steps flow_step:innovus_to_lec} step flow_step:innovus_to_lec features {} str floorplan.innovus_to_lec}} msg]} { puts [concat {Tcl error:} $errorInfo]; set fp [open {/home/student/16/ex8/flow_matmul_sync_1/flow.status.d/floorplan} a]; puts $fp {}; puts $fp [list [list script run_tcl status error flow {flow:block} branch {} flow_working_directory {.} flow_starting_db {cdb /home/student/16/ex8/flow_matmul_sync_1/dbs/syn_opt.cdb matmul_sync {}} {tool_options} {} steps_run [get_db flow_step_canonical_current] msg $msg]]; close $fp; exit 1 }; exit 0
init_flow summary:
  Flow script        : /home/student/16/ex8/flow_matmul_sync_1/cadence_flow_scripts/scripts/run_flow.tcl
  YAML script        : 
  Flow               : flow:block
  From               : floorplan.block_start
  To                 : floorplan.innovus_to_lec
  Top directory      : /home/student/16/ex8/flow_matmul_sync_1
  Working directory  : .
  Starting database  : /home/student/16/ex8/flow_matmul_sync_1/dbs/syn_opt.cdb
  Run tag            : 
  Branch name        : 
  Metrics file       : /home/student/16/ex8/flow_matmul_sync_1/flow.metrics.d/floorplan
  Status file        : /home/student/16/ex8/flow_matmul_sync_1/flow.status.d/floorplan
  Enable features    : report_lec synth_spatial pnr_db_handoff add_scan generate_models opt_signoff
reading previous metrics...
Sourcing flow scripts...
**WARN: (IMPDBTCL-299):	The attribute 'flow_metrics_qor_html' still works but will be obsolete in a future major release. You should remove it from your script before the next major release to avoid errors. It should be changed to the new name of 'flowtool_metrics_qor_html'.
**WARN: (IMPDBTCL-299):	The attribute 'flow_current' still works but will be obsolete in a future major release. You should remove it from your script before the next major release to avoid errors. It should be changed to the new name of 'flow_top'.
## FLOWKIT: sourcing /home/student/16/ex8/flow_matmul_sync_1/cadence_flow_scripts/scripts/flow_config.tcl
#@ Begin verbose source (pre): 
@file 1: # User custom attributes definition
@file 2: set flow_vars [dict create]
@file 3:
@file 4: # Directory structure
@file 5: dict lappend flow_vars flow_vars_data_directory                                 description   "Path to the input data"
@file 6: dict lappend flow_vars flow_vars_data_directory                                 type          string
@file 7: dict lappend flow_vars flow_vars_data_directory                                 default       ""
@file 8: dict lappend flow_vars flow_vars_dft_data_directory                             description   "Path to the DFT input data"
@file 9: dict lappend flow_vars flow_vars_dft_data_directory                             type          string
@file 10: dict lappend flow_vars flow_vars_dft_data_directory                             default       ""
@file 11: dict lappend flow_vars flow_vars_dft_library                                    description   "Path to the DFT std cell library"
@file 12: dict lappend flow_vars flow_vars_dft_library                                    type          string
@file 13: dict lappend flow_vars flow_vars_dft_library                                    default       ""
@file 14: dict lappend flow_vars flow_vars_dft_ncsim_library                              description   "Path to the DFT include library"
@file 15: dict lappend flow_vars flow_vars_dft_ncsim_library                              type          string
@file 16: dict lappend flow_vars flow_vars_dft_ncsim_library                              default       ""
@file 17: dict lappend flow_vars flow_vars_memory_path                                    description   "Path to memory libs"
@file 18: dict lappend flow_vars flow_vars_memory_path                                    type          string
@file 19: dict lappend flow_vars flow_vars_memory_path                                    default       ""
@file 20: dict lappend flow_vars flow_vars_stdcell_path                                   description   "Path to stdcell libs"
@file 21: dict lappend flow_vars flow_vars_stdcell_path                                   type          string
@file 22: dict lappend flow_vars flow_vars_stdcell_path                                   default       ""
@file 23: dict lappend flow_vars flow_vars_qrc_tech_directory                             description   "Path to qrc technology directory"
@file 24: dict lappend flow_vars flow_vars_qrc_tech_directory                             type          string
@file 25: dict lappend flow_vars flow_vars_qrc_tech_directory                             default       ""
@file 26:
@file 27: # Technology files
@file 28: dict lappend flow_vars flow_vars_lef_tech_file                                  description   "Path to lef technology file"
@file 29: dict lappend flow_vars flow_vars_lef_tech_file                                  type          string
@file 30: dict lappend flow_vars flow_vars_lef_tech_file                                  default       ""
@file 31: dict lappend flow_vars flow_vars_pvs_drc_rule_file                              description   "Path to PVS DRC rule file"
@file 32: dict lappend flow_vars flow_vars_pvs_drc_rule_file                              type          string
@file 33: dict lappend flow_vars flow_vars_pvs_drc_rule_file                              default       ""
@file 34: dict lappend flow_vars flow_vars_pegasus_drc_rule_file                          description   "Path to Pegasus DRC rule file"
@file 35: dict lappend flow_vars flow_vars_pegasus_drc_rule_file                          type          string
@file 36: dict lappend flow_vars flow_vars_pegasus_drc_rule_file                          default       ""
@file 37: dict lappend flow_vars flow_vars_pvs_lvs_rule_file                              description   "Path to PVS LVS rule file"
@file 38: dict lappend flow_vars flow_vars_pvs_lvs_rule_file                              type          string
@file 39: dict lappend flow_vars flow_vars_pvs_lvs_rule_file                              default       ""
@file 40: dict lappend flow_vars flow_vars_pegasus_lvs_rule_file                          description   "Path to PEGASUS LVS rule file"
@file 41: dict lappend flow_vars flow_vars_pegasus_lvs_rule_file                          type          string
@file 42: dict lappend flow_vars flow_vars_pegasus_lvs_rule_file                          default       ""
@file 43: dict lappend flow_vars flow_vars_pvs_antenna_rule_file                          description   "Path to PVS antenna rule file"
@file 44: dict lappend flow_vars flow_vars_pvs_antenna_rule_file                          type          string
@file 45: dict lappend flow_vars flow_vars_pvs_antenna_rule_file                          default       ""
@file 46: dict lappend flow_vars flow_vars_pegasus_antenna_rule_file                      description   "Path to Pegasus antenna rule file"
@file 47: dict lappend flow_vars flow_vars_pegasus_antenna_rule_file                      type          string
@file 48: dict lappend flow_vars flow_vars_pegasus_antenna_rule_file                      default       ""
@file 49: dict lappend flow_vars flow_vars_pvs_metal_fill_rule_file                       description   "Path to PVS metal fill rule file"
@file 50: dict lappend flow_vars flow_vars_pvs_metal_fill_rule_file                       type          string
@file 51: dict lappend flow_vars flow_vars_pvs_metal_fill_rule_file                       default       ""
@file 52: dict lappend flow_vars flow_vars_pegasus_metal_fill_rule_file                   description   "Path to PEGASUS metal fill rule file"
@file 53: dict lappend flow_vars flow_vars_pegasus_metal_fill_rule_file                   type          string
@file 54: dict lappend flow_vars flow_vars_pegasus_metal_fill_rule_file                   default       ""
@file 55: dict lappend flow_vars flow_vars_pvs_feol_fill_rule_file                        description   "Path to PVS FEOL fill rule file"
@file 56: dict lappend flow_vars flow_vars_pvs_feol_fill_rule_file                        type          string
@file 57: dict lappend flow_vars flow_vars_pvs_feol_fill_rule_file                        default       ""
@file 58: dict lappend flow_vars flow_vars_pegasus_feol_fill_rule_file                    description   "Path to PEGASUS FEOL fill rule file"
@file 59: dict lappend flow_vars flow_vars_pegasus_feol_fill_rule_file                    type          string
@file 60: dict lappend flow_vars flow_vars_pegasus_feol_fill_rule_file                    default       ""
@file 61: dict lappend flow_vars flow_vars_gdsout_stream_map_file                         description   "Path to stream out map file"
@file 62: dict lappend flow_vars flow_vars_gdsout_stream_map_file                         type          string
@file 63: dict lappend flow_vars flow_vars_gdsout_stream_map_file                         default       ""
@file 64: dict lappend flow_vars flow_vars_pegasus_metal_fill_gdsout_stream_map_file      description   "Path to PEGASUS metal fill stream out map file"
@file 65: dict lappend flow_vars flow_vars_pegasus_metal_fill_gdsout_stream_map_file      type          string
@file 66: dict lappend flow_vars flow_vars_pegasus_metal_fill_gdsout_stream_map_file      default       ""
@file 67: dict lappend flow_vars flow_vars_gdsin_stream_map_file                          description   "Path to stream in map file"
@file 68: dict lappend flow_vars flow_vars_gdsin_stream_map_file                          type          string
@file 69: dict lappend flow_vars flow_vars_gdsin_stream_map_file                          default       ""
@file 70: dict lappend flow_vars flow_vars_gdsout_layer_map_table                         description   "Path to stream out map file"
@file 71: dict lappend flow_vars flow_vars_gdsout_layer_map_table                         type          string
@file 72: dict lappend flow_vars flow_vars_gdsout_layer_map_table                         default       ""
@file 73: dict lappend flow_vars flow_vars_ict_em_models                                  description   "Path to ict em models"
@file 74: dict lappend flow_vars flow_vars_ict_em_models                                  type          string
@file 75: dict lappend flow_vars flow_vars_ict_em_models                                  default       ""
@file 76:
@file 77: # Design info
@file 78: dict lappend flow_vars flow_vars_rtl_root_dir                                   description   "Design RTL root directory"
@file 79: dict lappend flow_vars flow_vars_rtl_root_dir                                   type          string
@file 80: dict lappend flow_vars flow_vars_rtl_root_dir                                   default       ""
@file 81: dict lappend flow_vars flow_vars_design_name                                    description   "Top level design name"
@file 82: dict lappend flow_vars flow_vars_design_name                                    type          string
@file 83: dict lappend flow_vars flow_vars_design_name                                    default       ""
@file 84: dict lappend flow_vars flow_vars_design_top                                     description   "Top entity name to be elaborated"
@file 85: dict lappend flow_vars flow_vars_design_top                                     type          string
@file 86: dict lappend flow_vars flow_vars_design_top                                     default       ""
@file 87: dict lappend flow_vars flow_vars_power_intent                                   description   "Path to the power intent file"
@file 88: dict lappend flow_vars flow_vars_power_intent                                   type          string
@file 89: dict lappend flow_vars flow_vars_power_intent                                   default       ""
@file 90: dict lappend flow_vars flow_vars_floorplan_def                                  description   "Path to the floorplan def file"
@file 91: dict lappend flow_vars flow_vars_floorplan_def                                  type          string
@file 92: dict lappend flow_vars flow_vars_floorplan_def                                  default       ""
@file 93: dict lappend flow_vars flow_vars_tcf_file                                       description   "Path to the activity file generated by joules"
@file 94: dict lappend flow_vars flow_vars_tcf_file                                       type          string
@file 95: dict lappend flow_vars flow_vars_tcf_file                                       default       ""
@file 96: dict lappend flow_vars flow_vars_bist_signals                                   description   "Generated verilog file which specifies bist signal connectivity"
@file 97: dict lappend flow_vars flow_vars_bist_signals                                   type          string
@file 98: dict lappend flow_vars flow_vars_bist_signals                                   default       ""
@file 99: dict lappend flow_vars flow_vars_scan_abstracts                                 description   "Subblock scan abstract file paths"
@file 100: dict lappend flow_vars flow_vars_scan_abstracts                                 type          string
@file 101: dict lappend flow_vars flow_vars_scan_abstracts                                 default       ""
@file 102: dict lappend flow_vars flow_vars_elaboration_parameters                         description   "Design toplevel parameters"
@file 103: dict lappend flow_vars flow_vars_elaboration_parameters                         type          string
@file 104: dict lappend flow_vars flow_vars_elaboration_parameters                         default       ""
@file 105:
@file 106: # MMMC info
@file 107: dict lappend flow_vars flow_vars_constraint_modes                               description   "Define the list of constraint modes"
@file 108: dict lappend flow_vars flow_vars_constraint_modes                               type          string
@file 109: dict lappend flow_vars flow_vars_constraint_modes                               default       ""
@file 110: dict lappend flow_vars flow_vars_setup_synth_active_views                       description   "Define the list of setup active analysis views for Synthesis"
@file 111: dict lappend flow_vars flow_vars_setup_synth_active_views                       type          string
@file 112: dict lappend flow_vars flow_vars_setup_synth_active_views                       default       ""
@file 113: dict lappend flow_vars flow_vars_setup_pnr_active_views                         description   "Define the list of setup active analysis views for P&R"
@file 114: dict lappend flow_vars flow_vars_setup_pnr_active_views                         type          string
@file 115: dict lappend flow_vars flow_vars_setup_pnr_active_views                         default       ""
@file 116: dict lappend flow_vars flow_vars_setup_sta_active_views                         description   "Define the list of setup active analysis views for STA"
@file 117: dict lappend flow_vars flow_vars_setup_sta_active_views                         type          string
@file 118: dict lappend flow_vars flow_vars_setup_sta_active_views                         default       ""
@file 119: dict lappend flow_vars flow_vars_hold_views                                     description   "Define the list of hold analysis views"
@file 120: dict lappend flow_vars flow_vars_hold_views                                     type          string
@file 121: dict lappend flow_vars flow_vars_hold_views                                     default       ""
@file 122: dict lappend flow_vars flow_vars_hold_pnr_active_views                          description   "Define the list of hold active analysis views for P&R"
@file 123: dict lappend flow_vars flow_vars_hold_pnr_active_views                          type          string
@file 124: dict lappend flow_vars flow_vars_hold_pnr_active_views                          default       ""
@file 125: dict lappend flow_vars flow_vars_hold_sta_active_views                          description   "Define the list of hold active analysis views for STA"
@file 126: dict lappend flow_vars flow_vars_hold_sta_active_views                          type          string
@file 127: dict lappend flow_vars flow_vars_hold_sta_active_views                          default       ""
@file 128: dict lappend flow_vars flow_vars_power_view                                     description   "Define the power analysis view"
@file 129: dict lappend flow_vars flow_vars_power_view                                     type          string
@file 130: dict lappend flow_vars flow_vars_power_view                                     default       ""
@file 131: dict lappend flow_vars flow_vars_mmmc_vt_flavor_list                            description   "Define the the list of different VTs that should be loaded in the tool"
@file 132: dict lappend flow_vars flow_vars_mmmc_vt_flavor_list                            type          string
@file 133: dict lappend flow_vars flow_vars_mmmc_vt_flavor_list                            default       ""
@file 134:
@file 135: # Physical info
@file 136: dict lappend flow_vars flow_vars_lef_list                                       description   "Lef file list definition"
@file 137: dict lappend flow_vars flow_vars_lef_list                                       type          string
@file 138: dict lappend flow_vars flow_vars_lef_list                                       default       ""
@file 139: dict lappend flow_vars flow_vars_stdcell_gds_list                               description   "Stdcell GDS file list definition"
@file 140: dict lappend flow_vars flow_vars_stdcell_gds_list                               type          string
@file 141: dict lappend flow_vars flow_vars_stdcell_gds_list                               default       ""
@file 142: dict lappend flow_vars flow_vars_stdcell_spi_list                               description   "Stdcell SPICE file list definition"
@file 143: dict lappend flow_vars flow_vars_stdcell_spi_list                               type          string
@file 144: dict lappend flow_vars flow_vars_stdcell_spi_list                               default       ""
@file 145: dict lappend flow_vars flow_vars_memory_gds_list                                description   "Memory GDS file list definition"
@file 146: dict lappend flow_vars flow_vars_memory_gds_list                                type          string
@file 147: dict lappend flow_vars flow_vars_memory_gds_list                                default       ""
@file 148: dict lappend flow_vars flow_vars_memory_spi_list                                description   "Memory SPICE file list definition"
@file 149: dict lappend flow_vars flow_vars_memory_spi_list                                type          string
@file 150: dict lappend flow_vars flow_vars_memory_spi_list                                default       ""
@file 151: dict lappend flow_vars flow_vars_io_gds_list                                    description   "IO GDS file list definition"
@file 152: dict lappend flow_vars flow_vars_io_gds_list                                    type          string
@file 153: dict lappend flow_vars flow_vars_io_gds_list                                    default       ""
@file 154: dict lappend flow_vars flow_vars_io_spi_list                                    description   "IO SPICE file list definition"
@file 155: dict lappend flow_vars flow_vars_io_spi_list                                    type          string
@file 156: dict lappend flow_vars flow_vars_io_spi_list                                    default       ""
@file 157: dict lappend flow_vars flow_vars_macro_gds_list                                 description   "Macro GDS file list definition"
@file 158: dict lappend flow_vars flow_vars_macro_gds_list                                 type          string
@file 159: dict lappend flow_vars flow_vars_macro_gds_list                                 default       ""
@file 160: dict lappend flow_vars flow_vars_macro_spi_list                                 description   "Macro SPICE file list definition"
@file 161: dict lappend flow_vars flow_vars_macro_spi_list                                 type          string
@file 162: dict lappend flow_vars flow_vars_macro_spi_list                                 default       ""
@file 163: dict lappend flow_vars flow_vars_dont_use_list                                  description   "dont_use cell list definition"
@file 164: dict lappend flow_vars flow_vars_dont_use_list                                  type          string
@file 165: dict lappend flow_vars flow_vars_dont_use_list                                  default       ""
@file 166: dict lappend flow_vars flow_vars_sdf_list                                       description   "Macro SDF file list definition"
@file 167: dict lappend flow_vars flow_vars_sdf_list                                       type          string
@file 168: dict lappend flow_vars flow_vars_sdf_list                                       default       ""
@file 169: dict lappend flow_vars flow_vars_voltus_file_list                               description   "Voltus file list definition"
@file 170: dict lappend flow_vars flow_vars_voltus_file_list                               type          string
@file 171: dict lappend flow_vars flow_vars_voltus_file_list                               default       ""
@file 172:
@file 173: # Transform all dict to attribute
@file 174: foreach myAttr [dict keys $flow_vars] {
  if { ![is_attribute -obj_type root $myAttr]} {
    define_attribute $myAttr \
      -category user_flow \
      -data_type [dict get $flow_vars $myAttr type] \
      -default [dict get $flow_vars $myAttr default] \
      -help_string [dict get $flow_vars $myAttr description] \
      -obj_type root
    }
}
@file 184:
#@ End verbose source: /home/student/16/ex8/flow_matmul_sync_1/cadence_flow_scripts/scripts/flow_attributes.tcl
Info: Sourcing scripts/design_setup.tcl
#@ Begin verbose source scripts/design_setup.tcl (pre)
@file 1: ################################################################################
@file 2: # Design specific setup
@file 3: ################################################################################
@file 4: # Time-stamp: <2025-10-25 15:42:58 qftele>
@file 5:
@file 6: # Directory structure
@@file 7: set_db flow_vars_data_directory                             [exec pwd]
@file 8:
@file 9: # Design info
@@file 10: set_db flow_vars_rtl_root_dir                               .
@@file 11: set_db flow_vars_design_name                                $env(MODULE_NAME)
@@file 12: set_db flow_vars_design_top                                 $env(MODULE_NAME)
@@file 13: set_db flow_vars_power_intent                               "[get_db flow_vars_data_directory]/constraints/[get_db flow_vars_design_name].upf"
@@file 14: set_db flow_vars_floorplan_def                              "[get_db flow_vars_data_directory]/floorplan_def/[get_db flow_vars_design_name].def.gz"
@@file 15: set_db flow_vars_tcf_file				    [list /userwork8/tlehtine/projects/ML/sim/mem_pow_test/sim_out_read_1GHz.vcd tb_top.i_dut]
@@file 16: set_db flow_vars_bist_signals                               ""
@@file 17: set_db flow_vars_elaboration_parameters                     ""
@file 18:
@file 19: # block specific MMMC settings
@@file 20: set_db flow_vars_constraint_modes                           [list \
								 func \
								 scan_capture \
								 scan_shift \
							    ]
@@file 25: set_db flow_vars_setup_synth_active_views                   [list \
                                                              slow_0p9v_125c_cmax_func \
                                                              slow_0p9v_125c_cmax_scan_capture \
                                                              slow_0p9v_125c_cmax_scan_shift \
                                                            ]
@@file 30: set_db flow_vars_setup_pnr_active_views                     [list \
                                                              slow_0p9v_125c_cmax_func \
                                                              slow_0p9v_125c_cmax_scan_capture \
                                                              slow_0p9v_125c_cmax_scan_shift \
                                                            ]
@@file 35: set_db flow_vars_setup_sta_active_views                     [list \
                                                              slow_0p9v_125c_cmax_func \
                                                              slow_0p9v_125c_cmax_scan_capture \
                                                              slow_0p9v_125c_cmax_scan_shift \
                                                              ]
@@file 40: set_db flow_vars_hold_views                                 "fast_1p1v_0c_cmin_func"
@@file 41: set_db flow_vars_hold_pnr_active_views                      [list \
                                                                 slow_0p9v_125c_cmax_func \
                                                                 slow_0p9v_125c_cmax_scan_capture \
                                                                 slow_0p9v_125c_cmax_scan_shift \
								 fast_1p1v_0c_cmin_func \
								 fast_1p1v_0c_cmin_scan_capture \
								 fast_1p1v_0c_cmin_scan_shift \
                                                            ]
@@file 49: set_db flow_vars_hold_sta_active_views                      [list \
                                                                 slow_0p9v_125c_cmax_func \
                                                                 slow_0p9v_125c_cmax_scan_capture \
                                                                 slow_0p9v_125c_cmax_scan_shift \
								 fast_1p1v_0c_cmin_func \
								 fast_1p1v_0c_cmin_scan_capture \
								 fast_1p1v_0c_cmin_scan_shift \
                                                            ]
@file 57: # set_db flow_vars_hold_sta_active_views                      [get_db flow_vars_hold_pnr_active_views]
@@file 58: set_db flow_vars_power_view                                 [lindex [get_db flow_vars_setup_synth_active_views] 0]
@file 59: #set_db flow_vars_power_view                                 "fast_1p1v_0c_cmin_func"
#@ End verbose source scripts/design_setup.tcl
Warning: Overriding project technology setup from local folder
Info: Sourcing scripts/tech_setup.tcl
#@ Begin verbose source scripts/tech_setup.tcl (pre)
@file 1: ################################################################################
@file 2: # Project level Technology setup
@file 3: ################################################################################
@file 4: # Time-stamp: <2025-11-08 15:27:43 qftele>
@file 5:
@file 6: set TECHNOLOGY "gpdk045"
@file 7: set TECH_SETUP_VERSION "v1.0"
@file 8: puts "Info: TECHNOLOGY SETUP: $TECHNOLOGY : $TECH_SETUP_VERSION"
Info: TECHNOLOGY SETUP: gpdk045 : v1.0
@file 9:
@file 10: # Directory structure
@@file 11: set_db flow_vars_lef_tech_file                             "/opt/soc/tech/GPDK045/gsclib045/lef/gsclib045_tech.lef"
@@file 12: set_db flow_vars_qrc_tech_directory                        "/opt/soc/tech/GPDK045/gsclib045/qrc"
@@file 13: set_db flow_vars_gdsout_stream_map_file                    "/opt/soc/tech/GPDK045/gsclib045/oa22/gsclib045/gsclib045.layermap"
@file 14:
@file 15: # Technology files
@file 16:
@file 17: # Physical Info
@file 18: set tech_lef_filelist [list ]
@file 19: lappend tech_lef_filelist                                   [get_db flow_vars_lef_tech_file]
@file 20: # Note, flow_vars_lef_list should be empty at this point, and tech lef MUST be the first .lef file read in!
@@file 21: set_db flow_vars_lef_list $tech_lef_filelist
@file 22:
#@ End verbose source scripts/tech_setup.tcl
Warning: Overriding project mmmc setup from local folder
Info: Sourcing scripts/mmmc_setup.tcl
#@ Begin verbose source scripts/mmmc_setup.tcl (pre)
@file 1: ##############################################################################
@file 2: # Project level Mode & Corner definitions
@file 3: ##############################################################################
@file 4: # Time-stamp: <2025-09-23 16:49:18 qftele>
@file 5:
@file 6: set MMMC_SETUP_VERSION "v1.0"
@file 7: # $TECHNOLOGY is set in tech_setup.tcl
@file 8: puts "Info: MMMC SETUP: $TECHNOLOGY : $MMMC_SETUP_VERSION"
Info: MMMC SETUP: gpdk045 : v1.0
@file 9:
@file 10: # Delay corner list
@file 11: set mmmc_vars(delay_corners) \
    [list \
	 slow_0p9v_125c_cmax \
	 fast_1p1v_0c_cmin \
	 ]
@file 16:
@file 17:
@file 18: # Read .lib -files
@file 19: foreach dc $mmmc_vars(delay_corners) {

    regexp {([^_]+)_([^_]+)_([^_]+)_([\w]+)} $dc -> corn volt temp rc

    # qrc techfile
    set mmmc_vars("${rc}_${temp}",qrc_tech) "[get_db flow_vars_qrc_tech_directory]/gpdk045.tch"
    # temperature
    if {${temp} == "m40c"} {
	set mmmc_vars("${rc}_${temp}",temperature) "-40"
    } elseif {${temp} == "125c"} {
	set mmmc_vars("${rc}_${temp}",temperature) "125"
    } elseif {${temp} == "0c"} {
	set mmmc_vars("${rc}_${temp}",temperature) "0"
    } else {
	set mmmc_vars("${rc}_${temp}",temperature) "25"
    }


    ###########################################
    # OCVs &  Clock uncertainties for FLAT OCV
    ###########################################

    # use following uncertainties
    # FUNC:
    # setup:
    # clock jitter: defined through clock cycle
    # TECH uncertainty: 25ps
    # extra uncertainty (implementation): 20ps
    # extra uncertainty (signoff STA): 0ps
    # hold:
    # TECH uncertainty (SSG): 50ps
    # TECH uncertainty (fast): 40ps
    # extra uncertainty (implementation): 15ps
    # extra uncertainty (signoff STA): 0ps

    # Note, add 1% OCV on top of previous to match LVF
    # so flat values below have 0.01 added (subtracted) because of this

    # setup in slow, 0.81v, -40C/125c, cmax
    if {$corn eq "slow" &&
	$volt eq "0p9v" &&
	($temp eq "m40c" || $temp eq "0c" || $temp eq "125c") &&
	($rc eq "cmax")} {
	
	# -2.0% + -3.7% (10mV V-margin) + -0.6% (10c T-margin) for capturing clock cell
	set mmmc_vars(${dc},flat_clock_cell_early)  "0.927"
	# +2.0% for launching clock cell
	set mmmc_vars(${dc},flat_clock_cell_late)   "1.03"
	# hold not checked in this corner
	set mmmc_vars(${dc},flat_data_cell_early)   "1.0"
	# + 6.9% on data cell
	set mmmc_vars(${dc},flat_data_cell_late)    "1.079"

	# -6.0% for clock net
	set mmmc_vars(${dc},flat_clock_net_early)  "0.93"
	# +6.0% for clock net
	set mmmc_vars(${dc},flat_clock_net_late)   "1.07"
	# hold not checked in this corner
	set mmmc_vars(${dc},flat_data_net_early)   "1.0"
	# +6.0 for data net
	set mmmc_vars(${dc},flat_data_net_late)    "1.07"

    # hold in slow, 0.81v, -40c/125c, cmax
    } elseif {$corn eq "slow" &&
	      $volt eq "0p9v" &&
	      ($temp eq "m40c" || $temp eq "0c" || $temp eq "125c") &&
	      ($rc eq "cmax")} {
	
	# -3.2% + -7.0% (20mV V-margin) + -0.6% (10c T-margin) for launching clock cell
	set mmmc_vars(${dc},flat_clock_cell_early)  "0.882"
	# +3.2% for capturing clock cell
	set mmmc_vars(${dc},flat_clock_cell_late)   "1.042"
	# -9.7% + -7.0% (20mV V-margin) + -0.6% (10c T-margin) for data
	set mmmc_vars(${dc},flat_data_cell_early)   "0.817"
	# setup not checked
	set mmmc_vars(${dc},flat_data_cell_late)    "1.0"

	# -8.5% for launching clock net
	set mmmc_vars(${dc},flat_clock_net_early)  "0.905"
	# no derate on capturing clock net
	set mmmc_vars(${dc},flat_clock_net_late)   "1.0"
	# -8.5% for data net
	set mmmc_vars(${dc},flat_data_net_early)   "0.905"
	# setup not checked
	set mmmc_vars(${dc},flat_data_net_late)    "1.0"

    # hold in fast, 0.99v, -40c/0c/125c, cmax
    } elseif {$corn eq "fast" &&
	      $volt eq "1p1v" &&
	      ($temp eq "m40c" || $temp eq "0c" || $temp eq "125c") &&
	      ($rc eq "cmax")} {
	
	# -3.7% for launching clock cell
	set mmmc_vars(${dc},flat_clock_cell_early)  "0.953"
	# +3.7% + +5.1% (30mV V-margin) + 0.5% (10c T-margin) for capturing clock cell
	set mmmc_vars(${dc},flat_clock_cell_late)   "1.103"
	# -12.1% for data
	set mmmc_vars(${dc},flat_data_cell_early)   "0.869"
	# setup not checked
	set mmmc_vars(${dc},flat_data_cell_late)    "1.0"

	# -8.5% for launching clock net
	set mmmc_vars(${dc},flat_clock_net_early)  "0.905"
	# no derate on capturing clock net
	set mmmc_vars(${dc},flat_clock_net_late)   "1.0"
	# -8.5% for data net
	set mmmc_vars(${dc},flat_data_net_early)   "0.905"
	# setup not checked
	set mmmc_vars(${dc},flat_data_net_late)    "1.0"

    # hold in fast, 0.99v, -40c/0c/125c, cmin
    } elseif {$corn eq "fast" &&
	      $volt eq "1p1v" &&
	      ($temp eq "m40c" || $temp eq "0c" || $temp eq "125c") &&
	      ($rc eq "cmin")} {
	
	# -3.7% for launching clock cell
	set mmmc_vars(${dc},flat_clock_cell_early)  "0.953"
	# +3.7% + +5.1% (30mV V-margin) + 0.5% (10c T-margin) for capturing clock cell
	set mmmc_vars(${dc},flat_clock_cell_late)   "1.083"
	# -12.1% for data
	set mmmc_vars(${dc},flat_data_cell_early)   "0.869"
	# setup not checked
	set mmmc_vars(${dc},flat_data_cell_late)    "1.0"

	# no derate on launching clock net
	set mmmc_vars(${dc},flat_clock_net_early)  "1.0"
	# +8.5% for capturing clock net
	set mmmc_vars(${dc},flat_clock_net_late)   "1.075"
	# no derate for data net
	set mmmc_vars(${dc},flat_data_net_early)   "1.0"
	# setup not checked
	set mmmc_vars(${dc},flat_data_net_late)    "1.0"

    } else {
	puts "Fatal: delay corner ${dc} OCVs not defined (corner: $corn, voltage: $volt, temperature: $temp, rc: ${rc})"
	exit 1
    }

    ###########################################
    # OCVs &  Clock uncertainties for SOCV
    ###########################################

    # Note, only voltage and temperature OCVs needed

    # Early & late variation factors from:
    set mmmc_vars(early_rc_variation_factor) 0.06
    set mmmc_vars(late_rc_variation_factor) 0.06

    set mmmc_vars(timing_socv_analysis_nsigma_multiplier) 3

    # slow, 0.81v, -40c
    if {$corn eq "slow" &&
	$volt eq "0p9v" &&
	$temp eq "m40c"} {
        
        # DATA  @ 20.3mV : 7.4%
        # DATA  @ 10c    : 0.9%
        # CLOCK @ 20.3mV : 5.4%
        # CLOCK @ 10c    : 0.7%

        # For setup only derate clock
	set mmmc_vars(${dc},socv_clock_cell_late)   "0.054"
	set mmmc_vars(${dc},socv_data_cell_late)    "0.0"
        # For hold in slow derate data & launching clock
	set mmmc_vars(${dc},socv_clock_cell_early)  "-0.061"
	set mmmc_vars(${dc},socv_data_cell_early)   "-0.083"

    } elseif {$corn eq "slow" &&
	$volt eq "0p9v" &&
	$temp eq "125c"} {
       
        # DATA  @ 20.3mV : 5.0%
        # DATA  @ 10c    : 0.3%
        # CLOCK @ 20.3mV : 3.5%
        # CLOCK @ 10c    : 0.2%

        # For setup only derate clock
	set mmmc_vars(${dc},socv_clock_cell_late)   "0.037"
	set mmmc_vars(${dc},socv_data_cell_late)    "0.0"
        # For hold in slow derate data & launching clock
	set mmmc_vars(${dc},socv_clock_cell_early)  "-0.037"
	set mmmc_vars(${dc},socv_data_cell_early)   "-0.053"

    } elseif {$corn eq "slow" &&
	$volt eq "0p9v" &&
	$temp eq "0c"} {
       
        # DATA  @ 20.3mV : 6.6%
        # DATA  @ 10c    : 0.8%
        # CLOCK @ 20.3mV : 4.9%
        # CLOCK @ 10c    : 0.6%

        # For setup only derate clock
	set mmmc_vars(${dc},socv_clock_cell_late)   "0.055"
	set mmmc_vars(${dc},socv_data_cell_late)    "0.0"
        # For hold in slow derate data & launching clock
	set mmmc_vars(${dc},socv_clock_cell_early)  "-0.055"
	set mmmc_vars(${dc},socv_data_cell_early)   "-0.074"

    } elseif {$corn eq "fast" &&
	$volt eq "1p1v" &&
	$temp eq "m40c"} {
       
        # DATA  @ 45mV   : 7.4%
        # DATA  @ 10c    : 0.5%
        # CLOCK @ 45mV   : 5.1%
        # CLOCK @ 10c    : 0.6%

        # For setup only derate clock
	set mmmc_vars(${dc},socv_clock_cell_late)   "0.057"
	set mmmc_vars(${dc},socv_data_cell_late)    "0.0"
        # For hold in slow derate data & launching clock
	set mmmc_vars(${dc},socv_clock_cell_early)  "-0.057"
	set mmmc_vars(${dc},socv_data_cell_early)   "-0.079"

     } elseif {$corn eq "fast" &&
	$volt eq "1p1v" &&
	$temp eq "125c"} {

        # DATA  @ 45mV   : 5.8%
        # DATA  @ 10c    : 0.5%
        # CLOCK @ 45mV   : 3.6%
        # CLOCK @ 10c    : 0.6%

        # For setup only derate clock
	set mmmc_vars(${dc},socv_clock_cell_late)   "0.042"
	set mmmc_vars(${dc},socv_data_cell_late)    "0.0"
        # For hold in slow derate data & launching clock
	set mmmc_vars(${dc},socv_clock_cell_early)  "-0.042"
	set mmmc_vars(${dc},socv_data_cell_early)   "-0.063"

    } elseif {$corn eq "fast" &&
	$volt eq "1p1v" &&
	$temp eq "0c"} {

        # DATA  @ 45mV   : 7.0%
        # DATA  @ 10c    : 0.4%
        # CLOCK @ 45mV   : 4.7%
        # CLOCK @ 10c    : 0.4%

        # For setup only derate clock
	set mmmc_vars(${dc},socv_clock_cell_late)   "0.051"
	set mmmc_vars(${dc},socv_data_cell_late)    "0.0"
        # For hold in slow derate data & launching clock
	set mmmc_vars(${dc},socv_clock_cell_early)  "-0.051"
	set mmmc_vars(${dc},socv_data_cell_early)   "-0.074"

     } else {
        puts "Fatal: corner / voltage / temperature combination not allowed (corner: $corn, voltage: $volt, temperature: $temp)"
        exit 1
    }
}
@file 272:
@file 273: # Constraint mode list
@file 274: set mmmc_vars(constraint_modes) [get_db flow_vars_constraint_modes]
@file 275:
@file 276: foreach cm $mmmc_vars(constraint_modes) {
    if {[get_db program_short_name] == "genus"} {
#	if {${cm} == "func"} {
	    set mmmc_vars(${cm},sdc_files) [list [get_db flow_vars_data_directory]/constraints/[get_db flow_vars_design_name].constraints.${cm}.tcl \
						[get_db flow_vars_data_directory]/constraints/[get_db flow_vars_design_name].boundary_conditions.tcl \
						]
#	} else {
#	    set mmmc_vars(${cm},sdc_files) [get_db flow_vars_data_directory]/constraints/[get_db flow_vars_design_name].constraints.dummy.tcl
#	}
    } else {
	if {${cm} == "func"} {
	    set mmmc_vars(${cm},sdc_files) [list [get_db flow_vars_data_directory]/constraints/[get_db flow_vars_design_name].constraints.${cm}.tcl \
						[get_db flow_vars_data_directory]/constraints/[get_db flow_vars_design_name].boundary_conditions.tcl \
						[get_db flow_vars_data_directory]/constraints/[get_db flow_vars_design_name].constraints.hier_dft.tcl \
						]
	} else {
	    set mmmc_vars(${cm},sdc_files) [list [get_db flow_vars_data_directory]/constraints/[get_db flow_vars_design_name].constraints.${cm}.tcl \
						[get_db flow_vars_data_directory]/constraints/[get_db flow_vars_design_name].boundary_conditions.tcl \
						]
	}
    }
}
#@ End verbose source scripts/mmmc_setup.tcl
Warning: Overriding project library setup from local folder
Info: Sourcing scripts/library_setup.tcl
#@ Begin verbose source scripts/library_setup.tcl (pre)
@file 1: ################################################################################
@file 2: # Project level Library setup
@file 3: ################################################################################
@file 4: # Time-stamp: <2025-11-08 15:36:55 qftele>
@file 5:
@file 6: set PROJECT "Ballast"
@file 7: set LIBRARY_SETUP_VERSION "v1.0"
@file 8: puts "Info: LIBRARY SETUP: $PROJECT : $LIBRARY_SETUP_VERSION"
Info: LIBRARY SETUP: Ballast : v1.0
@file 9:
@file 10: # Directory structure
@@file 11: set_db flow_vars_stdcell_path                               "/opt/soc/tech/GPDK045/gsclib045"
@@file 12: set_db flow_vars_dft_data_directory                         [exec pwd]/dft_lib
@@file 13: set_db flow_vars_dft_library                                "[get_db flow_vars_dft_data_directory]/dft_lib_specify.v"
@@file 14: set_db flow_vars_dft_ncsim_library                          "[get_db flow_vars_dft_data_directory]/dft_lib_specify.v"
@file 15:
@file 16: # STD CELL dont use list
@@file 17: set_db flow_vars_dont_use_list                              [list "{.name==*FOOFOO*}" "{.name==*FIIFAA*}" ]
@file 18:
@file 19:
@file 20: ################################################################################
@file 21: # Physical information of macros & std cells
@file 22: ################################################################################
@file 23: set io_lef_filelist [list ]
@file 24: set io_gds_filelist [list ]
@file 25: set io_spi_filelist [list ]
@file 26:
@file 27: # PADs
@file 28: lappend io_lef_filelist ""
@file 29: lappend io_gds_filelist ""
@file 30: lappend io_spi_filelist ""
@file 31:
@@file 32: set_db flow_vars_lef_list [concat [get_db flow_vars_lef_list] $io_lef_filelist]
@@file 33: set_db flow_vars_io_gds_list $io_gds_filelist
@@file 34: set_db flow_vars_io_spi_list $io_spi_filelist
@file 35:
@file 36: set stdcell_lef_filelist [list ]
@file 37: set stdcell_gds_filelist [list ]
@file 38: set stdcell_spi_filelist [list ]
@file 39:
@file 40: # Add LEF
@file 41: lappend stdcell_lef_filelist [get_db flow_vars_stdcell_path]/lef/gsclib045_macro.lef
@file 42:
@file 43: # Add GDS
@file 44: lappend stdcell_gds_filelist /opt/soc/tech/GPDK045/gsclib045/gds/gsclib045.gds
@file 45:
@@file 46: set_db flow_vars_lef_list [concat [get_db flow_vars_lef_list] $stdcell_lef_filelist]
@@file 47: set_db flow_vars_stdcell_gds_list $stdcell_gds_filelist
@@file 48: set_db flow_vars_stdcell_spi_list $stdcell_spi_filelist
@file 49:
@file 50: # Add slow & fast
@file 51: foreach dc $mmmc_vars(delay_corners) {
    set mmmc_vars(${dc},timing_nldm) [list \
                                         ]
    set mmmc_vars(${dc},timing_ecsm) [list \
                                         ]
    if {[regexp {slow} $dc]} {
        lappend mmmc_vars(${dc},timing_nldm) [get_db flow_vars_stdcell_path]/timing/slow_vdd1v0_basicCells.lib
        lappend mmmc_vars(${dc},timing_ecsm) [get_db flow_vars_stdcell_path]/timing/slow_vdd1v0_basicCells.lib
    } else {
        lappend mmmc_vars(${dc},timing_nldm) [get_db flow_vars_stdcell_path]/timing/fast_vdd1v0_basicCells.lib
        lappend mmmc_vars(${dc},timing_ecsm) [get_db flow_vars_stdcell_path]/timing/fast_vdd1v0_basicCells.lib
    }
}
#@ End verbose source scripts/library_setup.tcl
Info: Sourcing /home/student/16/ex8/flow_matmul_sync_1/cadence_flow_scripts/scripts/global_macro_setup.tcl
#@ Begin verbose source /home/student/16/ex8/flow_matmul_sync_1/cadence_flow_scripts/scripts/global_macro_setup.tcl (pre)
@file 1: ################################################################################
@file 2: # Setup for macros in hierarchical designs
@file 3: ################################################################################
@file 4: # Time-stamp: <2025-09-02 09:47:10 qftele>
@file 5:
@file 6: set MACRO_SETUP_VERSION "v1.0"
@file 7: puts "Info: MACRO SETUP: $MACRO_SETUP_VERSION"
Info: MACRO SETUP: v1.0
@file 8:
@file 9: #########################################################################################################
@file 10: # Macro info
@file 11: # List all DUT versions of all macros in project
@file 12: #########################################################################################################
@file 13: array set global_macro_exportdir {
}
@file 15:
@file 16: #########################################################################################################
@file 17: # Global IPs
@file 18: #########################################################################################################
@file 19:
@file 20: # .lefs
@file 21: set ip_lef_filelist [list ]
@file 22: # PLL
@file 23: lappend ip_lef_filelist ""
@file 24:
@@file 25: set_db flow_vars_lef_list [concat [get_db flow_vars_lef_list] $ip_lef_filelist]
@file 26:
@file 27: # .libs
@file 28: foreach dc $mmmc_vars(delay_corners) {

    regexp {([^_]+)_([^_]+)_([^_]+)_([\w]+)} $dc -> corn volt temp rc

    # PLL .lib
    lappend mmmc_vars(${dc},timing_nldm) ""
    lappend mmmc_vars(${dc},timing_ecsm) ""
    lappend mmmc_vars(${dc},timing_lvf) ""
}
#@ End verbose source /home/student/16/ex8/flow_matmul_sync_1/cadence_flow_scripts/scripts/global_macro_setup.tcl
Warning: Overriding project macro setup from local folder
Info: Sourcing scripts/local_macro_setup.tcl
#@ Begin verbose source scripts/local_macro_setup.tcl (pre)
@file 1: ################################################################################
@file 2: # Local setup for macros in hierarchical designs
@file 3: # Setup lef & libs fr tools, regardless of whether DUT contains any macros
@file 4: ################################################################################
@file 5: # Time-stamp: <2025-10-30 09:01:30 qftele>
@file 6: #########################################################################################################
@file 7: # Macro info
@file 8: # List versions of macros used in DUT
@file 9: #########################################################################################################
@file 10: if {1} {
@file 11: array unset global_macro_exportdir
@file 12:
@file 13: set macro_scan_abstract_filelist [list ]
@file 14: set macro_lef_filelist [list ]
@file 15:
@file 16:
@file 17: array unset memarray
@file 18:
@file 19: # Go through global settings for macros and see if there's a local override
@file 20: foreach {blockname blockpath} [array get global_macro_exportdir] {

    # do not read in a model for DUT
    if {![string compare $blockname [get_db flow_vars_design_name]]} {
	puts "Info([info script]): Skipping reading in model for $blockname since it's DUT"
	continue
    }

    if {[info exists local_macro_exportdir($blockname)]} {
	if {[string compare $blockpath $local_macro_exportdir($blockname)]} {
	    puts "Warning([info script]): Overriding global setting for $blockname ->"
	    puts "\#OLD\#: $blockpath"
	    puts "\#NEW\#: $local_macro_exportdir($blockname)"
	    set $blockpath $local_macro_exportdir($blockname)
	}
    }

    # scan abstract for DFT
    if {[file exists $blockpath/dbs/syn_opt/$blockname.scan.abstract]} {
	lappend macro_scan_abstract_filelist $blockpath/dbs/syn_opt/$blockname.scan.abstract
    } else {
	puts "Error([info script]): scan abstract not found for block $blockname from $blockpath/dbs/syn_opt"
    }

    # MACROs
    if {[file exists $blockpath/models/opt_signoff/$blockname.lef]} {
	lappend macro_lef_filelist $blockpath/models/opt_signoff/$blockname.lef
    } else {
	puts "Fatal([info script]): .lef not found for block $blockname from $blockpath/models/opt_signoff"
	exit 1
    }

    # Read .lib -files
    # mmmc_vars(delay_corners) is set in mmmc_setup.tcl
    foreach dc $mmmc_vars(delay_corners) {

	regexp {([^_]+)_([^_]+)_([^_]+)_([\w]+)} $dc -> corn volt temp rc

	if {[file exists $blockpath/models/opt_signoff.sta/$blockname.${corn}_${volt}_${temp}_${rc}.lib]} {
	    lappend mmmc_vars(${dc},timing_nldm) $blockpath/models/opt_signoff.sta/$blockname.${corn}_${volt}_${temp}_${rc}.lib
	    lappend mmmc_vars(${dc},timing_ecsm) $blockpath/models/opt_signoff.sta/$blockname.${corn}_${volt}_${temp}_${rc}.lib
	} else {
	    puts "Fatal([info script]): .lib not found for block $blockname from $blockpath/models/opt_signoff.sta"
	    exit 1
	}
    }
}
@file 67: # sanity check to see if global setting are missing block which are defined in local settings!
@file 68: foreach {blockname blockpath} [array get local_macro_exportdir] {
    # do not read in a model for DUT
    if {![string compare $blockname [get_db flow_vars_design_name]]} {
	puts "Info([info script]): Skipping reading in model for $blockname since it's DUT. Remove the definition from local macro settings!"
	continue
    }

    set found 0
    if {[info exists global_macro_exportdir($blockname)]} {
	set found 1
    }

    if {!$found} {
	puts "Warning([info script]): Global setting for $blockname set in local setting not found from global settings! Report this to project toplevel!"	
    } else {
	# it was found so it's already set
	continue
    }

    # scan abstract for DFT
    if {[file exists $blockpath/dbs/syn_opt/$blockname.scan.abstract]} {
	lappend macro_scan_abstract_filelist $blockpath/dbs/syn_opt/$blockname.scan.abstract
    } else {
	puts "Error([info script]): scan abstract not found for block $blockname from $blockpath/dbs/syn_opt"
    }

    # MACROs
    if {[file exists $blockpath/models/opt_signoff/$blockname.lef]} {
	lappend macro_lef_filelist $blockpath/models/opt_signoff/$blockname.lef
    } else {
	puts "Fatal([info script]): .lef not found for block $blockname from $blockpath/models/opt_signoff"
	exit 1
    }

    # Read .lib -files
    # mmmc_vars(delay_corners) is set in mmmc_setup.tcl
    foreach dc $mmmc_vars(delay_corners) {

	regexp {([^_]+)_([^_]+)_([^_]+)_([\w]+)} $dc -> corn volt temp rc

	if {[file exists $blockpath/models/opt_signoff.sta/$blockname.${corn}_${volt}_${temp}_${rc}.lib]} {
	    lappend mmmc_vars(${dc},timing_nldm) $blockpath/models/opt_signoff.sta/$blockname.${corn}_${volt}_${temp}_${rc}.lib
	    lappend mmmc_vars(${dc},timing_ecsm) $blockpath/models/opt_signoff.sta/$blockname.${corn}_${volt}_${temp}_${rc}.lib
	} else {
	    puts "Fatal([info script]): .lib not found for block $blockname from $blockpath/models/opt_signoff.sta"
	    exit 1
	}
    }
}
@file 117:
@file 118: ########################################################################
@file 119: # Memories
@file 120: ########################################################################
@file 121:
@file 122: set memory_gds_filelist [list]
@file 123: set memory_spi_filelist [list]
@file 124: foreach {memdir memlist} [array get memarray] {

    set mem_directory ./models
    foreach mem $memlist {

        lappend macro_lef_filelist ${mem_directory}/${mem}.lef

        # lappend macro_scan_abstract_filelist ${mem_directory}/${mem}/${mem}.ctl
        #lappend dft_library ${mem_directory}/model/verilog/${mem}.v
        #lappend dft_ncsim_library ${mem_directory}/model/verilog/${mem}.v

        #lappend memory_gds_filelist ${mem_directory}/gds/${mem}.gds

        #lappend memory_spi_filelist ${mem_directory}/cdl/${mem}.cdl

        foreach dc $mmmc_vars(delay_corners) {

	    regexp {([^_]+)_([^_]+)_([^_]+)_([\w]+)} $dc -> corn volt temp rc

	    if {[regexp {SS} $dc]} {
		set volt "0P720V"
		set temp "125C"
	    } else {
		set volt "0P880V"
		set temp "M40C"
	    }
	    

            lappend mmmc_vars(${dc},timing_nldm) ${mem_directory}/${mem}.slow_0p9v_125c_cmax_func.lib
            lappend mmmc_vars(${dc},timing_ccs) ${mem_directory}/${mem}.slow_0p9v_125c_cmax_func.lib
            #lappend mmmc_vars(${dc},timing_lvf) ${mem_directory}/${mem}/${mem}_${corn}g_${rc}_${volt}_${volt}_${temp}.lib_ecsm_tv
        }
    }
}
@file 158:
@file 159: ########################################################################
@file 160: # Manual hacks for dirty models
@file 161: ########################################################################
@file 162: # .lefs
@file 163: # .libs
@file 164:
@file 165: # lef_filelist originally set in libray_setup.tcl
@file 166: puts "Info: Adding macro info to flow_vars_lef_list in [info script]"
Info: Adding macro info to flow_vars_lef_list in scripts/local_macro_setup.tcl
@@file 167: set_db flow_vars_lef_list [concat [get_db flow_vars_lef_list] $macro_lef_filelist]
@file 168: set pll_idx [lsearch -regexp [get_db flow_vars_lef_list] {CLKPLL}]
@@file 169: set_db flow_vars_lef_list [lreplace [get_db flow_vars_lef_list] $pll_idx $pll_idx]
@file 170:
@file 171: puts "Info: re-writing flow_vars_scan_abstracts in [info script]"
Info: re-writing flow_vars_scan_abstracts in scripts/local_macro_setup.tcl
@@file 172: set_db flow_vars_scan_abstracts $macro_scan_abstract_filelist
@file 173: }
#@ End verbose source scripts/local_macro_setup.tcl
## FLOWKIT: checking include file scripts/genus_config.tcl for PLACEHOLDER content
## FLOWKIT: sourcing include file scripts/genus_config.tcl
## FLOWKIT: checking include file scripts/innovus_config.tcl for PLACEHOLDER content
## FLOWKIT: sourcing include file scripts/innovus_config.tcl
## FLOWKIT: checking include file scripts/tempus_config.tcl for PLACEHOLDER content
## FLOWKIT: sourcing include file scripts/tempus_config.tcl
## FLOWKIT: checking include file /home/student/16/ex8/flow_matmul_sync_1/cadence_flow_scripts/scripts/modus_config.tcl for PLACEHOLDER content
## FLOWKIT: sourcing include file /home/student/16/ex8/flow_matmul_sync_1/cadence_flow_scripts/scripts/modus_config.tcl
## FLOWKIT: checking include file scripts/dft_config.tcl for PLACEHOLDER content
## FLOWKIT: sourcing include file scripts/dft_config.tcl
## FLOWKIT: checking include file /home/student/16/ex8/flow_matmul_sync_1/cadence_flow_scripts/scripts/em_config.tcl for PLACEHOLDER content
## FLOWKIT: sourcing include file /home/student/16/ex8/flow_matmul_sync_1/cadence_flow_scripts/scripts/em_config.tcl
## FLOWKIT: checking include file scripts/flow_existing_step_overwrite.tcl for PLACEHOLDER content
## FLOWKIT: sourcing include file scripts/flow_existing_step_overwrite.tcl
Sourcing flow scripts done.
##FLOW_KIT: enabling features from command line: {report_lec synth_spatial pnr_db_handoff add_scan generate_models opt_signoff}
Begin steps for plugin point Cadence.plugin.flowkit.read_db.pre
##FLOW_KIT: enabling features from command line: {report_lec synth_spatial pnr_db_handoff add_scan generate_models opt_signoff}
#@ Begin verbose flow_step activate_views
@flow 2: set db [get_db flow_starting_db]
@flow 3: set flow [lindex [get_db flow_hier_path] end]
@flow 4: set setup_views [get_feature $flow -feature setup_views]
@flow 5: set hold_views [get_feature $flow -feature hold_views]
@flow 6: set leakage_view [get_feature $flow -feature leakage_view]
@flow 7: set dynamic_view [get_feature $flow -feature dynamic_view]
@flow 9: if {($setup_views ne "") || ($hold_views ne "") || ($leakage_view ne "") || ($dynamic_view ne "")} {...}
#@ End verbose flow_step activate_views
##FLOW_KIT: enabling features from command line: {report_lec synth_spatial pnr_db_handoff add_scan generate_models opt_signoff}
#@ Begin verbose flow_step init_mcpu
@flow 2: # Multi host/cpu attributes
@flow 3: #-----------------------------------------------------------------------------
@flow 4: # The FLOWTOOL_NUM_CPUS is an environment variable which should be exported by
@flow 5: # the specified dist script.  This connects the number of CPUs being reserved
@flow 6: # for batch jobs with the current flow scripts.  The LSB_MAX_NUM_PROCESSORS is
@flow 7: # a typical environment variable exported by distribution platforms and is
@flow 8: # useful for ensuring all interactive jobs are using the reserved amount of CPUs.
@flow 9: if {[info exists ::env(FLOWTOOL_NUM_CPUS)]} {
@flow 10: set max_cpus $::env(FLOWTOOL_NUM_CPUS)
@flow 11: }
@flow 17: switch -glob {innovus} {
@@flow 0: set_multi_cpu_usage -verbose -local_cpu   $max_cpus
**WARN: (PRL-39):	Number of local CPUs specified (16) > Actual number of CPUs in the host (8). The lower value will be used.
set_multi_cpu_usage -local_cpu 8
@flow 1: if {[get_feature -feature opt_signoff]} {
@flow 2: if {[is_flow -inside flow:opt_signoff]} {...}
@flow 6: }
@flow 7: if {[get_feature -feature sta_eco]} {...}
@flow 13: }
#@ End verbose flow_step init_mcpu
End steps for plugin point Cadence.plugin.flowkit.read_db.pre
(stylus_db): ::init_mmmc_version set to version 2 from SQL db.
#% Begin Load Common DB (date=11/14 14:46:28, mem=1921.5M)
(stylus_db): Begin loading Common DB 'syn_opt.cdb' (Created by Genus(TM) Synthesis Solution 23.15-s099_1) ...
(stylus_db): Initialized SQLite db version 0.2 ..
(stylus_db): Sourcing .globals file  ...
**WARN: (IMPUDM-33):	Global variable "soceUseIdealDelayForClkInAllMode" is obsolete and will be removed in a future release. The obsolete variable still works in this release, but to avoid this warning and to ensure compatibility with future releases, remove the obsolete variable from your script.
**WARN: (IMPUDM-33):	Global variable "timing_aocv_enable_gba_combine_launch_capture" is obsolete and will be removed in a future release. The obsolete variable still works in this release, but to avoid this warning and to ensure compatibility with future releases, remove the obsolete variable from your script.
**WARN: (IMPUDM-33):	Global variable "timing_aocv_enable_gba_combine_launch_capture" is obsolete and will be removed in a future release. The obsolete variable still works in this release, but to avoid this warning and to ensure compatibility with future releases, remove the obsolete variable from your script.
**WARN: (IMPDBTCL-321):	The attribute 'timing_aocv_enable_gba_combine_launch_capture' still works but will be obsolete in a future major release. You should remove it from your script before the next major release to avoid errors.
**WARN: (IMPUDM-33):	Global variable "timing_aocv_enable_gba_combine_launch_capture" is obsolete and will be removed in a future release. The obsolete variable still works in this release, but to avoid this warning and to ensure compatibility with future releases, remove the obsolete variable from your script.
**WARN: (IMPDBTCL-321):	The attribute 'timing_aocv_enable_gba_combine_launch_capture' still works but will be obsolete in a future major release. You should remove it from your script before the next major release to avoid errors.
**WARN: (IMPDBTCL-321):	The attribute 'timing_aocv_enable_gba_combine_launch_capture' still works but will be obsolete in a future major release. You should remove it from your script before the next major release to avoid errors.
**WARN: (IMPUDM-33):	Global variable "timing_enable_backward_compatible_latch_thru_mt_mode" is obsolete and will be removed in a future release. The obsolete variable still works in this release, but to avoid this warning and to ensure compatibility with future releases, remove the obsolete variable from your script.
**WARN: (IMPUDM-33):	Global variable "timing_enable_backward_compatible_latch_thru_mt_mode" is obsolete and will be removed in a future release. The obsolete variable still works in this release, but to avoid this warning and to ensure compatibility with future releases, remove the obsolete variable from your script.
**WARN: (IMPDBTCL-321):	The attribute 'timing_enable_backward_compatible_latch_thru_mt_mode' still works but will be obsolete in a future major release. You should remove it from your script before the next major release to avoid errors.
**WARN: (IMPUDM-33):	Global variable "timing_enable_backward_compatible_latch_thru_mt_mode" is obsolete and will be removed in a future release. The obsolete variable still works in this release, but to avoid this warning and to ensure compatibility with future releases, remove the obsolete variable from your script.
**WARN: (IMPDBTCL-321):	The attribute 'timing_enable_backward_compatible_latch_thru_mt_mode' still works but will be obsolete in a future major release. You should remove it from your script before the next major release to avoid errors.
**WARN: (IMPDBTCL-321):	The attribute 'timing_enable_backward_compatible_latch_thru_mt_mode' still works but will be obsolete in a future major release. You should remove it from your script before the next major release to avoid errors.
**WARN: (GLOBAL-100):	Global 'timing_enable_backward_compatible_mmmc_mode' has become obsolete. It will be removed in the next release.
**WARN: (GLOBAL-100):	Global 'timing_enable_backward_compatible_mmmc_mode' has become obsolete. It will be removed in the next release.
**WARN: (GLOBAL-100):	Global 'timing_enable_backward_compatible_mmmc_mode' has become obsolete. It will be removed in the next release.
(stylus_db): setting init_mmmc_version to 2
(stylus_db): Setting Library Root attributes ...
**WARN: (IMPUDM-33):	Global variable "timing_aocv_enable_gba_combine_launch_capture" is obsolete and will be removed in a future release. The obsolete variable still works in this release, but to avoid this warning and to ensure compatibility with future releases, remove the obsolete variable from your script.
**WARN: (IMPUDM-33):	Global variable "timing_aocv_enable_gba_combine_launch_capture" is obsolete and will be removed in a future release. The obsolete variable still works in this release, but to avoid this warning and to ensure compatibility with future releases, remove the obsolete variable from your script.
**WARN: (IMPDBTCL-321):	The attribute 'timing_aocv_enable_gba_combine_launch_capture' still works but will be obsolete in a future major release. You should remove it from your script before the next major release to avoid errors.
**WARN: (IMPUDM-33):	Global variable "timing_enable_backward_compatible_latch_thru_mt_mode" is obsolete and will be removed in a future release. The obsolete variable still works in this release, but to avoid this warning and to ensure compatibility with future releases, remove the obsolete variable from your script.
**WARN: (IMPUDM-33):	Global variable "timing_enable_backward_compatible_latch_thru_mt_mode" is obsolete and will be removed in a future release. The obsolete variable still works in this release, but to avoid this warning and to ensure compatibility with future releases, remove the obsolete variable from your script.
**WARN: (IMPDBTCL-321):	The attribute 'timing_enable_backward_compatible_latch_thru_mt_mode' still works but will be obsolete in a future major release. You should remove it from your script before the next major release to avoid errors.
(stylus_db): Set 3826 timing library and user attributes of Root 
(stylus_db): Load Flow-Kit settings ...
% Begin Load Flow-Kit settings (date=11/14 14:46:29, mem=1925.7M)
% End Load Flow-Kit settings (date=11/14 14:46:29, total cpu=0:00:00.0, real=0:00:00.0, peak res=1926.4M, current mem=1926.4M)
% Begin Load MMMC data (date=11/14 14:46:29, mem=1926.4M)
(stylus_db): Reading MMMC file ...
Starting library reading in 'Multi-threaded flow' (with '8' threads)
Reading slow_0p9v_125c_ls timing library /opt/soc/tech/cadence/gsclib045_all_v4.8/gsclib045/timing/slow_vdd1v0_basicCells.lib.
**WARN: (TECHLIB-302):	No function defined for cell 'DECAP9'. The cell will only be used for analysis. (File /opt/soc/tech/cadence/gsclib045_all_v4.8/gsclib045/timing/slow_vdd1v0_basicCells.lib)
**WARN: (TECHLIB-302):	No function defined for cell 'DECAP8'. The cell will only be used for analysis. (File /opt/soc/tech/cadence/gsclib045_all_v4.8/gsclib045/timing/slow_vdd1v0_basicCells.lib)
**WARN: (TECHLIB-302):	No function defined for cell 'DECAP7'. The cell will only be used for analysis. (File /opt/soc/tech/cadence/gsclib045_all_v4.8/gsclib045/timing/slow_vdd1v0_basicCells.lib)
**WARN: (TECHLIB-302):	No function defined for cell 'DECAP6'. The cell will only be used for analysis. (File /opt/soc/tech/cadence/gsclib045_all_v4.8/gsclib045/timing/slow_vdd1v0_basicCells.lib)
**WARN: (TECHLIB-302):	No function defined for cell 'DECAP5'. The cell will only be used for analysis. (File /opt/soc/tech/cadence/gsclib045_all_v4.8/gsclib045/timing/slow_vdd1v0_basicCells.lib)
**WARN: (TECHLIB-302):	No function defined for cell 'DECAP4'. The cell will only be used for analysis. (File /opt/soc/tech/cadence/gsclib045_all_v4.8/gsclib045/timing/slow_vdd1v0_basicCells.lib)
**WARN: (TECHLIB-302):	No function defined for cell 'DECAP3'. The cell will only be used for analysis. (File /opt/soc/tech/cadence/gsclib045_all_v4.8/gsclib045/timing/slow_vdd1v0_basicCells.lib)
**WARN: (TECHLIB-302):	No function defined for cell 'DECAP2'. The cell will only be used for analysis. (File /opt/soc/tech/cadence/gsclib045_all_v4.8/gsclib045/timing/slow_vdd1v0_basicCells.lib)
**WARN: (TECHLIB-302):	No function defined for cell 'DECAP10'. The cell will only be used for analysis. (File /opt/soc/tech/cadence/gsclib045_all_v4.8/gsclib045/timing/slow_vdd1v0_basicCells.lib)
**WARN: (TECHLIB-302):	No function defined for cell 'ANTENNA'. The cell will only be used for analysis. (File /opt/soc/tech/cadence/gsclib045_all_v4.8/gsclib045/timing/slow_vdd1v0_basicCells.lib)
Read 489 cells in library slow_vdd1v0.
Library reading multithread flow ended.
% End Load MMMC data (date=11/14 14:46:30, total cpu=0:00:01.9, real=0:00:01.0, peak res=2108.5M, current mem=1943.1M)
% Begin Load LEF files (date=11/14 14:46:30, mem=1943.1M)
(stylus_db): Load LEF files ...

Loading LEF file /opt/soc/tech/cadence/gsclib045_all_v4.8/gsclib045/lef/gsclib045_tech.lef ...
Set DBUPerIGU to M2 pitch 400.

Loading LEF file /opt/soc/tech/cadence/gsclib045_all_v4.8/gsclib045/lef/gsclib045_macro.lef ...
**WARN: (IMPLF-200):	Pin 'A' in macro 'ANTENNA' has no ANTENNAGATEAREA value defined. The library data is incomplete and some process antenna rules will not be checked correctly.
Type 'man IMPLF-200' for more detail.

##  Check design process and node:  
##  Both design process and tech node are not set.

% End Load LEF files (date=11/14 14:46:30, total cpu=0:00:00.1, real=0:00:00.0, peak res=1951.0M, current mem=1951.0M)
(stylus_db): Load Verilog Netlist ...
% Begin Load netlist data ... (date=11/14 14:46:30, mem=1952.0M)
*** Begin netlist parsing (mem=2207.4M) ***
Created 489 new cells from 1 timing libraries.
Reading netlist ...
Backslashed names will retain backslash and a trailing blank character.
Reading verilog netlist '/home/student/16/ex8/flow_matmul_sync_1/dbs/syn_opt.cdb/cmn/matmul_sync.v.gz'

*** Memory Usage v#1 (Current mem = 2207.438M, initial mem = 864.402M) ***
*** End netlist parsing (cpu=0:00:00.0, real=0:00:02.0, mem=2207.4M) ***
% End Load netlist data ... (date=11/14 14:46:32, total cpu=0:00:00.0, real=0:00:02.0, peak res=1962.9M, current mem=1962.9M)
Top level cell is matmul_sync.
Hooked 489 DB cells to tlib cells.
Starting recursive module instantiation check.
No recursion found.
Building hierarchical netlist for Cell matmul_sync ...
***** UseNewTieNetMode *****.
*** Netlist is unique.
** info: there are 586 modules.
** info: there are 2054 stdCell insts.
** info: there are 2054 stdCell insts with at least one signal pin.

*** Memory Usage v#1 (Current mem = 2207.438M, initial mem = 864.402M) ***
(stylus_db): Init Design
*info: set bottom ioPad orient R0
**WARN: (IMPFP-3961):	The techSite 'CornerSite' has no related standard cells in the LEF/OA library. The calculations for this site type cannot be made unless standard cell models of this type exist in the LEF/OA library. Ignore this warning if the SITE is not used by the library. Alternatively, remove the SITE definition for the LEF/OA library to avoid this message.
Type 'man IMPFP-3961' for more detail.
**WARN: (IMPFP-3961):	The techSite 'IOSite' has no related standard cells in the LEF/OA library. The calculations for this site type cannot be made unless standard cell models of this type exist in the LEF/OA library. Ignore this warning if the SITE is not used by the library. Alternatively, remove the SITE definition for the LEF/OA library to avoid this message.
Type 'man IMPFP-3961' for more detail.
Start create_tracks
*Info: initialize multi-corner CTS.
Total number of combinational cells: 318
Total number of sequential cells: 152
Total number of tristate cells: 10
Total number of level shifter cells: 0
Total number of power gating cells: 0
Total number of isolation cells: 0
Total number of power switch cells: 0
Total number of pulse generator cells: 0
Total number of always on buffers: 0
Total number of retention cells: 0
Total number of physical cells: 9
List of usable buffers: CLKBUFX2 BUFX2 CLKBUFX3 BUFX3 CLKBUFX4 BUFX4 CLKBUFX6 BUFX6 CLKBUFX8 BUFX8 CLKBUFX12 BUFX12 CLKBUFX16 BUFX16 CLKBUFX20 BUFX20
Total number of usable buffers: 16
List of unusable buffers:
Total number of unusable buffers: 0
List of usable inverters: INVXL INVX1 INVX2 CLKINVX1 INVX3 CLKINVX2 INVX4 CLKINVX4 CLKINVX3 INVX6 CLKINVX6 INVX8 CLKINVX8 INVX12 CLKINVX12 INVX16 CLKINVX16 INVX20 CLKINVX20
Total number of usable inverters: 19
List of unusable inverters:
Total number of unusable inverters: 0
List of identified usable delay cells: DLY1X1 DLY1X4 DLY2X1 DLY2X4 DLY3X1 DLY3X4 DLY4X1 DLY4X4
Total number of identified usable delay cells: 8
List of identified unusable delay cells:
Total number of identified unusable delay cells: 0
(stylus_db): Initialized design 'matmul_sync'
(stylus_db): Load Metric file ...
% Begin Load Metric file (date=11/14 14:46:32, mem=2276.0M)
% End Load Metric file (date=11/14 14:46:32, total cpu=0:00:00.0, real=0:00:00.0, peak res=2295.5M, current mem=2290.8M)
(stylus_db): Setting Root attributes ...
##  Process: 22            (User Set)               
##     Node: (not set)                           

##  Check design process and node:  
##  Design tech node is not set.

Applying the recommended capacitance filtering threshold values for 22nm process node: total_c_th=0, relative_c_th=1 and coupling_c_th=0.1.
	These values will be used by all post-route extraction engines, including TQuantus, IQuantus and Quantus QRC extraction.
	Capacitance filtering mode(extract_rc_cap_filter_mode option of the set_db) is 'relative_and_coupling' for all engines.
	The accuracy mode for post_route extract_rc_effort_level low extraction will be set to 'high'.
	Default value for EffortLevel(extract_rc_effort_level option of the set_db) in post_route extraction mode will be 'medium' if Quantus QRC technology file is specified else 'low'.
**WARN: (IMPOPT-7155):	Option opt_skew_post_cts in 'set_db' will be obsolete. 'set_db opt_skew_post_cts true'will mapped to 'set_db opt_skew_ccopt standard' internally when design_flow_effort is not set to extreme and 'opt_skew_ccopt' has not been explict set by user.
**WARN: (IMPOPT-7155):	Option opt_skew_post_cts in 'set_db' will be obsolete. 'set_db opt_skew_post_cts true'will mapped to 'set_db opt_skew_ccopt standard' internally when design_flow_effort is not set to extreme and 'opt_skew_ccopt' has not been explict set by user.
##  Process: 22            (User Set)               
##     Node: (not set)                           

##  Check design process and node:  
##  Design tech node is not set.

Applying the recommended capacitance filtering threshold values for 22nm process node: total_c_th=0, relative_c_th=1 and coupling_c_th=0.1.
	These values will be used by all post-route extraction engines, including TQuantus, IQuantus and Quantus QRC extraction.
	Capacitance filtering mode(extract_rc_cap_filter_mode option of the set_db) is 'relative_and_coupling' for all engines.
	The accuracy mode for post_route extract_rc_effort_level low extraction will be set to 'high'.
	Default value for EffortLevel(extract_rc_effort_level option of the set_db) in post_route extraction mode will be 'medium' if Quantus QRC technology file is specified else 'low'.
Change floorplan default-technical-site to 'CoreSite'.
(stylus_db): Set 69 attributes of Root 
(stylus_db): Could not set 1 attributes of Root
(stylus_db): Silicon Drift settings not enabled or skipped...
% Begin Set DB preserves (date=11/14 14:46:32, mem=2292.5M)
(stylus_db): Setting preserves on design objects ...
(stylus_db): Set 986 preserves of design objects
% End Set DB preserves (date=11/14 14:46:33, total cpu=0:00:00.0, real=0:00:00.0, peak res=2292.5M, current mem=2292.5M)
slow_0p9v_125c_cmax_scan_shift slow_0p9v_125c_cmax_scan_capture slow_0p9v_125c_cmax_func fast_1p1v_0c_cmin_scan_capture fast_1p1v_0c_cmin_scan_shift fast_1p1v_0c_cmin_func
% Begin Load Timing views and constraints (date=11/14 14:46:33, mem=2292.5M)
(stylus_db): Read MMMC timing views ...
Multithreaded Timing Analysis is initialized with 8 threads

Reading timing constraints file '/home/student/16/ex8/flow_matmul_sync_1/dbs/syn_opt.cdb/cmn/matmul_sync.mmmc/modes/scan_capture/scan_capture.sdc.gz' ...
Current (total cpu=0:00:16.7, real=0:00:33.0, peak res=2494.1M, current mem=2494.1M)
matmul_sync
**WARN: (TCLCMD-1142):	Virtual clock 'clk_i_virtual' is being created with no source objects. (File /home/student/16/ex8/flow_matmul_sync_1/dbs/syn_opt.cdb/cmn/matmul_sync.mmmc/modes/scan_capture/scan_capture.sdc.gz, Line 17).

INFO (CTE): Reading of timing constraints file /home/student/16/ex8/flow_matmul_sync_1/dbs/syn_opt.cdb/cmn/matmul_sync.mmmc/modes/scan_capture/scan_capture.sdc.gz completed, with 1 WARNING
------------------------------------------------------------------------------------
CONSTRAINT READING SUMMARY                                                          
------------------------------------------------------------------------------------
Constraint                                        | Success        | Fail           
------------------------------------------------------------------------------------
set_clock_uncertainty                             | 6              | 0              
set_driving_cell                                  | 276            | 0              
set_max_capacitance                               | 134            | 0              
set_units                                         | 2              | 0              
current_design                                    | 3              | 0              
get_ports                                         | 745            | 0              
set_load                                          | 130            | 0              
set_input_delay                                   | 69             | 0              
create_clock                                      | 2              | 0              
set_max_transition                                | 66             | 0              
set_case_analysis                                 | 2              | 0              
set_false_path                                    | 2              | 0              
get_pins                                          | 1              | 0              
set_clock_gating_check                            | 1              | 0              
set_output_delay                                  | 66             | 0              
set_max_fanout                                    | 1              | 0              
get_clocks                                        | 143            | 0              
------------------------------------------------------------------------------------
Ending "Constraint file reading stats" (total cpu=0:00:00.0, real=0:00:00.0, peak res=2532.1M, current mem=2532.1M)
Current (total cpu=0:00:16.8, real=0:00:33.0, peak res=2532.1M, current mem=2532.1M)
Reading timing constraints file '/home/student/16/ex8/flow_matmul_sync_1/dbs/syn_opt.cdb/cmn/matmul_sync.mmmc/modes/func/func.sdc.gz' ...
Current (total cpu=0:00:16.8, real=0:00:33.0, peak res=2532.4M, current mem=2532.4M)
matmul_sync
**WARN: (TCLCMD-1142):	Virtual clock 'clk_i_virtual' is being created with no source objects. (File /home/student/16/ex8/flow_matmul_sync_1/dbs/syn_opt.cdb/cmn/matmul_sync.mmmc/modes/func/func.sdc.gz, Line 17).

INFO (CTE): Reading of timing constraints file /home/student/16/ex8/flow_matmul_sync_1/dbs/syn_opt.cdb/cmn/matmul_sync.mmmc/modes/func/func.sdc.gz completed, with 1 WARNING
------------------------------------------------------------------------------------
CONSTRAINT READING SUMMARY                                                          
------------------------------------------------------------------------------------
Constraint                                        | Success        | Fail           
------------------------------------------------------------------------------------
set_clock_uncertainty                             | 6              | 0              
set_max_capacitance                               | 134            | 0              
set_max_fanout                                    | 1              | 0              
set_output_delay                                  | 65             | 0              
set_clock_gating_check                            | 1              | 0              
set_driving_cell                                  | 276            | 0              
set_clock_groups                                  | 1              | 0              
get_clocks                                        | 210            | 0              
set_multicycle_path                               | 2              | 0              
get_pins                                          | 1              | 0              
set_input_delay                                   | 135            | 0              
set_load                                          | 130            | 0              
create_clock                                      | 2              | 0              
set_max_transition                                | 66             | 0              
set_false_path                                    | 2              | 0              
set_case_analysis                                 | 2              | 0              
get_ports                                         | 812            | 0              
current_design                                    | 3              | 0              
set_units                                         | 2              | 0              
------------------------------------------------------------------------------------
Ending "Constraint file reading stats" (total cpu=0:00:00.0, real=0:00:00.0, peak res=2532.8M, current mem=2532.8M)
Current (total cpu=0:00:16.8, real=0:00:33.0, peak res=2532.8M, current mem=2532.8M)
Reading timing constraints file '/home/student/16/ex8/flow_matmul_sync_1/dbs/syn_opt.cdb/cmn/matmul_sync.mmmc/modes/scan_shift/scan_shift.sdc.gz' ...
Current (total cpu=0:00:16.9, real=0:00:33.0, peak res=2532.9M, current mem=2532.9M)
matmul_sync
**WARN: (TCLCMD-1142):	Virtual clock 'clk_i_virtual' is being created with no source objects. (File /home/student/16/ex8/flow_matmul_sync_1/dbs/syn_opt.cdb/cmn/matmul_sync.mmmc/modes/scan_shift/scan_shift.sdc.gz, Line 17).

INFO (CTE): Reading of timing constraints file /home/student/16/ex8/flow_matmul_sync_1/dbs/syn_opt.cdb/cmn/matmul_sync.mmmc/modes/scan_shift/scan_shift.sdc.gz completed, with 1 WARNING
------------------------------------------------------------------------------------
CONSTRAINT READING SUMMARY                                                          
------------------------------------------------------------------------------------
Constraint                                        | Success        | Fail           
------------------------------------------------------------------------------------
set_clock_uncertainty                             | 6              | 0              
set_driving_cell                                  | 276            | 0              
set_max_capacitance                               | 134            | 0              
set_max_fanout                                    | 1              | 0              
get_clocks                                        | 143            | 0              
set_output_delay                                  | 66             | 0              
set_clock_gating_check                            | 1              | 0              
set_input_delay                                   | 69             | 0              
set_load                                          | 130            | 0              
create_clock                                      | 2              | 0              
set_max_transition                                | 66             | 0              
set_case_analysis                                 | 2              | 0              
get_ports                                         | 743            | 0              
current_design                                    | 3              | 0              
set_units                                         | 2              | 0              
------------------------------------------------------------------------------------
Ending "Constraint file reading stats" (total cpu=0:00:00.0, real=0:00:00.0, peak res=2533.2M, current mem=2533.2M)
Current (total cpu=0:00:16.9, real=0:00:33.0, peak res=2533.2M, current mem=2533.2M)
Reading latency file '/home/student/16/ex8/flow_matmul_sync_1/dbs/syn_opt.cdb/cmn/matmul_sync.mmmc/views/slow_0p9v_125c_cmax_func/latency.sdc.gz' ...
Reading latency file '/home/student/16/ex8/flow_matmul_sync_1/dbs/syn_opt.cdb/cmn/matmul_sync.mmmc/views/slow_0p9v_125c_cmax_scan_capture/latency.sdc.gz' ...
Reading latency file '/home/student/16/ex8/flow_matmul_sync_1/dbs/syn_opt.cdb/cmn/matmul_sync.mmmc/views/slow_0p9v_125c_cmax_scan_shift/latency.sdc.gz' ...
% End Load Timing views and constraints (date=11/14 14:46:33, total cpu=0:00:00.4, real=0:00:00.0, peak res=2533.3M, current mem=2533.3M)
(stylus_db): Load Mode file ...
##  Process: 22            (User Set)               
##     Node: (not set)                           

##  Check design process and node:  
##  Design tech node is not set.

Applying the recommended capacitance filtering threshold values for 22nm process node: total_c_th=0, relative_c_th=1 and coupling_c_th=0.1.
	These values will be used by all post-route extraction engines, including TQuantus, IQuantus and Quantus QRC extraction.
	Capacitance filtering mode(extract_rc_cap_filter_mode option of the set_db) is 'relative_and_coupling' for all engines.
	The accuracy mode for post_route extract_rc_effort_level low extraction will be set to 'high'.
	Default value for EffortLevel(extract_rc_effort_level option of the set_db) in post_route extraction mode will be 'medium' if Quantus QRC technology file is specified else 'low'.
set_db opt_useful_skew already set.
**WARN: (IMPOPT-3602):	The specified path group name tdgp_reg2reg_default is not defined.
Type 'man IMPOPT-3602' for more detail.
Effort level <high> specified for tdgp_reg2reg_default path_group
Slack adjustment of -0 applied on tdgp_reg2reg_default path_group
Change floorplan default-technical-site to 'CoreSite'.
(stylus_db): Load Power Intent (UPF/1801) ...
% Begin Load Power Intent (1801) (date=11/14 14:46:33, mem=2535.9M)
Reading power intent file /home/student/16/ex8/flow_matmul_sync_1/dbs/syn_opt.cdb/cmn/matmul_sync.upf ...
Checking power intent
Checking scoped supply_net connected to top-level supply_net
IEEE1801_RUNTIME: checking scoped supply_net: cpu=0:00:00.00 real=0:00:00.00
Checking supply_set/supply_net
IEEE1801_RUNTIME: checking pst supplies: cpu=0:00:00.00 real=0:00:00.00
Setting boundaryports(3) from port_attr
IEEE1801_RUNTIME: checking port_attribute: cpu=0:00:00.00 real=0:00:00.00
IEEE1801_RUNTIME: checking related_supply_net: cpu=0:00:00.00 real=0:00:00.00
INFO: The power intent file has only one domain defined.
Domain-based supply connection will be applied to top cell. Other domain-related power intent commands will be ignored.
% End Load Power Intent (1801) (date=11/14 14:46:33, total cpu=0:00:00.0, real=0:00:00.0, peak res=2539.3M, current mem=2539.3M)
(stylus_db): Commit Power Intent ...
% Begin Commit Power Intent (date=11/14 14:46:33, mem=2539.3M)
**WARN: (IMPCTE-104):	The constraint mode of this inactive view 'fast_1p1v_0c_cmin_scan_capture' has been modified and may need to be reanalyzed to ensure proper timing results. To reanalyze timing for this view make the view active using 'set_analysis_view' and run timing analysis.
Type 'man IMPCTE-104' for more detail.
**WARN: (IMPCTE-104):	The constraint mode of this inactive view 'fast_1p1v_0c_cmin_func' has been modified and may need to be reanalyzed to ensure proper timing results. To reanalyze timing for this view make the view active using 'set_analysis_view' and run timing analysis.
Type 'man IMPCTE-104' for more detail.
**WARN: (IMPCTE-104):	The constraint mode of this inactive view 'fast_1p1v_0c_cmin_scan_shift' has been modified and may need to be reanalyzed to ensure proper timing results. To reanalyze timing for this view make the view active using 'set_analysis_view' and run timing analysis.
Type 'man IMPCTE-104' for more detail.
IEEE1801_RUNTIME: freeTimingGraph: cpu=0:00:00.17 real=0:00:00.00
IEEE1801_RUNTIME: commit_logic_port/net: cpu=0:00:00.00 real=0:00:00.00
IEEE1801_RUNTIME: commit_supply_net: cpu=0:00:00.00 real=0:00:00.00
IEEE1801_RUNTIME: commit_power_domain: cpu=0:00:00.00 real=0:00:00.00
IEEE1801_RUNTIME: commit_global_connect: cpu=0:00:00.00 real=0:00:00.00
IEEE1801_RUNTIME: commit_power_mode: cpu=0:00:00.01 real=0:00:00.00
fast_1p1v_0c_cmin slow_0p9v_125c_cmax
fast_1p1v_0c_cmin slow_0p9v_125c_cmax
IEEE1801_RUNTIME: define_low_power_cells: cpu=0:00:00.01 real=0:00:00.00
fast_1p1v_0c_cmin slow_0p9v_125c_cmax
IEEE1801_RUNTIME: GNC_connect_existing_iso_shifter: cpu=0:00:00.00 real=0:00:00.00
IEEE1801_RUNTIME: connectAlwaysOnBuf: cpu=0:00:00.00 real=0:00:00.00
IEEE1801_RUNTIME: replaceAlwaysOnAssignBuffer: cpu=0:00:00.00 real=0:00:00.00
number of pgNets = 2
IEEE1801_RUNTIME: commit_isolation: cpu=0:00:00.00 real=0:00:00.00
IEEE1801_RUNTIME: commit_level_shifter: cpu=0:00:00.00 real=0:00:00.00
IEEE1801_RUNTIME: connectAlwaysOnBuf: cpu=0:00:00.00 real=0:00:00.00
IEEE1801_RUNTIME: misc: cpu=0:00:00.00 real=0:00:00.00
IEEE1801_RUNTIME: update_pd_libset_by_voltages: cpu=0:00:00.00 real=0:00:00.00
Current (total cpu=0:00:17.4, real=0:00:33.0, peak res=2570.8M, current mem=2548.7M)
matmul_sync
Ending "Constraint file reading stats" (total cpu=0:00:00.0, real=0:00:00.0, peak res=2565.7M, current mem=2565.7M)
------------------------------------------------------------------------------------
CONSTRAINT READING SUMMARY                                                          
------------------------------------------------------------------------------------
Constraint                                        | Success        | Fail           
------------------------------------------------------------------------------------
get_pins                                          | 1              | 0              
set_clock_uncertainty                             | 6              | 0              
get_clocks                                        | 143            | 0              
set_max_fanout                                    | 1              | 0              
get_designs                                       | 2              | 0              
set_false_path                                    | 2              | 0              
set_case_analysis                                 | 2              | 0              
set_max_transition                                | 66             | 0              
set_input_delay                                   | 69             | 0              
set_load                                          | 130            | 0              
set_max_capacitance                               | 134            | 0              
set_driving_cell                                  | 276            | 0              
get_ports                                         | 745            | 0              
create_clock                                      | 2              | 0              
set_units                                         | 1              | 0              
set_output_delay                                  | 66             | 0              
set_clock_gating_check                            | 2              | 0              
current_design                                    | 1              | 0              
------------------------------------------------------------------------------------
Current (total cpu=0:00:17.4, real=0:00:33.0, peak res=2570.8M, current mem=2565.7M)
Current (total cpu=0:00:17.4, real=0:00:33.0, peak res=2570.8M, current mem=2565.7M)
matmul_sync
Ending "Constraint file reading stats" (total cpu=0:00:00.0, real=0:00:00.0, peak res=2565.9M, current mem=2565.9M)
------------------------------------------------------------------------------------
CONSTRAINT READING SUMMARY                                                          
------------------------------------------------------------------------------------
Constraint                                        | Success        | Fail           
------------------------------------------------------------------------------------
set_multicycle_path                               | 2              | 0              
get_pins                                          | 1              | 0              
set_clock_uncertainty                             | 6              | 0              
get_clocks                                        | 209            | 0              
set_max_fanout                                    | 1              | 0              
get_designs                                       | 2              | 0              
set_false_path                                    | 2              | 0              
set_case_analysis                                 | 2              | 0              
set_max_transition                                | 66             | 0              
set_input_delay                                   | 135            | 0              
set_load                                          | 130            | 0              
set_max_capacitance                               | 134            | 0              
set_clock_groups                                  | 1              | 0              
set_driving_cell                                  | 276            | 0              
get_ports                                         | 812            | 0              
create_clock                                      | 2              | 0              
set_units                                         | 1              | 0              
set_output_delay                                  | 65             | 0              
set_clock_gating_check                            | 2              | 0              
current_design                                    | 1              | 0              
------------------------------------------------------------------------------------
Current (total cpu=0:00:17.5, real=0:00:33.0, peak res=2570.8M, current mem=2565.9M)
Current (total cpu=0:00:17.5, real=0:00:34.0, peak res=2570.8M, current mem=2565.9M)
matmul_sync
Ending "Constraint file reading stats" (total cpu=0:00:00.0, real=0:00:00.0, peak res=2566.4M, current mem=2566.4M)
------------------------------------------------------------------------------------
CONSTRAINT READING SUMMARY                                                          
------------------------------------------------------------------------------------
Constraint                                        | Success        | Fail           
------------------------------------------------------------------------------------
set_clock_uncertainty                             | 6              | 0              
get_clocks                                        | 143            | 0              
set_max_fanout                                    | 1              | 0              
get_designs                                       | 2              | 0              
set_case_analysis                                 | 2              | 0              
set_max_transition                                | 66             | 0              
set_input_delay                                   | 69             | 0              
set_load                                          | 130            | 0              
set_max_capacitance                               | 134            | 0              
set_driving_cell                                  | 276            | 0              
get_ports                                         | 743            | 0              
create_clock                                      | 2              | 0              
set_units                                         | 1              | 0              
set_output_delay                                  | 66             | 0              
set_clock_gating_check                            | 2              | 0              
current_design                                    | 1              | 0              
------------------------------------------------------------------------------------
Current (total cpu=0:00:17.6, real=0:00:34.0, peak res=2570.8M, current mem=2566.4M)
IEEE1801_RUNTIME: buildTimingGraph: cpu=0:00:00.31 real=0:00:01.00
IEEE1801_RUNTIME: setDenseRecIsoInstToDB: cpu=0:00:00.00 real=0:00:00.00
number of pgNets = 2
% End Commit Power Intent (date=11/14 14:46:34, total cpu=0:00:00.5, real=0:00:01.0, peak res=2570.8M, current mem=2566.9M)
*** Checked 4 GNC rules.
*** Applying global-net connections...
*** Applied 4 GNC rules (cpu = 0:00:00.0)
(stylus_db): Load DEF file ...
% Begin Load DEF (date=11/14 14:46:34, mem=2566.9M)
Reading DEF file '/home/student/16/ex8/flow_matmul_sync_1/dbs/syn_opt.cdb/cmn/matmul_sync.def.gz', current time is Fri Nov 14 14:46:34 2025 ...
--- DIVIDERCHAR '/'
--- UnitsPerDBU = 1.0000
--- DIEAREA (0 0) (202000 205200)
defIn read 10000 lines...
DEF file '/home/student/16/ex8/flow_matmul_sync_1/dbs/syn_opt.cdb/cmn/matmul_sync.def.gz' is parsed, current time is Fri Nov 14 14:46:35 2025.
Extracting standard cell pins and blockage ...... 
Pin and blockage extraction finished
Updating the floorplan ...
% End Load DEF (date=11/14 14:46:35, total cpu=0:00:00.0, real=0:00:01.0, peak res=2571.6M, current mem=2571.6M)
% Begin Set route_types (date=11/14 14:46:35, mem=2571.6M)
(stylus_db): Setting route_types  ...
% End Set route_types (date=11/14 14:46:35, total cpu=0:00:00.0, real=0:00:00.0, peak res=2571.6M, current mem=2571.6M)
% Begin Set power_domain attributes (date=11/14 14:46:35, mem=2571.6M)
(stylus_db): Setting power_domain attributes ...
(stylus_db): Set 4 power_domain attributes
% End Set power_domain attributes (date=11/14 14:46:35, total cpu=0:00:00.0, real=0:00:00.0, peak res=2571.6M, current mem=2571.6M)
(stylus_db): Load additional timing constraints ...
% Begin Load Additional Timing constraints (date=11/14 14:46:35, mem=2571.6M)
fast_1p1v_0c_cmin slow_0p9v_125c_cmax
Loading timing derate file /home/student/16/ex8/flow_matmul_sync_1/dbs/syn_opt.cdb/cmn/matmul_sync.mmmc/delayCorner/slow_0p9v_125c_cmax/timingderate.sdc.gz ...
Current (total cpu=0:00:17.7, real=0:00:35.0, peak res=2571.6M, current mem=2571.6M)
INFO (CTE): Constraints read successfully.
------------------------------------------------------------------------------------
CONSTRAINT READING SUMMARY                                                          
------------------------------------------------------------------------------------
Constraint                                        | Success        | Fail           
------------------------------------------------------------------------------------
set_timing_derate                                 | 7              | 0              
------------------------------------------------------------------------------------
Ending "Constraint file reading stats" (total cpu=0:00:00.0, real=0:00:00.0, peak res=2573.8M, current mem=2573.8M)
Current (total cpu=0:00:17.7, real=0:00:35.0, peak res=2573.8M, current mem=2573.8M)
Loading path adjust file /home/student/16/ex8/flow_matmul_sync_1/dbs/syn_opt.cdb/cmn/matmul_sync.mmmc/pathadjust.sdc.gz ...
Current (total cpu=0:00:17.7, real=0:00:35.0, peak res=2573.8M, current mem=2573.8M)
INFO (CTE): Constraints read successfully.
Ending "Constraint file reading stats" (total cpu=0:00:00.0, real=0:00:00.0, peak res=2574.1M, current mem=2574.1M)
Current (total cpu=0:00:17.8, real=0:00:35.0, peak res=2574.1M, current mem=2574.1M)
% End Load Additional Timing constraints (date=11/14 14:46:35, total cpu=0:00:00.1, real=0:00:00.0, peak res=2574.1M, current mem=2574.1M)
% Begin Set message attributes (date=11/14 14:46:35, mem=2574.1M)
(stylus_db): Setting attributes on Synthesis message objects ...
% End Set message attributes (date=11/14 14:46:35, total cpu=0:00:00.0, real=0:00:00.0, peak res=2574.1M, current mem=2574.1M)
(stylus_db): Couldn't load SDP file, (file doesn't exists)
% Begin Generate Vias (date=11/14 14:46:35, mem=2574.1M)
(stylus_db): Generate advanced rule Vias ...
Start generating vias ..
#Skip building auto via since it is not turned on.
Extracting standard cell pins and blockage ...... 
Pin and blockage extraction finished
Via generation completed.
% End Generate Vias (date=11/14 14:46:35, total cpu=0:00:00.0, real=0:00:00.0, peak res=2592.6M, current mem=2585.0M)
% Begin Set attributes (date=11/14 14:46:35, mem=2585.0M)
(stylus_db): Setting attributes on design objects ...
(stylus_db): Set 337 attributes of design objects
(stylus_db): Could not set 1 attributes of design objects
% End Set attributes (date=11/14 14:46:35, total cpu=0:00:00.0, real=0:00:00.0, peak res=2585.0M, current mem=2585.0M)
(stylus_db): Load CCOPT config ...
% Begin Load CCOPT config (date=11/14 14:46:35, mem=2585.0M)
Restoring CCOpt config...
Restoring CCOpt config done.
% End Load CCOPT config (date=11/14 14:46:35, total cpu=0:00:00.0, real=0:00:00.0, peak res=2585.7M, current mem=2585.7M)
(stylus_db): Load CTS route status ...
% Begin Load CTS Route status (date=11/14 14:46:35, mem=2585.7M)
% End Load CTS Route status (date=11/14 14:46:35, total cpu=0:00:00.0, real=0:00:00.0, peak res=2585.7M, current mem=2585.7M)
(stylus_db): source flexmv file - /home/student/16/ex8/flow_matmul_sync_1/dbs/syn_opt.cdb/cmn/pnr_cmn/matmul_sync.flexmv
% Begin Load iHDB config (date=11/14 14:46:35, mem=2585.7M)
% End Load iHDB config (date=11/14 14:46:35, total cpu=0:00:00.0, real=0:00:00.0, peak res=2585.7M, current mem=2585.7M)
(stylus_db): Load RC preroute patterns ...
% Begin Load RC preroute patterns (date=11/14 14:46:35, mem=2585.7M)
Loading preRoute extraction data from directory '/home/student/16/ex8/flow_matmul_sync_1/dbs/syn_opt.cdb/cmn/matmul_sync.extraction/extraction/' ...
Extraction setup Started for TopCell matmul_sync 
Initializing multi-corner RC extraction with 1 active RC Corners ...
Generating auto layer map file.
Loading preRoute extracted patterns from file '/home/student/16/ex8/flow_matmul_sync_1/dbs/syn_opt.cdb/cmn/matmul_sync.extraction/matmul_sync.techData.gz' ...
Completed (cpu: 0:00:00.3 real: 0:00:00.0)
Set Shrink Factor to 1.00000
Summary of Active RC-Corners : 
 
 Analysis View: slow_0p9v_125c_cmax_func
    RC-Corner Name        : cmax_125c
    RC-Corner Index       : 0
    RC-Corner Temperature : 125 Celsius
    RC-Corner Cap Table   : ''
    RC-Corner PreRoute Res Factor         : 1
    RC-Corner PreRoute Cap Factor         : 1
    RC-Corner PostRoute Res Factor        : 1 {1 1 1}
    RC-Corner PostRoute Cap Factor        : 1 {1 1 1}
    RC-Corner PostRoute XCap Factor       : 1 {1 1 1}
    RC-Corner PreRoute Clock Res Factor   : 1	[Derived from postRoute_res (effortLevel low)]
    RC-Corner PreRoute Clock Cap Factor   : 1	[Derived from postRoute_cap (effortLevel low)]
    RC-Corner PostRoute Clock Cap Factor  : 1 {1 1 1} 
    RC-Corner PostRoute Clock Res Factor  : 1 {1 1 1} 
    RC-Corner PostRoute Clock coupling capacitance Factor : 1 {1 1 1} 
    RC-Corner Technology file: '/opt/soc/tech/GPDK045/gsclib045/qrc/gpdk045.tch'
 
 Analysis View: slow_0p9v_125c_cmax_scan_capture
    RC-Corner Name        : cmax_125c
    RC-Corner Index       : 0
    RC-Corner Temperature : 125 Celsius
    RC-Corner Cap Table   : ''
    RC-Corner PreRoute Res Factor         : 1
    RC-Corner PreRoute Cap Factor         : 1
    RC-Corner PostRoute Res Factor        : 1 {1 1 1}
    RC-Corner PostRoute Cap Factor        : 1 {1 1 1}
    RC-Corner PostRoute XCap Factor       : 1 {1 1 1}
    RC-Corner PreRoute Clock Res Factor   : 1	[Derived from postRoute_res (effortLevel low)]
    RC-Corner PreRoute Clock Cap Factor   : 1	[Derived from postRoute_cap (effortLevel low)]
    RC-Corner PostRoute Clock Cap Factor  : 1 {1 1 1} 
    RC-Corner PostRoute Clock Res Factor  : 1 {1 1 1} 
    RC-Corner PostRoute Clock coupling capacitance Factor : 1 {1 1 1} 
    RC-Corner Technology file: '/opt/soc/tech/GPDK045/gsclib045/qrc/gpdk045.tch'
 
 Analysis View: slow_0p9v_125c_cmax_scan_shift
    RC-Corner Name        : cmax_125c
    RC-Corner Index       : 0
    RC-Corner Temperature : 125 Celsius
    RC-Corner Cap Table   : ''
    RC-Corner PreRoute Res Factor         : 1
    RC-Corner PreRoute Cap Factor         : 1
    RC-Corner PostRoute Res Factor        : 1 {1 1 1}
    RC-Corner PostRoute Cap Factor        : 1 {1 1 1}
    RC-Corner PostRoute XCap Factor       : 1 {1 1 1}
    RC-Corner PreRoute Clock Res Factor   : 1	[Derived from postRoute_res (effortLevel low)]
    RC-Corner PreRoute Clock Cap Factor   : 1	[Derived from postRoute_cap (effortLevel low)]
    RC-Corner PostRoute Clock Cap Factor  : 1 {1 1 1} 
    RC-Corner PostRoute Clock Res Factor  : 1 {1 1 1} 
    RC-Corner PostRoute Clock coupling capacitance Factor : 1 {1 1 1} 
    RC-Corner Technology file: '/opt/soc/tech/GPDK045/gsclib045/qrc/gpdk045.tch'
Restored Grid density data
Initializing multi-corner resistance tables ...
Default value for post_route extraction mode's extract_rc_effort_level (extract_rc_effort_level option of set_db) changed to 'medium'.
% End Load RC preroute patterns (date=11/14 14:46:35, total cpu=0:00:00.4, real=0:00:00.0, peak res=2641.0M, current mem=2631.7M)
% Begin Load Min Layer Data (date=11/14 14:46:35, mem=2631.7M)
Read 0 nets
% End Load Min Layer Data (date=11/14 14:46:35, total cpu=0:00:00.0, real=0:00:00.0, peak res=2631.7M, current mem=2631.7M)
(stylus_db): Load Route congestion map file ...
% Begin Load Route congestion map (date=11/14 14:46:35, mem=2631.7M)
Reading congestion map file /home/student/16/ex8/flow_matmul_sync_1/dbs/syn_opt.cdb/cmn/matmul_sync.route.congestion.gz ...
Suppress "**WARN ..." messages.
Un-suppress "**WARN ..." messages.
% End Load Route congestion map (date=11/14 14:46:36, total cpu=0:00:00.0, real=0:00:01.0, peak res=2631.7M, current mem=2631.7M)
(stylus_db): Couldn't load SPEF, (spef data dir matmul_sync.mmmc/corners/ not found)
(stylus_db): Load SCANDEF ...
% Begin Load SCANDEF (date=11/14 14:46:36, mem=2631.7M)
Reading DEF file '/home/student/16/ex8/flow_matmul_sync_1/dbs/syn_opt.cdb/cmn/matmul_sync.scandef.gz', current time is Fri Nov 14 14:46:36 2025 ...
DEF file '/home/student/16/ex8/flow_matmul_sync_1/dbs/syn_opt.cdb/cmn/matmul_sync.scandef.gz' is parsed, current time is Fri Nov 14 14:46:38 2025.
% End Load SCANDEF (date=11/14 14:46:38, total cpu=0:00:00.0, real=0:00:02.0, peak res=2631.7M, current mem=2631.4M)
(stylus_db): Couldn't load Activity file, (file doesn't exists)
+----------------------------------------------------------------+
    Summary of 'read_db syn_opt.cdb'                     
+----------------------------------------------------------------+
    Generated by         :     Innovus 23.15-s106_1
    Generated on         :     Fri Nov 14 14:46:38 EET 2025
    Design               :     matmul_sync
    process_node         :     22   
    db units             :     2000 
    tech_mfg_grid        :     0.005
    bbox                 :     {0.0 0.0 101.0 102.6}
    core_bbox            :     {4.0 3.42 97.0 99.18}
+----------------------------------------------------------------+
    Object Type          :     Count
+-----------------------------------+
    timing_libraries     :     1    
    library_sets         :     2    
    lib_cells            :     489  
    setup_analysis_views :     3    
    hold_analysis_views  :     3    
    rc_corners           :     2    
    delay_corners        :     2    
    constraint_modes     :     3    
    clocks               :     6    
+-----------------------------------+
    base_cells           :     585  
    modules              :     0    
    insts                :     2054 
    ports                :     134  
    nets                 :     2480 
    hnets                :     2480 
    pins                 :     6896 
    pg_nets              :     2    
    pg_ports             :     2    
    power_domains        :     1    
    groups               :     1    
+-----------------------------------+
    layers               :     36   
    via_defs             :     129  
    via_def_rule         :     16   
    sites                :     4    
    core_rows            :     56   
    track_patterns       :     22   
    route_rules          :     5    
+-----------------------------------+
#% End Load Common DB (date=11/14 14:46:38, total cpu=0:00:05.6, real=0:00:10.0, peak res=2641.0M, current mem=2631.5M)

*** Summary of all messages that are not suppressed in this session:
Severity  ID               Count  Summary                                  
WARNING   IMPLF-200            1  Pin '%s' in macro '%s' has no ANTENNAGAT...
WARNING   IMPFP-3961           2  The techSite '%s' has no related standar...
WARNING   IMPDBTCL-321         8  The attribute '%s' still works but will ...
WARNING   IMPOPT-3602          1  The specified path group name %s is not ...
WARNING   IMPOPT-7155          2  Option %s in 'set_db' will be obsolete. ...
WARNING   IMPCTE-104           3  The constraint mode of this inactive vie...
WARNING   IMPUDM-33           11  Global variable "%s" is obsolete and wil...
WARNING   GLOBAL-100           3  Global '%s' has become obsolete. It will...
WARNING   TCLCMD-1142          3  Virtual clock '%s' is being created with...
WARNING   TECHLIB-302         10  No function defined for cell '%s'. The c...
*** Message Summary: 44 warning(s), 0 error(s)

UM:   flow.cputime  flow.realtime  timing.setup.tns  timing.setup.wns  snapshot
UM:*                                                                   read_db
Sourcing flow scripts...
**WARN: (IMPDBTCL-299):	The attribute 'flow_metrics_qor_html' still works but will be obsolete in a future major release. You should remove it from your script before the next major release to avoid errors. It should be changed to the new name of 'flowtool_metrics_qor_html'.
**WARN: (IMPDBTCL-299):	The attribute 'flow_current' still works but will be obsolete in a future major release. You should remove it from your script before the next major release to avoid errors. It should be changed to the new name of 'flow_top'.
## FLOWKIT: sourcing /home/student/16/ex8/flow_matmul_sync_1/cadence_flow_scripts/scripts/flow_config.tcl
Info: Sourcing scripts/design_setup.tcl
Warning: Overriding project technology setup from local folder
Info: Sourcing scripts/tech_setup.tcl
Info: TECHNOLOGY SETUP: gpdk045 : v1.0
Warning: Overriding project mmmc setup from local folder
Info: Sourcing scripts/mmmc_setup.tcl
Info: MMMC SETUP: gpdk045 : v1.0
Warning: Overriding project library setup from local folder
Info: Sourcing scripts/library_setup.tcl
Info: LIBRARY SETUP: Ballast : v1.0
Info: Sourcing /home/student/16/ex8/flow_matmul_sync_1/cadence_flow_scripts/scripts/global_macro_setup.tcl
Info: MACRO SETUP: v1.0
Warning: Overriding project macro setup from local folder
Info: Sourcing scripts/local_macro_setup.tcl
Info: Adding macro info to flow_vars_lef_list in scripts/local_macro_setup.tcl
Info: re-writing flow_vars_scan_abstracts in scripts/local_macro_setup.tcl
## FLOWKIT: checking include file scripts/genus_config.tcl for PLACEHOLDER content
## FLOWKIT: sourcing include file scripts/genus_config.tcl
## FLOWKIT: checking include file scripts/innovus_config.tcl for PLACEHOLDER content
## FLOWKIT: sourcing include file scripts/innovus_config.tcl
## FLOWKIT: checking include file scripts/tempus_config.tcl for PLACEHOLDER content
## FLOWKIT: sourcing include file scripts/tempus_config.tcl
## FLOWKIT: checking include file /home/student/16/ex8/flow_matmul_sync_1/cadence_flow_scripts/scripts/modus_config.tcl for PLACEHOLDER content
## FLOWKIT: sourcing include file /home/student/16/ex8/flow_matmul_sync_1/cadence_flow_scripts/scripts/modus_config.tcl
## FLOWKIT: checking include file scripts/dft_config.tcl for PLACEHOLDER content
## FLOWKIT: sourcing include file scripts/dft_config.tcl
## FLOWKIT: checking include file /home/student/16/ex8/flow_matmul_sync_1/cadence_flow_scripts/scripts/em_config.tcl for PLACEHOLDER content
## FLOWKIT: sourcing include file /home/student/16/ex8/flow_matmul_sync_1/cadence_flow_scripts/scripts/em_config.tcl
## FLOWKIT: checking include file scripts/flow_existing_step_overwrite.tcl for PLACEHOLDER content
## FLOWKIT: sourcing include file scripts/flow_existing_step_overwrite.tcl
Sourcing flow scripts done.
##FLOW_KIT: enabling features from command line: {report_lec synth_spatial pnr_db_handoff add_scan generate_models opt_signoff}
reading previous metrics...
Begin steps for plugin point Cadence.plugin.flowkit.read_db.post
##FLOW_KIT: enabling features from command line: {report_lec synth_spatial pnr_db_handoff add_scan generate_models opt_signoff}
#@ Begin verbose flow_step activate_views
@flow 2: set db [get_db flow_starting_db]
@flow 3: set flow [lindex [get_db flow_hier_path] end]
@flow 4: set setup_views [get_feature $flow -feature setup_views]
@flow 5: set hold_views [get_feature $flow -feature hold_views]
@flow 6: set leakage_view [get_feature $flow -feature leakage_view]
@flow 7: set dynamic_view [get_feature $flow -feature dynamic_view]
@flow 9: if {($setup_views ne "") || ($hold_views ne "") || ($leakage_view ne "") || ($dynamic_view ne "")} {...}
#@ End verbose flow_step activate_views
##FLOW_KIT: enabling features from command line: {report_lec synth_spatial pnr_db_handoff add_scan generate_models opt_signoff}
#@ Begin verbose flow_step init_mcpu
@flow 2: # Multi host/cpu attributes
@flow 3: #-----------------------------------------------------------------------------
@flow 4: # The FLOWTOOL_NUM_CPUS is an environment variable which should be exported by
@flow 5: # the specified dist script.  This connects the number of CPUs being reserved
@flow 6: # for batch jobs with the current flow scripts.  The LSB_MAX_NUM_PROCESSORS is
@flow 7: # a typical environment variable exported by distribution platforms and is
@flow 8: # useful for ensuring all interactive jobs are using the reserved amount of CPUs.
@flow 9: if {[info exists ::env(FLOWTOOL_NUM_CPUS)]} {
@flow 10: set max_cpus $::env(FLOWTOOL_NUM_CPUS)
@flow 11: }
@flow 17: switch -glob {innovus} {
@@flow 0: set_multi_cpu_usage -verbose -local_cpu   $max_cpus
**WARN: (PRL-39):	Number of local CPUs specified (16) > Actual number of CPUs in the host (8). The lower value will be used.
set_multi_cpu_usage -local_cpu 8
@flow 1: if {[get_feature -feature opt_signoff]} {
@flow 2: if {[is_flow -inside flow:opt_signoff]} {...}
@flow 6: }
@flow 7: if {[get_feature -feature sta_eco]} {...}
@flow 13: }
#@ End verbose flow_step init_mcpu
End steps for plugin point Cadence.plugin.flowkit.read_db.post
      flow.cputime  flow.realtime  timing.setup.tns  timing.setup.wns  snapshot
UM:*                                                                   init_flow
      flow.cputime  flow.realtime  timing.setup.tns  timing.setup.wns  snapshot
UM:*                                                                   floorplan
##FLOW_KIT: enabling features from command line: {report_lec synth_spatial pnr_db_handoff add_scan generate_models opt_signoff}
#@ Begin verbose flow_step floorplan.block_start
#@ End verbose flow_step floorplan.block_start
      flow.cputime  flow.realtime  timing.setup.tns  timing.setup.wns  snapshot
UM:             20             39                                      block_start
##FLOW_KIT: enabling features from command line: {report_lec synth_spatial pnr_db_handoff add_scan generate_models opt_signoff}
#@ Begin verbose flow_step floorplan.init_innovus
@flow 3: # Tool settings: NOTE: already set by flow_config.tcl
@flow 4: #set_multi_cpu_usage -local_cpu 8 -remote_host 1 -cpu_per_remote_host 8
@flow 6: if {[get_feature -feature report_lec]} {
@flow 7: # Init attributes  [get_db -category init]
@flow 8: 	#-------------------------------------------------------------------------------
@@flow 9: set_db write_lec_directory_naming_style "fv/%s/[get_db flow_report_name]"
@flow 10:
@flow 11: }
@@flow 12: set_db init_design_uniquify 1
@flow 14: # Design attributes  [get_db -category design]
@flow 15: #-------------------------------------------------------------------------------
@@flow 16: set_db design_process_node            45
##  Process: 45            (User Set)               
##     Node: (not set)                           

##  Check design process and node:  
##  Design tech node is not set.

Applying the recommended capacitance filtering threshold values for 45nm process node: total_c_th=0, relative_c_th=1 and coupling_c_th=0.1.
	These values will be used by all post-route extraction engines, including TQuantus, IQuantus and Quantus QRC extraction.
	Capacitance filtering mode(extract_rc_cap_filter_mode option of the set_db) is 'relative_and_coupling' for all engines.
	The accuracy mode for post_route extract_rc_effort_level low extraction will be set to 'high'.
	Default value for EffortLevel(extract_rc_effort_level option of the set_db) in post_route extraction mode is 'medium'.
@flow 17: if {[get_feature -feature flow_express]} {...}
@@flow 20: set_db design_early_clock_flow              true
@flow 22: # Via naming
@flow 23: #-------------------------------------------------------------------------------
@flow 24: # Use design name as prefix for VIAs, as otherwise they will cause collision when merging designs on toplevel
@@flow 25: set_db write_stream_via_names true
@flow 27: # Timing attributes  [get_db -category timing && delaycalc]
@flow 28: #-------------------------------------------------------------------------------
@@flow 29: set_db timing_analysis_cppr           both
@@flow 30: set_db timing_analysis_type           ocv
@@flow 31: set_db timing_report_fields           {timing_point net cell fanout load transition delay incr_delay arrival edge user_derate power_domain}
@flow 33: #set_db timing_analysis_socv                               true                        ;# Enable socv analysis
@flow 34: #set_db timing_socv_rc_variation_mode                      true                        ;# Enable interconnect variation mode in SOCV mode
@flow 35: #set_db  timing_report_enable_verbose_ssta_mode true
@flow 37: # Add, TL: flow sets this to "no_async", async is default and should be used
@@flow 38: set_db timing_analysis_async_checks async
@flow 39: # Add, TL: maybe a bit hazardous... disable default io delay for ports which are unconstrained!
@flow 40: # if true, will cause hold problems (since launching clock is the receiving clock (with same latency!))
@@flow 41: set_db timing_apply_default_primary_input_assertion false
@@flow 43: set_db delaycal_advanced_node_pin_cap_settings true
@@flow 44: set_db delaycal_advanced_pin_cap_mode true
@flow 47: # Extraction attributes  [get_db -category extract_rc]
@flow 48: #-------------------------------------------------------------------------------
@flow 49: if {[get_feature -feature add_pvs_fill] || [get_feature -feature add_pegasus_beol_fill]} {...}
@flow 52: if {[is_flow -after flow:opt_signoff] || [is_flow -inside flow:opt_signoff]} {...}
@flow 58: if {[is_flow -after flow:route]} {...}
@flow 64: if {0} {...
@flow 66: } else {
@@flow 67: set_db delaycal_equivalent_waveform_model               no_propagation
@flow 68: }
@@flow 69: set_db si_aggressor_alignment                             timing_aware_edge       
@flow 71: # Mod, TL: Too few licenses to extract all corners in parallel . Use the following to reduce number of used licenses :
@flow 72: #set_db extract_rc_qrc_run_mode sequential
@flow 74: # Floorplan attributes  [get_db -category floorplan]
@flow 75: #-------------------------------------------------------------------------------
@@flow 76: set_db finish_floorplan_active_objs   [list macro soft_blockage core]
@flow 77: # Constraints for even or odd site width/ row height
@@flow 78: set_db floorplan_row_site_height                          even
@@flow 79: set_db floorplan_row_site_width                           even
@flow 81: # Placement attributes  [get_db -category place]
@flow 82: #-------------------------------------------------------------------------------
@@flow 83: set_db place_detail_legalization_inst_gap                 1 
@@flow 84: set_db place_detail_use_no_diffusion_one_site_filler      false                        ;
@flow 84: # False to not leave 1-site gaps
@@flow 85: set_db place_detail_filler_gap_min_gap                    0.2
**WARN: (IMPSP-2904):	option place_detail_filler_gap_effort and place_detail_filler_gap_min_gap will be obsolete from next release and is replaced by place_detail_legalization_inst_gap <site>.
@@flow 86: set_db place_detail_filler_gap_effort                     high
**WARN: (IMPSP-2904):	option place_detail_filler_gap_effort and place_detail_filler_gap_min_gap will be obsolete from next release and is replaced by place_detail_legalization_inst_gap <site>.
@@flow 88: set_db place_global_uniform_density                       true                        ;
@flow 88: # Enable even cell distribution for designs with less than 70% utilization
@@flow 90: set_db place_global_place_io_pins               true
@@flow 91: set_db place_detail_use_check_drc               true
@flow 92: #set_db place_detail_color_aware_legal           true
@flow 94: # Tieoff attributes  [get_db -category add_tieoffs]
@flow 95: #-------------------------------------------------------------------------------
@@flow 96: set_db add_tieoffs_cells                        [list TIEHI TIELO]
@flow 97: # tieoff max fanout not honored without this?
@@flow 98: set_db add_tieoffs_max_fanout 32
@flow 100: # Optimization attributes  [get_db -category opt]
@flow 101: #-------------------------------------------------------------------------------
@@flow 102: set_db opt_fix_hold_allow_setup_tns_degradation           true                        ;
@flow 102: # When set to true, allows setup total negative slack to degrade during hold optimization.
@@flow 103: set_db opt_fix_hold_verbose                               true                        ;
@flow 103: # When set to true, display extra info in the log about remaining hold violations.
@@flow 104: set_db opt_new_inst_prefix            "[get_db flow_report_name]_"
@flow 105: # Note, do not use DEL* -cells for hold fixing because of HUGE variation
@@flow 106: set_db opt_fix_hold_lib_cells                   [list  ]
**WARN: (IMPOPT-7140):	The "set_db opt_hold_cells" list is empty
@flow 107: # enable data checks during gigaplace (false by default)
@flow 108: #set_db opt_enable_data_to_data_checks     true
@flow 110: # fix max_fanout / max_load violations, false by default
@@flow 111: set_db opt_fix_fanout_load true
@flow 113: # Clock attributes  [get_db -category cts]
@flow 114: #-------------------------------------------------------------------------------
@@flow 115: set_db cts_top_fanout_threshold                           2000                        ;
@flow 115: # Minimum number of transitive fanout in the clock tree for a net to be routed as a top net
@@flow 116: set_db cts_target_skew                          0.15
@@flow 117: set_db cts_target_max_transition_time           0.10
@@flow 119: set_db cts_buffer_cells                         [list CLKBUFX12 CLKBUFX16 CLKBUFX2 CLKBUFX20 CLKBUFX3 CLKBUFX4 CLKBUFX6 CLKBUFX8]
@@flow 120: set_db cts_inverter_cells                       [list CLKINVX1 CLKINVX12 CLKINVX16 CLKINVX2 CLKINVX20 CLKINVX3 CLKINVX4 CLKINVX6 CLKINVX8]
@@flow 121: set_db cts_clock_gating_cells                   [list TLATNCAX12 TLATNCAX16 TLATNCAX2 TLATNCAX20 TLATNCAX3 TLATNCAX4 TLATNCAX6 TLATNCAX8]
@@flow 122: set_db cts_logic_cells                          [get_db [get_db base_cells CLK*] .name]
@flow 124: #- Route types definitions occur during the "init_floorplan" flow_step
@flow 125: if {[get_db route_types] ne ""} {...}
@flow 131: # Only use inverters in clock tree, no buffers
@@flow 132: set_db cts_use_inverters true
@flow 134: # Use max 32 fanout also in CTS
@@flow 135: set_db cts_max_fanout 32
@flow 137: # power balance leakage / dynamic
@flow 138: #-------------------------------------------------------------------------------
@flow 139: # Optimize both leakage & dynamic with same weight
@@flow 140: set_db opt_leakage_to_dynamic_ratio                 0.5
@flow 142: # Filler attributes  [get_db -category add_fillers]
@flow 143: #-------------------------------------------------------------------------------
@flow 144: #set_db add_fillers_avoid_abutment_patterns                "1:1 2:1"                   ;# Avoid 1:1 filler abutment
@@flow 145: set_db add_fillers_cells                        [list  DECAP10 DECAP2 DECAP3 DECAP4 DECAP5 DECAP6 DECAP7 DECAP8 DECAP9  FILL1 FILL16 FILL2 FILL32 FILL4 FILL64 FILL8  ]
@@flow 146: set_db add_fillers_no_single_site_gap true
@flow 147: # Insert fillers to toplevel hierarchy
@@flow 148: set_db add_fillers_cell_name_style                      flat
@flow 150: # Routing attributes  [get_db -category route]
@flow 151: #-------------------------------------------------------------------------------
@@flow 152: set_db route_early_global_bottom_routing_layer            [get_db [get_db layers Metal2] .route_index]
**WARN: (IMPPSP-1003):	Found use of 'route_early_global_bottom_routing_layer'. This will continue to work in this release; however, it is recommended to use 'design_bottom_routing_layer' instead.
@@flow 153: set_db route_early_global_top_routing_layer               [get_db [get_db layers Metal11] .route_index]
**WARN: (IMPPSP-1003):	Found use of 'route_early_global_top_routing_layer'. This will continue to work in this release; however, it is recommended to use 'design_top_routing_layer' instead.
@flow 154: #set_db route_early_global_num_tracks_per_clock_wire     1
@@flow 155: set_db route_early_global_num_tracks_per_clock_wire     5
@flow 157: # Note TL: use only up to M8 in routing
@@flow 158: set_db route_design_bottom_routing_layer                  [get_db [get_db layers Metal2] .route_index]
#WARNING (NRIF-90) Option set_db route_bottom_routing_layer is obsolete. It will continue to work for the current release. To ensure compatibility with future releases, use option set_db design_bottom_routing_layer instead.
@@flow 159: set_db route_design_top_routing_layer                     [get_db [get_db layers Metal11] .route_index]
#WARNING (NRIF-91) Option set_db route_top_routing_layer is obsolete. It will continue to work for the current release. To ensure compatibility with future releases, use option set_db design_top_routing_layer instead.
@@flow 161: set_db route_design_detail_post_route_swap_via          none
#WARNING (NRIF-83) When route_detail_post_route_swap_via is set to 'none', the post route via swapping step will be skipped in all scenarios.
@@flow 162: set_db route_design_with_litho_driven                   true
@@flow 163: set_db route_design_with_timing_driven                  true
@flow 165: # Antenna options
@@flow 166: set_db route_design_antenna_pin_limit                   1000
@@flow 167: set_db route_design_antenna_cell_name                   ANTENNA
@@flow 168: set_db route_design_add_antenna_inst_prefix             "ANTENNA"
@@flow 169: set_db route_design_antenna_diode_insertion             true
@@flow 170: set_db route_design_detail_fix_antenna                  true
@flow 172: #set_db route_design_process_node                        45
@@flow 173: set_db route_design_with_via_in_pin                     1:1 ;
@flow 173: # enclose via inside stdcell pin shape on M1 accesses
@flow 175: # H240 trim grid definition
@flow 176: #set_db route_design_with_trim_metal "-layer 2  #-mask2 {-pitch 0.24 -core_offset 0.225 -width 0.03 }  #-mask2 {-pitch 0.24 -core_offset 0.095 -width 0.03 }  #-mask1 {-pitch 0.24 -core_offset 0.015 -width 0.03 }  #-mask1 {-pitch 0.24 -core_offset 0.145 -width 0.03 }"
@@flow 178: set_db route_design_concurrent_minimize_via_count_effort  high                        ;
@flow 178: # Reduce the via count while routing
@@flow 179: set_db route_design_detail_use_multi_cut_via_effort       high                        ;
@flow 179: # Turn on concurrent double/bar cut routing before CTS
@flow 180: #set_db route_design_with_via_only_for_block_cell_pin      2:2                         ;# Access M2 MACRO pin with VIA only
@flow 182: if {0} {...}
@@flow 189: eval_legacy {setNanoRouteMode  -routeExpShieldAddTappingVia true}                     ;
@flow 189: # Add Tapping via for the specified distance for shielding
@flow 191: # Timing ECO attributes [get_db -category opt_signoff] 
@flow 192: #-------------------------------------------------------------------------------
@@flow 193: set_db distributed_child_license_checkout_list          tpsxl
@flow 195: # techniques                                                                    
@flow 196: #set_db opt_signoff_resize_inst  true                                           
@flow 197: #set_db opt_signoff_add_inst true                                               
@flow 198: #set_db opt_signoff_swap_inst true                                              
@flow 199: #set_db opt_signoff_delete_inst true                                            
@flow 200: #set_db opt_signoff_allow_skewing false                                         
@flow 201: #set_db opt_signoff_optimize_sequential_cells false                             
@@flow 202: set_db opt_signoff_optimize_core_only                   true                                    
@flow 203: #set_db opt_signoff_optimize_replicated_modules false                           
@flow 205: # target
@flow 206: #set_db opt_signoff_setup_target_slack 0.0
@flow 207: #set_db opt_signoff_hold_target_slack 0.0 
@flow 209: # Note TL: both false by default
@@flow 210: set_db opt_signoff_fix_si_slew true
@@flow 211: set_db opt_signoff_fix_xtalk   true
@@flow 212: set_db opt_signoff_fix_glitch  true
@flow 214: # Hold fixing
@@flow 215: set_db opt_signoff_fix_hold_allow_setup_optimization      true                        ;
@flow 215: # When set to true, incremental Setup fixing is performed during Hold fixing in order to create more Setup margins on Hold violated nodes that could not be fixed earlier due to Setup timing conflict
@@flow 216: set_db opt_signoff_fix_hold_allow_setup_tns_degrade       true                        ;
@flow 216: # When  specified,  the  Setup Total Negative Slack can be degraded during Hold time violations fixing while still maintaining the Setup Worst Negative Slack in every Setup active views.
@flow 218: # PBA
@@flow 219: set_db opt_signoff_retime                               path_slew_propagation
@flow 220: #set_db opt_signoff_check_type both                 
@flow 221: #set_db opt_signoff_max_paths -1                    
@flow 222: #set_db opt_signoff_nworst -1                       
@flow 223: #set_db opt_signoff_max_slack 0.0                   
@flow 225: # I/OS
@flow 226: #set_db opt_signoff_eco_file_prefix {}
@flow 227: #set_db opt_signoff_partition_list_file {}
@flow 228: #set_db opt_signoff_prefix ESO            
@flow 229: #set_db opt_signoff_read_eco_opt_db {}    
@flow 230: #set_db opt_signoff_write_eco_opt_db ecoTimingDB
@flow 231: #set_db opt_signoff_verbose false               
@flow 232: #set_db opt_signoff_pre_sta_tcl                
#@ End verbose flow_step floorplan.init_innovus
      flow.cputime  flow.realtime  timing.setup.tns  timing.setup.wns  snapshot
UM:           2.49              3                                      init_innovus
##FLOW_KIT: enabling features from command line: {report_lec synth_spatial pnr_db_handoff add_scan generate_models opt_signoff}
#@ Begin verbose flow_step floorplan.init_floorplan
@flow 2: if {[file exists floorplan_def/[get_db flow_vars_design_name].pso]} {...}
@flow 6: if {![get_feature pnr_db_handoff]} {...}
@flow 14: if {![llength [get_db route_rules ndr_cts_2w25s_leaf]]} {...}
@flow 17: if {![llength [get_db route_rules ndr_cts_2w25s_trunk]]} {...}
@@flow 21: create_route_type -name cts_route_type_top -preferred_routing_layer_effort medium -route_rule ndr_cts_2w25s_trunk -top_preferred_layer 9 -bottom_preferred_layer 8 -shield_net VSS
@@flow 22: create_route_type -name cts_route_type_trunk -preferred_routing_layer_effort medium -route_rule ndr_cts_2w25s_trunk -top_preferred_layer 9 -bottom_preferred_layer 2 -shield_net VSS
@@flow 23: create_route_type -name cts_route_type_leaf -preferred_routing_layer_effort medium -route_rule ndr_cts_2w25s_leaf -top_preferred_layer 7 -bottom_preferred_layer 2 -shield_net VSS
@flow 25: # VDDAON (secondary pg) NDR
@flow 26: if {![llength [get_db route_rules ndr_vddaon]]} {...}
@@flow 29: create_route_type -name vddaon_ndr_route_type -stack_distance 0.001 -min_stack_layer 4 -preferred_routing_layer_effort high -route_rule ndr_vddaon -top_preferred_layer 6 -bottom_preferred_layer 5
@flow 31: if {![get_feature pnr_db_handoff]} {...}
@flow 36: if {[file exists scripts/post_init_floorplan.tcl]} {...}
#@ End verbose flow_step floorplan.init_floorplan
      flow.cputime  flow.realtime  timing.setup.tns  timing.setup.wns  snapshot
UM:           1.73              1                                      init_floorplan
##FLOW_KIT: enabling features from command line: {report_lec synth_spatial pnr_db_handoff add_scan generate_models opt_signoff}
#@ Begin verbose flow_step floorplan.check_tracks
@flow 2: #- generate tracks after creating floorplan
@flow 3: if {[llength [get_db current_design .track_patterns]] == 0} {...}
#@ End verbose flow_step floorplan.check_tracks
      flow.cputime  flow.realtime  timing.setup.tns  timing.setup.wns  snapshot
UM:           1.67              1                                      check_tracks
##FLOW_KIT: enabling features from command line: {report_lec synth_spatial pnr_db_handoff add_scan generate_models opt_signoff}
#@ Begin verbose flow_step floorplan.set_dont_use
@flow 2: # disable ULVT cells until postroute
@flow 3: if {[get_db flow_feature_dont_use_ulvt]} {...}
@flow 11: foreach dont_use_expr [get_db flow_vars_dont_use_list] {
        set_db [get_db base_cells -if {*}${dont_use_expr}] .dont_use true
    }
#@ End verbose flow_step floorplan.set_dont_use
      flow.cputime  flow.realtime  timing.setup.tns  timing.setup.wns  snapshot
UM:           1.72              2                                      set_dont_use
##FLOW_KIT: enabling features from command line: {report_lec synth_spatial pnr_db_handoff add_scan generate_models opt_signoff}
#@ Begin verbose flow_step floorplan.set_stdcell_opts
#@ End verbose flow_step floorplan.set_stdcell_opts
      flow.cputime  flow.realtime  timing.setup.tns  timing.setup.wns  snapshot
UM:           1.71              2                                      set_stdcell_opts
##FLOW_KIT: enabling features from command line: {report_lec synth_spatial pnr_db_handoff add_scan generate_models opt_signoff}
#@ Begin verbose flow_step floorplan.manage_uncertainty
@flow 2: if {0} {...}
#@ End verbose flow_step floorplan.manage_uncertainty
      flow.cputime  flow.realtime  timing.setup.tns  timing.setup.wns  snapshot
UM:           1.79              1                                      manage_uncertainty
##FLOW_KIT: enabling features from command line: {report_lec synth_spatial pnr_db_handoff add_scan generate_models opt_signoff}
#@ Begin verbose flow_step floorplan.innovus_manage_derating
@flow 3: # socv not implemented yet
@flow 4: if {0} {...}
@flow 12: global mmmc_vars
@flow 13: foreach setup_dc [get_db [get_db delay_corners -if {.is_setup || .is_hold}] .name] {
	# Cell OCV
	# Data
	set_timing_derate -data  -cell_delay -early -delay_corner ${setup_dc} $mmmc_vars(${setup_dc},flat_data_cell_early)
	set_timing_derate -data  -cell_delay -late  -delay_corner ${setup_dc} $mmmc_vars(${setup_dc},flat_data_cell_late)
	# Clock
	set_timing_derate -clock -cell_delay -early -delay_corner ${setup_dc} $mmmc_vars(${setup_dc},flat_clock_cell_early)
	set_timing_derate -clock -cell_delay -late  -delay_corner ${setup_dc} $mmmc_vars(${setup_dc},flat_clock_cell_late)
	
	# Wire OCV
	# Data
	set_timing_derate -data  -net_delay  -early -delay_corner ${setup_dc} $mmmc_vars(${setup_dc},flat_data_net_early)
	set_timing_derate -data  -net_delay  -late  -delay_corner ${setup_dc} $mmmc_vars(${setup_dc},flat_data_net_late)
	# Clock
	set_timing_derate -clock -net_delay  -early -delay_corner ${setup_dc} $mmmc_vars(${setup_dc},flat_clock_net_early)
	set_timing_derate -clock -net_delay  -late  -delay_corner ${setup_dc} $mmmc_vars(${setup_dc},flat_clock_net_late)
    }
#@ End verbose flow_step floorplan.innovus_manage_derating
      flow.cputime  flow.realtime  timing.setup.tns  timing.setup.wns  snapshot
UM:           1.72              1                                      innovus_manage_derating
##FLOW_KIT: enabling features from command line: {report_lec synth_spatial pnr_db_handoff add_scan generate_models opt_signoff}
#@ Begin verbose flow_step floorplan.create_path_groups
@flow 2: #- Clear existing path_groups
@@flow 3: reset_path_group -all
@flow 5: #- Add basic path_groups
**WARN: (TCLCMD-513):	The software could not find a matching object of the specified type for the pattern '*'
**ERROR: (TCLCMD-917):	Cannot find 'cells' that match '*'
@flow 6: set mems [get_cells -hierarchical -filter "@is_memory_cell"]
@flow 7: set icgs [filter_collection [all_registers] "@is_integrated_clock_gating_cell"]
@flow 8: set regs [remove_from_collection [all_registers -edge_triggered] $icgs]
@flow 10: foreach mode [get_db constraint_modes -if {.is_setup}] {
        set_interactive_constraint_mode $mode
        group_path -name in2out -from [all_inputs] -to [all_outputs]
        if {[sizeof_collection [get_cells $regs]] > 0} {
            group_path -name in2reg -from [all_inputs] -to $regs
            group_path -name reg2out -from $regs -to [all_outputs]
            group_path -name reg2reg -from $regs -to $regs
        }
        if {[sizeof_collection [get_cells $mems]] > 0} {
            group_path -name mem2reg -from $mems -to $regs
            group_path -name reg2mem -from $regs -to $mems
            group_path -name mem2mem -from $mems -to $mems
        }
        if {[sizeof_collection [get_cells $icgs]] > 0} {
            group_path -name reg2icg -from $regs -to $icgs
        }
    }
**ERROR: (TCLCMD-917):	Cannot find 'cells' that match ''
**ERROR: (TCLCMD-917):	Cannot find 'cells' that match '0x1629'
**ERROR: (TCLCMD-917):	Cannot find 'cells' that match ''
**ERROR: (TCLCMD-917):	Cannot find 'cells' that match '0x1629'
**ERROR: (TCLCMD-917):	Cannot find 'cells' that match ''
**ERROR: (TCLCMD-917):	Cannot find 'cells' that match '0x1629'
#@ End verbose flow_step floorplan.create_path_groups
      flow.cputime  flow.realtime  timing.setup.tns  timing.setup.wns  snapshot
UM:           1.77              2                                      create_path_groups
##FLOW_KIT: enabling features from command line: {report_lec synth_spatial pnr_db_handoff add_scan generate_models opt_signoff}
#@ Begin verbose flow_step floorplan.innovus_activate_pnr_views
@flow 3: # Enabled all views which are active in STA
@@flow 4: set_analysis_view  -setup             [get_db flow_vars_setup_pnr_active_views]   -hold              [get_db flow_vars_hold_pnr_active_views]   -leakage           [get_db flow_vars_power_view]  -dynamic           [get_db flow_vars_power_view]
**WARN: (IMPCTE-104):	The constraint mode of this inactive view 'fast_1p1v_0c_cmin_scan_capture' has been modified and may need to be reanalyzed to ensure proper timing results. To reanalyze timing for this view make the view active using 'set_analysis_view' and run timing analysis.
Type 'man IMPCTE-104' for more detail.
**WARN: (IMPCTE-104):	The constraint mode of this inactive view 'fast_1p1v_0c_cmin_func' has been modified and may need to be reanalyzed to ensure proper timing results. To reanalyze timing for this view make the view active using 'set_analysis_view' and run timing analysis.
Type 'man IMPCTE-104' for more detail.
**WARN: (IMPCTE-104):	The constraint mode of this inactive view 'fast_1p1v_0c_cmin_scan_shift' has been modified and may need to be reanalyzed to ensure proper timing results. To reanalyze timing for this view make the view active using 'set_analysis_view' and run timing analysis.
Type 'man IMPCTE-104' for more detail.
PowerDomain pd_aon, techsite list updated as following:
 CoreSite
Extraction setup Started for TopCell matmul_sync 
Initializing multi-corner RC extraction with 2 active RC Corners ...
Captable file(s) not specified in multi-corner setup. PreRoute extraction will use technology file. For post_route extraction, default value for effort level would be 'medium' and effort level 'low' would not be allowed.
Generating auto layer map file.
Importing multi-corner technology file(s) for preRoute extraction...
/opt/soc/tech/GPDK045/gsclib045/qrc/gpdk045.tch
Generating auto layer map file.
Completed (cpu: 0:00:00.4 real: 0:00:00.0)
Set Shrink Factor to 1.00000
Summary of Active RC-Corners : 
 
 Analysis View: slow_0p9v_125c_cmax_func
    RC-Corner Name        : cmax_125c
    RC-Corner Index       : 0
    RC-Corner Temperature : 125 Celsius
    RC-Corner Cap Table   : ''
    RC-Corner PreRoute Res Factor         : 1
    RC-Corner PreRoute Cap Factor         : 1
    RC-Corner PostRoute Res Factor        : 1 {1 1 1}
    RC-Corner PostRoute Cap Factor        : 1 {1 1 1}
    RC-Corner PostRoute XCap Factor       : 1 {1 1 1}
    RC-Corner PreRoute Clock Res Factor   : 1	[Derived from postRoute_res (effortLevel low)]
    RC-Corner PreRoute Clock Cap Factor   : 1	[Derived from postRoute_cap (effortLevel low)]
    RC-Corner PostRoute Clock Cap Factor  : 1 {1 1 1} 
    RC-Corner PostRoute Clock Res Factor  : 1 {1 1 1} 
    RC-Corner PostRoute Clock coupling capacitance Factor : 1 {1 1 1} 
    RC-Corner Technology file: '/opt/soc/tech/GPDK045/gsclib045/qrc/gpdk045.tch'
 
 Analysis View: slow_0p9v_125c_cmax_scan_capture
    RC-Corner Name        : cmax_125c
    RC-Corner Index       : 0
    RC-Corner Temperature : 125 Celsius
    RC-Corner Cap Table   : ''
    RC-Corner PreRoute Res Factor         : 1
    RC-Corner PreRoute Cap Factor         : 1
    RC-Corner PostRoute Res Factor        : 1 {1 1 1}
    RC-Corner PostRoute Cap Factor        : 1 {1 1 1}
    RC-Corner PostRoute XCap Factor       : 1 {1 1 1}
    RC-Corner PreRoute Clock Res Factor   : 1	[Derived from postRoute_res (effortLevel low)]
    RC-Corner PreRoute Clock Cap Factor   : 1	[Derived from postRoute_cap (effortLevel low)]
    RC-Corner PostRoute Clock Cap Factor  : 1 {1 1 1} 
    RC-Corner PostRoute Clock Res Factor  : 1 {1 1 1} 
    RC-Corner PostRoute Clock coupling capacitance Factor : 1 {1 1 1} 
    RC-Corner Technology file: '/opt/soc/tech/GPDK045/gsclib045/qrc/gpdk045.tch'
 
 Analysis View: slow_0p9v_125c_cmax_scan_shift
    RC-Corner Name        : cmax_125c
    RC-Corner Index       : 0
    RC-Corner Temperature : 125 Celsius
    RC-Corner Cap Table   : ''
    RC-Corner PreRoute Res Factor         : 1
    RC-Corner PreRoute Cap Factor         : 1
    RC-Corner PostRoute Res Factor        : 1 {1 1 1}
    RC-Corner PostRoute Cap Factor        : 1 {1 1 1}
    RC-Corner PostRoute XCap Factor       : 1 {1 1 1}
    RC-Corner PreRoute Clock Res Factor   : 1	[Derived from postRoute_res (effortLevel low)]
    RC-Corner PreRoute Clock Cap Factor   : 1	[Derived from postRoute_cap (effortLevel low)]
    RC-Corner PostRoute Clock Cap Factor  : 1 {1 1 1} 
    RC-Corner PostRoute Clock Res Factor  : 1 {1 1 1} 
    RC-Corner PostRoute Clock coupling capacitance Factor : 1 {1 1 1} 
    RC-Corner Technology file: '/opt/soc/tech/GPDK045/gsclib045/qrc/gpdk045.tch'
 
 Analysis View: fast_1p1v_0c_cmin_func
    RC-Corner Name        : cmin_0c
    RC-Corner Index       : 1
    RC-Corner Temperature : 0 Celsius
    RC-Corner Cap Table   : ''
    RC-Corner PreRoute Res Factor         : 1
    RC-Corner PreRoute Cap Factor         : 1
    RC-Corner PostRoute Res Factor        : 1 {1 1 1}
    RC-Corner PostRoute Cap Factor        : 1 {1 1 1}
    RC-Corner PostRoute XCap Factor       : 1 {1 1 1}
    RC-Corner PreRoute Clock Res Factor   : 1	[Derived from postRoute_res (effortLevel low)]
    RC-Corner PreRoute Clock Cap Factor   : 1	[Derived from postRoute_cap (effortLevel low)]
    RC-Corner PostRoute Clock Cap Factor  : 1 {1 1 1} 
    RC-Corner PostRoute Clock Res Factor  : 1 {1 1 1} 
    RC-Corner PostRoute Clock coupling capacitance Factor : 1 {1 1 1} 
    RC-Corner Technology file: '/opt/soc/tech/GPDK045/gsclib045/qrc/gpdk045.tch'
 
 Analysis View: fast_1p1v_0c_cmin_scan_capture
    RC-Corner Name        : cmin_0c
    RC-Corner Index       : 1
    RC-Corner Temperature : 0 Celsius
    RC-Corner Cap Table   : ''
    RC-Corner PreRoute Res Factor         : 1
    RC-Corner PreRoute Cap Factor         : 1
    RC-Corner PostRoute Res Factor        : 1 {1 1 1}
    RC-Corner PostRoute Cap Factor        : 1 {1 1 1}
    RC-Corner PostRoute XCap Factor       : 1 {1 1 1}
    RC-Corner PreRoute Clock Res Factor   : 1	[Derived from postRoute_res (effortLevel low)]
    RC-Corner PreRoute Clock Cap Factor   : 1	[Derived from postRoute_cap (effortLevel low)]
    RC-Corner PostRoute Clock Cap Factor  : 1 {1 1 1} 
    RC-Corner PostRoute Clock Res Factor  : 1 {1 1 1} 
    RC-Corner PostRoute Clock coupling capacitance Factor : 1 {1 1 1} 
    RC-Corner Technology file: '/opt/soc/tech/GPDK045/gsclib045/qrc/gpdk045.tch'
 
 Analysis View: fast_1p1v_0c_cmin_scan_shift
    RC-Corner Name        : cmin_0c
    RC-Corner Index       : 1
    RC-Corner Temperature : 0 Celsius
    RC-Corner Cap Table   : ''
    RC-Corner PreRoute Res Factor         : 1
    RC-Corner PreRoute Cap Factor         : 1
    RC-Corner PostRoute Res Factor        : 1 {1 1 1}
    RC-Corner PostRoute Cap Factor        : 1 {1 1 1}
    RC-Corner PostRoute XCap Factor       : 1 {1 1 1}
    RC-Corner PreRoute Clock Res Factor   : 1	[Derived from postRoute_res (effortLevel low)]
    RC-Corner PreRoute Clock Cap Factor   : 1	[Derived from postRoute_cap (effortLevel low)]
    RC-Corner PostRoute Clock Cap Factor  : 1 {1 1 1} 
    RC-Corner PostRoute Clock Res Factor  : 1 {1 1 1} 
    RC-Corner PostRoute Clock coupling capacitance Factor : 1 {1 1 1} 
    RC-Corner Technology file: '/opt/soc/tech/GPDK045/gsclib045/qrc/gpdk045.tch'
Updating RC Grid density data for preRoute extraction ...
Initializing multi-corner resistance tables ...
*Info: initialize multi-corner CTS.
Starting library reading in 'Multi-threaded flow' (with '8' threads)
Reading fast_1p1v_0c_ls timing library /opt/soc/tech/cadence/gsclib045_all_v4.8/gsclib045/timing/fast_vdd1v0_basicCells.lib.
**WARN: (TECHLIB-302):	No function defined for cell 'DECAP9'. The cell will only be used for analysis. (File /opt/soc/tech/cadence/gsclib045_all_v4.8/gsclib045/timing/fast_vdd1v0_basicCells.lib)
**WARN: (TECHLIB-302):	No function defined for cell 'DECAP8'. The cell will only be used for analysis. (File /opt/soc/tech/cadence/gsclib045_all_v4.8/gsclib045/timing/fast_vdd1v0_basicCells.lib)
**WARN: (TECHLIB-302):	No function defined for cell 'DECAP7'. The cell will only be used for analysis. (File /opt/soc/tech/cadence/gsclib045_all_v4.8/gsclib045/timing/fast_vdd1v0_basicCells.lib)
**WARN: (TECHLIB-302):	No function defined for cell 'DECAP6'. The cell will only be used for analysis. (File /opt/soc/tech/cadence/gsclib045_all_v4.8/gsclib045/timing/fast_vdd1v0_basicCells.lib)
**WARN: (TECHLIB-302):	No function defined for cell 'DECAP5'. The cell will only be used for analysis. (File /opt/soc/tech/cadence/gsclib045_all_v4.8/gsclib045/timing/fast_vdd1v0_basicCells.lib)
**WARN: (TECHLIB-302):	No function defined for cell 'DECAP4'. The cell will only be used for analysis. (File /opt/soc/tech/cadence/gsclib045_all_v4.8/gsclib045/timing/fast_vdd1v0_basicCells.lib)
**WARN: (TECHLIB-302):	No function defined for cell 'DECAP3'. The cell will only be used for analysis. (File /opt/soc/tech/cadence/gsclib045_all_v4.8/gsclib045/timing/fast_vdd1v0_basicCells.lib)
**WARN: (TECHLIB-302):	No function defined for cell 'DECAP2'. The cell will only be used for analysis. (File /opt/soc/tech/cadence/gsclib045_all_v4.8/gsclib045/timing/fast_vdd1v0_basicCells.lib)
**WARN: (TECHLIB-302):	No function defined for cell 'DECAP10'. The cell will only be used for analysis. (File /opt/soc/tech/cadence/gsclib045_all_v4.8/gsclib045/timing/fast_vdd1v0_basicCells.lib)
**WARN: (TECHLIB-302):	No function defined for cell 'ANTENNA'. The cell will only be used for analysis. (File /opt/soc/tech/cadence/gsclib045_all_v4.8/gsclib045/timing/fast_vdd1v0_basicCells.lib)
Read 489 cells in library fast_vdd1v0.
Library reading multithread flow ended.
Reading timing constraints file '/home/student/16/ex8/flow_matmul_sync_1/innovus_temp_10608_51fce4ef-70bb-44d2-ae3a-70c12f8c96d2_ASIC-vm_student_vXS3ID/.mmmciC7Cot/modes/scan_capture/scan_capture.sdc' ...
Current (total cpu=0:00:38.6, real=0:00:57.0, peak res=2684.0M, current mem=2655.4M)
matmul_sync
**WARN: (TCLCMD-1142):	Virtual clock 'clk_i_virtual' is being created with no source objects. (File /home/student/16/ex8/flow_matmul_sync_1/innovus_temp_10608_51fce4ef-70bb-44d2-ae3a-70c12f8c96d2_ASIC-vm_student_vXS3ID/.mmmciC7Cot/modes/scan_capture/scan_capture.sdc, Line 12).

**WARN: (IMPCTE-290):	Could not locate cell CLKINVX4 in any library for view fast_1p1v_0c_cmin_scan_capture.
Type 'man IMPCTE-290' for more detail.
**WARN: (IMPCTE-290):	Could not locate cell CLKINVX4 in any library for view fast_1p1v_0c_cmin_scan_capture.
Type 'man IMPCTE-290' for more detail.
**WARN: (IMPCTE-290):	Could not locate cell CLKINVX4 in any library for view fast_1p1v_0c_cmin_scan_capture.
Type 'man IMPCTE-290' for more detail.
**WARN: (IMPCTE-290):	Could not locate cell CLKINVX4 in any library for view fast_1p1v_0c_cmin_scan_capture.
Type 'man IMPCTE-290' for more detail.
**WARN: (IMPCTE-290):	Could not locate cell CLKINVX4 in any library for view fast_1p1v_0c_cmin_scan_capture.
Type 'man IMPCTE-290' for more detail.
**WARN: (IMPCTE-290):	Could not locate cell CLKINVX4 in any library for view fast_1p1v_0c_cmin_scan_capture.
Type 'man IMPCTE-290' for more detail.
**WARN: (IMPCTE-290):	Could not locate cell CLKINVX4 in any library for view fast_1p1v_0c_cmin_scan_capture.
Type 'man IMPCTE-290' for more detail.
**WARN: (IMPCTE-290):	Could not locate cell CLKINVX4 in any library for view fast_1p1v_0c_cmin_scan_capture.
Type 'man IMPCTE-290' for more detail.
**WARN: (IMPCTE-290):	Could not locate cell CLKINVX4 in any library for view fast_1p1v_0c_cmin_scan_capture.
Type 'man IMPCTE-290' for more detail.
**WARN: (IMPCTE-290):	Could not locate cell CLKINVX4 in any library for view fast_1p1v_0c_cmin_scan_capture.
Type 'man IMPCTE-290' for more detail.
**WARN: (IMPCTE-290):	Could not locate cell CLKINVX4 in any library for view fast_1p1v_0c_cmin_scan_capture.
Type 'man IMPCTE-290' for more detail.
**WARN: (IMPCTE-290):	Could not locate cell CLKINVX4 in any library for view fast_1p1v_0c_cmin_scan_capture.
Type 'man IMPCTE-290' for more detail.
**WARN: (IMPCTE-290):	Could not locate cell CLKINVX4 in any library for view fast_1p1v_0c_cmin_scan_capture.
Type 'man IMPCTE-290' for more detail.
**WARN: (IMPCTE-290):	Could not locate cell CLKINVX4 in any library for view fast_1p1v_0c_cmin_scan_capture.
Type 'man IMPCTE-290' for more detail.
**WARN: (IMPCTE-290):	Could not locate cell CLKINVX4 in any library for view fast_1p1v_0c_cmin_scan_capture.
Type 'man IMPCTE-290' for more detail.
**WARN: (IMPCTE-290):	Could not locate cell CLKINVX4 in any library for view fast_1p1v_0c_cmin_scan_capture.
Type 'man IMPCTE-290' for more detail.
**WARN: (IMPCTE-290):	Could not locate cell CLKINVX4 in any library for view fast_1p1v_0c_cmin_scan_capture.
Type 'man IMPCTE-290' for more detail.
**WARN: (IMPCTE-290):	Could not locate cell CLKINVX4 in any library for view fast_1p1v_0c_cmin_scan_capture.
Type 'man IMPCTE-290' for more detail.
**WARN: (IMPCTE-290):	Could not locate cell CLKINVX4 in any library for view fast_1p1v_0c_cmin_scan_capture.
Type 'man IMPCTE-290' for more detail.
**WARN: (IMPCTE-290):	Could not locate cell CLKINVX4 in any library for view fast_1p1v_0c_cmin_scan_capture.
Type 'man IMPCTE-290' for more detail.
**WARN: (EMS-27):	Message (IMPCTE-290) has exceeded the current message display limit of 20.
To increase the message display limit, refer to the product command reference manual.
INFO (CTE): Reading of timing constraints file /home/student/16/ex8/flow_matmul_sync_1/innovus_temp_10608_51fce4ef-70bb-44d2-ae3a-70c12f8c96d2_ASIC-vm_student_vXS3ID/.mmmciC7Cot/modes/scan_capture/scan_capture.sdc completed, with 1 WARNING
------------------------------------------------------------------------------------
CONSTRAINT READING SUMMARY                                                          
------------------------------------------------------------------------------------
Constraint                                        | Success        | Fail           
------------------------------------------------------------------------------------
get_pins                                          | 1              | 0              
set_clock_uncertainty                             | 6              | 0              
get_clocks                                        | 143            | 0              
set_max_fanout                                    | 1              | 0              
get_designs                                       | 2              | 0              
set_false_path                                    | 2              | 0              
set_case_analysis                                 | 2              | 0              
set_max_transition                                | 66             | 0              
set_input_delay                                   | 69             | 0              
set_load                                          | 130            | 0              
set_max_capacitance                               | 134            | 0              
set_driving_cell                                  | 276            | 0              
get_ports                                         | 745            | 0              
create_clock                                      | 2              | 0              
set_units                                         | 1              | 0              
set_output_delay                                  | 66             | 0              
set_clock_gating_check                            | 2              | 0              
current_design                                    | 1              | 0              
------------------------------------------------------------------------------------
Ending "Constraint file reading stats" (total cpu=0:00:00.0, real=0:00:00.0, peak res=2672.0M, current mem=2672.0M)
Current (total cpu=0:00:38.6, real=0:00:57.0, peak res=2684.0M, current mem=2672.0M)
Reading timing constraints file '/home/student/16/ex8/flow_matmul_sync_1/innovus_temp_10608_51fce4ef-70bb-44d2-ae3a-70c12f8c96d2_ASIC-vm_student_vXS3ID/.mmmciC7Cot/modes/func/func.sdc' ...
Current (total cpu=0:00:38.7, real=0:00:57.0, peak res=2684.0M, current mem=2672.0M)
matmul_sync
**WARN: (TCLCMD-1142):	Virtual clock 'clk_i_virtual' is being created with no source objects. (File /home/student/16/ex8/flow_matmul_sync_1/innovus_temp_10608_51fce4ef-70bb-44d2-ae3a-70c12f8c96d2_ASIC-vm_student_vXS3ID/.mmmciC7Cot/modes/func/func.sdc, Line 12).

INFO (CTE): Reading of timing constraints file /home/student/16/ex8/flow_matmul_sync_1/innovus_temp_10608_51fce4ef-70bb-44d2-ae3a-70c12f8c96d2_ASIC-vm_student_vXS3ID/.mmmciC7Cot/modes/func/func.sdc completed, with 1 WARNING
------------------------------------------------------------------------------------
CONSTRAINT READING SUMMARY                                                          
------------------------------------------------------------------------------------
Constraint                                        | Success        | Fail           
------------------------------------------------------------------------------------
set_multicycle_path                               | 2              | 0              
get_pins                                          | 1              | 0              
set_clock_uncertainty                             | 6              | 0              
get_clocks                                        | 209            | 0              
set_max_fanout                                    | 1              | 0              
get_designs                                       | 2              | 0              
set_false_path                                    | 2              | 0              
set_case_analysis                                 | 2              | 0              
set_max_transition                                | 66             | 0              
set_input_delay                                   | 135            | 0              
set_load                                          | 130            | 0              
set_max_capacitance                               | 134            | 0              
set_clock_groups                                  | 1              | 0              
set_driving_cell                                  | 276            | 0              
get_ports                                         | 812            | 0              
create_clock                                      | 2              | 0              
set_units                                         | 1              | 0              
set_output_delay                                  | 65             | 0              
set_clock_gating_check                            | 2              | 0              
current_design                                    | 1              | 0              
------------------------------------------------------------------------------------
Ending "Constraint file reading stats" (total cpu=0:00:00.0, real=0:00:00.0, peak res=2672.7M, current mem=2672.7M)
Current (total cpu=0:00:38.7, real=0:00:57.0, peak res=2684.0M, current mem=2672.7M)
Reading timing constraints file '/home/student/16/ex8/flow_matmul_sync_1/innovus_temp_10608_51fce4ef-70bb-44d2-ae3a-70c12f8c96d2_ASIC-vm_student_vXS3ID/.mmmciC7Cot/modes/scan_shift/scan_shift.sdc' ...
Current (total cpu=0:00:38.7, real=0:00:57.0, peak res=2684.0M, current mem=2672.7M)
matmul_sync
**WARN: (TCLCMD-1142):	Virtual clock 'clk_i_virtual' is being created with no source objects. (File /home/student/16/ex8/flow_matmul_sync_1/innovus_temp_10608_51fce4ef-70bb-44d2-ae3a-70c12f8c96d2_ASIC-vm_student_vXS3ID/.mmmciC7Cot/modes/scan_shift/scan_shift.sdc, Line 12).

INFO (CTE): Reading of timing constraints file /home/student/16/ex8/flow_matmul_sync_1/innovus_temp_10608_51fce4ef-70bb-44d2-ae3a-70c12f8c96d2_ASIC-vm_student_vXS3ID/.mmmciC7Cot/modes/scan_shift/scan_shift.sdc completed, with 1 WARNING
------------------------------------------------------------------------------------
CONSTRAINT READING SUMMARY                                                          
------------------------------------------------------------------------------------
Constraint                                        | Success        | Fail           
------------------------------------------------------------------------------------
set_clock_uncertainty                             | 6              | 0              
get_clocks                                        | 143            | 0              
set_max_fanout                                    | 1              | 0              
get_designs                                       | 2              | 0              
set_case_analysis                                 | 2              | 0              
set_max_transition                                | 66             | 0              
set_input_delay                                   | 69             | 0              
set_load                                          | 130            | 0              
set_max_capacitance                               | 134            | 0              
set_driving_cell                                  | 276            | 0              
get_ports                                         | 743            | 0              
create_clock                                      | 2              | 0              
set_units                                         | 1              | 0              
set_output_delay                                  | 66             | 0              
set_clock_gating_check                            | 2              | 0              
current_design                                    | 1              | 0              
------------------------------------------------------------------------------------
Ending "Constraint file reading stats" (total cpu=0:00:00.0, real=0:00:00.0, peak res=2673.1M, current mem=2673.1M)
Current (total cpu=0:00:38.8, real=0:00:57.0, peak res=2684.0M, current mem=2673.1M)
Reading latency file '/home/student/16/ex8/flow_matmul_sync_1/innovus_temp_10608_51fce4ef-70bb-44d2-ae3a-70c12f8c96d2_ASIC-vm_student_vXS3ID/.mmmciC7Cot/views/slow_0p9v_125c_cmax_func/latency.sdc' ...
Reading latency file '/home/student/16/ex8/flow_matmul_sync_1/innovus_temp_10608_51fce4ef-70bb-44d2-ae3a-70c12f8c96d2_ASIC-vm_student_vXS3ID/.mmmciC7Cot/views/slow_0p9v_125c_cmax_scan_capture/latency.sdc' ...
Reading latency file '/home/student/16/ex8/flow_matmul_sync_1/innovus_temp_10608_51fce4ef-70bb-44d2-ae3a-70c12f8c96d2_ASIC-vm_student_vXS3ID/.mmmciC7Cot/views/slow_0p9v_125c_cmax_scan_shift/latency.sdc' ...
Current (total cpu=0:00:38.8, real=0:00:57.0, peak res=2684.0M, current mem=2673.1M)
Ending "Constraint file reading stats" (total cpu=0:00:00.0, real=0:00:00.0, peak res=2674.6M, current mem=2674.6M)
------------------------------------------------------------------------------------
CONSTRAINT READING SUMMARY                                                          
------------------------------------------------------------------------------------
Constraint                                        | Success        | Fail           
------------------------------------------------------------------------------------
get_pins                                          | 6              | 0              
group_path                                        | 4              | 0              
get_ports                                         | 4              | 0              
------------------------------------------------------------------------------------
Current (total cpu=0:00:38.8, real=0:00:57.0, peak res=2684.0M, current mem=2674.6M)
Current (total cpu=0:00:38.8, real=0:00:57.0, peak res=2684.0M, current mem=2674.6M)
INFO (CTE): Constraints read successfully.
------------------------------------------------------------------------------------
CONSTRAINT READING SUMMARY                                                          
------------------------------------------------------------------------------------
Constraint                                        | Success        | Fail           
------------------------------------------------------------------------------------
set_timing_derate                                 | 9              | 0              
------------------------------------------------------------------------------------
Ending "Constraint file reading stats" (total cpu=0:00:00.0, real=0:00:00.0, peak res=2676.4M, current mem=2676.4M)
Current (total cpu=0:00:38.8, real=0:00:57.0, peak res=2684.0M, current mem=2676.4M)
Total number of combinational cells: 318
Total number of sequential cells: 152
Total number of tristate cells: 10
Total number of level shifter cells: 0
Total number of power gating cells: 0
Total number of isolation cells: 0
Total number of power switch cells: 0
Total number of pulse generator cells: 0
Total number of always on buffers: 0
Total number of retention cells: 0
Total number of physical cells: 9
List of usable buffers: CLKBUFX2 BUFX2 CLKBUFX3 BUFX3 CLKBUFX4 BUFX4 CLKBUFX6 BUFX6 CLKBUFX8 BUFX8 CLKBUFX12 BUFX12 CLKBUFX16 BUFX16 CLKBUFX20 BUFX20
Total number of usable buffers: 16
List of unusable buffers:
Total number of unusable buffers: 0
List of usable inverters: INVXL INVX1 INVX2 CLKINVX1 INVX3 CLKINVX2 INVX4 CLKINVX4 CLKINVX3 INVX6 CLKINVX6 INVX8 CLKINVX8 INVX12 CLKINVX12 INVX16 CLKINVX16 INVX20 CLKINVX20
Total number of usable inverters: 19
List of unusable inverters:
Total number of unusable inverters: 0
List of identified usable delay cells: DLY1X1 DLY1X4 DLY2X1 DLY2X4 DLY3X1 DLY3X4 DLY4X1 DLY4X4
Total number of identified usable delay cells: 8
List of identified unusable delay cells:
Total number of identified unusable delay cells: 0
#@ End verbose flow_step floorplan.innovus_activate_pnr_views
      flow.cputime  flow.realtime  timing.setup.tns  timing.setup.wns  snapshot
UM:           4.58              4                                      innovus_activate_pnr_views
##FLOW_KIT: enabling features from command line: {report_lec synth_spatial pnr_db_handoff add_scan generate_models opt_signoff}
#@ Begin verbose flow_step floorplan.block_finish
@flow 2: #- Make sure flow_report_name is reset from any reports executed during the flow
@@flow 3: set_db flow_report_name [get_db [lindex [get_db flow_hier_path] end] .name]
@flow 5: if {[get_feature pnr_db_handoff] && [is_flow -quiet -inside flow:syn_opt]} {...
@flow 7: } else {
@@flow 8: set_db flow_write_db_common false
@flow 9: }
@flow 11: #- Store non-default root attributes to metrics
@flow 12: catch {report_obj -tcl} flow_root_config
@flow 13: if {[dict exists $flow_root_config root:/]} {
@flow 14: set flow_root_config [dict get $flow_root_config root:/]
@flow 15: }
@flow 19: foreach key [dict keys $flow_root_config] {
	if {[string length [dict get $flow_root_config $key]] > 200} {
	    dict set flow_root_config $key "\[long value truncated\]"
	}
    }
@@flow 24: set_metric -name flow.root_config -value $flow_root_config
#@ End verbose flow_step floorplan.block_finish
      flow.cputime  flow.realtime  timing.setup.tns  timing.setup.wns  snapshot
UM:           1.83              1                                      block_finish
#% Begin save design ... (date=11/14 14:47:00, mem=2708.3M)
% Begin Save ccopt configuration ... (date=11/14 14:47:00, mem=2708.3M)
% End Save ccopt configuration ... (date=11/14 14:47:00, total cpu=0:00:00.0, real=0:00:00.0, peak res=2709.1M, current mem=2709.1M)
% Begin Save netlist data ... (date=11/14 14:47:00, mem=2709.1M)
Writing Binary DB to /home/student/16/ex8/flow_matmul_sync_1/dbs/floorplan.enc/vbin/matmul_sync.v.bin in multi-threaded mode...
% End Save netlist data ... (date=11/14 14:47:00, total cpu=0:00:00.0, real=0:00:00.0, peak res=2717.5M, current mem=2709.5M)
Saving symbol-table file in separate thread ...
Saving congestion map file in separate thread ...
Saving congestion map file /home/student/16/ex8/flow_matmul_sync_1/dbs/floorplan.enc/matmul_sync.route.congmap.gz ...
% Begin Save AAE data ... (date=11/14 14:47:00, mem=2709.9M)
Saving AAE Data ...
**WARN: (IMPESI-3478):	Simulation based Equivalent Waveform Model without waveform propagation setting is not properly supported, using moment based EWM instead.
**WARN: (IMPESI-3505):	set_db delaycal_eng_enablePrePlacedFlow false (default=false) will be obsoleted along with its sgs2set equivalent.  This parameter will continue to be supported in the current release, but will be removed in the next major release of the software.
AAE DB initialization (MEM=2723.187500 CPU=0:00:00.0 REAL=0:00:00.0) 
% End Save AAE data ... (date=11/14 14:47:00, total cpu=0:00:00.4, real=0:00:00.0, peak res=2725.6M, current mem=2720.3M)
Saving preference file /home/student/16/ex8/flow_matmul_sync_1/dbs/floorplan.enc/gui.pref.tcl ...
Saving mode setting ...
Saving root attributes to be loaded post write_db ...
**WARN: (IMPMF-5054):	fill_setting_save command is obsolete and should not be used any more. It still works in this release but will be removed in future release. Recommend to use Pegasus metal fill flow which is the replacement.
Saving global file ...
Saving root attributes to be loaded previous write_db ...
*info - save blackBox cells to lef file /home/student/16/ex8/flow_matmul_sync_1/dbs/floorplan.enc/matmul_sync.bbox.lef
Saving Drc markers ...
... No Drc file written since there is no markers found.
Saving SCANDEF file ...
*** Scan Trace Summary (runtime: cpu: 0:00:00.0 , real: 0:00:00.0): 
Successfully traced 1 scan chain  (total 64 scan bits).
Start applying DEF ordered sections ...
Successfully applied all DEF ordered sections.
*** Scan Sanity Check Summary:
*** 1 scan chain  passed sanity check.
Saving special route data file in separate thread ...
Saving PG file in separate thread ...
Saving placement file in separate thread ...
Saving route file in separate thread ...
Saving property file in separate thread ...
Saving PG file /home/student/16/ex8/flow_matmul_sync_1/dbs/floorplan.enc/matmul_sync.pg.gz, version#2, (Created by Innovus v23.15-s106_1 on Fri Nov 14 14:47:03 2025)
** Saving stdCellPlacement_binary (version# 2) ...
Save Adaptive View Pruning View Names to Binary file
TAT_INFO: ::saveSpecialRoute REAL = 0 : CPU = 0 : MEM = 0.
Saving property file /home/student/16/ex8/flow_matmul_sync_1/dbs/floorplan.enc/matmul_sync.prop
*** Completed saveProperty (cpu=0:00:00.0 real=0:00:00.0 mem=3205.7M) ***
*** Completed savePGFile (cpu=0:00:00.0 real=0:00:01.0 mem=3205.7M) ***
TAT_INFO: ::savePGFile REAL = 1 : CPU = 0 : MEM = 0.
TAT_INFO: ::savePlace REAL = 0 : CPU = 0 : MEM = 0.
*** Completed saveRoute (cpu=0:00:00.0 real=0:00:01.0 mem=3197.7M) ***
TAT_INFO: ::saveRoute REAL = 1 : CPU = 0 : MEM = 0.
TAT_INFO: ::db::saveAnnotationAndProp REAL = 0 : CPU = 0 : MEM = 0.
Saving preRoute extracted patterns in file '/home/student/16/ex8/flow_matmul_sync_1/dbs/floorplan.enc/matmul_sync.techData.gz' ...
Saving preRoute extraction data in directory '/home/student/16/ex8/flow_matmul_sync_1/dbs/floorplan.enc/extraction/' ...
Saving power intent database ...
fast_1p1v_0c_cmin slow_0p9v_125c_cmax
TAT_INFO: ::db::saveSymbolTable REAL = 1 : CPU = 0 : MEM = 0.
TAT_INFO: ::saveCongMap REAL = 1 : CPU = 0 : MEM = 0.
% Begin Save power constraints data ... (date=11/14 14:47:05, mem=2731.5M)
% End Save power constraints data ... (date=11/14 14:47:05, total cpu=0:00:00.0, real=0:00:00.0, peak res=2731.5M, current mem=2731.5M)
cmax_125c cmin_0c
cmax_125c cmin_0c
cmax_125c cmin_0c
cmax_125c cmin_0c
cmax_125c cmin_0c
**WARN: (GLOBAL-100):	Global 'timing_enable_backward_compatible_mmmc_mode' has become obsolete. It will be removed in the next release.
**WARN: (GLOBAL-100):	Global 'timing_enable_backward_compatible_mmmc_mode' has become obsolete. It will be removed in the next release.
Generated self-contained design floorplan.enc
slow_0p9v_125c_ls fast_1p1v_0c_ls
cmax_125c cmin_0c
#% End save design ... (date=11/14 14:47:05, total cpu=0:00:01.6, real=0:00:05.0, peak res=2801.1M, current mem=2767.6M)

*** Summary of all messages that are not suppressed in this session:
Severity  ID               Count  Summary                                  
WARNING   IMPESI-3478          1  Simulation based Equivalent Waveform Mod...
WARNING   IMPESI-3505          1  set_db delaycal_eng_%s (default=%s) will...
WARNING   IMPMF-5054           1  fill_setting_save command is obsolete an...
*** Message Summary: 3 warning(s), 0 error(s)

      flow.cputime  flow.realtime  timing.setup.tns  timing.setup.wns  snapshot
UM:*                                                                   write_db
##FLOW_KIT: enabling features from command line: {report_lec synth_spatial pnr_db_handoff add_scan generate_models opt_signoff}
#@ Begin verbose flow_step floorplan.generate_abstract
@flow 2: if {![file exists models]} {
@flow 2: file mkdir models
@flow 2: }
@flow 4: # get top layer
@flow 5: set top_idx -42
@flow 6: set top_layer M1
@@flow 7: get_db layers -foreach {
        puts "r_idx: [get_db $object .route_index]"
        if {[get_db $object .route_index] > $top_idx} {
            set top_idx [get_db $object .route_index]
            set top_layer [get_db $object .name]
        }
    }
r_idx: 0
r_idx: 1
r_idx: 2
r_idx: 3
r_idx: 4
r_idx: 5
r_idx: 6
r_idx: 7
r_idx: 8
r_idx: 9
r_idx: 10
r_idx: 11
r_idx: -1
r_idx: -1
r_idx: -1
r_idx: -1
r_idx: -1
r_idx: -1
r_idx: -1
r_idx: -1
r_idx: -1
r_idx: -1
r_idx: -1
r_idx: -1
r_idx: -1
r_idx: -1
r_idx: -1
r_idx: -1
r_idx: -1
r_idx: -1
r_idx: -1
r_idx: -1
r_idx: -1
r_idx: -1
r_idx: -1
r_idx: -1
@flow 15: # to add antenna information to LEF
@flow 16: check_process_antenna
**WARN: (IMPVPA-120):	check_process_antenna command is obsolete and should not be used any more. It still works in this release but will be removed in future release. You should change to use check_antenna which is the replacement tool for check_process_antenna.

******* START VERIFY ANTENNA ********
Report File: matmul_sync.antenna.rpt
LEF Macro File: matmul_sync.antenna.lef
Verification Complete: 0 Violations
******* DONE VERIFY ANTENNA ********
(CPU Time: 0:00:00.0  MEM: 0.000M)

@@flow 17: write_lef_abstract -exclude_obs_layers $top_layer -stripe_pins -pg_pin_layers 10 [file join models [get_db flow_report_name] [get_db [current_design] .name].lef]
** NOTE: Created directory path 'models/floorplan' for file 'models/floorplan/matmul_sync.lef'.
#@ End verbose flow_step floorplan.generate_abstract
      flow.cputime  flow.realtime  timing.setup.tns  timing.setup.wns  snapshot
UM:           1.67              2                                      generate_abstract
##FLOW_KIT: enabling features from command line: {report_lec synth_spatial pnr_db_handoff add_scan generate_models opt_signoff}
#@ Begin verbose flow_step floorplan.innovus_generate_etm
@flow 2: if {![file exists models]} {...}
@flow 3: if {![file exists models/[get_db flow_report_name]]} {...}
@flow 4: set spef_dir  [file normalize [file join [get_db flow_working_directory] [get_db flow_db_directory] [file rootname [get_db flow_report_name]]]]
@flow 5: puts "Info: Using SPEF-dir: $spef_dir"
Info: Using SPEF-dir: /home/student/16/ex8/flow_matmul_sync_1/dbs/floorplan
@flow 6: set active_setup_views [get_db [get_db analysis_views -if {.is_setup||.is_leakage||.is_dynamic}] .name]
@flow 7: set active_hold_views [get_db [get_db analysis_views -if {.is_hold}] .name]
@flow 8: #set_multi_cpu_usage -local_cpu 4 -remote_host 1 -cpu_per_remote_host 4
@flow 9: foreach view_dpo [get_db analysis_views -if {.is_setup||.is_hold||.is_leakage||.is_dynamic}] {
	puts "Info: Writing timing model for analysis_view [get_db $view_dpo .name]"
	set_analysis_view -setup [get_db $view_dpo .name] -hold [get_db $view_dpo .name]
	# Note, TL. Parasitics are extracted only after route step
	if {[is_flow -quiet -after flow:route]} {
	    set corner_name [get_db $view_dpo .delay_corner.late_rc_corner.name]
	    set spef_file [glob -nocomplain -directory ${spef_dir} *.${corner_name}.spef*]
	    puts "Info: Reading SPEF-file ${spef_file} for corner $corner_name"
	    read_spef -rc_corner ${corner_name} ${spef_file}
	}
	write_timing_model -include_power_ground [file join models [get_db flow_report_name] [get_db [current_design] .name].[get_db $view_dpo .name].lib] -view [get_db $view_dpo .name]
    }
Info: Writing timing model for analysis_view slow_0p9v_125c_cmax_scan_shift
PowerDomain pd_aon, techsite list updated as following:
 CoreSite
Extraction setup Started for TopCell matmul_sync 
Initializing multi-corner RC extraction with 1 active RC Corners ...
Captable file(s) not specified in multi-corner setup. PreRoute extraction will use technology file. For post_route extraction, default value for effort level would be 'medium' and effort level 'low' would not be allowed.
Completed (cpu: 0:00:00.0 real: 0:00:00.0)
Set Shrink Factor to 1.00000
Summary of Active RC-Corners : 
 
 Analysis View: slow_0p9v_125c_cmax_scan_shift
    RC-Corner Name        : cmax_125c
    RC-Corner Index       : 0
    RC-Corner Temperature : 125 Celsius
    RC-Corner Cap Table   : ''
    RC-Corner PreRoute Res Factor         : 1
    RC-Corner PreRoute Cap Factor         : 1
    RC-Corner PostRoute Res Factor        : 1 {1 1 1}
    RC-Corner PostRoute Cap Factor        : 1 {1 1 1}
    RC-Corner PostRoute XCap Factor       : 1 {1 1 1}
    RC-Corner PreRoute Clock Res Factor   : 1	[Derived from postRoute_res (effortLevel low)]
    RC-Corner PreRoute Clock Cap Factor   : 1	[Derived from postRoute_cap (effortLevel low)]
    RC-Corner PostRoute Clock Cap Factor  : 1 {1 1 1} 
    RC-Corner PostRoute Clock Res Factor  : 1 {1 1 1} 
    RC-Corner PostRoute Clock coupling capacitance Factor : 1 {1 1 1} 
    RC-Corner Technology file: '/opt/soc/tech/GPDK045/gsclib045/qrc/gpdk045.tch'
Updating RC Grid density data for preRoute extraction ...
Initializing multi-corner resistance tables ...
*Info: initialize multi-corner CTS.
Reading timing constraints file '/home/student/16/ex8/flow_matmul_sync_1/innovus_temp_10608_51fce4ef-70bb-44d2-ae3a-70c12f8c96d2_ASIC-vm_student_vXS3ID/.mmmcH2C8mR/modes/scan_shift/scan_shift.sdc' ...
Current (total cpu=0:00:46.6, real=0:01:10, peak res=2801.4M, current mem=2738.5M)
matmul_sync
**WARN: (TCLCMD-1142):	Virtual clock 'clk_i_virtual' is being created with no source objects. (File /home/student/16/ex8/flow_matmul_sync_1/innovus_temp_10608_51fce4ef-70bb-44d2-ae3a-70c12f8c96d2_ASIC-vm_student_vXS3ID/.mmmcH2C8mR/modes/scan_shift/scan_shift.sdc, Line 12).

I------------------------------------------------------------------------------------
CONSTRAINT READING SUMMARY                                                          
------------------------------------------------------------------------------------
Constraint                                        | Success        | Fail           
------------------------------------------------------------------------------------
set_clock_uncertainty                             | 6              | 0              
get_clocks                                        | 143            | 0              
set_max_fanout                                    | 1              | 0              
get_designs                                       | 2              | 0              
set_case_analysis                                 | 2              | 0              
set_max_transition                                | 66             | 0              
set_input_delay                                   | 69             | 0              
set_load                                          | 130            | 0              
set_max_capacitance                               | 134            | 0              
set_driving_cell                                  | 276            | 0              
get_ports                                         | 743            | 0              
create_clock                                      | 2              | 0              
set_units                                         | 1              | 0              
set_output_delay                                  | 66             | 0              
set_clock_gating_check                            | 2              | 0              
current_design                                    | 1              | 0              
------------------------------------------------------------------------------------
NFO (CTE): Reading of timing constraints file /home/student/16/ex8/flow_matmul_sync_1/innovus_temp_10608_51fce4ef-70bb-44d2-ae3a-70c12f8c96d2_ASIC-vm_student_vXS3ID/.mmmcH2C8mR/modes/scan_shift/scan_shift.sdc completed, with 1 WARNING
Ending "Constraint file reading stats" (total cpu=0:00:00.0, real=0:00:00.0, peak res=2748.8M, current mem=2748.8M)
Current (total cpu=0:00:46.6, real=0:01:10, peak res=2801.4M, current mem=2748.8M)
Reading latency file '/home/student/16/ex8/flow_matmul_sync_1/innovus_temp_10608_51fce4ef-70bb-44d2-ae3a-70c12f8c96d2_ASIC-vm_student_vXS3ID/.mmmcH2C8mR/views/slow_0p9v_125c_cmax_scan_shift/latency.sdc' ...
Current (total cpu=0:00:46.6, real=0:01:10, peak res=2801.4M, current mem=2748.8M)
Ending "Constraint file reading stats" (total cpu=0:00:00.0, real=0:00:00.0, peak res=2755.3M, current mem=2755.3M)
------------------------------------------------------------------------------------
CONSTRAINT READING SUMMARY                                                          
------------------------------------------------------------------------------------
Constraint                                        | Success        | Fail           
------------------------------------------------------------------------------------
get_pins                                          | 6              | 0              
group_path                                        | 4              | 0              
get_ports                                         | 4              | 0              
------------------------------------------------------------------------------------
Current (total cpu=0:00:46.7, real=0:01:10, peak res=2801.4M, current mem=2755.3M)
Current (total cpu=0:00:46.7, real=0:01:10, peak res=2801.4M, current mem=2755.3M)
INFO (CTE): Constraints read successfully.
------------------------------------------------------------------------------------
CONSTRAINT READING SUMMARY                                                          
------------------------------------------------------------------------------------
Constraint                                        | Success        | Fail           
------------------------------------------------------------------------------------
set_timing_derate                                 | 9              | 0              
------------------------------------------------------------------------------------
Ending "Constraint file reading stats" (total cpu=0:00:00.0, real=0:00:00.0, peak res=2757.2M, current mem=2757.2M)
Current (total cpu=0:00:46.7, real=0:01:10, peak res=2801.4M, current mem=2757.2M)
Total number of combinational cells: 318
Total number of sequential cells: 152
Total number of tristate cells: 10
Total number of level shifter cells: 0
Total number of power gating cells: 0
Total number of isolation cells: 0
Total number of power switch cells: 0
Total number of pulse generator cells: 0
Total number of always on buffers: 0
Total number of retention cells: 0
Total number of physical cells: 9
List of usable buffers: CLKBUFX2 BUFX2 CLKBUFX3 BUFX3 CLKBUFX4 BUFX4 CLKBUFX6 BUFX6 CLKBUFX8 BUFX8 CLKBUFX12 BUFX12 CLKBUFX16 BUFX16 CLKBUFX20 BUFX20
Total number of usable buffers: 16
List of unusable buffers:
Total number of unusable buffers: 0
List of usable inverters: INVXL INVX1 INVX2 CLKINVX1 INVX3 CLKINVX2 INVX4 CLKINVX4 CLKINVX3 INVX6 CLKINVX6 INVX8 CLKINVX8 INVX12 CLKINVX12 INVX16 CLKINVX16 INVX20 CLKINVX20
Total number of usable inverters: 19
List of unusable inverters:
Total number of unusable inverters: 0
List of identified usable delay cells: DLY1X1 DLY1X4 DLY2X1 DLY2X4 DLY3X1 DLY3X4 DLY4X1 DLY4X4
Total number of identified usable delay cells: 8
List of identified unusable delay cells:
Total number of identified unusable delay cells: 0
AAE_INFO: opIsDesignInPostRouteState() is 0
AAE DB initialization (MEM=2758.175781 CPU=0:00:00.0 REAL=0:00:00.0) 
#################################################################################
# Design Stage: PreRoute
# Design Name: matmul_sync
# Design Mode: 45nm
# Analysis Mode: MMMC OCV 
# Parasitics Mode: No SPEF/RCDB 
# Signoff Settings: SI Off (EWM)
#################################################################################
[NR-eGR] Started Early Global Route ( Curr Mem: 3.02 MB )
[NR-eGR] Started Early Global Route kernel ( Curr Mem: 3.02 MB )
[NR-eGR] Early global route reroute all routable nets
[NR-eGR] Track table information for default rule: 
[NR-eGR] Metal1 has single uniform track structure
[NR-eGR] Metal2 has single uniform track structure
[NR-eGR] Metal3 has single uniform track structure
[NR-eGR] Metal4 has single uniform track structure
[NR-eGR] Metal5 has single uniform track structure
[NR-eGR] Metal6 has single uniform track structure
[NR-eGR] Metal7 has single uniform track structure
[NR-eGR] Metal8 has single uniform track structure
[NR-eGR] Metal9 has single uniform track structure
[NR-eGR] Metal10 has single uniform track structure
[NR-eGR] Metal11 has single uniform track structure
[NR-eGR] Read 5264 PG shapes
[NR-eGR] Read 0 clock shapes
[NR-eGR] Read 0 other shapes
[NR-eGR] #Routing Blockages  : 20
[NR-eGR] #Bump Blockages     : 0
[NR-eGR] #Instance Blockages : 0
[NR-eGR] #PG Blockages       : 5264
[NR-eGR] #Halo Blockages     : 0
[NR-eGR] #Boundary Blockages : 0
[NR-eGR] #Clock Blockages    : 0
[NR-eGR] #Other Blockages    : 0
[NR-eGR] #prerouted nets         : 0
[NR-eGR] #prerouted special nets : 0
[NR-eGR] #prerouted wires        : 0
[NR-eGR] Read 2476 nets ( ignored 0 )
[NR-eGR] Number of tracks per clock wire is set as 5, but the design does not have any clock nets or they are fixed. The setting will not be applied.
[NR-eGR] ============ Routing rule table ============
[NR-eGR] Rule id: 0  Rule name: (Default)  Nets: 2476
[NR-eGR] ========================================
[NR-eGR] 
[NR-eGR] Layer group 1: route 2476 net(s) in layer range [2, 11]
[NR-eGR] Early Global Route overflow of layer group 1: 0.00% H + 0.00% V. EstWL: 2.773107e+04um
[NR-eGR] Congestion Analysis By layer: (blocked Gcells are excluded) 
[NR-eGR]                        OverCon           OverCon           OverCon           OverCon            
[NR-eGR]                         #Gcell            #Gcell            #Gcell            #Gcell     %Gcell
[NR-eGR]        Layer             (1-4)             (5-8)            (9-12)           (13-14)    OverCon
[NR-eGR] -------------------------------------------------------------------------------------------------
[NR-eGR]  Metal1 ( 1)         0( 0.00%)         0( 0.00%)         0( 0.00%)         0( 0.00%)   ( 0.00%) 
[NR-eGR]  Metal2 ( 2)         7( 0.20%)        11( 0.32%)        10( 0.29%)         1( 0.03%)   ( 0.85%) 
[NR-eGR]  Metal3 ( 3)         2( 0.06%)         0( 0.00%)         0( 0.00%)         0( 0.00%)   ( 0.06%) 
[NR-eGR]  Metal4 ( 4)         0( 0.00%)         0( 0.00%)         0( 0.00%)         0( 0.00%)   ( 0.00%) 
[NR-eGR]  Metal5 ( 5)         0( 0.00%)         0( 0.00%)         0( 0.00%)         0( 0.00%)   ( 0.00%) 
[NR-eGR]  Metal6 ( 6)         0( 0.00%)         0( 0.00%)         0( 0.00%)         0( 0.00%)   ( 0.00%) 
[NR-eGR]  Metal7 ( 7)         0( 0.00%)         0( 0.00%)         0( 0.00%)         0( 0.00%)   ( 0.00%) 
[NR-eGR]  Metal8 ( 8)         0( 0.00%)         0( 0.00%)         0( 0.00%)         0( 0.00%)   ( 0.00%) 
[NR-eGR]  Metal9 ( 9)         0( 0.00%)         0( 0.00%)         0( 0.00%)         0( 0.00%)   ( 0.00%) 
[NR-eGR] Metal10 (10)         0( 0.00%)         0( 0.00%)         0( 0.00%)         0( 0.00%)   ( 0.00%) 
[NR-eGR] Metal11 (11)         0( 0.00%)         0( 0.00%)         0( 0.00%)         0( 0.00%)   ( 0.00%) 
[NR-eGR] -------------------------------------------------------------------------------------------------
[NR-eGR]        Total         9( 0.03%)        11( 0.04%)        10( 0.03%)         1( 0.00%)   ( 0.10%) 
[NR-eGR] 
[NR-eGR] Overflow after Early Global Route 0.00% H + 0.03% V
[NR-eGR] Connected 0 must-join pins/ports (post-process)
[NR-eGR] Total eGR-routed clock nets wire length: 0um, number of vias: 0
[NR-eGR] --------------------------------------------------------------------------
[NR-eGR]                  Length (um)   Vias 
[NR-eGR] ------------------------------------
[NR-eGR]  Metal1   (1H)             0   6804 
[NR-eGR]  Metal2   (2V)         10559   9228 
[NR-eGR]  Metal3   (3H)         11688    845 
[NR-eGR]  Metal4   (4V)          4481    290 
[NR-eGR]  Metal5   (5H)          1826    115 
[NR-eGR]  Metal6   (6V)           793     26 
[NR-eGR]  Metal7   (7H)            61      0 
[NR-eGR]  Metal8   (8V)             0      0 
[NR-eGR]  Metal9   (9H)             0      0 
[NR-eGR]  Metal10  (10V)            0      0 
[NR-eGR]  Metal11  (11H)            0      0 
[NR-eGR] ------------------------------------
[NR-eGR]           Total        29408  17308 
[NR-eGR] --------------------------------------------------------------------------
[NR-eGR] Total half perimeter of net bounding box: 25825um
[NR-eGR] Total length: 29408um, number of vias: 17308
[NR-eGR] --------------------------------------------------------------------------
[NR-eGR] Finished Early Global Route kernel ( CPU: 0.12 sec, Real: 0.08 sec, Curr Mem: 3.10 MB )
[NR-eGR] Finished Early Global Route ( CPU: 0.12 sec, Real: 0.08 sec, Curr Mem: 3.10 MB )
Extraction called for design 'matmul_sync' of instances=2054 and nets=2480 using extraction engine 'pre_route' .
pre_route RC Extraction called for design matmul_sync.
RC Extraction called in multi-corner(1) mode.
RCMode: PreRoute
      RC Corner Indexes            0   
Capacitance Scaling Factor   : 1.00000 
Resistance Scaling Factor    : 1.00000 
Clock Cap. Scaling Factor    : 1.00000 
Clock Res. Scaling Factor    : 1.00000 
Shrink Factor                : 1.00000
PreRoute extraction is honoring NDR/Shielding/ExtraSpace for clock nets.
Using Quantus QRC technology file ...
Updating RC Grid density data for preRoute extraction ...
Initializing multi-corner resistance tables ...
PreRoute RC Extraction DONE (CPU Time: 0:00:00.0  Real Time: 0:00:00.0  MEM: 3229.602M)
Start delay calculation (fullDC) (8 T). (MEM=2892.21)
Total number of fetched objects 2477
AAE_INFO: Total number of nets for which stage creation was skipped for all views 0
End delay calculation. (MEM=2997.27 CPU=0:00:00.4 REAL=0:00:00.0)
End delay calculation (fullDC). (MEM=2976.32 CPU=0:00:00.8 REAL=0:00:00.0)
TAMODEL Cpu User Time =    0.5 sec
TAMODEL Memory Usage  =  197.6 MB
TAMODEL Cpu User Time =    0.5 sec
TAMODEL Memory Usage  =  197.6 MB
Ending "etm_extraction" (total cpu=0:00:02.0, real=0:00:02.0, peak res=3167.5M, current mem=3108.7M)
Ending "etm_generation" (total cpu=0:00:02.1, real=0:00:02.0, peak res=3167.5M, current mem=3019.1M)
Info: Writing timing model for analysis_view slow_0p9v_125c_cmax_scan_capture
**WARN: (IMPCTE-104):	The constraint mode of this inactive view 'fast_1p1v_0c_cmin_scan_shift' has been modified and may need to be reanalyzed to ensure proper timing results. To reanalyze timing for this view make the view active using 'set_analysis_view' and run timing analysis.
Type 'man IMPCTE-104' for more detail.
PowerDomain pd_aon, techsite list updated as following:
 CoreSite
Extraction setup Started for TopCell matmul_sync 
Initializing multi-corner RC extraction with 1 active RC Corners ...
Captable file(s) not specified in multi-corner setup. PreRoute extraction will use technology file. For post_route extraction, default value for effort level would be 'medium' and effort level 'low' would not be allowed.
Completed (cpu: 0:00:00.0 real: 0:00:00.0)
Set Shrink Factor to 1.00000
Summary of Active RC-Corners : 
 
 Analysis View: slow_0p9v_125c_cmax_scan_capture
    RC-Corner Name        : cmax_125c
    RC-Corner Index       : 0
    RC-Corner Temperature : 125 Celsius
    RC-Corner Cap Table   : ''
    RC-Corner PreRoute Res Factor         : 1
    RC-Corner PreRoute Cap Factor         : 1
    RC-Corner PostRoute Res Factor        : 1 {1 1 1}
    RC-Corner PostRoute Cap Factor        : 1 {1 1 1}
    RC-Corner PostRoute XCap Factor       : 1 {1 1 1}
    RC-Corner PreRoute Clock Res Factor   : 1	[Derived from postRoute_res (effortLevel low)]
    RC-Corner PreRoute Clock Cap Factor   : 1	[Derived from postRoute_cap (effortLevel low)]
    RC-Corner PostRoute Clock Cap Factor  : 1 {1 1 1} 
    RC-Corner PostRoute Clock Res Factor  : 1 {1 1 1} 
    RC-Corner PostRoute Clock coupling capacitance Factor : 1 {1 1 1} 
    RC-Corner Technology file: '/opt/soc/tech/GPDK045/gsclib045/qrc/gpdk045.tch'
set_analysis_view/update_rc_corner called to change MMMC setup. RC Corner setup information has remained the same. Therefore, parasitic data in the tool brought as per the previous MMMC setup is being maintained.
*Info: initialize multi-corner CTS.
Reading timing constraints file '/home/student/16/ex8/flow_matmul_sync_1/innovus_temp_10608_51fce4ef-70bb-44d2-ae3a-70c12f8c96d2_ASIC-vm_student_vXS3ID/.mmmcO933AD/modes/scan_capture/scan_capture.sdc' ...
Current (total cpu=0:00:49.3, real=0:01:12, peak res=3167.5M, current mem=2906.0M)
matmul_sync
**WARN: (TCLCMD-1142):	Virtual clock 'clk_i_virtual' is being created with no source objects. (File /home/student/16/ex8/flow_matmul_sync_1/innovus_temp_10608_51fce4ef-70bb-44d2-ae3a-70c12f8c96d2_ASIC-vm_student_vXS3ID/.mmmcO933AD/modes/scan_capture/scan_capture.sdc, Line 12).

I------------------------------------------------------------------------------------
CONSTRAINT READING SUMMARY                                                          
------------------------------------------------------------------------------------
Constraint                                        | Success        | Fail           
------------------------------------------------------------------------------------
get_pins                                          | 1              | 0              
set_clock_uncertainty                             | 6              | 0              
get_clocks                                        | 143            | 0              
set_max_fanout                                    | 1              | 0              
get_designs                                       | 2              | 0              
set_false_path                                    | 2              | 0              
set_case_analysis                                 | 2              | 0              
set_max_transition                                | 66             | 0              
set_input_delay                                   | 69             | 0              
set_load                                          | 130            | 0              
set_max_capacitance                               | 134            | 0              
set_driving_cell                                  | 276            | 0              
get_ports                                         | 745            | 0              
create_clock                                      | 2              | 0              
set_units                                         | 1              | 0              
set_output_delay                                  | 66             | 0              
set_clock_gating_check                            | 2              | 0              
current_design                                    | 1              | 0              
------------------------------------------------------------------------------------
NFO (CTE): Reading of timing constraints file /home/student/16/ex8/flow_matmul_sync_1/innovus_temp_10608_51fce4ef-70bb-44d2-ae3a-70c12f8c96d2_ASIC-vm_student_vXS3ID/.mmmcO933AD/modes/scan_capture/scan_capture.sdc completed, with 1 WARNING
Ending "Constraint file reading stats" (total cpu=0:00:00.0, real=0:00:00.0, peak res=2923.3M, current mem=2923.3M)
Current (total cpu=0:00:49.4, real=0:01:12, peak res=3167.5M, current mem=2923.3M)
Reading latency file '/home/student/16/ex8/flow_matmul_sync_1/innovus_temp_10608_51fce4ef-70bb-44d2-ae3a-70c12f8c96d2_ASIC-vm_student_vXS3ID/.mmmcO933AD/views/slow_0p9v_125c_cmax_scan_capture/latency.sdc' ...
Current (total cpu=0:00:49.4, real=0:01:12, peak res=3167.5M, current mem=2923.3M)
Ending "Constraint file reading stats" (total cpu=0:00:00.0, real=0:00:00.0, peak res=2924.8M, current mem=2924.8M)
------------------------------------------------------------------------------------
CONSTRAINT READING SUMMARY                                                          
------------------------------------------------------------------------------------
Constraint                                        | Success        | Fail           
------------------------------------------------------------------------------------
get_pins                                          | 6              | 0              
group_path                                        | 4              | 0              
get_ports                                         | 4              | 0              
------------------------------------------------------------------------------------
Current (total cpu=0:00:49.4, real=0:01:12, peak res=3167.5M, current mem=2924.8M)
Current (total cpu=0:00:49.4, real=0:01:12, peak res=3167.5M, current mem=2924.8M)
INFO (CTE): Constraints read successfully.
------------------------------------------------------------------------------------
CONSTRAINT READING SUMMARY                                                          
------------------------------------------------------------------------------------
Constraint                                        | Success        | Fail           
------------------------------------------------------------------------------------
set_timing_derate                                 | 9              | 0              
------------------------------------------------------------------------------------
Ending "Constraint file reading stats" (total cpu=0:00:00.0, real=0:00:01.0, peak res=2926.7M, current mem=2926.7M)
Current (total cpu=0:00:49.5, real=0:01:13, peak res=3167.5M, current mem=2926.7M)
Total number of combinational cells: 318
Total number of sequential cells: 152
Total number of tristate cells: 10
Total number of level shifter cells: 0
Total number of power gating cells: 0
Total number of isolation cells: 0
Total number of power switch cells: 0
Total number of pulse generator cells: 0
Total number of always on buffers: 0
Total number of retention cells: 0
Total number of physical cells: 9
List of usable buffers: CLKBUFX2 BUFX2 CLKBUFX3 BUFX3 CLKBUFX4 BUFX4 CLKBUFX6 BUFX6 CLKBUFX8 BUFX8 CLKBUFX12 BUFX12 CLKBUFX16 BUFX16 CLKBUFX20 BUFX20
Total number of usable buffers: 16
List of unusable buffers:
Total number of unusable buffers: 0
List of usable inverters: INVXL INVX1 INVX2 CLKINVX1 INVX3 CLKINVX2 INVX4 CLKINVX4 CLKINVX3 INVX6 CLKINVX6 INVX8 CLKINVX8 INVX12 CLKINVX12 INVX16 CLKINVX16 INVX20 CLKINVX20
Total number of usable inverters: 19
List of unusable inverters:
Total number of unusable inverters: 0
List of identified usable delay cells: DLY1X1 DLY1X4 DLY2X1 DLY2X4 DLY3X1 DLY3X4 DLY4X1 DLY4X4
Total number of identified usable delay cells: 8
List of identified unusable delay cells:
Total number of identified unusable delay cells: 0
AAE_INFO: opIsDesignInPostRouteState() is 0
AAE DB initialization (MEM=2927.988281 CPU=0:00:00.0 REAL=0:00:00.0) 
#################################################################################
# Design Stage: PreRoute
# Design Name: matmul_sync
# Design Mode: 45nm
# Analysis Mode: MMMC OCV 
# Parasitics Mode: No SPEF/RCDB 
# Signoff Settings: SI Off (EWM)
#################################################################################
Start delay calculation (fullDC) (8 T). (MEM=3024.99)
Total number of fetched objects 2477
AAE_INFO: Total number of nets for which stage creation was skipped for all views 0
End delay calculation. (MEM=3119.22 CPU=0:00:00.4 REAL=0:00:00.0)
End delay calculation (fullDC). (MEM=3097.13 CPU=0:00:00.7 REAL=0:00:00.0)
TAMODEL Cpu User Time =    0.9 sec
TAMODEL Cpu User Time =    0.9 sec
TAMODEL Memory Usage  =  128.1 MB
TAMODEL Memory Usage  =  128.1 MB
Ending "etm_extraction" (total cpu=0:00:02.0, real=0:00:01.0, peak res=3298.8M, current mem=3245.3M)
Ending "etm_generation" (total cpu=0:00:02.1, real=0:00:01.0, peak res=3298.8M, current mem=3154.0M)
Info: Writing timing model for analysis_view slow_0p9v_125c_cmax_func
**WARN: (IMPCTE-104):	The constraint mode of this inactive view 'fast_1p1v_0c_cmin_scan_capture' has been modified and may need to be reanalyzed to ensure proper timing results. To reanalyze timing for this view make the view active using 'set_analysis_view' and run timing analysis.
Type 'man IMPCTE-104' for more detail.
PowerDomain pd_aon, techsite list updated as following:
 CoreSite
Extraction setup Started for TopCell matmul_sync 
Initializing multi-corner RC extraction with 1 active RC Corners ...
Captable file(s) not specified in multi-corner setup. PreRoute extraction will use technology file. For post_route extraction, default value for effort level would be 'medium' and effort level 'low' would not be allowed.
Completed (cpu: 0:00:00.0 real: 0:00:00.0)
Set Shrink Factor to 1.00000
Summary of Active RC-Corners : 
 
 Analysis View: slow_0p9v_125c_cmax_func
    RC-Corner Name        : cmax_125c
    RC-Corner Index       : 0
    RC-Corner Temperature : 125 Celsius
    RC-Corner Cap Table   : ''
    RC-Corner PreRoute Res Factor         : 1
    RC-Corner PreRoute Cap Factor         : 1
    RC-Corner PostRoute Res Factor        : 1 {1 1 1}
    RC-Corner PostRoute Cap Factor        : 1 {1 1 1}
    RC-Corner PostRoute XCap Factor       : 1 {1 1 1}
    RC-Corner PreRoute Clock Res Factor   : 1	[Derived from postRoute_res (effortLevel low)]
    RC-Corner PreRoute Clock Cap Factor   : 1	[Derived from postRoute_cap (effortLevel low)]
    RC-Corner PostRoute Clock Cap Factor  : 1 {1 1 1} 
    RC-Corner PostRoute Clock Res Factor  : 1 {1 1 1} 
    RC-Corner PostRoute Clock coupling capacitance Factor : 1 {1 1 1} 
    RC-Corner Technology file: '/opt/soc/tech/GPDK045/gsclib045/qrc/gpdk045.tch'
set_analysis_view/update_rc_corner called to change MMMC setup. RC Corner setup information has remained the same. Therefore, parasitic data in the tool brought as per the previous MMMC setup is being maintained.
*Info: initialize multi-corner CTS.
Reading timing constraints file '/home/student/16/ex8/flow_matmul_sync_1/innovus_temp_10608_51fce4ef-70bb-44d2-ae3a-70c12f8c96d2_ASIC-vm_student_vXS3ID/.mmmcU2aCec/modes/func/func.sdc' ...
Current (total cpu=0:00:52.0, real=0:01:15, peak res=3298.8M, current mem=3044.9M)
matmul_sync
**WARN: (TCLCMD-1142):	Virtual clock 'clk_i_virtual' is being created with no source objects. (File /home/student/16/ex8/flow_matmul_sync_1/innovus_temp_10608_51fce4ef-70bb-44d2-ae3a-70c12f8c96d2_ASIC-vm_student_vXS3ID/.mmmcU2aCec/modes/func/func.sdc, Line 12).

I------------------------------------------------------------------------------------
CONSTRAINT READING SUMMARY                                                          
------------------------------------------------------------------------------------
Constraint                                        | Success        | Fail           
------------------------------------------------------------------------------------
set_multicycle_path                               | 2              | 0              
get_pins                                          | 1              | 0              
set_clock_uncertainty                             | 6              | 0              
get_clocks                                        | 209            | 0              
set_max_fanout                                    | 1              | 0              
get_designs                                       | 2              | 0              
set_false_path                                    | 2              | 0              
set_case_analysis                                 | 2              | 0              
set_max_transition                                | 66             | 0              
set_input_delay                                   | 135            | 0              
set_load                                          | 130            | 0              
set_max_capacitance                               | 134            | 0              
set_clock_groups                                  | 1              | 0              
set_driving_cell                                  | 276            | 0              
get_ports                                         | 812            | 0              
create_clock                                      | 2              | 0              
set_units                                         | 1              | 0              
set_output_delay                                  | 65             | 0              
set_clock_gating_check                            | 2              | 0              
current_design                                    | 1              | 0              
------------------------------------------------------------------------------------
NFO (CTE): Reading of timing constraints file /home/student/16/ex8/flow_matmul_sync_1/innovus_temp_10608_51fce4ef-70bb-44d2-ae3a-70c12f8c96d2_ASIC-vm_student_vXS3ID/.mmmcU2aCec/modes/func/func.sdc completed, with 1 WARNING
Ending "Constraint file reading stats" (total cpu=0:00:00.0, real=0:00:00.0, peak res=3063.8M, current mem=3063.8M)
Current (total cpu=0:00:52.0, real=0:01:15, peak res=3298.8M, current mem=3063.8M)
Reading latency file '/home/student/16/ex8/flow_matmul_sync_1/innovus_temp_10608_51fce4ef-70bb-44d2-ae3a-70c12f8c96d2_ASIC-vm_student_vXS3ID/.mmmcU2aCec/views/slow_0p9v_125c_cmax_func/latency.sdc' ...
Current (total cpu=0:00:52.0, real=0:01:15, peak res=3298.8M, current mem=3063.8M)
E------------------------------------------------------------------------------------
CONSTRAINT READING SUMMARY                                                          
------------------------------------------------------------------------------------
Constraint                                        | Success        | Fail           
------------------------------------------------------------------------------------
get_pins                                          | 6              | 0              
group_path                                        | 4              | 0              
get_ports                                         | 4              | 0              
------------------------------------------------------------------------------------
nding "Constraint file reading stats" (total cpu=0:00:00.0, real=0:00:00.0, peak res=3065.3M, current mem=3065.3M)
Current (total cpu=0:00:52.1, real=0:01:15, peak res=3298.8M, current mem=3065.3M)
Current (total cpu=0:00:52.1, real=0:01:15, peak res=3298.8M, current mem=3065.3M)
INFO (CTE): Constraints read successfully.
------------------------------------------------------------------------------------
CONSTRAINT READING SUMMARY                                                          
------------------------------------------------------------------------------------
Constraint                                        | Success        | Fail           
------------------------------------------------------------------------------------
set_timing_derate                                 | 9              | 0              
------------------------------------------------------------------------------------
Ending "Constraint file reading stats" (total cpu=0:00:00.0, real=0:00:00.0, peak res=3067.2M, current mem=3067.2M)
Current (total cpu=0:00:52.1, real=0:01:15, peak res=3298.8M, current mem=3067.2M)
Total number of combinational cells: 318
Total number of sequential cells: 152
Total number of tristate cells: 10
Total number of level shifter cells: 0
Total number of power gating cells: 0
Total number of isolation cells: 0
Total number of power switch cells: 0
Total number of pulse generator cells: 0
Total number of always on buffers: 0
Total number of retention cells: 0
Total number of physical cells: 9
List of usable buffers: CLKBUFX2 BUFX2 CLKBUFX3 BUFX3 CLKBUFX4 BUFX4 CLKBUFX6 BUFX6 CLKBUFX8 BUFX8 CLKBUFX12 BUFX12 CLKBUFX16 BUFX16 CLKBUFX20 BUFX20
Total number of usable buffers: 16
List of unusable buffers:
Total number of unusable buffers: 0
List of usable inverters: INVXL INVX1 INVX2 CLKINVX1 INVX3 CLKINVX2 INVX4 CLKINVX4 CLKINVX3 INVX6 CLKINVX6 INVX8 CLKINVX8 INVX12 CLKINVX12 INVX16 CLKINVX16 INVX20 CLKINVX20
Total number of usable inverters: 19
List of unusable inverters:
Total number of unusable inverters: 0
List of identified usable delay cells: DLY1X1 DLY1X4 DLY2X1 DLY2X4 DLY3X1 DLY3X4 DLY4X1 DLY4X4
Total number of identified usable delay cells: 8
List of identified unusable delay cells:
Total number of identified unusable delay cells: 0
AAE_INFO: opIsDesignInPostRouteState() is 0
AAE DB initialization (MEM=3068.796875 CPU=0:00:00.0 REAL=0:00:00.0) 
#################################################################################
# Design Stage: PreRoute
# Design Name: matmul_sync
# Design Mode: 45nm
# Analysis Mode: MMMC OCV 
# Parasitics Mode: No SPEF/RCDB 
# Signoff Settings: SI Off (EWM)
#################################################################################
Start delay calculation (fullDC) (8 T). (MEM=3158.27)
Total number of fetched objects 2477
AAE_INFO: Total number of nets for which stage creation was skipped for all views 0
End delay calculation. (MEM=3237.55 CPU=0:00:00.3 REAL=0:00:00.0)
End delay calculation (fullDC). (MEM=3214.63 CPU=0:00:00.7 REAL=0:00:00.0)
TAMODEL Cpu User Time =    0.9 sec
TAMODEL Memory Usage  =  161.1 MB
TAMODEL Cpu User Time =    0.9 sec
TAMODEL Memory Usage  =  161.1 MB
Ending "etm_extraction" (total cpu=0:00:02.0, real=0:00:01.0, peak res=3397.3M, current mem=3357.3M)
Ending "etm_generation" (total cpu=0:00:02.1, real=0:00:01.0, peak res=3397.3M, current mem=3272.2M)
Info: Writing timing model for analysis_view fast_1p1v_0c_cmin_scan_capture
**WARN: (IMPCTE-104):	The constraint mode of this inactive view 'fast_1p1v_0c_cmin_func' has been modified and may need to be reanalyzed to ensure proper timing results. To reanalyze timing for this view make the view active using 'set_analysis_view' and run timing analysis.
Type 'man IMPCTE-104' for more detail.
PowerDomain pd_aon, techsite list updated as following:
 CoreSite
Extraction setup Started for TopCell matmul_sync 
Initializing multi-corner RC extraction with 1 active RC Corners ...
**WARN: (IMPEXT-3503):	The corner setup has changed in the MMMC flow. New RC corners 'cmin_0c' have been added, therefore, no parasitic data exists for them. As a result, the parasitic data in the tool from the previous setup is deleted. Extract or restore the parasitic data for all the current corners by calling 'extractRC/spefIn'.
Captable file(s) not specified in multi-corner setup. PreRoute extraction will use technology file. For post_route extraction, default value for effort level would be 'medium' and effort level 'low' would not be allowed.
Completed (cpu: 0:00:00.0 real: 0:00:00.0)
Set Shrink Factor to 1.00000
Summary of Active RC-Corners : 
 
 Analysis View: fast_1p1v_0c_cmin_scan_capture
    RC-Corner Name        : cmin_0c
    RC-Corner Index       : 0
    RC-Corner Temperature : 0 Celsius
    RC-Corner Cap Table   : ''
    RC-Corner PreRoute Res Factor         : 1
    RC-Corner PreRoute Cap Factor         : 1
    RC-Corner PostRoute Res Factor        : 1 {1 1 1}
    RC-Corner PostRoute Cap Factor        : 1 {1 1 1}
    RC-Corner PostRoute XCap Factor       : 1 {1 1 1}
    RC-Corner PreRoute Clock Res Factor   : 1	[Derived from postRoute_res (effortLevel low)]
    RC-Corner PreRoute Clock Cap Factor   : 1	[Derived from postRoute_cap (effortLevel low)]
    RC-Corner PostRoute Clock Cap Factor  : 1 {1 1 1} 
    RC-Corner PostRoute Clock Res Factor  : 1 {1 1 1} 
    RC-Corner PostRoute Clock coupling capacitance Factor : 1 {1 1 1} 
    RC-Corner Technology file: '/opt/soc/tech/GPDK045/gsclib045/qrc/gpdk045.tch'
Updating RC Grid density data for preRoute extraction ...
Initializing multi-corner resistance tables ...
*Info: initialize multi-corner CTS.
Reading timing constraints file '/home/student/16/ex8/flow_matmul_sync_1/innovus_temp_10608_51fce4ef-70bb-44d2-ae3a-70c12f8c96d2_ASIC-vm_student_vXS3ID/.mmmcEBNxOz/modes/scan_capture/scan_capture.sdc' ...
Current (total cpu=0:00:54.7, real=0:01:17, peak res=3397.3M, current mem=3156.4M)
matmul_sync
**WARN: (TCLCMD-1142):	Virtual clock 'clk_i_virtual' is being created with no source objects. (File /home/student/16/ex8/flow_matmul_sync_1/innovus_temp_10608_51fce4ef-70bb-44d2-ae3a-70c12f8c96d2_ASIC-vm_student_vXS3ID/.mmmcEBNxOz/modes/scan_capture/scan_capture.sdc, Line 12).

**WARN: (IMPCTE-290):	Could not locate cell CLKINVX4 in any library for view fast_1p1v_0c_cmin_scan_capture.
Type 'man IMPCTE-290' for more detail.
**WARN: (IMPCTE-290):	Could not locate cell CLKINVX4 in any library for view fast_1p1v_0c_cmin_scan_capture.
Type 'man IMPCTE-290' for more detail.
**WARN: (IMPCTE-290):	Could not locate cell CLKINVX4 in any library for view fast_1p1v_0c_cmin_scan_capture.
Type 'man IMPCTE-290' for more detail.
**WARN: (IMPCTE-290):	Could not locate cell CLKINVX4 in any library for view fast_1p1v_0c_cmin_scan_capture.
Type 'man IMPCTE-290' for more detail.
**WARN: (IMPCTE-290):	Could not locate cell CLKINVX4 in any library for view fast_1p1v_0c_cmin_scan_capture.
Type 'man IMPCTE-290' for more detail.
**WARN: (IMPCTE-290):	Could not locate cell CLKINVX4 in any library for view fast_1p1v_0c_cmin_scan_capture.
Type 'man IMPCTE-290' for more detail.
**WARN: (IMPCTE-290):	Could not locate cell CLKINVX4 in any library for view fast_1p1v_0c_cmin_scan_capture.
Type 'man IMPCTE-290' for more detail.
**WARN: (IMPCTE-290):	Could not locate cell CLKINVX4 in any library for view fast_1p1v_0c_cmin_scan_capture.
Type 'man IMPCTE-290' for more detail.
**WARN: (IMPCTE-290):	Could not locate cell CLKINVX4 in any library for view fast_1p1v_0c_cmin_scan_capture.
Type 'man IMPCTE-290' for more detail.
**WARN: (IMPCTE-290):	Could not locate cell CLKINVX4 in any library for view fast_1p1v_0c_cmin_scan_capture.
Type 'man IMPCTE-290' for more detail.
**WARN: (IMPCTE-290):	Could not locate cell CLKINVX4 in any library for view fast_1p1v_0c_cmin_scan_capture.
Type 'man IMPCTE-290' for more detail.
**WARN: (IMPCTE-290):	Could not locate cell CLKINVX4 in any library for view fast_1p1v_0c_cmin_scan_capture.
Type 'man IMPCTE-290' for more detail.
**WARN: (IMPCTE-290):	Could not locate cell CLKINVX4 in any library for view fast_1p1v_0c_cmin_scan_capture.
Type 'man IMPCTE-290' for more detail.
**WARN: (IMPCTE-290):	Could not locate cell CLKINVX4 in any library for view fast_1p1v_0c_cmin_scan_capture.
Type 'man IMPCTE-290' for more detail.
**WARN: (IMPCTE-290):	Could not locate cell CLKINVX4 in any library for view fast_1p1v_0c_cmin_scan_capture.
Type 'man IMPCTE-290' for more detail.
**WARN: (IMPCTE-290):	Could not locate cell CLKINVX4 in any library for view fast_1p1v_0c_cmin_scan_capture.
Type 'man IMPCTE-290' for more detail.
**WARN: (IMPCTE-290):	Could not locate cell CLKINVX4 in any library for view fast_1p1v_0c_cmin_scan_capture.
Type 'man IMPCTE-290' for more detail.
**WARN: (IMPCTE-290):	Could not locate cell CLKINVX4 in any library for view fast_1p1v_0c_cmin_scan_capture.
Type 'man IMPCTE-290' for more detail.
**WARN: (IMPCTE-290):	Could not locate cell CLKINVX4 in any library for view fast_1p1v_0c_cmin_scan_capture.
Type 'man IMPCTE-290' for more detail.
**WARN: (IMPCTE-290):	Could not locate cell CLKINVX4 in any library for view fast_1p1v_0c_cmin_scan_capture.
Type 'man IMPCTE-290' for more detail.
**WARN: (EMS-27):	Message (IMPCTE-290) has exceeded the current message display limit of 20.
To increase the message display limit, refer to the product command reference manual.
INFO (CTE): Reading of timing constraints file /home/student/16/ex8/flow_matmul_sync_1/innovus_temp_10608_51fce4ef-70bb-44d2-ae3a-70c12f8c96d2_ASIC-vm_student_vXS3ID/.mmmcEBNxOz/modes/scan_capture/scan_capture.sdc completed, with 1 WARNING
------------------------------------------------------------------------------------
CONSTRAINT READING SUMMARY                                                          
------------------------------------------------------------------------------------
Constraint                                        | Success        | Fail           
------------------------------------------------------------------------------------
get_pins                                          | 1              | 0              
set_clock_uncertainty                             | 6              | 0              
get_clocks                                        | 143            | 0              
set_max_fanout                                    | 1              | 0              
get_designs                                       | 2              | 0              
set_false_path                                    | 2              | 0              
set_case_analysis                                 | 2              | 0              
set_max_transition                                | 66             | 0              
set_input_delay                                   | 69             | 0              
set_load                                          | 130            | 0              
set_max_capacitance                               | 134            | 0              
set_driving_cell                                  | 276            | 0              
get_ports                                         | 745            | 0              
create_clock                                      | 2              | 0              
set_units                                         | 1              | 0              
set_output_delay                                  | 66             | 0              
set_clock_gating_check                            | 2              | 0              
current_design                                    | 1              | 0              
------------------------------------------------------------------------------------
Ending "Constraint file reading stats" (total cpu=0:00:00.0, real=0:00:00.0, peak res=3175.3M, current mem=3175.3M)
Current (total cpu=0:00:54.7, real=0:01:17, peak res=3397.3M, current mem=3175.3M)
Reading latency file '/home/student/16/ex8/flow_matmul_sync_1/innovus_temp_10608_51fce4ef-70bb-44d2-ae3a-70c12f8c96d2_ASIC-vm_student_vXS3ID/.mmmcEBNxOz/views/fast_1p1v_0c_cmin_scan_capture/latency.sdc' ...
Current (total cpu=0:00:54.7, real=0:01:17, peak res=3397.3M, current mem=3175.3M)
Ending "Constraint file reading stats" (total cpu=0:00:00.0, real=0:00:00.0, peak res=3176.9M, current mem=3176.9M)
------------------------------------------------------------------------------------
CONSTRAINT READING SUMMARY                                                          
------------------------------------------------------------------------------------
Constraint                                        | Success        | Fail           
------------------------------------------------------------------------------------
get_pins                                          | 6              | 0              
group_path                                        | 4              | 0              
get_ports                                         | 4              | 0              
------------------------------------------------------------------------------------
Current (total cpu=0:00:54.8, real=0:01:17, peak res=3397.3M, current mem=3176.9M)
Total number of combinational cells: 318
Total number of sequential cells: 152
Total number of tristate cells: 10
Total number of level shifter cells: 0
Total number of power gating cells: 0
Total number of isolation cells: 0
Total number of power switch cells: 0
Total number of pulse generator cells: 0
Total number of always on buffers: 0
Total number of retention cells: 0
Total number of physical cells: 9
List of usable buffers: CLKBUFX2 BUFX2 CLKBUFX3 BUFX3 CLKBUFX4 BUFX4 CLKBUFX6 BUFX6 CLKBUFX8 BUFX8 CLKBUFX12 BUFX12 CLKBUFX16 BUFX16 CLKBUFX20 BUFX20
Total number of usable buffers: 16
List of unusable buffers:
Total number of unusable buffers: 0
List of usable inverters: INVXL INVX1 INVX2 CLKINVX1 INVX3 CLKINVX2 INVX4 CLKINVX4 CLKINVX3 INVX6 CLKINVX6 INVX8 CLKINVX8 INVX12 CLKINVX12 INVX16 CLKINVX16 INVX20 CLKINVX20
Total number of usable inverters: 19
List of unusable inverters:
Total number of unusable inverters: 0
List of identified usable delay cells: DLY1X1 DLY1X4 DLY2X1 DLY2X4 DLY3X1 DLY3X4 DLY4X1 DLY4X4
Total number of identified usable delay cells: 8
List of identified unusable delay cells:
Total number of identified unusable delay cells: 0
AAE_INFO: opIsDesignInPostRouteState() is 0
AAE DB initialization (MEM=3178.632812 CPU=0:00:00.0 REAL=0:00:00.0) 
#################################################################################
# Design Stage: PreRoute
# Design Name: matmul_sync
# Design Mode: 45nm
# Analysis Mode: MMMC OCV 
# Parasitics Mode: No SPEF/RCDB 
# Signoff Settings: SI Off (EWM)
#################################################################################
Extraction called for design 'matmul_sync' of instances=2054 and nets=2480 using extraction engine 'pre_route' .
pre_route RC Extraction called for design matmul_sync.
RC Extraction called in multi-corner(1) mode.
RCMode: PreRoute
      RC Corner Indexes            0   
Capacitance Scaling Factor   : 1.00000 
Resistance Scaling Factor    : 1.00000 
Clock Cap. Scaling Factor    : 1.00000 
Clock Res. Scaling Factor    : 1.00000 
Shrink Factor                : 1.00000
PreRoute extraction is honoring NDR/Shielding/ExtraSpace for clock nets.
Using Quantus QRC technology file ...
Updating RC Grid density data for preRoute extraction ...
Initializing multi-corner resistance tables ...
PreRoute RC Extraction DONE (CPU Time: 0:00:00.0  Real Time: 0:00:00.0  MEM: 4592.887M)
Start delay calculation (fullDC) (8 T). (MEM=3264.38)
Total number of fetched objects 2477
AAE_INFO: Total number of nets for which stage creation was skipped for all views 0
End delay calculation. (MEM=3348.93 CPU=0:00:00.4 REAL=0:00:00.0)
End delay calculation (fullDC). (MEM=3326.25 CPU=0:00:00.7 REAL=0:00:01.0)
TAMODEL Cpu User Time =    0.9 sec
TAMODEL Memory Usage  =   76.1 MB
TAMODEL Cpu User Time =    0.9 sec
TAMODEL Memory Usage  =   76.1 MB
Ending "etm_extraction" (total cpu=0:00:02.0, real=0:00:02.0, peak res=3501.6M, current mem=3456.1M)
Ending "etm_generation" (total cpu=0:00:02.1, real=0:00:02.0, peak res=3501.6M, current mem=3368.7M)
Info: Writing timing model for analysis_view fast_1p1v_0c_cmin_scan_shift
**WARN: (IMPCTE-104):	The constraint mode of this inactive view 'slow_0p9v_125c_cmax_scan_capture' has been modified and may need to be reanalyzed to ensure proper timing results. To reanalyze timing for this view make the view active using 'set_analysis_view' and run timing analysis.
Type 'man IMPCTE-104' for more detail.
PowerDomain pd_aon, techsite list updated as following:
 CoreSite
Extraction setup Started for TopCell matmul_sync 
Initializing multi-corner RC extraction with 1 active RC Corners ...
Captable file(s) not specified in multi-corner setup. PreRoute extraction will use technology file. For post_route extraction, default value for effort level would be 'medium' and effort level 'low' would not be allowed.
Completed (cpu: 0:00:00.0 real: 0:00:00.0)
Set Shrink Factor to 1.00000
Summary of Active RC-Corners : 
 
 Analysis View: fast_1p1v_0c_cmin_scan_shift
    RC-Corner Name        : cmin_0c
    RC-Corner Index       : 0
    RC-Corner Temperature : 0 Celsius
    RC-Corner Cap Table   : ''
    RC-Corner PreRoute Res Factor         : 1
    RC-Corner PreRoute Cap Factor         : 1
    RC-Corner PostRoute Res Factor        : 1 {1 1 1}
    RC-Corner PostRoute Cap Factor        : 1 {1 1 1}
    RC-Corner PostRoute XCap Factor       : 1 {1 1 1}
    RC-Corner PreRoute Clock Res Factor   : 1	[Derived from postRoute_res (effortLevel low)]
    RC-Corner PreRoute Clock Cap Factor   : 1	[Derived from postRoute_cap (effortLevel low)]
    RC-Corner PostRoute Clock Cap Factor  : 1 {1 1 1} 
    RC-Corner PostRoute Clock Res Factor  : 1 {1 1 1} 
    RC-Corner PostRoute Clock coupling capacitance Factor : 1 {1 1 1} 
    RC-Corner Technology file: '/opt/soc/tech/GPDK045/gsclib045/qrc/gpdk045.tch'
set_analysis_view/update_rc_corner called to change MMMC setup. RC Corner setup information has remained the same. Therefore, parasitic data in the tool brought as per the previous MMMC setup is being maintained.
*Info: initialize multi-corner CTS.
Reading timing constraints file '/home/student/16/ex8/flow_matmul_sync_1/innovus_temp_10608_51fce4ef-70bb-44d2-ae3a-70c12f8c96d2_ASIC-vm_student_vXS3ID/.mmmcTz6jfW/modes/scan_shift/scan_shift.sdc' ...
Current (total cpu=0:00:57.3, real=0:01:19, peak res=3501.6M, current mem=3283.0M)
matmul_sync
**WARN: (TCLCMD-1142):	Virtual clock 'clk_i_virtual' is being created with no source objects. (File /home/student/16/ex8/flow_matmul_sync_1/innovus_temp_10608_51fce4ef-70bb-44d2-ae3a-70c12f8c96d2_ASIC-vm_student_vXS3ID/.mmmcTz6jfW/modes/scan_shift/scan_shift.sdc, Line 12).

INFO (CTE): Reading of timing constraints file /home/student/16/ex8/flow_matmul_sync_1/innovus_temp_10608_51fce4ef-70bb-44d2-ae3a-70c12f8c96d2_ASIC-vm_student_vXS3ID/.mmmcTz6jfW/modes/scan_shift/scan_shift.sdc completed, with 1 WARNING
------------------------------------------------------------------------------------
CONSTRAINT READING SUMMARY                                                          
------------------------------------------------------------------------------------
Constraint                                        | Success        | Fail           
------------------------------------------------------------------------------------
set_clock_uncertainty                             | 6              | 0              
get_clocks                                        | 143            | 0              
set_max_fanout                                    | 1              | 0              
get_designs                                       | 2              | 0              
set_case_analysis                                 | 2              | 0              
set_max_transition                                | 66             | 0              
set_input_delay                                   | 69             | 0              
set_load                                          | 130            | 0              
set_max_capacitance                               | 134            | 0              
set_driving_cell                                  | 276            | 0              
get_ports                                         | 743            | 0              
create_clock                                      | 2              | 0              
set_units                                         | 1              | 0              
set_output_delay                                  | 66             | 0              
set_clock_gating_check                            | 2              | 0              
current_design                                    | 1              | 0              
------------------------------------------------------------------------------------
Ending "Constraint file reading stats" (total cpu=0:00:00.0, real=0:00:00.0, peak res=3296.2M, current mem=3296.2M)
Current (total cpu=0:00:57.4, real=0:01:19, peak res=3501.6M, current mem=3296.2M)
Reading latency file '/home/student/16/ex8/flow_matmul_sync_1/innovus_temp_10608_51fce4ef-70bb-44d2-ae3a-70c12f8c96d2_ASIC-vm_student_vXS3ID/.mmmcTz6jfW/views/fast_1p1v_0c_cmin_scan_shift/latency.sdc' ...
Current (total cpu=0:00:57.4, real=0:01:19, peak res=3501.6M, current mem=3296.2M)
Ending "Constraint file reading stats" (total cpu=0:00:00.0, real=0:00:00.0, peak res=3300.9M, current mem=3300.9M)
------------------------------------------------------------------------------------
CONSTRAINT READING SUMMARY                                                          
------------------------------------------------------------------------------------
Constraint                                        | Success        | Fail           
------------------------------------------------------------------------------------
get_pins                                          | 6              | 0              
group_path                                        | 4              | 0              
get_ports                                         | 4              | 0              
------------------------------------------------------------------------------------
Current (total cpu=0:00:57.4, real=0:01:19, peak res=3501.6M, current mem=3300.9M)
Total number of combinational cells: 318
Total number of sequential cells: 152
Total number of tristate cells: 10
Total number of level shifter cells: 0
Total number of power gating cells: 0
Total number of isolation cells: 0
Total number of power switch cells: 0
Total number of pulse generator cells: 0
Total number of always on buffers: 0
Total number of retention cells: 0
Total number of physical cells: 9
List of usable buffers: CLKBUFX2 BUFX2 CLKBUFX3 BUFX3 CLKBUFX4 BUFX4 CLKBUFX6 BUFX6 CLKBUFX8 BUFX8 CLKBUFX12 BUFX12 CLKBUFX16 BUFX16 CLKBUFX20 BUFX20
Total number of usable buffers: 16
List of unusable buffers:
Total number of unusable buffers: 0
List of usable inverters: INVXL INVX1 INVX2 CLKINVX1 INVX3 CLKINVX2 INVX4 CLKINVX4 CLKINVX3 INVX6 CLKINVX6 INVX8 CLKINVX8 INVX12 CLKINVX12 INVX16 CLKINVX16 INVX20 CLKINVX20
Total number of usable inverters: 19
List of unusable inverters:
Total number of unusable inverters: 0
List of identified usable delay cells: DLY1X1 DLY1X4 DLY2X1 DLY2X4 DLY3X1 DLY3X4 DLY4X1 DLY4X4
Total number of identified usable delay cells: 8
List of identified unusable delay cells:
Total number of identified unusable delay cells: 0
AAE_INFO: opIsDesignInPostRouteState() is 0
AAE DB initialization (MEM=3303.253906 CPU=0:00:00.0 REAL=0:00:00.0) 
#################################################################################
# Design Stage: PreRoute
# Design Name: matmul_sync
# Design Mode: 45nm
# Analysis Mode: MMMC OCV 
# Parasitics Mode: No SPEF/RCDB 
# Signoff Settings: SI Off (EWM)
#################################################################################
Start delay calculation (fullDC) (8 T). (MEM=3389.37)
Total number of fetched objects 2477
AAE_INFO: Total number of nets for which stage creation was skipped for all views 0
End delay calculation. (MEM=3469.71 CPU=0:00:00.4 REAL=0:00:00.0)
End delay calculation (fullDC). (MEM=3446.19 CPU=0:00:00.7 REAL=0:00:01.0)
TAMODEL Cpu User Time =    0.4 sec
TAMODEL Memory Usage  =   88.1 MB
TAMODEL Cpu User Time =    0.4 sec
TAMODEL Memory Usage  =   88.1 MB
Ending "etm_extraction" (total cpu=0:00:01.6, real=0:00:01.0, peak res=3678.3M, current mem=3640.3M)
Ending "etm_generation" (total cpu=0:00:01.7, real=0:00:02.0, peak res=3678.3M, current mem=3555.3M)
Info: Writing timing model for analysis_view fast_1p1v_0c_cmin_func
**WARN: (IMPCTE-104):	The constraint mode of this inactive view 'slow_0p9v_125c_cmax_scan_shift' has been modified and may need to be reanalyzed to ensure proper timing results. To reanalyze timing for this view make the view active using 'set_analysis_view' and run timing analysis.
Type 'man IMPCTE-104' for more detail.
PowerDomain pd_aon, techsite list updated as following:
 CoreSite
Extraction setup Started for TopCell matmul_sync 
Initializing multi-corner RC extraction with 1 active RC Corners ...
Captable file(s) not specified in multi-corner setup. PreRoute extraction will use technology file. For post_route extraction, default value for effort level would be 'medium' and effort level 'low' would not be allowed.
Completed (cpu: 0:00:00.0 real: 0:00:00.0)
Set Shrink Factor to 1.00000
Summary of Active RC-Corners : 
 
 Analysis View: fast_1p1v_0c_cmin_func
    RC-Corner Name        : cmin_0c
    RC-Corner Index       : 0
    RC-Corner Temperature : 0 Celsius
    RC-Corner Cap Table   : ''
    RC-Corner PreRoute Res Factor         : 1
    RC-Corner PreRoute Cap Factor         : 1
    RC-Corner PostRoute Res Factor        : 1 {1 1 1}
    RC-Corner PostRoute Cap Factor        : 1 {1 1 1}
    RC-Corner PostRoute XCap Factor       : 1 {1 1 1}
    RC-Corner PreRoute Clock Res Factor   : 1	[Derived from postRoute_res (effortLevel low)]
    RC-Corner PreRoute Clock Cap Factor   : 1	[Derived from postRoute_cap (effortLevel low)]
    RC-Corner PostRoute Clock Cap Factor  : 1 {1 1 1} 
    RC-Corner PostRoute Clock Res Factor  : 1 {1 1 1} 
    RC-Corner PostRoute Clock coupling capacitance Factor : 1 {1 1 1} 
    RC-Corner Technology file: '/opt/soc/tech/GPDK045/gsclib045/qrc/gpdk045.tch'
set_analysis_view/update_rc_corner called to change MMMC setup. RC Corner setup information has remained the same. Therefore, parasitic data in the tool brought as per the previous MMMC setup is being maintained.
*Info: initialize multi-corner CTS.
Reading timing constraints file '/home/student/16/ex8/flow_matmul_sync_1/innovus_temp_10608_51fce4ef-70bb-44d2-ae3a-70c12f8c96d2_ASIC-vm_student_vXS3ID/.mmmcWsRpmz/modes/func/func.sdc' ...
Current (total cpu=0:00:59.6, real=0:01:21, peak res=3678.3M, current mem=3449.2M)
matmul_sync
**WARN: (TCLCMD-1142):	Virtual clock 'clk_i_virtual' is being created with no source objects. (File /home/student/16/ex8/flow_matmul_sync_1/innovus_temp_10608_51fce4ef-70bb-44d2-ae3a-70c12f8c96d2_ASIC-vm_student_vXS3ID/.mmmcWsRpmz/modes/func/func.sdc, Line 12).

INFO (CTE): Reading of timing constraints file /home/student/16/ex8/flow_matmul_sync_1/innovus_temp_10608_51fce4ef-70bb-44d2-ae3a-70c12f8c96d2_ASIC-vm_student_vXS3ID/.mmmcWsRpmz/modes/func/func.sdc completed, with 1 WARNING
------------------------------------------------------------------------------------
CONSTRAINT READING SUMMARY                                                          
------------------------------------------------------------------------------------
Constraint                                        | Success        | Fail           
------------------------------------------------------------------------------------
set_multicycle_path                               | 2              | 0              
get_pins                                          | 1              | 0              
set_clock_uncertainty                             | 6              | 0              
get_clocks                                        | 209            | 0              
set_max_fanout                                    | 1              | 0              
get_designs                                       | 2              | 0              
set_false_path                                    | 2              | 0              
set_case_analysis                                 | 2              | 0              
set_max_transition                                | 66             | 0              
set_input_delay                                   | 135            | 0              
set_load                                          | 130            | 0              
set_max_capacitance                               | 134            | 0              
set_clock_groups                                  | 1              | 0              
set_driving_cell                                  | 276            | 0              
get_ports                                         | 812            | 0              
create_clock                                      | 2              | 0              
set_units                                         | 1              | 0              
set_output_delay                                  | 65             | 0              
set_clock_gating_check                            | 2              | 0              
current_design                                    | 1              | 0              
------------------------------------------------------------------------------------
Ending "Constraint file reading stats" (total cpu=0:00:00.0, real=0:00:00.0, peak res=3467.0M, current mem=3467.0M)
Current (total cpu=0:00:59.7, real=0:01:21, peak res=3678.3M, current mem=3467.0M)
Reading latency file '/home/student/16/ex8/flow_matmul_sync_1/innovus_temp_10608_51fce4ef-70bb-44d2-ae3a-70c12f8c96d2_ASIC-vm_student_vXS3ID/.mmmcWsRpmz/views/fast_1p1v_0c_cmin_func/latency.sdc' ...
Current (total cpu=0:00:59.7, real=0:01:21, peak res=3678.3M, current mem=3467.1M)
Ending "Constraint file reading stats" (total cpu=0:00:00.0, real=0:00:00.0, peak res=3468.9M, current mem=3468.9M)
------------------------------------------------------------------------------------
CONSTRAINT READING SUMMARY                                                          
------------------------------------------------------------------------------------
Constraint                                        | Success        | Fail           
------------------------------------------------------------------------------------
get_pins                                          | 6              | 0              
group_path                                        | 4              | 0              
get_ports                                         | 4              | 0              
------------------------------------------------------------------------------------
Current (total cpu=0:00:59.7, real=0:01:21, peak res=3678.3M, current mem=3468.9M)
Total number of combinational cells: 318
Total number of sequential cells: 152
Total number of tristate cells: 10
Total number of level shifter cells: 0
Total number of power gating cells: 0
Total number of isolation cells: 0
Total number of power switch cells: 0
Total number of pulse generator cells: 0
Total number of always on buffers: 0
Total number of retention cells: 0
Total number of physical cells: 9
List of usable buffers: CLKBUFX2 BUFX2 CLKBUFX3 BUFX3 CLKBUFX4 BUFX4 CLKBUFX6 BUFX6 CLKBUFX8 BUFX8 CLKBUFX12 BUFX12 CLKBUFX16 BUFX16 CLKBUFX20 BUFX20
Total number of usable buffers: 16
List of unusable buffers:
Total number of unusable buffers: 0
List of usable inverters: INVXL INVX1 INVX2 CLKINVX1 INVX3 CLKINVX2 INVX4 CLKINVX4 CLKINVX3 INVX6 CLKINVX6 INVX8 CLKINVX8 INVX12 CLKINVX12 INVX16 CLKINVX16 INVX20 CLKINVX20
Total number of usable inverters: 19
List of unusable inverters:
Total number of unusable inverters: 0
List of identified usable delay cells: DLY1X1 DLY1X4 DLY2X1 DLY2X4 DLY3X1 DLY3X4 DLY4X1 DLY4X4
Total number of identified usable delay cells: 8
List of identified unusable delay cells:
Total number of identified unusable delay cells: 0
AAE_INFO: opIsDesignInPostRouteState() is 0
AAE DB initialization (MEM=3471.503906 CPU=0:00:00.0 REAL=0:00:00.0) 
#################################################################################
# Design Stage: PreRoute
# Design Name: matmul_sync
# Design Mode: 45nm
# Analysis Mode: MMMC OCV 
# Parasitics Mode: No SPEF/RCDB 
# Signoff Settings: SI Off (EWM)
#################################################################################
Start delay calculation (fullDC) (8 T). (MEM=3555.21)
Total number of fetched objects 2477
AAE_INFO: Total number of nets for which stage creation was skipped for all views 0
End delay calculation. (MEM=3614.23 CPU=0:00:00.4 REAL=0:00:00.0)
End delay calculation (fullDC). (MEM=3590.88 CPU=0:00:00.7 REAL=0:00:01.0)
TAMODEL Cpu User Time =    0.7 sec
TAMODEL Memory Usage  =  112.1 MB
TAMODEL Cpu User Time =    0.7 sec
TAMODEL Memory Usage  =  112.1 MB
Ending "etm_extraction" (total cpu=0:00:01.9, real=0:00:02.0, peak res=3816.2M, current mem=3785.0M)
Ending "etm_generation" (total cpu=0:00:02.0, real=0:00:02.0, peak res=3816.2M, current mem=3702.5M)
@flow 21: #set_multi_cpu_usage -local_cpu 8 -remote_host 1 -cpu_per_remote_host 8
@@flow 23: set_analysis_view -setup $active_setup_views -hold $active_hold_views
**WARN: (IMPCTE-104):	The constraint mode of this inactive view 'slow_0p9v_125c_cmax_func' has been modified and may need to be reanalyzed to ensure proper timing results. To reanalyze timing for this view make the view active using 'set_analysis_view' and run timing analysis.
Type 'man IMPCTE-104' for more detail.
PowerDomain pd_aon, techsite list updated as following:
 CoreSite
Extraction setup Started for TopCell matmul_sync 
Initializing multi-corner RC extraction with 2 active RC Corners ...
**WARN: (IMPEXT-3503):	The corner setup has changed in the MMMC flow. New RC corners 'cmax_125c' have been added, therefore, no parasitic data exists for them. As a result, the parasitic data in the tool from the previous setup is deleted. Extract or restore the parasitic data for all the current corners by calling 'extractRC/spefIn'.
Captable file(s) not specified in multi-corner setup. PreRoute extraction will use technology file. For post_route extraction, default value for effort level would be 'medium' and effort level 'low' would not be allowed.
Completed (cpu: 0:00:00.0 real: 0:00:00.0)
Set Shrink Factor to 1.00000
Summary of Active RC-Corners : 
 
 Analysis View: slow_0p9v_125c_cmax_scan_shift
    RC-Corner Name        : cmax_125c
    RC-Corner Index       : 0
    RC-Corner Temperature : 125 Celsius
    RC-Corner Cap Table   : ''
    RC-Corner PreRoute Res Factor         : 1
    RC-Corner PreRoute Cap Factor         : 1
    RC-Corner PostRoute Res Factor        : 1 {1 1 1}
    RC-Corner PostRoute Cap Factor        : 1 {1 1 1}
    RC-Corner PostRoute XCap Factor       : 1 {1 1 1}
    RC-Corner PreRoute Clock Res Factor   : 1	[Derived from postRoute_res (effortLevel low)]
    RC-Corner PreRoute Clock Cap Factor   : 1	[Derived from postRoute_cap (effortLevel low)]
    RC-Corner PostRoute Clock Cap Factor  : 1 {1 1 1} 
    RC-Corner PostRoute Clock Res Factor  : 1 {1 1 1} 
    RC-Corner PostRoute Clock coupling capacitance Factor : 1 {1 1 1} 
    RC-Corner Technology file: '/opt/soc/tech/GPDK045/gsclib045/qrc/gpdk045.tch'
 
 Analysis View: slow_0p9v_125c_cmax_scan_capture
    RC-Corner Name        : cmax_125c
    RC-Corner Index       : 0
    RC-Corner Temperature : 125 Celsius
    RC-Corner Cap Table   : ''
    RC-Corner PreRoute Res Factor         : 1
    RC-Corner PreRoute Cap Factor         : 1
    RC-Corner PostRoute Res Factor        : 1 {1 1 1}
    RC-Corner PostRoute Cap Factor        : 1 {1 1 1}
    RC-Corner PostRoute XCap Factor       : 1 {1 1 1}
    RC-Corner PreRoute Clock Res Factor   : 1	[Derived from postRoute_res (effortLevel low)]
    RC-Corner PreRoute Clock Cap Factor   : 1	[Derived from postRoute_cap (effortLevel low)]
    RC-Corner PostRoute Clock Cap Factor  : 1 {1 1 1} 
    RC-Corner PostRoute Clock Res Factor  : 1 {1 1 1} 
    RC-Corner PostRoute Clock coupling capacitance Factor : 1 {1 1 1} 
    RC-Corner Technology file: '/opt/soc/tech/GPDK045/gsclib045/qrc/gpdk045.tch'
 
 Analysis View: slow_0p9v_125c_cmax_func
    RC-Corner Name        : cmax_125c
    RC-Corner Index       : 0
    RC-Corner Temperature : 125 Celsius
    RC-Corner Cap Table   : ''
    RC-Corner PreRoute Res Factor         : 1
    RC-Corner PreRoute Cap Factor         : 1
    RC-Corner PostRoute Res Factor        : 1 {1 1 1}
    RC-Corner PostRoute Cap Factor        : 1 {1 1 1}
    RC-Corner PostRoute XCap Factor       : 1 {1 1 1}
    RC-Corner PreRoute Clock Res Factor   : 1	[Derived from postRoute_res (effortLevel low)]
    RC-Corner PreRoute Clock Cap Factor   : 1	[Derived from postRoute_cap (effortLevel low)]
    RC-Corner PostRoute Clock Cap Factor  : 1 {1 1 1} 
    RC-Corner PostRoute Clock Res Factor  : 1 {1 1 1} 
    RC-Corner PostRoute Clock coupling capacitance Factor : 1 {1 1 1} 
    RC-Corner Technology file: '/opt/soc/tech/GPDK045/gsclib045/qrc/gpdk045.tch'
 
 Analysis View: fast_1p1v_0c_cmin_scan_capture
    RC-Corner Name        : cmin_0c
    RC-Corner Index       : 1
    RC-Corner Temperature : 0 Celsius
    RC-Corner Cap Table   : ''
    RC-Corner PreRoute Res Factor         : 1
    RC-Corner PreRoute Cap Factor         : 1
    RC-Corner PostRoute Res Factor        : 1 {1 1 1}
    RC-Corner PostRoute Cap Factor        : 1 {1 1 1}
    RC-Corner PostRoute XCap Factor       : 1 {1 1 1}
    RC-Corner PreRoute Clock Res Factor   : 1	[Derived from postRoute_res (effortLevel low)]
    RC-Corner PreRoute Clock Cap Factor   : 1	[Derived from postRoute_cap (effortLevel low)]
    RC-Corner PostRoute Clock Cap Factor  : 1 {1 1 1} 
    RC-Corner PostRoute Clock Res Factor  : 1 {1 1 1} 
    RC-Corner PostRoute Clock coupling capacitance Factor : 1 {1 1 1} 
    RC-Corner Technology file: '/opt/soc/tech/GPDK045/gsclib045/qrc/gpdk045.tch'
 
 Analysis View: fast_1p1v_0c_cmin_scan_shift
    RC-Corner Name        : cmin_0c
    RC-Corner Index       : 1
    RC-Corner Temperature : 0 Celsius
    RC-Corner Cap Table   : ''
    RC-Corner PreRoute Res Factor         : 1
    RC-Corner PreRoute Cap Factor         : 1
    RC-Corner PostRoute Res Factor        : 1 {1 1 1}
    RC-Corner PostRoute Cap Factor        : 1 {1 1 1}
    RC-Corner PostRoute XCap Factor       : 1 {1 1 1}
    RC-Corner PreRoute Clock Res Factor   : 1	[Derived from postRoute_res (effortLevel low)]
    RC-Corner PreRoute Clock Cap Factor   : 1	[Derived from postRoute_cap (effortLevel low)]
    RC-Corner PostRoute Clock Cap Factor  : 1 {1 1 1} 
    RC-Corner PostRoute Clock Res Factor  : 1 {1 1 1} 
    RC-Corner PostRoute Clock coupling capacitance Factor : 1 {1 1 1} 
    RC-Corner Technology file: '/opt/soc/tech/GPDK045/gsclib045/qrc/gpdk045.tch'
 
 Analysis View: fast_1p1v_0c_cmin_func
    RC-Corner Name        : cmin_0c
    RC-Corner Index       : 1
    RC-Corner Temperature : 0 Celsius
    RC-Corner Cap Table   : ''
    RC-Corner PreRoute Res Factor         : 1
    RC-Corner PreRoute Cap Factor         : 1
    RC-Corner PostRoute Res Factor        : 1 {1 1 1}
    RC-Corner PostRoute Cap Factor        : 1 {1 1 1}
    RC-Corner PostRoute XCap Factor       : 1 {1 1 1}
    RC-Corner PreRoute Clock Res Factor   : 1	[Derived from postRoute_res (effortLevel low)]
    RC-Corner PreRoute Clock Cap Factor   : 1	[Derived from postRoute_cap (effortLevel low)]
    RC-Corner PostRoute Clock Cap Factor  : 1 {1 1 1} 
    RC-Corner PostRoute Clock Res Factor  : 1 {1 1 1} 
    RC-Corner PostRoute Clock coupling capacitance Factor : 1 {1 1 1} 
    RC-Corner Technology file: '/opt/soc/tech/GPDK045/gsclib045/qrc/gpdk045.tch'
Updating RC Grid density data for preRoute extraction ...
Initializing multi-corner resistance tables ...
*Info: initialize multi-corner CTS.
Reading timing constraints file '/home/student/16/ex8/flow_matmul_sync_1/innovus_temp_10608_51fce4ef-70bb-44d2-ae3a-70c12f8c96d2_ASIC-vm_student_vXS3ID/.mmmc7wzdpi/modes/scan_capture/scan_capture.sdc' ...
Current (total cpu=0:01:02, real=0:01:23, peak res=3816.2M, current mem=3606.5M)
matmul_sync
**WARN: (TCLCMD-1142):	Virtual clock 'clk_i_virtual' is being created with no source objects. (File /home/student/16/ex8/flow_matmul_sync_1/innovus_temp_10608_51fce4ef-70bb-44d2-ae3a-70c12f8c96d2_ASIC-vm_student_vXS3ID/.mmmc7wzdpi/modes/scan_capture/scan_capture.sdc, Line 12).

**WARN: (IMPCTE-290):	Could not locate cell CLKINVX4 in any library for view fast_1p1v_0c_cmin_scan_capture.
Type 'man IMPCTE-290' for more detail.
**WARN: (IMPCTE-290):	Could not locate cell CLKINVX4 in any library for view fast_1p1v_0c_cmin_scan_capture.
Type 'man IMPCTE-290' for more detail.
**WARN: (IMPCTE-290):	Could not locate cell CLKINVX4 in any library for view fast_1p1v_0c_cmin_scan_capture.
Type 'man IMPCTE-290' for more detail.
**WARN: (IMPCTE-290):	Could not locate cell CLKINVX4 in any library for view fast_1p1v_0c_cmin_scan_capture.
Type 'man IMPCTE-290' for more detail.
**WARN: (IMPCTE-290):	Could not locate cell CLKINVX4 in any library for view fast_1p1v_0c_cmin_scan_capture.
Type 'man IMPCTE-290' for more detail.
**WARN: (IMPCTE-290):	Could not locate cell CLKINVX4 in any library for view fast_1p1v_0c_cmin_scan_capture.
Type 'man IMPCTE-290' for more detail.
**WARN: (IMPCTE-290):	Could not locate cell CLKINVX4 in any library for view fast_1p1v_0c_cmin_scan_capture.
Type 'man IMPCTE-290' for more detail.
**WARN: (IMPCTE-290):	Could not locate cell CLKINVX4 in any library for view fast_1p1v_0c_cmin_scan_capture.
Type 'man IMPCTE-290' for more detail.
**WARN: (IMPCTE-290):	Could not locate cell CLKINVX4 in any library for view fast_1p1v_0c_cmin_scan_capture.
Type 'man IMPCTE-290' for more detail.
**WARN: (IMPCTE-290):	Could not locate cell CLKINVX4 in any library for view fast_1p1v_0c_cmin_scan_capture.
Type 'man IMPCTE-290' for more detail.
**WARN: (IMPCTE-290):	Could not locate cell CLKINVX4 in any library for view fast_1p1v_0c_cmin_scan_capture.
Type 'man IMPCTE-290' for more detail.
**WARN: (IMPCTE-290):	Could not locate cell CLKINVX4 in any library for view fast_1p1v_0c_cmin_scan_capture.
Type 'man IMPCTE-290' for more detail.
**WARN: (IMPCTE-290):	Could not locate cell CLKINVX4 in any library for view fast_1p1v_0c_cmin_scan_capture.
Type 'man IMPCTE-290' for more detail.
**WARN: (IMPCTE-290):	Could not locate cell CLKINVX4 in any library for view fast_1p1v_0c_cmin_scan_capture.
Type 'man IMPCTE-290' for more detail.
**WARN: (IMPCTE-290):	Could not locate cell CLKINVX4 in any library for view fast_1p1v_0c_cmin_scan_capture.
Type 'man IMPCTE-290' for more detail.
**WARN: (IMPCTE-290):	Could not locate cell CLKINVX4 in any library for view fast_1p1v_0c_cmin_scan_capture.
Type 'man IMPCTE-290' for more detail.
**WARN: (IMPCTE-290):	Could not locate cell CLKINVX4 in any library for view fast_1p1v_0c_cmin_scan_capture.
Type 'man IMPCTE-290' for more detail.
**WARN: (IMPCTE-290):	Could not locate cell CLKINVX4 in any library for view fast_1p1v_0c_cmin_scan_capture.
Type 'man IMPCTE-290' for more detail.
**WARN: (IMPCTE-290):	Could not locate cell CLKINVX4 in any library for view fast_1p1v_0c_cmin_scan_capture.
Type 'man IMPCTE-290' for more detail.
**WARN: (IMPCTE-290):	Could not locate cell CLKINVX4 in any library for view fast_1p1v_0c_cmin_scan_capture.
Type 'man IMPCTE-290' for more detail.
**WARN: (EMS-27):	Message (IMPCTE-290) has exceeded the current message display limit of 20.
To increase the message display limit, refer to the product command reference manual.
INFO (CTE): Reading of timing constraints file /home/student/16/ex8/flow_matmul_sync_1/innovus_temp_10608_51fce4ef-70bb-44d2-ae3a-70c12f8c96d2_ASIC-vm_student_vXS3ID/.mmmc7wzdpi/modes/scan_capture/scan_capture.sdc completed, with 1 WARNING
------------------------------------------------------------------------------------
CONSTRAINT READING SUMMARY                                                          
------------------------------------------------------------------------------------
Constraint                                        | Success        | Fail           
------------------------------------------------------------------------------------
get_pins                                          | 1              | 0              
set_clock_uncertainty                             | 6              | 0              
get_clocks                                        | 143            | 0              
set_max_fanout                                    | 1              | 0              
get_designs                                       | 2              | 0              
set_false_path                                    | 2              | 0              
set_case_analysis                                 | 2              | 0              
set_max_transition                                | 66             | 0              
set_input_delay                                   | 69             | 0              
set_load                                          | 130            | 0              
set_max_capacitance                               | 134            | 0              
set_driving_cell                                  | 276            | 0              
get_ports                                         | 745            | 0              
create_clock                                      | 2              | 0              
set_units                                         | 1              | 0              
set_output_delay                                  | 66             | 0              
set_clock_gating_check                            | 2              | 0              
current_design                                    | 1              | 0              
------------------------------------------------------------------------------------
Ending "Constraint file reading stats" (total cpu=0:00:00.0, real=0:00:00.0, peak res=3625.7M, current mem=3625.7M)
Current (total cpu=0:01:02, real=0:01:23, peak res=3816.2M, current mem=3625.7M)
Reading timing constraints file '/home/student/16/ex8/flow_matmul_sync_1/innovus_temp_10608_51fce4ef-70bb-44d2-ae3a-70c12f8c96d2_ASIC-vm_student_vXS3ID/.mmmc7wzdpi/modes/func/func.sdc' ...
Current (total cpu=0:01:02, real=0:01:23, peak res=3816.2M, current mem=3625.7M)
matmul_sync
**WARN: (TCLCMD-1142):	Virtual clock 'clk_i_virtual' is being created with no source objects. (File /home/student/16/ex8/flow_matmul_sync_1/innovus_temp_10608_51fce4ef-70bb-44d2-ae3a-70c12f8c96d2_ASIC-vm_student_vXS3ID/.mmmc7wzdpi/modes/func/func.sdc, Line 12).

INFO (CTE): Reading of timing constraints file /home/student/16/ex8/flow_matmul_sync_1/innovus_temp_10608_51fce4ef-70bb-44d2-ae3a-70c12f8c96d2_ASIC-vm_student_vXS3ID/.mmmc7wzdpi/modes/func/func.sdc completed, with 1 WARNING
------------------------------------------------------------------------------------
CONSTRAINT READING SUMMARY                                                          
------------------------------------------------------------------------------------
Constraint                                        | Success        | Fail           
------------------------------------------------------------------------------------
set_multicycle_path                               | 2              | 0              
get_pins                                          | 1              | 0              
set_clock_uncertainty                             | 6              | 0              
get_clocks                                        | 209            | 0              
set_max_fanout                                    | 1              | 0              
get_designs                                       | 2              | 0              
set_false_path                                    | 2              | 0              
set_case_analysis                                 | 2              | 0              
set_max_transition                                | 66             | 0              
set_input_delay                                   | 135            | 0              
set_load                                          | 130            | 0              
set_max_capacitance                               | 134            | 0              
set_clock_groups                                  | 1              | 0              
set_driving_cell                                  | 276            | 0              
get_ports                                         | 812            | 0              
create_clock                                      | 2              | 0              
set_units                                         | 1              | 0              
set_output_delay                                  | 65             | 0              
set_clock_gating_check                            | 2              | 0              
current_design                                    | 1              | 0              
------------------------------------------------------------------------------------
Ending "Constraint file reading stats" (total cpu=0:00:00.0, real=0:00:00.0, peak res=3626.0M, current mem=3626.0M)
Current (total cpu=0:01:02, real=0:01:23, peak res=3816.2M, current mem=3626.0M)
Reading timing constraints file '/home/student/16/ex8/flow_matmul_sync_1/innovus_temp_10608_51fce4ef-70bb-44d2-ae3a-70c12f8c96d2_ASIC-vm_student_vXS3ID/.mmmc7wzdpi/modes/scan_shift/scan_shift.sdc' ...
Current (total cpu=0:01:02, real=0:01:23, peak res=3816.2M, current mem=3626.0M)
matmul_sync
**WARN: (TCLCMD-1142):	Virtual clock 'clk_i_virtual' is being created with no source objects. (File /home/student/16/ex8/flow_matmul_sync_1/innovus_temp_10608_51fce4ef-70bb-44d2-ae3a-70c12f8c96d2_ASIC-vm_student_vXS3ID/.mmmc7wzdpi/modes/scan_shift/scan_shift.sdc, Line 12).

INFO (CTE): Reading of timing constraints file /home/student/16/ex8/flow_matmul_sync_1/innovus_temp_10608_51fce4ef-70bb-44d2-ae3a-70c12f8c96d2_ASIC-vm_student_vXS3ID/.mmmc7wzdpi/modes/scan_shift/scan_shift.sdc completed, with 1 WARNING
------------------------------------------------------------------------------------
CONSTRAINT READING SUMMARY                                                          
------------------------------------------------------------------------------------
Constraint                                        | Success        | Fail           
------------------------------------------------------------------------------------
set_clock_uncertainty                             | 6              | 0              
get_clocks                                        | 143            | 0              
set_max_fanout                                    | 1              | 0              
get_designs                                       | 2              | 0              
set_case_analysis                                 | 2              | 0              
set_max_transition                                | 66             | 0              
set_input_delay                                   | 69             | 0              
set_load                                          | 130            | 0              
set_max_capacitance                               | 134            | 0              
set_driving_cell                                  | 276            | 0              
get_ports                                         | 743            | 0              
create_clock                                      | 2              | 0              
set_units                                         | 1              | 0              
set_output_delay                                  | 66             | 0              
set_clock_gating_check                            | 2              | 0              
current_design                                    | 1              | 0              
------------------------------------------------------------------------------------
Ending "Constraint file reading stats" (total cpu=0:00:00.0, real=0:00:00.0, peak res=3626.3M, current mem=3626.3M)
Current (total cpu=0:01:02, real=0:01:23, peak res=3816.2M, current mem=3626.3M)
Reading latency file '/home/student/16/ex8/flow_matmul_sync_1/innovus_temp_10608_51fce4ef-70bb-44d2-ae3a-70c12f8c96d2_ASIC-vm_student_vXS3ID/.mmmc7wzdpi/views/slow_0p9v_125c_cmax_scan_shift/latency.sdc' ...
Reading latency file '/home/student/16/ex8/flow_matmul_sync_1/innovus_temp_10608_51fce4ef-70bb-44d2-ae3a-70c12f8c96d2_ASIC-vm_student_vXS3ID/.mmmc7wzdpi/views/slow_0p9v_125c_cmax_scan_capture/latency.sdc' ...
Reading latency file '/home/student/16/ex8/flow_matmul_sync_1/innovus_temp_10608_51fce4ef-70bb-44d2-ae3a-70c12f8c96d2_ASIC-vm_student_vXS3ID/.mmmc7wzdpi/views/slow_0p9v_125c_cmax_func/latency.sdc' ...
Reading latency file '/home/student/16/ex8/flow_matmul_sync_1/innovus_temp_10608_51fce4ef-70bb-44d2-ae3a-70c12f8c96d2_ASIC-vm_student_vXS3ID/.mmmc7wzdpi/views/fast_1p1v_0c_cmin_scan_capture/latency.sdc' ...
Reading latency file '/home/student/16/ex8/flow_matmul_sync_1/innovus_temp_10608_51fce4ef-70bb-44d2-ae3a-70c12f8c96d2_ASIC-vm_student_vXS3ID/.mmmc7wzdpi/views/fast_1p1v_0c_cmin_scan_shift/latency.sdc' ...
Reading latency file '/home/student/16/ex8/flow_matmul_sync_1/innovus_temp_10608_51fce4ef-70bb-44d2-ae3a-70c12f8c96d2_ASIC-vm_student_vXS3ID/.mmmc7wzdpi/views/fast_1p1v_0c_cmin_func/latency.sdc' ...
Current (total cpu=0:01:03, real=0:01:23, peak res=3816.2M, current mem=3626.3M)
Ending "Constraint file reading stats" (total cpu=0:00:00.0, real=0:00:00.0, peak res=3627.6M, current mem=3627.6M)
------------------------------------------------------------------------------------
CONSTRAINT READING SUMMARY                                                          
------------------------------------------------------------------------------------
Constraint                                        | Success        | Fail           
------------------------------------------------------------------------------------
get_pins                                          | 6              | 0              
group_path                                        | 4              | 0              
get_ports                                         | 4              | 0              
------------------------------------------------------------------------------------
Current (total cpu=0:01:03, real=0:01:23, peak res=3816.2M, current mem=3627.6M)
Current (total cpu=0:01:03, real=0:01:23, peak res=3816.2M, current mem=3627.6M)
I------------------------------------------------------------------------------------
CONSTRAINT READING SUMMARY                                                          
------------------------------------------------------------------------------------
Constraint                                        | Success        | Fail           
------------------------------------------------------------------------------------
set_timing_derate                                 | 9              | 0              
------------------------------------------------------------------------------------
NFO (CTE): Constraints read successfully.
Ending "Constraint file reading stats" (total cpu=0:00:00.0, real=0:00:00.0, peak res=3629.7M, current mem=3629.7M)
Current (total cpu=0:01:03, real=0:01:23, peak res=3816.2M, current mem=3629.7M)
Total number of combinational cells: 318
Total number of sequential cells: 152
Total number of tristate cells: 10
Total number of level shifter cells: 0
Total number of power gating cells: 0
Total number of isolation cells: 0
Total number of power switch cells: 0
Total number of pulse generator cells: 0
Total number of always on buffers: 0
Total number of retention cells: 0
Total number of physical cells: 9
List of usable buffers: CLKBUFX2 BUFX2 CLKBUFX3 BUFX3 CLKBUFX4 BUFX4 CLKBUFX6 BUFX6 CLKBUFX8 BUFX8 CLKBUFX12 BUFX12 CLKBUFX16 BUFX16 CLKBUFX20 BUFX20
Total number of usable buffers: 16
List of unusable buffers:
Total number of unusable buffers: 0
List of usable inverters: INVXL INVX1 INVX2 CLKINVX1 INVX3 CLKINVX2 INVX4 CLKINVX4 CLKINVX3 INVX6 CLKINVX6 INVX8 CLKINVX8 INVX12 CLKINVX12 INVX16 CLKINVX16 INVX20 CLKINVX20
Total number of usable inverters: 19
List of unusable inverters:
Total number of unusable inverters: 0
List of identified usable delay cells: DLY1X1 DLY1X4 DLY2X1 DLY2X4 DLY3X1 DLY3X4 DLY4X1 DLY4X4
Total number of identified usable delay cells: 8
List of identified unusable delay cells:
Total number of identified unusable delay cells: 0
@flow 25: # merge .libs to one single multimode file
@flow 26: foreach corner_name [get_db -u [get_db analysis_views -if {.is_setup||.is_hold||.is_leakage||.is_dynamic}] .delay_corner.name] {

	set constraint_modes [join [get_db -u analysis_views .constraint_mode.name] ","]
	set files [glob models/[get_db flow_report_name]/[get_db [current_design] .name].${corner_name}_{${constraint_modes}}.lib]
	if {![llength $files]} {
	    puts "Error: No files corresponding to corner: ${corner_name} and constraint_modes: ${constraint_modes} in models/[get_db flow_report_name]/"
	    continue
	}
	set mode_list [list ]
	set mode_group ""
	foreach ff $files {
	    set mode ""
	    set cmodes [regsub -all "," $constraint_modes "|"]
	    if {![regexp "_(${cmodes})\.lib" $ff -> mode]} {
		puts "Error: Bad filename $ff"
		continue
	    }
	    lappend mode_list $mode
	    if {$mode_group == ""} {
		set mode_group $mode
	    } else {
		set mode_group ${mode_group}_${mode}
	    }
	}

	merge_model_timing -input_library_file $files  -mode_group $mode_group  -modes $mode_list  -merged_library_file models/[get_db flow_report_name]/[get_db [current_design] .name].${corner_name}.lib
    }
Multi-CPU acceleration using 8 CPU(s).
Reading Library: models/floorplan/matmul_sync.slow_0p9v_125c_cmax_scan_shift.lib
**WARN: (TECHLIB-1329):	The attribute 'related_power_pin' on the pin 'scan_mode_matmul_sync' in cell 'matmul_sync' is missing, even though the cell has multiple supply voltages. (File models/floorplan/matmul_sync.slow_0p9v_125c_cmax_scan_shift.lib, Line 597)
Reading Library: models/floorplan/matmul_sync.slow_0p9v_125c_cmax_scan_capture.lib
**WARN: (TECHLIB-1329):	The attribute 'related_power_pin' on the pin 'scan_mode_matmul_sync' in cell 'matmul_sync' is missing, even though the cell has multiple supply voltages. (File models/floorplan/matmul_sync.slow_0p9v_125c_cmax_scan_capture.lib, Line 1546)
Reading Library: models/floorplan/matmul_sync.slow_0p9v_125c_cmax_func.lib
**WARN: (TECHLIB-1329):	The attribute 'related_power_pin' on the pin 'scan_mode_matmul_sync' in cell 'matmul_sync' is missing, even though the cell has multiple supply voltages. (File models/floorplan/matmul_sync.slow_0p9v_125c_cmax_func.lib, Line 1546)
**WARN: (TECHLIB-1060):	Missing arc in pin 'scan_out_matmul_sync_0' of cell 'matmul_sync' of library 'matmul_sync.slow_0p9v_125c_cmax_scan_capture.lib ' but present in library 'matmul_sync.slow_0p9v_125c_cmax_scan_shift.lib'.
**WARN: (TECHLIB-1060):	Missing arc in pin 'scan_in_matmul_sync_0' of cell 'matmul_sync' of library 'matmul_sync.slow_0p9v_125c_cmax_scan_capture.lib ' but present in library 'matmul_sync.slow_0p9v_125c_cmax_scan_shift.lib'.
Merging the library files in outfile: models/floorplan/matmul_sync.slow_0p9v_125c_cmax.lib.
Reading Library: models/floorplan/matmul_sync.fast_1p1v_0c_cmin_scan_shift.lib
**WARN: (TECHLIB-1329):	The attribute 'related_power_pin' on the pin 'scan_mode_matmul_sync' in cell 'matmul_sync' is missing, even though the cell has multiple supply voltages. (File models/floorplan/matmul_sync.fast_1p1v_0c_cmin_scan_shift.lib, Line 597)
Reading Library: models/floorplan/matmul_sync.fast_1p1v_0c_cmin_scan_capture.lib
**WARN: (TECHLIB-1329):	The attribute 'related_power_pin' on the pin 'scan_mode_matmul_sync' in cell 'matmul_sync' is missing, even though the cell has multiple supply voltages. (File models/floorplan/matmul_sync.fast_1p1v_0c_cmin_scan_capture.lib, Line 1581)
Reading Library: models/floorplan/matmul_sync.fast_1p1v_0c_cmin_func.lib
**WARN: (TECHLIB-1329):	The attribute 'related_power_pin' on the pin 'scan_mode_matmul_sync' in cell 'matmul_sync' is missing, even though the cell has multiple supply voltages. (File models/floorplan/matmul_sync.fast_1p1v_0c_cmin_func.lib, Line 1581)
**WARN: (TECHLIB-1060):	Missing arc in pin 'scan_out_matmul_sync_0' of cell 'matmul_sync' of library 'matmul_sync.fast_1p1v_0c_cmin_scan_capture.lib ' but present in library 'matmul_sync.fast_1p1v_0c_cmin_scan_shift.lib'.
**WARN: (TECHLIB-1060):	Missing arc in pin 'scan_in_matmul_sync_0' of cell 'matmul_sync' of library 'matmul_sync.fast_1p1v_0c_cmin_scan_capture.lib ' but present in library 'matmul_sync.fast_1p1v_0c_cmin_scan_shift.lib'.
Merging the library files in outfile: models/floorplan/matmul_sync.fast_1p1v_0c_cmin.lib.
#@ End verbose flow_step floorplan.innovus_generate_etm
      flow.cputime  flow.realtime  timing.setup.tns  timing.setup.wns  snapshot
UM:          18.38             16                                      innovus_generate_etm
##FLOW_KIT: enabling features from command line: {report_lec synth_spatial pnr_db_handoff add_scan generate_models opt_signoff}
#@ Begin verbose flow_step floorplan.report_floorplan.report_start
#@ End verbose flow_step floorplan.report_floorplan.report_start
      flow.cputime  flow.realtime  timing.setup.tns  timing.setup.wns  snapshot
UM:           1.79              2                                      report_start
      flow.cputime  flow.realtime  timing.setup.tns  timing.setup.wns  snapshot
UM:*                                                                   report_floorplan
##FLOW_KIT: enabling features from command line: {report_lec synth_spatial pnr_db_handoff add_scan generate_models opt_signoff}
#@ Begin verbose flow_step floorplan.report_floorplan.init_innovus
@flow 3: # Tool settings: NOTE: already set by flow_config.tcl
@flow 4: #set_multi_cpu_usage -local_cpu 8 -remote_host 1 -cpu_per_remote_host 8
@flow 6: if {[get_feature -feature report_lec]} {
@flow 7: # Init attributes  [get_db -category init]
@flow 8: 	#-------------------------------------------------------------------------------
@@flow 9: set_db write_lec_directory_naming_style "fv/%s/[get_db flow_report_name]"
@flow 10:
@flow 11: }
@@flow 12: set_db init_design_uniquify 1
@flow 14: # Design attributes  [get_db -category design]
@flow 15: #-------------------------------------------------------------------------------
@@flow 16: set_db design_process_node            45
##  Process: 45            (User Set)               
##     Node: (not set)                           

##  Check design process and node:  
##  Design tech node is not set.

Applying the recommended capacitance filtering threshold values for 45nm process node: total_c_th=0, relative_c_th=1 and coupling_c_th=0.1.
	These values will be used by all post-route extraction engines, including TQuantus, IQuantus and Quantus QRC extraction.
	Capacitance filtering mode(extract_rc_cap_filter_mode option of the set_db) is 'relative_and_coupling' for all engines.
	The accuracy mode for post_route extract_rc_effort_level low extraction will be set to 'high'.
	Default value for EffortLevel(extract_rc_effort_level option of the set_db) in post_route extraction mode is 'medium'.
@flow 17: if {[get_feature -feature flow_express]} {...}
@@flow 20: set_db design_early_clock_flow              true
@flow 22: # Via naming
@flow 23: #-------------------------------------------------------------------------------
@flow 24: # Use design name as prefix for VIAs, as otherwise they will cause collision when merging designs on toplevel
@@flow 25: set_db write_stream_via_names true
@flow 27: # Timing attributes  [get_db -category timing && delaycalc]
@flow 28: #-------------------------------------------------------------------------------
@@flow 29: set_db timing_analysis_cppr           both
@@flow 30: set_db timing_analysis_type           ocv
@@flow 31: set_db timing_report_fields           {timing_point net cell fanout load transition delay incr_delay arrival edge user_derate power_domain}
@flow 33: #set_db timing_analysis_socv                               true                        ;# Enable socv analysis
@flow 34: #set_db timing_socv_rc_variation_mode                      true                        ;# Enable interconnect variation mode in SOCV mode
@flow 35: #set_db  timing_report_enable_verbose_ssta_mode true
@flow 37: # Add, TL: flow sets this to "no_async", async is default and should be used
@@flow 38: set_db timing_analysis_async_checks async
@flow 39: # Add, TL: maybe a bit hazardous... disable default io delay for ports which are unconstrained!
@flow 40: # if true, will cause hold problems (since launching clock is the receiving clock (with same latency!))
@@flow 41: set_db timing_apply_default_primary_input_assertion false
@@flow 43: set_db delaycal_advanced_node_pin_cap_settings true
@@flow 44: set_db delaycal_advanced_pin_cap_mode true
@flow 47: # Extraction attributes  [get_db -category extract_rc]
@flow 48: #-------------------------------------------------------------------------------
@flow 49: if {[get_feature -feature add_pvs_fill] || [get_feature -feature add_pegasus_beol_fill]} {...}
@flow 52: if {[is_flow -after flow:opt_signoff] || [is_flow -inside flow:opt_signoff]} {...}
@flow 58: if {[is_flow -after flow:route]} {...}
@flow 64: if {0} {...
@flow 66: } else {
@@flow 67: set_db delaycal_equivalent_waveform_model               no_propagation
@flow 68: }
@@flow 69: set_db si_aggressor_alignment                             timing_aware_edge       
@flow 71: # Mod, TL: Too few licenses to extract all corners in parallel . Use the following to reduce number of used licenses :
@flow 72: #set_db extract_rc_qrc_run_mode sequential
@flow 74: # Floorplan attributes  [get_db -category floorplan]
@flow 75: #-------------------------------------------------------------------------------
@@flow 76: set_db finish_floorplan_active_objs   [list macro soft_blockage core]
@flow 77: # Constraints for even or odd site width/ row height
@@flow 78: set_db floorplan_row_site_height                          even
@@flow 79: set_db floorplan_row_site_width                           even
@flow 81: # Placement attributes  [get_db -category place]
@flow 82: #-------------------------------------------------------------------------------
@@flow 83: set_db place_detail_legalization_inst_gap                 1 
@@flow 84: set_db place_detail_use_no_diffusion_one_site_filler      false                        ;
@flow 84: # False to not leave 1-site gaps
@@flow 85: set_db place_detail_filler_gap_min_gap                    0.2
**WARN: (IMPSP-2904):	option place_detail_filler_gap_effort and place_detail_filler_gap_min_gap will be obsolete from next release and is replaced by place_detail_legalization_inst_gap <site>.
@@flow 86: set_db place_detail_filler_gap_effort                     high
**WARN: (IMPSP-2904):	option place_detail_filler_gap_effort and place_detail_filler_gap_min_gap will be obsolete from next release and is replaced by place_detail_legalization_inst_gap <site>.
@@flow 88: set_db place_global_uniform_density                       true                        ;
@flow 88: # Enable even cell distribution for designs with less than 70% utilization
@@flow 90: set_db place_global_place_io_pins               true
@@flow 91: set_db place_detail_use_check_drc               true
@flow 92: #set_db place_detail_color_aware_legal           true
@flow 94: # Tieoff attributes  [get_db -category add_tieoffs]
@flow 95: #-------------------------------------------------------------------------------
@@flow 96: set_db add_tieoffs_cells                        [list TIEHI TIELO]
@flow 97: # tieoff max fanout not honored without this?
@@flow 98: set_db add_tieoffs_max_fanout 32
@flow 100: # Optimization attributes  [get_db -category opt]
@flow 101: #-------------------------------------------------------------------------------
@@flow 102: set_db opt_fix_hold_allow_setup_tns_degradation           true                        ;
@flow 102: # When set to true, allows setup total negative slack to degrade during hold optimization.
@@flow 103: set_db opt_fix_hold_verbose                               true                        ;
@flow 103: # When set to true, display extra info in the log about remaining hold violations.
@@flow 104: set_db opt_new_inst_prefix            "[get_db flow_report_name]_"
@flow 105: # Note, do not use DEL* -cells for hold fixing because of HUGE variation
@@flow 106: set_db opt_fix_hold_lib_cells                   [list  ]
**WARN: (IMPOPT-7140):	The "set_db opt_hold_cells" list is empty
@flow 107: # enable data checks during gigaplace (false by default)
@flow 108: #set_db opt_enable_data_to_data_checks     true
@flow 110: # fix max_fanout / max_load violations, false by default
@@flow 111: set_db opt_fix_fanout_load true
@flow 113: # Clock attributes  [get_db -category cts]
@flow 114: #-------------------------------------------------------------------------------
@@flow 115: set_db cts_top_fanout_threshold                           2000                        ;
@flow 115: # Minimum number of transitive fanout in the clock tree for a net to be routed as a top net
@@flow 116: set_db cts_target_skew                          0.15
@@flow 117: set_db cts_target_max_transition_time           0.10
@@flow 119: set_db cts_buffer_cells                         [list CLKBUFX12 CLKBUFX16 CLKBUFX2 CLKBUFX20 CLKBUFX3 CLKBUFX4 CLKBUFX6 CLKBUFX8]
@@flow 120: set_db cts_inverter_cells                       [list CLKINVX1 CLKINVX12 CLKINVX16 CLKINVX2 CLKINVX20 CLKINVX3 CLKINVX4 CLKINVX6 CLKINVX8]
@@flow 121: set_db cts_clock_gating_cells                   [list TLATNCAX12 TLATNCAX16 TLATNCAX2 TLATNCAX20 TLATNCAX3 TLATNCAX4 TLATNCAX6 TLATNCAX8]
@@flow 122: set_db cts_logic_cells                          [get_db [get_db base_cells CLK*] .name]
@flow 124: #- Route types definitions occur during the "init_floorplan" flow_step
@flow 125: if {[get_db route_types] ne ""} {
@@flow 126: set_db cts_route_type_leaf                     cts_route_type_leaf
@@flow 127: set_db cts_route_type_trunk                    cts_route_type_trunk
@@flow 128: set_db cts_route_type_top                      cts_route_type_top
@flow 129: }
@flow 131: # Only use inverters in clock tree, no buffers
@@flow 132: set_db cts_use_inverters true
@flow 134: # Use max 32 fanout also in CTS
@@flow 135: set_db cts_max_fanout 32
@flow 137: # power balance leakage / dynamic
@flow 138: #-------------------------------------------------------------------------------
@flow 139: # Optimize both leakage & dynamic with same weight
@@flow 140: set_db opt_leakage_to_dynamic_ratio                 0.5
@flow 142: # Filler attributes  [get_db -category add_fillers]
@flow 143: #-------------------------------------------------------------------------------
@flow 144: #set_db add_fillers_avoid_abutment_patterns                "1:1 2:1"                   ;# Avoid 1:1 filler abutment
@@flow 145: set_db add_fillers_cells                        [list  DECAP10 DECAP2 DECAP3 DECAP4 DECAP5 DECAP6 DECAP7 DECAP8 DECAP9  FILL1 FILL16 FILL2 FILL32 FILL4 FILL64 FILL8  ]
@@flow 146: set_db add_fillers_no_single_site_gap true
@flow 147: # Insert fillers to toplevel hierarchy
@@flow 148: set_db add_fillers_cell_name_style                      flat
@flow 150: # Routing attributes  [get_db -category route]
@flow 151: #-------------------------------------------------------------------------------
@@flow 152: set_db route_early_global_bottom_routing_layer            [get_db [get_db layers Metal2] .route_index]
**WARN: (IMPPSP-1003):	Found use of 'route_early_global_bottom_routing_layer'. This will continue to work in this release; however, it is recommended to use 'design_bottom_routing_layer' instead.
@@flow 153: set_db route_early_global_top_routing_layer               [get_db [get_db layers Metal11] .route_index]
**WARN: (IMPPSP-1003):	Found use of 'route_early_global_top_routing_layer'. This will continue to work in this release; however, it is recommended to use 'design_top_routing_layer' instead.
@flow 154: #set_db route_early_global_num_tracks_per_clock_wire     1
@@flow 155: set_db route_early_global_num_tracks_per_clock_wire     5
@flow 157: # Note TL: use only up to M8 in routing
@@flow 158: set_db route_design_bottom_routing_layer                  [get_db [get_db layers Metal2] .route_index]
#WARNING (NRIF-90) Option set_db route_bottom_routing_layer is obsolete. It will continue to work for the current release. To ensure compatibility with future releases, use option set_db design_bottom_routing_layer instead.
@@flow 159: set_db route_design_top_routing_layer                     [get_db [get_db layers Metal11] .route_index]
#WARNING (NRIF-91) Option set_db route_top_routing_layer is obsolete. It will continue to work for the current release. To ensure compatibility with future releases, use option set_db design_top_routing_layer instead.
@@flow 161: set_db route_design_detail_post_route_swap_via          none
#WARNING (NRIF-83) When route_detail_post_route_swap_via is set to 'none', the post route via swapping step will be skipped in all scenarios.
@@flow 162: set_db route_design_with_litho_driven                   true
@@flow 163: set_db route_design_with_timing_driven                  true
@flow 165: # Antenna options
@@flow 166: set_db route_design_antenna_pin_limit                   1000
@@flow 167: set_db route_design_antenna_cell_name                   ANTENNA
@@flow 168: set_db route_design_add_antenna_inst_prefix             "ANTENNA"
@@flow 169: set_db route_design_antenna_diode_insertion             true
@@flow 170: set_db route_design_detail_fix_antenna                  true
@flow 172: #set_db route_design_process_node                        45
@@flow 173: set_db route_design_with_via_in_pin                     1:1 ;
@flow 173: # enclose via inside stdcell pin shape on M1 accesses
@flow 175: # H240 trim grid definition
@flow 176: #set_db route_design_with_trim_metal "-layer 2  #-mask2 {-pitch 0.24 -core_offset 0.225 -width 0.03 }  #-mask2 {-pitch 0.24 -core_offset 0.095 -width 0.03 }  #-mask1 {-pitch 0.24 -core_offset 0.015 -width 0.03 }  #-mask1 {-pitch 0.24 -core_offset 0.145 -width 0.03 }"
@@flow 178: set_db route_design_concurrent_minimize_via_count_effort  high                        ;
@flow 178: # Reduce the via count while routing
@@flow 179: set_db route_design_detail_use_multi_cut_via_effort       high                        ;
@flow 179: # Turn on concurrent double/bar cut routing before CTS
@flow 180: #set_db route_design_with_via_only_for_block_cell_pin      2:2                         ;# Access M2 MACRO pin with VIA only
@flow 182: if {0} {...}
@@flow 189: eval_legacy {setNanoRouteMode  -routeExpShieldAddTappingVia true}                     ;
@flow 189: # Add Tapping via for the specified distance for shielding
@flow 191: # Timing ECO attributes [get_db -category opt_signoff] 
@flow 192: #-------------------------------------------------------------------------------
@@flow 193: set_db distributed_child_license_checkout_list          tpsxl
@flow 195: # techniques                                                                    
@flow 196: #set_db opt_signoff_resize_inst  true                                           
@flow 197: #set_db opt_signoff_add_inst true                                               
@flow 198: #set_db opt_signoff_swap_inst true                                              
@flow 199: #set_db opt_signoff_delete_inst true                                            
@flow 200: #set_db opt_signoff_allow_skewing false                                         
@flow 201: #set_db opt_signoff_optimize_sequential_cells false                             
@@flow 202: set_db opt_signoff_optimize_core_only                   true                                    
@flow 203: #set_db opt_signoff_optimize_replicated_modules false                           
@flow 205: # target
@flow 206: #set_db opt_signoff_setup_target_slack 0.0
@flow 207: #set_db opt_signoff_hold_target_slack 0.0 
@flow 209: # Note TL: both false by default
@@flow 210: set_db opt_signoff_fix_si_slew true
@@flow 211: set_db opt_signoff_fix_xtalk   true
@@flow 212: set_db opt_signoff_fix_glitch  true
@flow 214: # Hold fixing
@@flow 215: set_db opt_signoff_fix_hold_allow_setup_optimization      true                        ;
@flow 215: # When set to true, incremental Setup fixing is performed during Hold fixing in order to create more Setup margins on Hold violated nodes that could not be fixed earlier due to Setup timing conflict
@@flow 216: set_db opt_signoff_fix_hold_allow_setup_tns_degrade       true                        ;
@flow 216: # When  specified,  the  Setup Total Negative Slack can be degraded during Hold time violations fixing while still maintaining the Setup Worst Negative Slack in every Setup active views.
@flow 218: # PBA
@@flow 219: set_db opt_signoff_retime                               path_slew_propagation
@flow 220: #set_db opt_signoff_check_type both                 
@flow 221: #set_db opt_signoff_max_paths -1                    
@flow 222: #set_db opt_signoff_nworst -1                       
@flow 223: #set_db opt_signoff_max_slack 0.0                   
@flow 225: # I/OS
@flow 226: #set_db opt_signoff_eco_file_prefix {}
@flow 227: #set_db opt_signoff_partition_list_file {}
@flow 228: #set_db opt_signoff_prefix ESO            
@flow 229: #set_db opt_signoff_read_eco_opt_db {}    
@flow 230: #set_db opt_signoff_write_eco_opt_db ecoTimingDB
@flow 231: #set_db opt_signoff_verbose false               
@flow 232: #set_db opt_signoff_pre_sta_tcl                
#@ End verbose flow_step floorplan.report_floorplan.init_innovus
      flow.cputime  flow.realtime  timing.setup.tns  timing.setup.wns  snapshot
UM:            2.6              3                                      init_innovus
##FLOW_KIT: enabling features from command line: {report_lec synth_spatial pnr_db_handoff add_scan generate_models opt_signoff}
#@ Begin verbose flow_step floorplan.report_floorplan.report_area_innovus
@@flow 2: report_summary -no_html -out_dir [file join [get_db flow_report_directory] [get_db flow_report_name]] -out_file [file join [get_db flow_report_directory] [get_db flow_report_name] [get_db flow_report_prefix]qor.rpt]
Start to collect the design information.
Build netlist information for Cell matmul_sync.
Finished collecting the design information.
Generating standard cells used in the design report.
Analyze library ... 
Analyze netlist ... 
Analyze timing ... 
Analyze floorplan/placement ... 
Analyze power intent ... 
Generating power domain pd_aon cell type instance used in the design report.
Analysis Routing ...
Report saved in file reports/floorplan/qor.rpt
@@flow 3: report_area  -min_count 1000 -out_file [file join [get_db flow_report_directory] [get_db flow_report_name] [get_db flow_report_prefix]area.summary.rpt]
#@ End verbose flow_step floorplan.report_floorplan.report_area_innovus
UM: Running design category ...

      flow.cputime  flow.realtime  timing.setup.tns  timing.setup.wns  snapshot
UM:              2              2                                      report_area_innovus
##FLOW_KIT: enabling features from command line: {report_lec synth_spatial pnr_db_handoff add_scan generate_models opt_signoff}
#@ Begin verbose flow_step floorplan.report_floorplan.report_route_drc
@flow 2: #- Reports that check signal routing
@flow 3: if {[is_flow -inside flow:report_floorplan]} {
@@flow 4: check_drc -check_only special -ignore_trial_route -out_file [file join [get_db flow_report_directory] [get_db flow_report_name] [get_db flow_report_prefix]route.drc.rpt]
#-check_only special                     # enums={all regular special selected_net selected cell default}, default=regular+special, user setting
#-check_same_via_cell true               # bool, default=false, user setting
#-ignore_trial_route true                # bool, default=false, user setting
#-report reports/floorplan/route.drc.rpt # string, default="", user setting
 *** Starting Verify DRC (MEM: 5448.6) ***

  VERIFY DRC ...... Starting Verification
  VERIFY DRC ...... Initializing
  VERIFY DRC ...... Deleting Existing Violations
  VERIFY DRC ...... Creating Sub-Areas
**WARN: (IMPVFG-1198):	The number of CPUs requested 8 is larger than that check_drc used 4. In Multithreading mode, the number of CPUs check_drc used is not larger than the number of subareas.
 Use 'set_multi_cpu_usage -local_cpu' to specify the less cup number if the verify area is not large.
  VERIFY DRC ...... Using new threading
 VERIFY DRC ...... Thread : 1 finished.
 VERIFY DRC ...... Thread : 2 finished.
 VERIFY DRC ...... Thread : 3 finished.
 VERIFY DRC ...... Thread : 0 finished.
**WARN: (IMPVFG-1103):	VERIFY DRC did not complete: Number of violations hits the Error Limit [1000]

  Verification Complete : 1000 Viols.

 Violation Summary By Layer and Type:

	          Short   AdjCut   Totals
	Metal1      848        0      848
	Via3          0       14       14
	Via4          0       14       14
	Via5          0       14       14
	Via6          0       25       25
	Via7          0       25       25
	Via8          0       24       24
	Via9          0       36       36
	Totals      848      152     1000

 *** End Verify DRC (CPU TIME: 0:00:00.3  ELAPSED TIME: 0:00:01.0  MEM: 240.1M) ***

@flow 5: }
@@flow 10: set_metric -name check.drc.report_file -value [file join [get_db flow_report_name] [get_db flow_report_prefix]route.drc.rpt]
#@ End verbose flow_step floorplan.report_floorplan.report_route_drc
UM: Running route category ...
UM: No DRC markers present ... skipping
      flow.cputime  flow.realtime  timing.setup.tns  timing.setup.wns  snapshot
UM:            2.1              3                                      report_route_drc
##FLOW_KIT: enabling features from command line: {report_lec synth_spatial pnr_db_handoff add_scan generate_models opt_signoff}
#@ Begin verbose flow_step floorplan.report_floorplan.report_finish
#@ End verbose flow_step floorplan.report_floorplan.report_finish
      flow.cputime  flow.realtime  timing.setup.tns  timing.setup.wns  snapshot
UM:           1.79              2                                      report_finish
##FLOW_KIT: enabling features from command line: {report_lec synth_spatial pnr_db_handoff add_scan generate_models opt_signoff}
#@ Begin verbose flow_step floorplan.innovus_to_lec
@flow 2: #- write dofile for LEC
@flow 3: if {[is_flow -inside flow:floorplan]} {
@@flow 4: write_do_lec  -flat  -log_file [file join [get_db flow_log_directory] lec.[get_db flow_report_name].log]  lec.[get_db flow_report_name].do
Writing LEC do file "fv/matmul_sync/floorplan/lec.floorplan.do"
Golden netlist is not specified, try init_read_netlist_files "/home/student/16/ex8/flow_matmul_sync_1/dbs/syn_opt.cdb/cmn/matmul_sync.v.gz"
Writing Netlist "fv/matmul_sync/floorplan/matmul_sync.revised.v.gz" ...
@flow 5: }
@flow 9: #- schedule the LEC flow
@flow 10: #FlowtoolPredictHint ArgumentRandomise -branch
@@flow 11: schedule_flow  -flow lec  -branch [get_db flow_report_name]  -no_db  -no_sync  -tool_options "-nogui -lp -do [file join [string map [list %s [get_db current_design .name]] [get_db write_lec_directory_naming_style]] lec.[get_db flow_report_name].do]"
#@ End verbose flow_step floorplan.innovus_to_lec
      flow.cputime  flow.realtime  timing.setup.tns  timing.setup.wns  snapshot
UM:           1.92              3                                      innovus_to_lec

Program version = 23.15-s106_1
Working directory = /home/student/16/ex8/flow_matmul_sync_1
Databases directory = /home/student/16/ex8/flow_matmul_sync_1/dbs
Starting time = Nov 14, 2025 14:46:38
Ending time = Nov 14, 2025 14:47:40

Run Flow Summary
---------------------

Steps run:  floorplan.block_start floorplan.init_innovus floorplan.init_floorplan floorplan.check_tracks floorplan.set_dont_use floorplan.set_stdcell_opts floorplan.manage_uncertainty floorplan.innovus_manage_derating floorplan.create_path_groups floorplan.innovus_activate_pnr_views floorplan.block_finish floorplan.generate_abstract floorplan.innovus_generate_etm floorplan.report_floorplan.report_start floorplan.report_floorplan.init_innovus floorplan.report_floorplan.report_area_innovus floorplan.report_floorplan.report_route_drc floorplan.report_floorplan.report_finish floorplan.innovus_to_lec

Step status:
     floorplan.block_start                                  success
     floorplan.init_innovus                                 success
     floorplan.init_floorplan                               success
     floorplan.check_tracks                                 success
     floorplan.set_dont_use                                 success
     floorplan.set_stdcell_opts                             success
     floorplan.manage_uncertainty                           success
     floorplan.innovus_manage_derating                      success
     floorplan.create_path_groups                           success
     floorplan.innovus_activate_pnr_views                   success
     floorplan.block_finish                                 success
     floorplan.generate_abstract                            success
     floorplan.innovus_generate_etm                         success
     floorplan.report_floorplan.report_start                success
     floorplan.report_floorplan.init_innovus                success
     floorplan.report_floorplan.report_area_innovus         success
     floorplan.report_floorplan.report_route_drc            success
     floorplan.report_floorplan.report_finish               success
     floorplan.innovus_to_lec                               success

 ---------------------------------------------------------------------------------------------------- 
| Snapshot    | flow.cputime (s) | flow.realtime (s) | timing.setup.tns (ns) | timing.setup.wns (ns) |
|-------------+------------------+-------------------+-----------------------+-----------------------|
| syn_generic | 0:00:40          | 0:01:20           |                     0 |                 0.441 |
| syn_map     | 0:01:08          | 0:01:15           |                     0 |                 0.001 |
| syn_opt     | 0:02:49          | 0:04:34           |                     0 |                 0.007 |
| floorplan   | 0:00:42          | 0:01:02           |                       |                       |
 ---------------------------------------------------------------------------------------------------- 
*** Message Summary: 2595 warning(s), 7 error(s)


*** Memory Usage v#1 (Current mem = 5704.672M, initial mem = 864.402M) ***
--- Ending "Innovus" (totcpu=0:01:17, real=0:01:40, mem=5704.7M) ---
