
Cadence Innovus(TM) Implementation System.
Copyright 2024 Cadence Design Systems, Inc. All rights reserved worldwide.

Version:	v23.15-s106_1, built Wed Jul 16 17:15:29 PDT 2025
Options:	-batch -stylus -log /home/student/16/ex8/flow_matmul_sync_1/logs/postroute -wait 2160 -disable_user_startup -execute if {[catch {init_flow  {flow_script /home/student/16/ex8/flow_matmul_sync_1/cadence_flow_scripts/scripts/run_flow.tcl yaml_script {} flow_no_check 0 parent_uuid {} previous_uuid 595b012f-edf7-4f46-992b-22be871dd2e1 top_dir /home/student/16/ex8/flow_matmul_sync_1 flow_dir . status_file /home/student/16/ex8/flow_matmul_sync_1/flow.status.d/postroute metrics_file /home/student/16/ex8/flow_matmul_sync_1/flow.metrics.d/postroute run_tag {} db {enc /home/student/16/ex8/flow_matmul_sync_1/dbs/route.enc matmul_sync {}} db_is_ref_run 0 branch {} caller_data {group 0 process_branch 0 trunk_process 1 flowtool_hostname ASIC-vm flowtool_pid 3079} flow {flow flow:block dir . db {enc dbs/route.enc matmul_sync {}} branch {} tool innovus caller_data {group 0 process_branch 0 trunk_process 1 flowtool_hostname ASIC-vm flowtool_pid 3079} uuid 595b012f-edf7-4f46-992b-22be871dd2e1 tool_options {} start_step {tool innovus flow flow:block canonical_path {.steps flow:postroute .steps flow_step:block_start} step flow_step:block_start features {} str postroute.block_start} process_branch_trunk 1} flow_name flow:block first_step {tool innovus flow flow:block canonical_path {.steps flow:postroute .steps flow_step:block_start} step flow_step:block_start features {} str postroute.block_start} interactive 0 interactive_run 0 enabled_features {report_lec synth_spatial pnr_db_handoff add_scan generate_models opt_signoff} inject_tcl {} trunk_process 1 aum_upload false tool_options {} overwrite 0 last_step {tool innovus flow flow:block canonical_path {.steps flow:postroute .steps flow:report_postroute .steps flow_step:report_finish} step flow_step:report_finish features {} str postroute.report_postroute.report_finish} log_prefix /home/student/16/ex8/flow_matmul_sync_1/logs/postroute}; run_flow -from {tool innovus flow flow:block canonical_path {.steps flow:postroute .steps flow_step:block_start} step flow_step:block_start features {} str postroute.block_start} -to {tool innovus flow flow:block canonical_path {.steps flow:postroute .steps flow:report_postroute .steps flow_step:report_finish} step flow_step:report_finish features {} str postroute.report_postroute.report_finish}} msg]} { puts [concat {Tcl error:} $errorInfo]; set fp [open {/home/student/16/ex8/flow_matmul_sync_1/flow.status.d/postroute} a]; puts $fp {}; puts $fp [list [list script run_tcl status error flow {flow:block} branch {} flow_working_directory {.} flow_starting_db {enc /home/student/16/ex8/flow_matmul_sync_1/dbs/route.enc matmul_sync {}} {tool_options} {} steps_run [get_db flow_step_canonical_current] msg $msg]]; close $fp; exit 1 }; exit 0 
Date:		Fri Nov 14 15:05:28 2025
Host:		ASIC-vm (x86_64 w/Linux 4.18.0-553.69.1.el8_10.x86_64) (8cores*8cpus*12th Gen Intel(R) Core(TM) i7-12700 25600KB)
OS:		Rocky Linux 8.10 (Green Obsidian)

License:
		[15:05:37.329129] Configured Lic search path (23.02-s006): 5280@licl01.it.tuni.fi

		invs	Innovus Implementation System	23.1	checkout succeeded
		8 CPU jobs allowed with the current license(s). Use set_multi_cpu_usage to set your required CPU count.


Create and set the environment variable TMPDIR to /home/student/16/ex8/flow_matmul_sync_1/innovus_temp_27575_6da6003e-9d95-4c2c-9b85-76251e3ce69c_ASIC-vm_student_l7kKY8.

Change the soft stacksize limit to 0.2%RAM (31 mbytes). Set global soft_stack_size_limit to change the value.
[INFO] Loading Pegasus 24.13 fill procedures
Info: Process UID = 27575 / 6da6003e-9d95-4c2c-9b85-76251e3ce69c / FK1hZaYJki

**INFO:  MMMC transition support version v31-84 

#@ Processing -execute option
@innovus 1> if {[catch {init_flow  {flow_script /home/student/16/ex8/flow_matmul_sync_1/cadence_flow_scripts/scripts/run_flow.tcl yaml_script {} flow_no_check 0 parent_uuid {} previous_uuid 595b012f-edf7-4f46-992b-22be871dd2e1 top_dir /home/student/16/ex8/flow_matmul_sync_1 flow_dir . status_file /home/student/16/ex8/flow_matmul_sync_1/flow.status.d/postroute metrics_file /home/student/16/ex8/flow_matmul_sync_1/flow.metrics.d/postroute run_tag {} db {enc /home/student/16/ex8/flow_matmul_sync_1/dbs/route.enc matmul_sync {}} db_is_ref_run 0 branch {} caller_data {group 0 process_branch 0 trunk_process 1 flowtool_hostname ASIC-vm flowtool_pid 3079} flow {flow flow:block dir . db {enc dbs/route.enc matmul_sync {}} branch {} tool innovus caller_data {group 0 process_branch 0 trunk_process 1 flowtool_hostname ASIC-vm flowtool_pid 3079} uuid 595b012f-edf7-4f46-992b-22be871dd2e1 tool_options {} start_step {tool innovus flow flow:block canonical_path {.steps flow:postroute .steps flow_step:block_start} step flow_step:block_start features {} str postroute.block_start} process_branch_trunk 1} flow_name flow:block first_step {tool innovus flow flow:block canonical_path {.steps flow:postroute .steps flow_step:block_start} step flow_step:block_start features {} str postroute.block_start} interactive 0 interactive_run 0 enabled_features {report_lec synth_spatial pnr_db_handoff add_scan generate_models opt_signoff} inject_tcl {} trunk_process 1 aum_upload false tool_options {} overwrite 0 last_step {tool innovus flow flow:block canonical_path {.steps flow:postroute .steps flow:report_postroute .steps flow_step:report_finish} step flow_step:report_finish features {} str postroute.report_postroute.report_finish} log_prefix /home/student/16/ex8/flow_matmul_sync_1/logs/postroute}; run_flow -from {tool innovus flow flow:block canonical_path {.steps flow:postroute .steps flow_step:block_start} step flow_step:block_start features {} str postroute.block_start} -to {tool innovus flow flow:block canonical_path {.steps flow:postroute .steps flow:report_postroute .steps flow_step:report_finish} step flow_step:report_finish features {} str postroute.report_postroute.report_finish}} msg]} { puts [concat {Tcl error:} $errorInfo]; set fp [open {/home/student/16/ex8/flow_matmul_sync_1/flow.status.d/postroute} a]; puts $fp {}; puts $fp [list [list script run_tcl status error flow {flow:block} branch {} flow_working_directory {.} flow_starting_db {enc /home/student/16/ex8/flow_matmul_sync_1/dbs/route.enc matmul_sync {}} {tool_options} {} steps_run [get_db flow_step_canonical_current] msg $msg]]; close $fp; exit 1 }; exit 0
init_flow summary:
  Flow script        : /home/student/16/ex8/flow_matmul_sync_1/cadence_flow_scripts/scripts/run_flow.tcl
  YAML script        : 
  Flow               : flow:block
  From               : postroute.block_start
  To                 : postroute.report_postroute.report_finish
  Top directory      : /home/student/16/ex8/flow_matmul_sync_1
  Working directory  : .
  Starting database  : /home/student/16/ex8/flow_matmul_sync_1/dbs/route.enc
  Run tag            : 
  Branch name        : 
  Metrics file       : /home/student/16/ex8/flow_matmul_sync_1/flow.metrics.d/postroute
  Status file        : /home/student/16/ex8/flow_matmul_sync_1/flow.status.d/postroute
  Enable features    : report_lec synth_spatial pnr_db_handoff add_scan generate_models opt_signoff
reading previous metrics...
Sourcing flow scripts...
**WARN: (IMPDBTCL-299):	The attribute 'flow_metrics_qor_html' still works but will be obsolete in a future major release. You should remove it from your script before the next major release to avoid errors. It should be changed to the new name of 'flowtool_metrics_qor_html'.
**WARN: (IMPDBTCL-299):	The attribute 'flow_current' still works but will be obsolete in a future major release. You should remove it from your script before the next major release to avoid errors. It should be changed to the new name of 'flow_top'.
## FLOWKIT: sourcing /home/student/16/ex8/flow_matmul_sync_1/cadence_flow_scripts/scripts/flow_config.tcl
#@ Begin verbose source (pre): 
@file 1: # User custom attributes definition
@file 2: set flow_vars [dict create]
@file 3:
@file 4: # Directory structure
@file 5: dict lappend flow_vars flow_vars_data_directory                                 description   "Path to the input data"
@file 6: dict lappend flow_vars flow_vars_data_directory                                 type          string
@file 7: dict lappend flow_vars flow_vars_data_directory                                 default       ""
@file 8: dict lappend flow_vars flow_vars_dft_data_directory                             description   "Path to the DFT input data"
@file 9: dict lappend flow_vars flow_vars_dft_data_directory                             type          string
@file 10: dict lappend flow_vars flow_vars_dft_data_directory                             default       ""
@file 11: dict lappend flow_vars flow_vars_dft_library                                    description   "Path to the DFT std cell library"
@file 12: dict lappend flow_vars flow_vars_dft_library                                    type          string
@file 13: dict lappend flow_vars flow_vars_dft_library                                    default       ""
@file 14: dict lappend flow_vars flow_vars_dft_ncsim_library                              description   "Path to the DFT include library"
@file 15: dict lappend flow_vars flow_vars_dft_ncsim_library                              type          string
@file 16: dict lappend flow_vars flow_vars_dft_ncsim_library                              default       ""
@file 17: dict lappend flow_vars flow_vars_memory_path                                    description   "Path to memory libs"
@file 18: dict lappend flow_vars flow_vars_memory_path                                    type          string
@file 19: dict lappend flow_vars flow_vars_memory_path                                    default       ""
@file 20: dict lappend flow_vars flow_vars_stdcell_path                                   description   "Path to stdcell libs"
@file 21: dict lappend flow_vars flow_vars_stdcell_path                                   type          string
@file 22: dict lappend flow_vars flow_vars_stdcell_path                                   default       ""
@file 23: dict lappend flow_vars flow_vars_qrc_tech_directory                             description   "Path to qrc technology directory"
@file 24: dict lappend flow_vars flow_vars_qrc_tech_directory                             type          string
@file 25: dict lappend flow_vars flow_vars_qrc_tech_directory                             default       ""
@file 26:
@file 27: # Technology files
@file 28: dict lappend flow_vars flow_vars_lef_tech_file                                  description   "Path to lef technology file"
@file 29: dict lappend flow_vars flow_vars_lef_tech_file                                  type          string
@file 30: dict lappend flow_vars flow_vars_lef_tech_file                                  default       ""
@file 31: dict lappend flow_vars flow_vars_pvs_drc_rule_file                              description   "Path to PVS DRC rule file"
@file 32: dict lappend flow_vars flow_vars_pvs_drc_rule_file                              type          string
@file 33: dict lappend flow_vars flow_vars_pvs_drc_rule_file                              default       ""
@file 34: dict lappend flow_vars flow_vars_pegasus_drc_rule_file                          description   "Path to Pegasus DRC rule file"
@file 35: dict lappend flow_vars flow_vars_pegasus_drc_rule_file                          type          string
@file 36: dict lappend flow_vars flow_vars_pegasus_drc_rule_file                          default       ""
@file 37: dict lappend flow_vars flow_vars_pvs_lvs_rule_file                              description   "Path to PVS LVS rule file"
@file 38: dict lappend flow_vars flow_vars_pvs_lvs_rule_file                              type          string
@file 39: dict lappend flow_vars flow_vars_pvs_lvs_rule_file                              default       ""
@file 40: dict lappend flow_vars flow_vars_pegasus_lvs_rule_file                          description   "Path to PEGASUS LVS rule file"
@file 41: dict lappend flow_vars flow_vars_pegasus_lvs_rule_file                          type          string
@file 42: dict lappend flow_vars flow_vars_pegasus_lvs_rule_file                          default       ""
@file 43: dict lappend flow_vars flow_vars_pvs_antenna_rule_file                          description   "Path to PVS antenna rule file"
@file 44: dict lappend flow_vars flow_vars_pvs_antenna_rule_file                          type          string
@file 45: dict lappend flow_vars flow_vars_pvs_antenna_rule_file                          default       ""
@file 46: dict lappend flow_vars flow_vars_pegasus_antenna_rule_file                      description   "Path to Pegasus antenna rule file"
@file 47: dict lappend flow_vars flow_vars_pegasus_antenna_rule_file                      type          string
@file 48: dict lappend flow_vars flow_vars_pegasus_antenna_rule_file                      default       ""
@file 49: dict lappend flow_vars flow_vars_pvs_metal_fill_rule_file                       description   "Path to PVS metal fill rule file"
@file 50: dict lappend flow_vars flow_vars_pvs_metal_fill_rule_file                       type          string
@file 51: dict lappend flow_vars flow_vars_pvs_metal_fill_rule_file                       default       ""
@file 52: dict lappend flow_vars flow_vars_pegasus_metal_fill_rule_file                   description   "Path to PEGASUS metal fill rule file"
@file 53: dict lappend flow_vars flow_vars_pegasus_metal_fill_rule_file                   type          string
@file 54: dict lappend flow_vars flow_vars_pegasus_metal_fill_rule_file                   default       ""
@file 55: dict lappend flow_vars flow_vars_pvs_feol_fill_rule_file                        description   "Path to PVS FEOL fill rule file"
@file 56: dict lappend flow_vars flow_vars_pvs_feol_fill_rule_file                        type          string
@file 57: dict lappend flow_vars flow_vars_pvs_feol_fill_rule_file                        default       ""
@file 58: dict lappend flow_vars flow_vars_pegasus_feol_fill_rule_file                    description   "Path to PEGASUS FEOL fill rule file"
@file 59: dict lappend flow_vars flow_vars_pegasus_feol_fill_rule_file                    type          string
@file 60: dict lappend flow_vars flow_vars_pegasus_feol_fill_rule_file                    default       ""
@file 61: dict lappend flow_vars flow_vars_gdsout_stream_map_file                         description   "Path to stream out map file"
@file 62: dict lappend flow_vars flow_vars_gdsout_stream_map_file                         type          string
@file 63: dict lappend flow_vars flow_vars_gdsout_stream_map_file                         default       ""
@file 64: dict lappend flow_vars flow_vars_pegasus_metal_fill_gdsout_stream_map_file      description   "Path to PEGASUS metal fill stream out map file"
@file 65: dict lappend flow_vars flow_vars_pegasus_metal_fill_gdsout_stream_map_file      type          string
@file 66: dict lappend flow_vars flow_vars_pegasus_metal_fill_gdsout_stream_map_file      default       ""
@file 67: dict lappend flow_vars flow_vars_gdsin_stream_map_file                          description   "Path to stream in map file"
@file 68: dict lappend flow_vars flow_vars_gdsin_stream_map_file                          type          string
@file 69: dict lappend flow_vars flow_vars_gdsin_stream_map_file                          default       ""
@file 70: dict lappend flow_vars flow_vars_gdsout_layer_map_table                         description   "Path to stream out map file"
@file 71: dict lappend flow_vars flow_vars_gdsout_layer_map_table                         type          string
@file 72: dict lappend flow_vars flow_vars_gdsout_layer_map_table                         default       ""
@file 73: dict lappend flow_vars flow_vars_ict_em_models                                  description   "Path to ict em models"
@file 74: dict lappend flow_vars flow_vars_ict_em_models                                  type          string
@file 75: dict lappend flow_vars flow_vars_ict_em_models                                  default       ""
@file 76:
@file 77: # Design info
@file 78: dict lappend flow_vars flow_vars_rtl_root_dir                                   description   "Design RTL root directory"
@file 79: dict lappend flow_vars flow_vars_rtl_root_dir                                   type          string
@file 80: dict lappend flow_vars flow_vars_rtl_root_dir                                   default       ""
@file 81: dict lappend flow_vars flow_vars_design_name                                    description   "Top level design name"
@file 82: dict lappend flow_vars flow_vars_design_name                                    type          string
@file 83: dict lappend flow_vars flow_vars_design_name                                    default       ""
@file 84: dict lappend flow_vars flow_vars_design_top                                     description   "Top entity name to be elaborated"
@file 85: dict lappend flow_vars flow_vars_design_top                                     type          string
@file 86: dict lappend flow_vars flow_vars_design_top                                     default       ""
@file 87: dict lappend flow_vars flow_vars_power_intent                                   description   "Path to the power intent file"
@file 88: dict lappend flow_vars flow_vars_power_intent                                   type          string
@file 89: dict lappend flow_vars flow_vars_power_intent                                   default       ""
@file 90: dict lappend flow_vars flow_vars_floorplan_def                                  description   "Path to the floorplan def file"
@file 91: dict lappend flow_vars flow_vars_floorplan_def                                  type          string
@file 92: dict lappend flow_vars flow_vars_floorplan_def                                  default       ""
@file 93: dict lappend flow_vars flow_vars_tcf_file                                       description   "Path to the activity file generated by joules"
@file 94: dict lappend flow_vars flow_vars_tcf_file                                       type          string
@file 95: dict lappend flow_vars flow_vars_tcf_file                                       default       ""
@file 96: dict lappend flow_vars flow_vars_bist_signals                                   description   "Generated verilog file which specifies bist signal connectivity"
@file 97: dict lappend flow_vars flow_vars_bist_signals                                   type          string
@file 98: dict lappend flow_vars flow_vars_bist_signals                                   default       ""
@file 99: dict lappend flow_vars flow_vars_scan_abstracts                                 description   "Subblock scan abstract file paths"
@file 100: dict lappend flow_vars flow_vars_scan_abstracts                                 type          string
@file 101: dict lappend flow_vars flow_vars_scan_abstracts                                 default       ""
@file 102: dict lappend flow_vars flow_vars_elaboration_parameters                         description   "Design toplevel parameters"
@file 103: dict lappend flow_vars flow_vars_elaboration_parameters                         type          string
@file 104: dict lappend flow_vars flow_vars_elaboration_parameters                         default       ""
@file 105:
@file 106: # MMMC info
@file 107: dict lappend flow_vars flow_vars_constraint_modes                               description   "Define the list of constraint modes"
@file 108: dict lappend flow_vars flow_vars_constraint_modes                               type          string
@file 109: dict lappend flow_vars flow_vars_constraint_modes                               default       ""
@file 110: dict lappend flow_vars flow_vars_setup_synth_active_views                       description   "Define the list of setup active analysis views for Synthesis"
@file 111: dict lappend flow_vars flow_vars_setup_synth_active_views                       type          string
@file 112: dict lappend flow_vars flow_vars_setup_synth_active_views                       default       ""
@file 113: dict lappend flow_vars flow_vars_setup_pnr_active_views                         description   "Define the list of setup active analysis views for P&R"
@file 114: dict lappend flow_vars flow_vars_setup_pnr_active_views                         type          string
@file 115: dict lappend flow_vars flow_vars_setup_pnr_active_views                         default       ""
@file 116: dict lappend flow_vars flow_vars_setup_sta_active_views                         description   "Define the list of setup active analysis views for STA"
@file 117: dict lappend flow_vars flow_vars_setup_sta_active_views                         type          string
@file 118: dict lappend flow_vars flow_vars_setup_sta_active_views                         default       ""
@file 119: dict lappend flow_vars flow_vars_hold_views                                     description   "Define the list of hold analysis views"
@file 120: dict lappend flow_vars flow_vars_hold_views                                     type          string
@file 121: dict lappend flow_vars flow_vars_hold_views                                     default       ""
@file 122: dict lappend flow_vars flow_vars_hold_pnr_active_views                          description   "Define the list of hold active analysis views for P&R"
@file 123: dict lappend flow_vars flow_vars_hold_pnr_active_views                          type          string
@file 124: dict lappend flow_vars flow_vars_hold_pnr_active_views                          default       ""
@file 125: dict lappend flow_vars flow_vars_hold_sta_active_views                          description   "Define the list of hold active analysis views for STA"
@file 126: dict lappend flow_vars flow_vars_hold_sta_active_views                          type          string
@file 127: dict lappend flow_vars flow_vars_hold_sta_active_views                          default       ""
@file 128: dict lappend flow_vars flow_vars_power_view                                     description   "Define the power analysis view"
@file 129: dict lappend flow_vars flow_vars_power_view                                     type          string
@file 130: dict lappend flow_vars flow_vars_power_view                                     default       ""
@file 131: dict lappend flow_vars flow_vars_mmmc_vt_flavor_list                            description   "Define the the list of different VTs that should be loaded in the tool"
@file 132: dict lappend flow_vars flow_vars_mmmc_vt_flavor_list                            type          string
@file 133: dict lappend flow_vars flow_vars_mmmc_vt_flavor_list                            default       ""
@file 134:
@file 135: # Physical info
@file 136: dict lappend flow_vars flow_vars_lef_list                                       description   "Lef file list definition"
@file 137: dict lappend flow_vars flow_vars_lef_list                                       type          string
@file 138: dict lappend flow_vars flow_vars_lef_list                                       default       ""
@file 139: dict lappend flow_vars flow_vars_stdcell_gds_list                               description   "Stdcell GDS file list definition"
@file 140: dict lappend flow_vars flow_vars_stdcell_gds_list                               type          string
@file 141: dict lappend flow_vars flow_vars_stdcell_gds_list                               default       ""
@file 142: dict lappend flow_vars flow_vars_stdcell_spi_list                               description   "Stdcell SPICE file list definition"
@file 143: dict lappend flow_vars flow_vars_stdcell_spi_list                               type          string
@file 144: dict lappend flow_vars flow_vars_stdcell_spi_list                               default       ""
@file 145: dict lappend flow_vars flow_vars_memory_gds_list                                description   "Memory GDS file list definition"
@file 146: dict lappend flow_vars flow_vars_memory_gds_list                                type          string
@file 147: dict lappend flow_vars flow_vars_memory_gds_list                                default       ""
@file 148: dict lappend flow_vars flow_vars_memory_spi_list                                description   "Memory SPICE file list definition"
@file 149: dict lappend flow_vars flow_vars_memory_spi_list                                type          string
@file 150: dict lappend flow_vars flow_vars_memory_spi_list                                default       ""
@file 151: dict lappend flow_vars flow_vars_io_gds_list                                    description   "IO GDS file list definition"
@file 152: dict lappend flow_vars flow_vars_io_gds_list                                    type          string
@file 153: dict lappend flow_vars flow_vars_io_gds_list                                    default       ""
@file 154: dict lappend flow_vars flow_vars_io_spi_list                                    description   "IO SPICE file list definition"
@file 155: dict lappend flow_vars flow_vars_io_spi_list                                    type          string
@file 156: dict lappend flow_vars flow_vars_io_spi_list                                    default       ""
@file 157: dict lappend flow_vars flow_vars_macro_gds_list                                 description   "Macro GDS file list definition"
@file 158: dict lappend flow_vars flow_vars_macro_gds_list                                 type          string
@file 159: dict lappend flow_vars flow_vars_macro_gds_list                                 default       ""
@file 160: dict lappend flow_vars flow_vars_macro_spi_list                                 description   "Macro SPICE file list definition"
@file 161: dict lappend flow_vars flow_vars_macro_spi_list                                 type          string
@file 162: dict lappend flow_vars flow_vars_macro_spi_list                                 default       ""
@file 163: dict lappend flow_vars flow_vars_dont_use_list                                  description   "dont_use cell list definition"
@file 164: dict lappend flow_vars flow_vars_dont_use_list                                  type          string
@file 165: dict lappend flow_vars flow_vars_dont_use_list                                  default       ""
@file 166: dict lappend flow_vars flow_vars_sdf_list                                       description   "Macro SDF file list definition"
@file 167: dict lappend flow_vars flow_vars_sdf_list                                       type          string
@file 168: dict lappend flow_vars flow_vars_sdf_list                                       default       ""
@file 169: dict lappend flow_vars flow_vars_voltus_file_list                               description   "Voltus file list definition"
@file 170: dict lappend flow_vars flow_vars_voltus_file_list                               type          string
@file 171: dict lappend flow_vars flow_vars_voltus_file_list                               default       ""
@file 172:
@file 173: # Transform all dict to attribute
@file 174: foreach myAttr [dict keys $flow_vars] {
  if { ![is_attribute -obj_type root $myAttr]} {
    define_attribute $myAttr \
      -category user_flow \
      -data_type [dict get $flow_vars $myAttr type] \
      -default [dict get $flow_vars $myAttr default] \
      -help_string [dict get $flow_vars $myAttr description] \
      -obj_type root
    }
}
@file 184:
#@ End verbose source: /home/student/16/ex8/flow_matmul_sync_1/cadence_flow_scripts/scripts/flow_attributes.tcl
Info: Sourcing scripts/design_setup.tcl
#@ Begin verbose source scripts/design_setup.tcl (pre)
@file 1: ################################################################################
@file 2: # Design specific setup
@file 3: ################################################################################
@file 4: # Time-stamp: <2025-10-25 15:42:58 qftele>
@file 5:
@file 6: # Directory structure
@@file 7: set_db flow_vars_data_directory                             [exec pwd]
@file 8:
@file 9: # Design info
@@file 10: set_db flow_vars_rtl_root_dir                               .
@@file 11: set_db flow_vars_design_name                                $env(MODULE_NAME)
@@file 12: set_db flow_vars_design_top                                 $env(MODULE_NAME)
@@file 13: set_db flow_vars_power_intent                               "[get_db flow_vars_data_directory]/constraints/[get_db flow_vars_design_name].upf"
@@file 14: set_db flow_vars_floorplan_def                              "[get_db flow_vars_data_directory]/floorplan_def/[get_db flow_vars_design_name].def.gz"
@@file 15: set_db flow_vars_tcf_file				    [list /userwork8/tlehtine/projects/ML/sim/mem_pow_test/sim_out_read_1GHz.vcd tb_top.i_dut]
@@file 16: set_db flow_vars_bist_signals                               ""
@@file 17: set_db flow_vars_elaboration_parameters                     ""
@file 18:
@file 19: # block specific MMMC settings
@@file 20: set_db flow_vars_constraint_modes                           [list \
								 func \
								 scan_capture \
								 scan_shift \
							    ]
@@file 25: set_db flow_vars_setup_synth_active_views                   [list \
                                                              slow_0p9v_125c_cmax_func \
                                                              slow_0p9v_125c_cmax_scan_capture \
                                                              slow_0p9v_125c_cmax_scan_shift \
                                                            ]
@@file 30: set_db flow_vars_setup_pnr_active_views                     [list \
                                                              slow_0p9v_125c_cmax_func \
                                                              slow_0p9v_125c_cmax_scan_capture \
                                                              slow_0p9v_125c_cmax_scan_shift \
                                                            ]
@@file 35: set_db flow_vars_setup_sta_active_views                     [list \
                                                              slow_0p9v_125c_cmax_func \
                                                              slow_0p9v_125c_cmax_scan_capture \
                                                              slow_0p9v_125c_cmax_scan_shift \
                                                              ]
@@file 40: set_db flow_vars_hold_views                                 "fast_1p1v_0c_cmin_func"
@@file 41: set_db flow_vars_hold_pnr_active_views                      [list \
                                                                 slow_0p9v_125c_cmax_func \
                                                                 slow_0p9v_125c_cmax_scan_capture \
                                                                 slow_0p9v_125c_cmax_scan_shift \
								 fast_1p1v_0c_cmin_func \
								 fast_1p1v_0c_cmin_scan_capture \
								 fast_1p1v_0c_cmin_scan_shift \
                                                            ]
@@file 49: set_db flow_vars_hold_sta_active_views                      [list \
                                                                 slow_0p9v_125c_cmax_func \
                                                                 slow_0p9v_125c_cmax_scan_capture \
                                                                 slow_0p9v_125c_cmax_scan_shift \
								 fast_1p1v_0c_cmin_func \
								 fast_1p1v_0c_cmin_scan_capture \
								 fast_1p1v_0c_cmin_scan_shift \
                                                            ]
@file 57: # set_db flow_vars_hold_sta_active_views                      [get_db flow_vars_hold_pnr_active_views]
@@file 58: set_db flow_vars_power_view                                 [lindex [get_db flow_vars_setup_synth_active_views] 0]
@file 59: #set_db flow_vars_power_view                                 "fast_1p1v_0c_cmin_func"
#@ End verbose source scripts/design_setup.tcl
Warning: Overriding project technology setup from local folder
Info: Sourcing scripts/tech_setup.tcl
#@ Begin verbose source scripts/tech_setup.tcl (pre)
@file 1: ################################################################################
@file 2: # Project level Technology setup
@file 3: ################################################################################
@file 4: # Time-stamp: <2025-11-08 15:27:43 qftele>
@file 5:
@file 6: set TECHNOLOGY "gpdk045"
@file 7: set TECH_SETUP_VERSION "v1.0"
@file 8: puts "Info: TECHNOLOGY SETUP: $TECHNOLOGY : $TECH_SETUP_VERSION"
Info: TECHNOLOGY SETUP: gpdk045 : v1.0
@file 9:
@file 10: # Directory structure
@@file 11: set_db flow_vars_lef_tech_file                             "/opt/soc/tech/GPDK045/gsclib045/lef/gsclib045_tech.lef"
@@file 12: set_db flow_vars_qrc_tech_directory                        "/opt/soc/tech/GPDK045/gsclib045/qrc"
@@file 13: set_db flow_vars_gdsout_stream_map_file                    "/opt/soc/tech/GPDK045/gsclib045/oa22/gsclib045/gsclib045.layermap"
@file 14:
@file 15: # Technology files
@file 16:
@file 17: # Physical Info
@file 18: set tech_lef_filelist [list ]
@file 19: lappend tech_lef_filelist                                   [get_db flow_vars_lef_tech_file]
@file 20: # Note, flow_vars_lef_list should be empty at this point, and tech lef MUST be the first .lef file read in!
@@file 21: set_db flow_vars_lef_list $tech_lef_filelist
@file 22:
#@ End verbose source scripts/tech_setup.tcl
Warning: Overriding project mmmc setup from local folder
Info: Sourcing scripts/mmmc_setup.tcl
#@ Begin verbose source scripts/mmmc_setup.tcl (pre)
@file 1: ##############################################################################
@file 2: # Project level Mode & Corner definitions
@file 3: ##############################################################################
@file 4: # Time-stamp: <2025-09-23 16:49:18 qftele>
@file 5:
@file 6: set MMMC_SETUP_VERSION "v1.0"
@file 7: # $TECHNOLOGY is set in tech_setup.tcl
@file 8: puts "Info: MMMC SETUP: $TECHNOLOGY : $MMMC_SETUP_VERSION"
Info: MMMC SETUP: gpdk045 : v1.0
@file 9:
@file 10: # Delay corner list
@file 11: set mmmc_vars(delay_corners) \
    [list \
	 slow_0p9v_125c_cmax \
	 fast_1p1v_0c_cmin \
	 ]
@file 16:
@file 17:
@file 18: # Read .lib -files
@file 19: foreach dc $mmmc_vars(delay_corners) {

    regexp {([^_]+)_([^_]+)_([^_]+)_([\w]+)} $dc -> corn volt temp rc

    # qrc techfile
    set mmmc_vars("${rc}_${temp}",qrc_tech) "[get_db flow_vars_qrc_tech_directory]/gpdk045.tch"
    # temperature
    if {${temp} == "m40c"} {
	set mmmc_vars("${rc}_${temp}",temperature) "-40"
    } elseif {${temp} == "125c"} {
	set mmmc_vars("${rc}_${temp}",temperature) "125"
    } elseif {${temp} == "0c"} {
	set mmmc_vars("${rc}_${temp}",temperature) "0"
    } else {
	set mmmc_vars("${rc}_${temp}",temperature) "25"
    }


    ###########################################
    # OCVs &  Clock uncertainties for FLAT OCV
    ###########################################

    # use following uncertainties
    # FUNC:
    # setup:
    # clock jitter: defined through clock cycle
    # TECH uncertainty: 25ps
    # extra uncertainty (implementation): 20ps
    # extra uncertainty (signoff STA): 0ps
    # hold:
    # TECH uncertainty (SSG): 50ps
    # TECH uncertainty (fast): 40ps
    # extra uncertainty (implementation): 15ps
    # extra uncertainty (signoff STA): 0ps

    # Note, add 1% OCV on top of previous to match LVF
    # so flat values below have 0.01 added (subtracted) because of this

    # setup in slow, 0.81v, -40C/125c, cmax
    if {$corn eq "slow" &&
	$volt eq "0p9v" &&
	($temp eq "m40c" || $temp eq "0c" || $temp eq "125c") &&
	($rc eq "cmax")} {
	
	# -2.0% + -3.7% (10mV V-margin) + -0.6% (10c T-margin) for capturing clock cell
	set mmmc_vars(${dc},flat_clock_cell_early)  "0.927"
	# +2.0% for launching clock cell
	set mmmc_vars(${dc},flat_clock_cell_late)   "1.03"
	# hold not checked in this corner
	set mmmc_vars(${dc},flat_data_cell_early)   "1.0"
	# + 6.9% on data cell
	set mmmc_vars(${dc},flat_data_cell_late)    "1.079"

	# -6.0% for clock net
	set mmmc_vars(${dc},flat_clock_net_early)  "0.93"
	# +6.0% for clock net
	set mmmc_vars(${dc},flat_clock_net_late)   "1.07"
	# hold not checked in this corner
	set mmmc_vars(${dc},flat_data_net_early)   "1.0"
	# +6.0 for data net
	set mmmc_vars(${dc},flat_data_net_late)    "1.07"

    # hold in slow, 0.81v, -40c/125c, cmax
    } elseif {$corn eq "slow" &&
	      $volt eq "0p9v" &&
	      ($temp eq "m40c" || $temp eq "0c" || $temp eq "125c") &&
	      ($rc eq "cmax")} {
	
	# -3.2% + -7.0% (20mV V-margin) + -0.6% (10c T-margin) for launching clock cell
	set mmmc_vars(${dc},flat_clock_cell_early)  "0.882"
	# +3.2% for capturing clock cell
	set mmmc_vars(${dc},flat_clock_cell_late)   "1.042"
	# -9.7% + -7.0% (20mV V-margin) + -0.6% (10c T-margin) for data
	set mmmc_vars(${dc},flat_data_cell_early)   "0.817"
	# setup not checked
	set mmmc_vars(${dc},flat_data_cell_late)    "1.0"

	# -8.5% for launching clock net
	set mmmc_vars(${dc},flat_clock_net_early)  "0.905"
	# no derate on capturing clock net
	set mmmc_vars(${dc},flat_clock_net_late)   "1.0"
	# -8.5% for data net
	set mmmc_vars(${dc},flat_data_net_early)   "0.905"
	# setup not checked
	set mmmc_vars(${dc},flat_data_net_late)    "1.0"

    # hold in fast, 0.99v, -40c/0c/125c, cmax
    } elseif {$corn eq "fast" &&
	      $volt eq "1p1v" &&
	      ($temp eq "m40c" || $temp eq "0c" || $temp eq "125c") &&
	      ($rc eq "cmax")} {
	
	# -3.7% for launching clock cell
	set mmmc_vars(${dc},flat_clock_cell_early)  "0.953"
	# +3.7% + +5.1% (30mV V-margin) + 0.5% (10c T-margin) for capturing clock cell
	set mmmc_vars(${dc},flat_clock_cell_late)   "1.103"
	# -12.1% for data
	set mmmc_vars(${dc},flat_data_cell_early)   "0.869"
	# setup not checked
	set mmmc_vars(${dc},flat_data_cell_late)    "1.0"

	# -8.5% for launching clock net
	set mmmc_vars(${dc},flat_clock_net_early)  "0.905"
	# no derate on capturing clock net
	set mmmc_vars(${dc},flat_clock_net_late)   "1.0"
	# -8.5% for data net
	set mmmc_vars(${dc},flat_data_net_early)   "0.905"
	# setup not checked
	set mmmc_vars(${dc},flat_data_net_late)    "1.0"

    # hold in fast, 0.99v, -40c/0c/125c, cmin
    } elseif {$corn eq "fast" &&
	      $volt eq "1p1v" &&
	      ($temp eq "m40c" || $temp eq "0c" || $temp eq "125c") &&
	      ($rc eq "cmin")} {
	
	# -3.7% for launching clock cell
	set mmmc_vars(${dc},flat_clock_cell_early)  "0.953"
	# +3.7% + +5.1% (30mV V-margin) + 0.5% (10c T-margin) for capturing clock cell
	set mmmc_vars(${dc},flat_clock_cell_late)   "1.083"
	# -12.1% for data
	set mmmc_vars(${dc},flat_data_cell_early)   "0.869"
	# setup not checked
	set mmmc_vars(${dc},flat_data_cell_late)    "1.0"

	# no derate on launching clock net
	set mmmc_vars(${dc},flat_clock_net_early)  "1.0"
	# +8.5% for capturing clock net
	set mmmc_vars(${dc},flat_clock_net_late)   "1.075"
	# no derate for data net
	set mmmc_vars(${dc},flat_data_net_early)   "1.0"
	# setup not checked
	set mmmc_vars(${dc},flat_data_net_late)    "1.0"

    } else {
	puts "Fatal: delay corner ${dc} OCVs not defined (corner: $corn, voltage: $volt, temperature: $temp, rc: ${rc})"
	exit 1
    }

    ###########################################
    # OCVs &  Clock uncertainties for SOCV
    ###########################################

    # Note, only voltage and temperature OCVs needed

    # Early & late variation factors from:
    set mmmc_vars(early_rc_variation_factor) 0.06
    set mmmc_vars(late_rc_variation_factor) 0.06

    set mmmc_vars(timing_socv_analysis_nsigma_multiplier) 3

    # slow, 0.81v, -40c
    if {$corn eq "slow" &&
	$volt eq "0p9v" &&
	$temp eq "m40c"} {
        
        # DATA  @ 20.3mV : 7.4%
        # DATA  @ 10c    : 0.9%
        # CLOCK @ 20.3mV : 5.4%
        # CLOCK @ 10c    : 0.7%

        # For setup only derate clock
	set mmmc_vars(${dc},socv_clock_cell_late)   "0.054"
	set mmmc_vars(${dc},socv_data_cell_late)    "0.0"
        # For hold in slow derate data & launching clock
	set mmmc_vars(${dc},socv_clock_cell_early)  "-0.061"
	set mmmc_vars(${dc},socv_data_cell_early)   "-0.083"

    } elseif {$corn eq "slow" &&
	$volt eq "0p9v" &&
	$temp eq "125c"} {
       
        # DATA  @ 20.3mV : 5.0%
        # DATA  @ 10c    : 0.3%
        # CLOCK @ 20.3mV : 3.5%
        # CLOCK @ 10c    : 0.2%

        # For setup only derate clock
	set mmmc_vars(${dc},socv_clock_cell_late)   "0.037"
	set mmmc_vars(${dc},socv_data_cell_late)    "0.0"
        # For hold in slow derate data & launching clock
	set mmmc_vars(${dc},socv_clock_cell_early)  "-0.037"
	set mmmc_vars(${dc},socv_data_cell_early)   "-0.053"

    } elseif {$corn eq "slow" &&
	$volt eq "0p9v" &&
	$temp eq "0c"} {
       
        # DATA  @ 20.3mV : 6.6%
        # DATA  @ 10c    : 0.8%
        # CLOCK @ 20.3mV : 4.9%
        # CLOCK @ 10c    : 0.6%

        # For setup only derate clock
	set mmmc_vars(${dc},socv_clock_cell_late)   "0.055"
	set mmmc_vars(${dc},socv_data_cell_late)    "0.0"
        # For hold in slow derate data & launching clock
	set mmmc_vars(${dc},socv_clock_cell_early)  "-0.055"
	set mmmc_vars(${dc},socv_data_cell_early)   "-0.074"

    } elseif {$corn eq "fast" &&
	$volt eq "1p1v" &&
	$temp eq "m40c"} {
       
        # DATA  @ 45mV   : 7.4%
        # DATA  @ 10c    : 0.5%
        # CLOCK @ 45mV   : 5.1%
        # CLOCK @ 10c    : 0.6%

        # For setup only derate clock
	set mmmc_vars(${dc},socv_clock_cell_late)   "0.057"
	set mmmc_vars(${dc},socv_data_cell_late)    "0.0"
        # For hold in slow derate data & launching clock
	set mmmc_vars(${dc},socv_clock_cell_early)  "-0.057"
	set mmmc_vars(${dc},socv_data_cell_early)   "-0.079"

     } elseif {$corn eq "fast" &&
	$volt eq "1p1v" &&
	$temp eq "125c"} {

        # DATA  @ 45mV   : 5.8%
        # DATA  @ 10c    : 0.5%
        # CLOCK @ 45mV   : 3.6%
        # CLOCK @ 10c    : 0.6%

        # For setup only derate clock
	set mmmc_vars(${dc},socv_clock_cell_late)   "0.042"
	set mmmc_vars(${dc},socv_data_cell_late)    "0.0"
        # For hold in slow derate data & launching clock
	set mmmc_vars(${dc},socv_clock_cell_early)  "-0.042"
	set mmmc_vars(${dc},socv_data_cell_early)   "-0.063"

    } elseif {$corn eq "fast" &&
	$volt eq "1p1v" &&
	$temp eq "0c"} {

        # DATA  @ 45mV   : 7.0%
        # DATA  @ 10c    : 0.4%
        # CLOCK @ 45mV   : 4.7%
        # CLOCK @ 10c    : 0.4%

        # For setup only derate clock
	set mmmc_vars(${dc},socv_clock_cell_late)   "0.051"
	set mmmc_vars(${dc},socv_data_cell_late)    "0.0"
        # For hold in slow derate data & launching clock
	set mmmc_vars(${dc},socv_clock_cell_early)  "-0.051"
	set mmmc_vars(${dc},socv_data_cell_early)   "-0.074"

     } else {
        puts "Fatal: corner / voltage / temperature combination not allowed (corner: $corn, voltage: $volt, temperature: $temp)"
        exit 1
    }
}
@file 272:
@file 273: # Constraint mode list
@file 274: set mmmc_vars(constraint_modes) [get_db flow_vars_constraint_modes]
@file 275:
@file 276: foreach cm $mmmc_vars(constraint_modes) {
    if {[get_db program_short_name] == "genus"} {
#	if {${cm} == "func"} {
	    set mmmc_vars(${cm},sdc_files) [list [get_db flow_vars_data_directory]/constraints/[get_db flow_vars_design_name].constraints.${cm}.tcl \
						[get_db flow_vars_data_directory]/constraints/[get_db flow_vars_design_name].boundary_conditions.tcl \
						]
#	} else {
#	    set mmmc_vars(${cm},sdc_files) [get_db flow_vars_data_directory]/constraints/[get_db flow_vars_design_name].constraints.dummy.tcl
#	}
    } else {
	if {${cm} == "func"} {
	    set mmmc_vars(${cm},sdc_files) [list [get_db flow_vars_data_directory]/constraints/[get_db flow_vars_design_name].constraints.${cm}.tcl \
						[get_db flow_vars_data_directory]/constraints/[get_db flow_vars_design_name].boundary_conditions.tcl \
						[get_db flow_vars_data_directory]/constraints/[get_db flow_vars_design_name].constraints.hier_dft.tcl \
						]
	} else {
	    set mmmc_vars(${cm},sdc_files) [list [get_db flow_vars_data_directory]/constraints/[get_db flow_vars_design_name].constraints.${cm}.tcl \
						[get_db flow_vars_data_directory]/constraints/[get_db flow_vars_design_name].boundary_conditions.tcl \
						]
	}
    }
}
#@ End verbose source scripts/mmmc_setup.tcl
Warning: Overriding project library setup from local folder
Info: Sourcing scripts/library_setup.tcl
#@ Begin verbose source scripts/library_setup.tcl (pre)
@file 1: ################################################################################
@file 2: # Project level Library setup
@file 3: ################################################################################
@file 4: # Time-stamp: <2025-11-08 15:36:55 qftele>
@file 5:
@file 6: set PROJECT "Ballast"
@file 7: set LIBRARY_SETUP_VERSION "v1.0"
@file 8: puts "Info: LIBRARY SETUP: $PROJECT : $LIBRARY_SETUP_VERSION"
Info: LIBRARY SETUP: Ballast : v1.0
@file 9:
@file 10: # Directory structure
@@file 11: set_db flow_vars_stdcell_path                               "/opt/soc/tech/GPDK045/gsclib045"
@@file 12: set_db flow_vars_dft_data_directory                         [exec pwd]/dft_lib
@@file 13: set_db flow_vars_dft_library                                "[get_db flow_vars_dft_data_directory]/dft_lib_specify.v"
@@file 14: set_db flow_vars_dft_ncsim_library                          "[get_db flow_vars_dft_data_directory]/dft_lib_specify.v"
@file 15:
@file 16: # STD CELL dont use list
@@file 17: set_db flow_vars_dont_use_list                              [list "{.name==*FOOFOO*}" "{.name==*FIIFAA*}" ]
@file 18:
@file 19:
@file 20: ################################################################################
@file 21: # Physical information of macros & std cells
@file 22: ################################################################################
@file 23: set io_lef_filelist [list ]
@file 24: set io_gds_filelist [list ]
@file 25: set io_spi_filelist [list ]
@file 26:
@file 27: # PADs
@file 28: lappend io_lef_filelist ""
@file 29: lappend io_gds_filelist ""
@file 30: lappend io_spi_filelist ""
@file 31:
@@file 32: set_db flow_vars_lef_list [concat [get_db flow_vars_lef_list] $io_lef_filelist]
@@file 33: set_db flow_vars_io_gds_list $io_gds_filelist
@@file 34: set_db flow_vars_io_spi_list $io_spi_filelist
@file 35:
@file 36: set stdcell_lef_filelist [list ]
@file 37: set stdcell_gds_filelist [list ]
@file 38: set stdcell_spi_filelist [list ]
@file 39:
@file 40: # Add LEF
@file 41: lappend stdcell_lef_filelist [get_db flow_vars_stdcell_path]/lef/gsclib045_macro.lef
@file 42:
@file 43: # Add GDS
@file 44: lappend stdcell_gds_filelist /opt/soc/tech/GPDK045/gsclib045/gds/gsclib045.gds
@file 45:
@@file 46: set_db flow_vars_lef_list [concat [get_db flow_vars_lef_list] $stdcell_lef_filelist]
@@file 47: set_db flow_vars_stdcell_gds_list $stdcell_gds_filelist
@@file 48: set_db flow_vars_stdcell_spi_list $stdcell_spi_filelist
@file 49:
@file 50: # Add slow & fast
@file 51: foreach dc $mmmc_vars(delay_corners) {
    set mmmc_vars(${dc},timing_nldm) [list \
                                         ]
    set mmmc_vars(${dc},timing_ecsm) [list \
                                         ]
    if {[regexp {slow} $dc]} {
        lappend mmmc_vars(${dc},timing_nldm) [get_db flow_vars_stdcell_path]/timing/slow_vdd1v0_basicCells.lib
        lappend mmmc_vars(${dc},timing_ecsm) [get_db flow_vars_stdcell_path]/timing/slow_vdd1v0_basicCells.lib
    } else {
        lappend mmmc_vars(${dc},timing_nldm) [get_db flow_vars_stdcell_path]/timing/fast_vdd1v0_basicCells.lib
        lappend mmmc_vars(${dc},timing_ecsm) [get_db flow_vars_stdcell_path]/timing/fast_vdd1v0_basicCells.lib
    }
}
#@ End verbose source scripts/library_setup.tcl
Info: Sourcing /home/student/16/ex8/flow_matmul_sync_1/cadence_flow_scripts/scripts/global_macro_setup.tcl
#@ Begin verbose source /home/student/16/ex8/flow_matmul_sync_1/cadence_flow_scripts/scripts/global_macro_setup.tcl (pre)
@file 1: ################################################################################
@file 2: # Setup for macros in hierarchical designs
@file 3: ################################################################################
@file 4: # Time-stamp: <2025-09-02 09:47:10 qftele>
@file 5:
@file 6: set MACRO_SETUP_VERSION "v1.0"
@file 7: puts "Info: MACRO SETUP: $MACRO_SETUP_VERSION"
Info: MACRO SETUP: v1.0
@file 8:
@file 9: #########################################################################################################
@file 10: # Macro info
@file 11: # List all DUT versions of all macros in project
@file 12: #########################################################################################################
@file 13: array set global_macro_exportdir {
}
@file 15:
@file 16: #########################################################################################################
@file 17: # Global IPs
@file 18: #########################################################################################################
@file 19:
@file 20: # .lefs
@file 21: set ip_lef_filelist [list ]
@file 22: # PLL
@file 23: lappend ip_lef_filelist ""
@file 24:
@@file 25: set_db flow_vars_lef_list [concat [get_db flow_vars_lef_list] $ip_lef_filelist]
@file 26:
@file 27: # .libs
@file 28: foreach dc $mmmc_vars(delay_corners) {

    regexp {([^_]+)_([^_]+)_([^_]+)_([\w]+)} $dc -> corn volt temp rc

    # PLL .lib
    lappend mmmc_vars(${dc},timing_nldm) ""
    lappend mmmc_vars(${dc},timing_ecsm) ""
    lappend mmmc_vars(${dc},timing_lvf) ""
}
#@ End verbose source /home/student/16/ex8/flow_matmul_sync_1/cadence_flow_scripts/scripts/global_macro_setup.tcl
Warning: Overriding project macro setup from local folder
Info: Sourcing scripts/local_macro_setup.tcl
#@ Begin verbose source scripts/local_macro_setup.tcl (pre)
@file 1: ################################################################################
@file 2: # Local setup for macros in hierarchical designs
@file 3: # Setup lef & libs fr tools, regardless of whether DUT contains any macros
@file 4: ################################################################################
@file 5: # Time-stamp: <2025-10-30 09:01:30 qftele>
@file 6: #########################################################################################################
@file 7: # Macro info
@file 8: # List versions of macros used in DUT
@file 9: #########################################################################################################
@file 10: if {1} {
@file 11: array unset global_macro_exportdir
@file 12:
@file 13: set macro_scan_abstract_filelist [list ]
@file 14: set macro_lef_filelist [list ]
@file 15:
@file 16:
@file 17: array unset memarray
@file 18:
@file 19: # Go through global settings for macros and see if there's a local override
@file 20: foreach {blockname blockpath} [array get global_macro_exportdir] {

    # do not read in a model for DUT
    if {![string compare $blockname [get_db flow_vars_design_name]]} {
	puts "Info([info script]): Skipping reading in model for $blockname since it's DUT"
	continue
    }

    if {[info exists local_macro_exportdir($blockname)]} {
	if {[string compare $blockpath $local_macro_exportdir($blockname)]} {
	    puts "Warning([info script]): Overriding global setting for $blockname ->"
	    puts "\#OLD\#: $blockpath"
	    puts "\#NEW\#: $local_macro_exportdir($blockname)"
	    set $blockpath $local_macro_exportdir($blockname)
	}
    }

    # scan abstract for DFT
    if {[file exists $blockpath/dbs/syn_opt/$blockname.scan.abstract]} {
	lappend macro_scan_abstract_filelist $blockpath/dbs/syn_opt/$blockname.scan.abstract
    } else {
	puts "Error([info script]): scan abstract not found for block $blockname from $blockpath/dbs/syn_opt"
    }

    # MACROs
    if {[file exists $blockpath/models/opt_signoff/$blockname.lef]} {
	lappend macro_lef_filelist $blockpath/models/opt_signoff/$blockname.lef
    } else {
	puts "Fatal([info script]): .lef not found for block $blockname from $blockpath/models/opt_signoff"
	exit 1
    }

    # Read .lib -files
    # mmmc_vars(delay_corners) is set in mmmc_setup.tcl
    foreach dc $mmmc_vars(delay_corners) {

	regexp {([^_]+)_([^_]+)_([^_]+)_([\w]+)} $dc -> corn volt temp rc

	if {[file exists $blockpath/models/opt_signoff.sta/$blockname.${corn}_${volt}_${temp}_${rc}.lib]} {
	    lappend mmmc_vars(${dc},timing_nldm) $blockpath/models/opt_signoff.sta/$blockname.${corn}_${volt}_${temp}_${rc}.lib
	    lappend mmmc_vars(${dc},timing_ecsm) $blockpath/models/opt_signoff.sta/$blockname.${corn}_${volt}_${temp}_${rc}.lib
	} else {
	    puts "Fatal([info script]): .lib not found for block $blockname from $blockpath/models/opt_signoff.sta"
	    exit 1
	}
    }
}
@file 67: # sanity check to see if global setting are missing block which are defined in local settings!
@file 68: foreach {blockname blockpath} [array get local_macro_exportdir] {
    # do not read in a model for DUT
    if {![string compare $blockname [get_db flow_vars_design_name]]} {
	puts "Info([info script]): Skipping reading in model for $blockname since it's DUT. Remove the definition from local macro settings!"
	continue
    }

    set found 0
    if {[info exists global_macro_exportdir($blockname)]} {
	set found 1
    }

    if {!$found} {
	puts "Warning([info script]): Global setting for $blockname set in local setting not found from global settings! Report this to project toplevel!"	
    } else {
	# it was found so it's already set
	continue
    }

    # scan abstract for DFT
    if {[file exists $blockpath/dbs/syn_opt/$blockname.scan.abstract]} {
	lappend macro_scan_abstract_filelist $blockpath/dbs/syn_opt/$blockname.scan.abstract
    } else {
	puts "Error([info script]): scan abstract not found for block $blockname from $blockpath/dbs/syn_opt"
    }

    # MACROs
    if {[file exists $blockpath/models/opt_signoff/$blockname.lef]} {
	lappend macro_lef_filelist $blockpath/models/opt_signoff/$blockname.lef
    } else {
	puts "Fatal([info script]): .lef not found for block $blockname from $blockpath/models/opt_signoff"
	exit 1
    }

    # Read .lib -files
    # mmmc_vars(delay_corners) is set in mmmc_setup.tcl
    foreach dc $mmmc_vars(delay_corners) {

	regexp {([^_]+)_([^_]+)_([^_]+)_([\w]+)} $dc -> corn volt temp rc

	if {[file exists $blockpath/models/opt_signoff.sta/$blockname.${corn}_${volt}_${temp}_${rc}.lib]} {
	    lappend mmmc_vars(${dc},timing_nldm) $blockpath/models/opt_signoff.sta/$blockname.${corn}_${volt}_${temp}_${rc}.lib
	    lappend mmmc_vars(${dc},timing_ecsm) $blockpath/models/opt_signoff.sta/$blockname.${corn}_${volt}_${temp}_${rc}.lib
	} else {
	    puts "Fatal([info script]): .lib not found for block $blockname from $blockpath/models/opt_signoff.sta"
	    exit 1
	}
    }
}
@file 117:
@file 118: ########################################################################
@file 119: # Memories
@file 120: ########################################################################
@file 121:
@file 122: set memory_gds_filelist [list]
@file 123: set memory_spi_filelist [list]
@file 124: foreach {memdir memlist} [array get memarray] {

    set mem_directory ./models
    foreach mem $memlist {

        lappend macro_lef_filelist ${mem_directory}/${mem}.lef

        # lappend macro_scan_abstract_filelist ${mem_directory}/${mem}/${mem}.ctl
        #lappend dft_library ${mem_directory}/model/verilog/${mem}.v
        #lappend dft_ncsim_library ${mem_directory}/model/verilog/${mem}.v

        #lappend memory_gds_filelist ${mem_directory}/gds/${mem}.gds

        #lappend memory_spi_filelist ${mem_directory}/cdl/${mem}.cdl

        foreach dc $mmmc_vars(delay_corners) {

	    regexp {([^_]+)_([^_]+)_([^_]+)_([\w]+)} $dc -> corn volt temp rc

	    if {[regexp {SS} $dc]} {
		set volt "0P720V"
		set temp "125C"
	    } else {
		set volt "0P880V"
		set temp "M40C"
	    }
	    

            lappend mmmc_vars(${dc},timing_nldm) ${mem_directory}/${mem}.slow_0p9v_125c_cmax_func.lib
            lappend mmmc_vars(${dc},timing_ccs) ${mem_directory}/${mem}.slow_0p9v_125c_cmax_func.lib
            #lappend mmmc_vars(${dc},timing_lvf) ${mem_directory}/${mem}/${mem}_${corn}g_${rc}_${volt}_${volt}_${temp}.lib_ecsm_tv
        }
    }
}
@file 158:
@file 159: ########################################################################
@file 160: # Manual hacks for dirty models
@file 161: ########################################################################
@file 162: # .lefs
@file 163: # .libs
@file 164:
@file 165: # lef_filelist originally set in libray_setup.tcl
@file 166: puts "Info: Adding macro info to flow_vars_lef_list in [info script]"
Info: Adding macro info to flow_vars_lef_list in scripts/local_macro_setup.tcl
@@file 167: set_db flow_vars_lef_list [concat [get_db flow_vars_lef_list] $macro_lef_filelist]
@file 168: set pll_idx [lsearch -regexp [get_db flow_vars_lef_list] {CLKPLL}]
@@file 169: set_db flow_vars_lef_list [lreplace [get_db flow_vars_lef_list] $pll_idx $pll_idx]
@file 170:
@file 171: puts "Info: re-writing flow_vars_scan_abstracts in [info script]"
Info: re-writing flow_vars_scan_abstracts in scripts/local_macro_setup.tcl
@@file 172: set_db flow_vars_scan_abstracts $macro_scan_abstract_filelist
@file 173: }
#@ End verbose source scripts/local_macro_setup.tcl
## FLOWKIT: checking include file scripts/genus_config.tcl for PLACEHOLDER content
## FLOWKIT: sourcing include file scripts/genus_config.tcl
## FLOWKIT: checking include file scripts/innovus_config.tcl for PLACEHOLDER content
## FLOWKIT: sourcing include file scripts/innovus_config.tcl
## FLOWKIT: checking include file scripts/tempus_config.tcl for PLACEHOLDER content
## FLOWKIT: sourcing include file scripts/tempus_config.tcl
## FLOWKIT: checking include file /home/student/16/ex8/flow_matmul_sync_1/cadence_flow_scripts/scripts/modus_config.tcl for PLACEHOLDER content
## FLOWKIT: sourcing include file /home/student/16/ex8/flow_matmul_sync_1/cadence_flow_scripts/scripts/modus_config.tcl
## FLOWKIT: checking include file scripts/dft_config.tcl for PLACEHOLDER content
## FLOWKIT: sourcing include file scripts/dft_config.tcl
## FLOWKIT: checking include file /home/student/16/ex8/flow_matmul_sync_1/cadence_flow_scripts/scripts/em_config.tcl for PLACEHOLDER content
## FLOWKIT: sourcing include file /home/student/16/ex8/flow_matmul_sync_1/cadence_flow_scripts/scripts/em_config.tcl
## FLOWKIT: checking include file scripts/flow_existing_step_overwrite.tcl for PLACEHOLDER content
## FLOWKIT: sourcing include file scripts/flow_existing_step_overwrite.tcl
Sourcing flow scripts done.
##FLOW_KIT: enabling features from command line: {report_lec synth_spatial pnr_db_handoff add_scan generate_models opt_signoff}
Begin steps for plugin point Cadence.plugin.flowkit.read_db.pre
##FLOW_KIT: enabling features from command line: {report_lec synth_spatial pnr_db_handoff add_scan generate_models opt_signoff}
#@ Begin verbose flow_step activate_views
@flow 2: set db [get_db flow_starting_db]
@flow 3: set flow [lindex [get_db flow_hier_path] end]
@flow 4: set setup_views [get_feature $flow -feature setup_views]
@flow 5: set hold_views [get_feature $flow -feature hold_views]
@flow 6: set leakage_view [get_feature $flow -feature leakage_view]
@flow 7: set dynamic_view [get_feature $flow -feature dynamic_view]
@flow 9: if {($setup_views ne "") || ($hold_views ne "") || ($leakage_view ne "") || ($dynamic_view ne "")} {...}
#@ End verbose flow_step activate_views
##FLOW_KIT: enabling features from command line: {report_lec synth_spatial pnr_db_handoff add_scan generate_models opt_signoff}
#@ Begin verbose flow_step init_mcpu
@flow 2: # Multi host/cpu attributes
@flow 3: #-----------------------------------------------------------------------------
@flow 4: # The FLOWTOOL_NUM_CPUS is an environment variable which should be exported by
@flow 5: # the specified dist script.  This connects the number of CPUs being reserved
@flow 6: # for batch jobs with the current flow scripts.  The LSB_MAX_NUM_PROCESSORS is
@flow 7: # a typical environment variable exported by distribution platforms and is
@flow 8: # useful for ensuring all interactive jobs are using the reserved amount of CPUs.
@flow 9: if {[info exists ::env(FLOWTOOL_NUM_CPUS)]} {
@flow 10: set max_cpus $::env(FLOWTOOL_NUM_CPUS)
@flow 11: }
@flow 17: switch -glob {innovus} {
@@flow 0: set_multi_cpu_usage -verbose -local_cpu   $max_cpus
**WARN: (PRL-39):	Number of local CPUs specified (16) > Actual number of CPUs in the host (8). The lower value will be used.
set_multi_cpu_usage -local_cpu 8
@flow 1: if {[get_feature -feature opt_signoff]} {
@flow 2: if {[is_flow -inside flow:opt_signoff]} {...}
@flow 6: }
@flow 7: if {[get_feature -feature sta_eco]} {...}
@flow 13: }
#@ End verbose flow_step init_mcpu
End steps for plugin point Cadence.plugin.flowkit.read_db.pre
#% Begin load design ... (date=11/14 15:05:56, mem=1938.9M)
**WARN: (IMPDBTCL-321):	The attribute 'timing_aocv_enable_gba_combine_launch_capture' still works but will be obsolete in a future major release. You should remove it from your script before the next major release to avoid errors.
**WARN: (IMPDBTCL-321):	The attribute 'timing_aocv_enable_gba_combine_launch_capture' still works but will be obsolete in a future major release. You should remove it from your script before the next major release to avoid errors.
**WARN: (IMPDBTCL-321):	The attribute 'timing_aocv_enable_gba_combine_launch_capture' still works but will be obsolete in a future major release. You should remove it from your script before the next major release to avoid errors.
**WARN: (IMPDBTCL-321):	The attribute 'timing_enable_backward_compatible_latch_thru_mt_mode' still works but will be obsolete in a future major release. You should remove it from your script before the next major release to avoid errors.
**WARN: (IMPDBTCL-321):	The attribute 'timing_enable_backward_compatible_latch_thru_mt_mode' still works but will be obsolete in a future major release. You should remove it from your script before the next major release to avoid errors.
**WARN: (IMPDBTCL-321):	The attribute 'timing_enable_backward_compatible_latch_thru_mt_mode' still works but will be obsolete in a future major release. You should remove it from your script before the next major release to avoid errors.
##  Process: 45            (User Set)               
##     Node: (not set)                           

##  Check design process and node:  
##  Design tech node is not set.

Applying the recommended capacitance filtering threshold values for 45nm process node: total_c_th=0, relative_c_th=1 and coupling_c_th=0.1.
	These values will be used by all post-route extraction engines, including TQuantus, IQuantus and Quantus QRC extraction.
	Capacitance filtering mode(extract_rc_cap_filter_mode option of the set_db) is 'relative_and_coupling' for all engines.
	The accuracy mode for post_route extract_rc_effort_level low extraction will be set to 'high'.
	Default value for EffortLevel(extract_rc_effort_level option of the set_db) in post_route extraction mode will be 'medium' if Quantus QRC technology file is specified else 'low'.
**WARN: (IMPDBTCL-321):	The attribute 'timing_aocv_enable_gba_combine_launch_capture' still works but will be obsolete in a future major release. You should remove it from your script before the next major release to avoid errors.
**WARN: (IMPDBTCL-321):	The attribute 'timing_enable_backward_compatible_latch_thru_mt_mode' still works but will be obsolete in a future major release. You should remove it from your script before the next major release to avoid errors.
**WARN: (IMPDBTCL-321):	The attribute 'timing_enable_separate_device_slew_effect_sensitivities' still works but will be obsolete in a future major release. You should remove it from your script before the next major release to avoid errors.
**WARN: (IMPDBTCL-321):	The attribute 'timing_aocv_enable_gba_combine_launch_capture' still works but will be obsolete in a future major release. You should remove it from your script before the next major release to avoid errors.
**WARN: (IMPDBTCL-321):	The attribute 'timing_aocv_enable_gba_combine_launch_capture' still works but will be obsolete in a future major release. You should remove it from your script before the next major release to avoid errors.
**WARN: (IMPDBTCL-321):	The attribute 'timing_aocv_enable_gba_combine_launch_capture' still works but will be obsolete in a future major release. You should remove it from your script before the next major release to avoid errors.
**WARN: (IMPDBTCL-321):	The attribute 'timing_enable_backward_compatible_latch_thru_mt_mode' still works but will be obsolete in a future major release. You should remove it from your script before the next major release to avoid errors.
**WARN: (IMPDBTCL-321):	The attribute 'timing_enable_backward_compatible_latch_thru_mt_mode' still works but will be obsolete in a future major release. You should remove it from your script before the next major release to avoid errors.
**WARN: (IMPDBTCL-321):	The attribute 'timing_enable_backward_compatible_latch_thru_mt_mode' still works but will be obsolete in a future major release. You should remove it from your script before the next major release to avoid errors.
Loading design 'matmul_sync' saved by 'Innovus' '23.15-s106_1' on 'Fri Nov 14 15:03:33 2025'.
Starting library reading in 'Multi-threaded flow' (with '8' threads)
Reading slow_0p9v_125c_ls timing library /opt/soc/tech/cadence/gsclib045_all_v4.8/gsclib045/timing/slow_vdd1v0_basicCells.lib.
**WARN: (TECHLIB-302):	No function defined for cell 'DECAP9'. The cell will only be used for analysis. (File /opt/soc/tech/cadence/gsclib045_all_v4.8/gsclib045/timing/slow_vdd1v0_basicCells.lib)
**WARN: (TECHLIB-302):	No function defined for cell 'DECAP8'. The cell will only be used for analysis. (File /opt/soc/tech/cadence/gsclib045_all_v4.8/gsclib045/timing/slow_vdd1v0_basicCells.lib)
**WARN: (TECHLIB-302):	No function defined for cell 'DECAP7'. The cell will only be used for analysis. (File /opt/soc/tech/cadence/gsclib045_all_v4.8/gsclib045/timing/slow_vdd1v0_basicCells.lib)
**WARN: (TECHLIB-302):	No function defined for cell 'DECAP6'. The cell will only be used for analysis. (File /opt/soc/tech/cadence/gsclib045_all_v4.8/gsclib045/timing/slow_vdd1v0_basicCells.lib)
**WARN: (TECHLIB-302):	No function defined for cell 'DECAP5'. The cell will only be used for analysis. (File /opt/soc/tech/cadence/gsclib045_all_v4.8/gsclib045/timing/slow_vdd1v0_basicCells.lib)
**WARN: (TECHLIB-302):	No function defined for cell 'DECAP4'. The cell will only be used for analysis. (File /opt/soc/tech/cadence/gsclib045_all_v4.8/gsclib045/timing/slow_vdd1v0_basicCells.lib)
**WARN: (TECHLIB-302):	No function defined for cell 'DECAP3'. The cell will only be used for analysis. (File /opt/soc/tech/cadence/gsclib045_all_v4.8/gsclib045/timing/slow_vdd1v0_basicCells.lib)
**WARN: (TECHLIB-302):	No function defined for cell 'DECAP2'. The cell will only be used for analysis. (File /opt/soc/tech/cadence/gsclib045_all_v4.8/gsclib045/timing/slow_vdd1v0_basicCells.lib)
**WARN: (TECHLIB-302):	No function defined for cell 'DECAP10'. The cell will only be used for analysis. (File /opt/soc/tech/cadence/gsclib045_all_v4.8/gsclib045/timing/slow_vdd1v0_basicCells.lib)
**WARN: (TECHLIB-302):	No function defined for cell 'ANTENNA'. The cell will only be used for analysis. (File /opt/soc/tech/cadence/gsclib045_all_v4.8/gsclib045/timing/slow_vdd1v0_basicCells.lib)
Read 489 cells in library slow_vdd1v0.
Library reading multithread flow ended.
fast_1p1v_0c slow_0p9v_125c
cmax_125c cmin_0c

Loading LEF file /home/student/16/ex8/flow_matmul_sync_1/dbs/route.enc/libs/lef/gsclib045_tech.lef ...
Set DBUPerIGU to M2 pitch 400.

Loading LEF file /home/student/16/ex8/flow_matmul_sync_1/dbs/route.enc/libs/lef/gsclib045_macro.lef ...
**WARN: (IMPLF-200):	Pin 'A' in macro 'ANTENNA' has no ANTENNAGATEAREA value defined. The library data is incomplete and some process antenna rules will not be checked correctly.
Type 'man IMPLF-200' for more detail.

##  Check design process and node:  
##  Design tech node is not set.

Loading view definition file from /home/student/16/ex8/flow_matmul_sync_1/dbs/route.enc/viewDefinition.tcl
% Begin Load netlist data ... (date=11/14 15:05:58, mem=1965.8M)
*** Begin netlist parsing (mem=2229.5M) ***
Created 489 new cells from 1 timing libraries.
Reading netlist ...
Backslashed names will retain backslash and a trailing blank character.
Reading verilogBinary netlist '/home/student/16/ex8/flow_matmul_sync_1/dbs/route.enc/vbin/matmul_sync.v.bin'
Reading binary database version 2 in multi-threaded mode

*** Memory Usage v#1 (Current mem = 2229.477M, initial mem = 856.402M) ***
*** End netlist parsing (cpu=0:00:00.0, real=0:00:00.0, mem=2229.5M) ***
% End Load netlist data ... (date=11/14 15:05:58, total cpu=0:00:00.0, real=0:00:00.0, peak res=1976.1M, current mem=1976.1M)
Top level cell is matmul_sync.
Hooked 489 DB cells to tlib cells.
Starting recursive module instantiation check.
No recursion found.
Building hierarchical netlist for Cell matmul_sync ...
***** UseNewTieNetMode *****.
*** Netlist is unique.
** info: there are 586 modules.
** info: there are 2014 stdCell insts.
** info: there are 2014 stdCell insts with at least one signal pin.

*** Memory Usage v#1 (Current mem = 2229.477M, initial mem = 856.402M) ***
*info: set bottom ioPad orient R0
**WARN: (IMPFP-3961):	The techSite 'CornerSite' has no related standard cells in the LEF/OA library. The calculations for this site type cannot be made unless standard cell models of this type exist in the LEF/OA library. Ignore this warning if the SITE is not used by the library. Alternatively, remove the SITE definition for the LEF/OA library to avoid this message.
Type 'man IMPFP-3961' for more detail.
**WARN: (IMPFP-3961):	The techSite 'IOSite' has no related standard cells in the LEF/OA library. The calculations for this site type cannot be made unless standard cell models of this type exist in the LEF/OA library. Ignore this warning if the SITE is not used by the library. Alternatively, remove the SITE definition for the LEF/OA library to avoid this message.
Type 'man IMPFP-3961' for more detail.
Start create_tracks
Loading preference file /home/student/16/ex8/flow_matmul_sync_1/dbs/route.enc/gui.pref.tcl ...
##  Process: 45            (User Set)               
##     Node: (not set)                           

##  Check design process and node:  
##  Design tech node is not set.

Applying the recommended capacitance filtering threshold values for 45nm process node: total_c_th=0, relative_c_th=1 and coupling_c_th=0.1.
	These values will be used by all post-route extraction engines, including TQuantus, IQuantus and Quantus QRC extraction.
	Capacitance filtering mode(extract_rc_cap_filter_mode option of the set_db) is 'relative_and_coupling' for all engines.
	The accuracy mode for post_route extract_rc_effort_level low extraction will be set to 'high'.
	Default value for EffortLevel(extract_rc_effort_level option of the set_db) in post_route extraction mode will be 'medium' if Quantus QRC technology file is specified else 'low'.
**WARN: (IMPOPT-7140):	The "set_db opt_hold_cells" list is empty
set_db opt_useful_skew already set.
**WARN: (IMPOPT-7155):	Option opt_skew_post_cts in 'set_db' will be obsolete. 'set_db opt_skew_post_cts true'will mapped to 'set_db opt_skew_ccopt standard' internally when design_flow_effort is not set to extreme and 'opt_skew_ccopt' has not been explict set by user.
Slack adjustment of -0 applied on reg2reg path_group
Slack adjustment of -0 applied on reg2out path_group
Slack adjustment of -0 applied on in2reg path_group
Slack adjustment of -0 applied on in2out path_group
#WARNING (NRIF-83) When route_detail_post_route_swap_via is set to 'none', the post route via swapping step will be skipped in all scenarios.
#WARNING (NRIF-90) Option set_db route_bottom_routing_layer is obsolete. It will continue to work for the current release. To ensure compatibility with future releases, use option set_db design_bottom_routing_layer instead.
#WARNING (NRIF-91) Option set_db route_top_routing_layer is obsolete. It will continue to work for the current release. To ensure compatibility with future releases, use option set_db design_top_routing_layer instead.
**WARN: (IMPSP-2904):	option place_detail_filler_gap_effort and place_detail_filler_gap_min_gap will be obsolete from next release and is replaced by place_detail_legalization_inst_gap <site>.
**WARN: (IMPSP-2904):	option place_detail_filler_gap_effort and place_detail_filler_gap_min_gap will be obsolete from next release and is replaced by place_detail_legalization_inst_gap <site>.
**WARN: (IMPPSP-1003):	Found use of 'route_early_global_top_routing_layer'. This will continue to work in this release; however, it is recommended to use 'design_top_routing_layer' instead.
**WARN: (IMPPSP-1003):	Found use of 'route_early_global_bottom_routing_layer'. This will continue to work in this release; however, it is recommended to use 'design_bottom_routing_layer' instead.
Change floorplan default-technical-site to 'CoreSite'.
*Info: initialize multi-corner CTS.
Starting library reading in 'Multi-threaded flow' (with '8' threads)
Reading fast_1p1v_0c_ls timing library /opt/soc/tech/cadence/gsclib045_all_v4.8/gsclib045/timing/fast_vdd1v0_basicCells.lib.
**WARN: (TECHLIB-302):	No function defined for cell 'DECAP9'. The cell will only be used for analysis. (File /opt/soc/tech/cadence/gsclib045_all_v4.8/gsclib045/timing/fast_vdd1v0_basicCells.lib)
**WARN: (TECHLIB-302):	No function defined for cell 'DECAP8'. The cell will only be used for analysis. (File /opt/soc/tech/cadence/gsclib045_all_v4.8/gsclib045/timing/fast_vdd1v0_basicCells.lib)
**WARN: (TECHLIB-302):	No function defined for cell 'DECAP7'. The cell will only be used for analysis. (File /opt/soc/tech/cadence/gsclib045_all_v4.8/gsclib045/timing/fast_vdd1v0_basicCells.lib)
**WARN: (TECHLIB-302):	No function defined for cell 'DECAP6'. The cell will only be used for analysis. (File /opt/soc/tech/cadence/gsclib045_all_v4.8/gsclib045/timing/fast_vdd1v0_basicCells.lib)
**WARN: (TECHLIB-302):	No function defined for cell 'DECAP5'. The cell will only be used for analysis. (File /opt/soc/tech/cadence/gsclib045_all_v4.8/gsclib045/timing/fast_vdd1v0_basicCells.lib)
**WARN: (TECHLIB-302):	No function defined for cell 'DECAP4'. The cell will only be used for analysis. (File /opt/soc/tech/cadence/gsclib045_all_v4.8/gsclib045/timing/fast_vdd1v0_basicCells.lib)
**WARN: (TECHLIB-302):	No function defined for cell 'DECAP3'. The cell will only be used for analysis. (File /opt/soc/tech/cadence/gsclib045_all_v4.8/gsclib045/timing/fast_vdd1v0_basicCells.lib)
**WARN: (TECHLIB-302):	No function defined for cell 'DECAP2'. The cell will only be used for analysis. (File /opt/soc/tech/cadence/gsclib045_all_v4.8/gsclib045/timing/fast_vdd1v0_basicCells.lib)
**WARN: (TECHLIB-302):	No function defined for cell 'DECAP10'. The cell will only be used for analysis. (File /opt/soc/tech/cadence/gsclib045_all_v4.8/gsclib045/timing/fast_vdd1v0_basicCells.lib)
**WARN: (TECHLIB-302):	No function defined for cell 'ANTENNA'. The cell will only be used for analysis. (File /opt/soc/tech/cadence/gsclib045_all_v4.8/gsclib045/timing/fast_vdd1v0_basicCells.lib)
Read 489 cells in library fast_vdd1v0.
Library reading multithread flow ended.
Total number of combinational cells: 318
Total number of sequential cells: 152
Total number of tristate cells: 10
Total number of level shifter cells: 0
Total number of power gating cells: 0
Total number of isolation cells: 0
Total number of power switch cells: 0
Total number of pulse generator cells: 0
Total number of always on buffers: 0
Total number of retention cells: 0
Total number of physical cells: 9
List of usable buffers: CLKBUFX2 BUFX2 CLKBUFX3 BUFX3 CLKBUFX4 BUFX4 CLKBUFX6 BUFX6 CLKBUFX8 BUFX8 CLKBUFX12 BUFX12 CLKBUFX16 BUFX16 CLKBUFX20 BUFX20
Total number of usable buffers: 16
List of unusable buffers:
Total number of unusable buffers: 0
List of usable inverters: INVXL INVX1 INVX2 CLKINVX1 INVX3 CLKINVX2 INVX4 CLKINVX4 CLKINVX3 INVX6 CLKINVX6 INVX8 CLKINVX8 INVX12 CLKINVX12 INVX16 CLKINVX16 INVX20 CLKINVX20
Total number of usable inverters: 19
List of unusable inverters:
Total number of unusable inverters: 0
List of identified usable delay cells: DLY1X1 DLY1X4 DLY2X1 DLY2X4 DLY3X1 DLY3X4 DLY4X1 DLY4X4
Total number of identified usable delay cells: 8
List of identified unusable delay cells:
Total number of identified unusable delay cells: 0
Reading floorplan file - /home/student/16/ex8/flow_matmul_sync_1/dbs/route.enc/matmul_sync.fp.gz (mem = 2392.5M).
% Begin Load floorplan data ... (date=11/14 15:05:59, mem=2332.5M)
*info: reset 2436 existing net BottomPreferredLayer and AvoidDetour
Deleting old partition specification.
Set FPlanBox to (0 0 202000 205200)
**WARN: (IMPFP-3961):	The techSite 'CornerSite' has no related standard cells in the LEF/OA library. The calculations for this site type cannot be made unless standard cell models of this type exist in the LEF/OA library. Ignore this warning if the SITE is not used by the library. Alternatively, remove the SITE definition for the LEF/OA library to avoid this message.
Type 'man IMPFP-3961' for more detail.
**WARN: (IMPFP-3961):	The techSite 'IOSite' has no related standard cells in the LEF/OA library. The calculations for this site type cannot be made unless standard cell models of this type exist in the LEF/OA library. Ignore this warning if the SITE is not used by the library. Alternatively, remove the SITE definition for the LEF/OA library to avoid this message.
Type 'man IMPFP-3961' for more detail.
There are 2014 members in group pd_aon.
 ... processed partition successfully.
Reading binary special route file /home/student/16/ex8/flow_matmul_sync_1/dbs/route.enc/matmul_sync.fp.spr.gz (Created by Innovus v23.15-s106_1 on Fri Nov 14 15:03:30 2025, version: 1)
Ending "Read special route file" (total cpu=0:00:00.0, real=0:00:00.0, peak res=2335.0M, current mem=2335.0M)
There are 5 nets with weight being set
There are 5 nets with bottomPreferredRoutingLayer being set
There are 5 nets with avoidDetour being set
Extracting standard cell pins and blockage ...... 
Pin and blockage extraction finished
Delete all existing relative floorplan constraints.
% End Load floorplan data ... (date=11/14 15:06:01, total cpu=0:00:00.0, real=0:00:02.0, peak res=2336.6M, current mem=2336.6M)
Reading congestion map file /home/student/16/ex8/flow_matmul_sync_1/dbs/route.enc/matmul_sync.route.congmap.gz ...
% Begin Load SymbolTable ... (date=11/14 15:06:01, mem=2336.6M)
Suppress "**WARN ..." messages.
Un-suppress "**WARN ..." messages.
% End Load SymbolTable ... (date=11/14 15:06:02, total cpu=0:00:00.0, real=0:00:01.0, peak res=2337.4M, current mem=2337.4M)
Loading place ...
% Begin Load placement data ... (date=11/14 15:06:02, mem=2337.4M)
Reading placement file - /home/student/16/ex8/flow_matmul_sync_1/dbs/route.enc/matmul_sync.place.gz.
** Reading stdCellPlacement_binary (Created by Innovus v23.15-s106_1 on Fri Nov 14 15:03:30 2025, version# 2) ...
Read Views for adaptive view pruning ...
Read 1 views from Binary DB for adaptive view pruning
slow_0p9v_125c_cmax_func
*** applyConnectGlobalNets disabled.
*** Completed restorePlace (cpu=0:00:00.0 real=0:00:00.0 mem=2392.5M) ***
Total net length = 2.185e+04 (1.076e+04 1.108e+04) (ext = 2.176e+03)
% End Load placement data ... (date=11/14 15:06:02, total cpu=0:00:00.0, real=0:00:00.0, peak res=2338.1M, current mem=2338.1M)
Reading PG file /home/student/16/ex8/flow_matmul_sync_1/dbs/route.enc/matmul_sync.pg.gz, version#2, (Created by Innovus v23.15-s106_1 on       Fri Nov 14 15:03:30 2025)
*** Completed restorePGFile (cpu=0:00:00.0 real=0:00:01.0 mem=2392.5M) ***
Restoring power intent database ...
number of pgNets = 2
% Begin Load routing data ... (date=11/14 15:06:03, mem=2352.7M)
Reading routing file - /home/student/16/ex8/flow_matmul_sync_1/dbs/route.enc/matmul_sync.route.gz.
Reading Innovus routing data (Created by Innovus v23.15-s106_1 on Fri Nov 14 15:03:30 2025 Format: 23.1) ...
*** Total 2438 nets are successfully restored.
*** Completed restoreRoute (cpu=0:00:00.0 real=0:00:01.0 mem=2419.5M) ***
% End Load routing data ... (date=11/14 15:06:04, total cpu=0:00:00.0, real=0:00:01.0, peak res=2352.7M, current mem=2350.7M)
Loading Drc markers ...
... 483 markers are loaded ...
... 483 geometry drc markers are loaded ...
... 0 antenna drc markers are loaded ...
% Begin Load DEF data ... (date=11/14 15:06:05, mem=2350.7M)
Reading DEF file '/home/student/16/ex8/flow_matmul_sync_1/dbs/route.enc/matmul_sync.scandef.gz', current time is Fri Nov 14 15:06:05 2025 ...
--- DIVIDERCHAR '/'
--- UnitsPerDBU = 1.0000
DEF file '/home/student/16/ex8/flow_matmul_sync_1/dbs/route.enc/matmul_sync.scandef.gz' is parsed, current time is Fri Nov 14 15:06:06 2025.
% End Load DEF data ... (date=11/14 15:06:06, total cpu=0:00:00.0, real=0:00:01.0, peak res=2351.9M, current mem=2351.9M)
TAT_INFO: ::restoreCongMap REAL = 1 : CPU = 0 : MEM = 0.
Reading property file /home/student/16/ex8/flow_matmul_sync_1/dbs/route.enc/matmul_sync.prop
*** Completed restoreProperty (cpu=0:00:00.0 real=0:00:00.0 mem=2411.5M) ***
Reading dirtyarea snapshot file /home/student/16/ex8/flow_matmul_sync_1/dbs/route.enc/matmul_sync.db.da.gz (Create by Innovus v23.15-s106_1 on Fri Nov 14 15:03:32 2025, version: 8).
fast_1p1v_0c_cmin slow_0p9v_125c_cmax
Change floorplan default-technical-site to 'CoreSite'.
**WARN: (IMPOPT-7140):	The "set_db opt_hold_cells" list is empty
set_db opt_useful_skew already set.
**WARN: (IMPOPT-7155):	Option opt_skew_post_cts in 'set_db' will be obsolete. 'set_db opt_skew_post_cts true'will mapped to 'set_db opt_skew_ccopt standard' internally when design_flow_effort is not set to extreme and 'opt_skew_ccopt' has not been explict set by user.
**WARN: (IMPSP-2904):	option place_detail_filler_gap_effort and place_detail_filler_gap_min_gap will be obsolete from next release and is replaced by place_detail_legalization_inst_gap <site>.
**WARN: (IMPSP-2904):	option place_detail_filler_gap_effort and place_detail_filler_gap_min_gap will be obsolete from next release and is replaced by place_detail_legalization_inst_gap <site>.
#WARNING (NRIF-90) Option set_db route_bottom_routing_layer is obsolete. It will continue to work for the current release. To ensure compatibility with future releases, use option set_db design_bottom_routing_layer instead.
#WARNING (NRIF-83) When route_detail_post_route_swap_via is set to 'none', the post route via swapping step will be skipped in all scenarios.
**WARN: (IMPPSP-1003):	Found use of 'route_early_global_bottom_routing_layer'. This will continue to work in this release; however, it is recommended to use 'design_bottom_routing_layer' instead.
**WARN: (IMPPSP-1003):	Found use of 'route_early_global_top_routing_layer'. This will continue to work in this release; however, it is recommended to use 'design_top_routing_layer' instead.
#WARNING (NRIF-91) Option set_db route_top_routing_layer is obsolete. It will continue to work for the current release. To ensure compatibility with future releases, use option set_db design_top_routing_layer instead.
Loading preRoute extraction data from directory '/home/student/16/ex8/flow_matmul_sync_1/dbs/route.enc/extraction/' ...
Extraction setup Started for TopCell matmul_sync 
Initializing multi-corner RC extraction with 2 active RC Corners ...
Captable file(s) not specified in multi-corner setup. PreRoute extraction will use technology file. For post_route extraction, default value for effort level would be 'medium' and effort level 'low' would not be allowed.
Generating auto layer map file.
Loading preRoute extracted patterns from file '/home/student/16/ex8/flow_matmul_sync_1/dbs/route.enc/matmul_sync.techData.gz' ...
Completed (cpu: 0:00:00.4 real: 0:00:01.0)
Set Shrink Factor to 1.00000
Summary of Active RC-Corners : 
 
 Analysis View: slow_0p9v_125c_cmax_func
    RC-Corner Name        : cmax_125c
    RC-Corner Index       : 0
    RC-Corner Temperature : 125 Celsius
    RC-Corner Cap Table   : ''
    RC-Corner PreRoute Res Factor         : 1
    RC-Corner PreRoute Cap Factor         : 1
    RC-Corner PostRoute Res Factor        : 1 {1 1 1}
    RC-Corner PostRoute Cap Factor        : 1 {1 1 1}
    RC-Corner PostRoute XCap Factor       : 1 {1 1 1}
    RC-Corner PreRoute Clock Res Factor   : 1	[Derived from postRoute_res (effortLevel low)]
    RC-Corner PreRoute Clock Cap Factor   : 1	[Derived from postRoute_cap (effortLevel low)]
    RC-Corner PostRoute Clock Cap Factor  : 1 {1 1 1} 
    RC-Corner PostRoute Clock Res Factor  : 1 {1 1 1} 
    RC-Corner PostRoute Clock coupling capacitance Factor : 1 {1 1 1} 
    RC-Corner Technology file: '/home/student/16/ex8/flow_matmul_sync_1/dbs/route.enc/libs/mmmc/cmax_125c/gpdk045.tch'
 
 Analysis View: slow_0p9v_125c_cmax_scan_capture
    RC-Corner Name        : cmax_125c
    RC-Corner Index       : 0
    RC-Corner Temperature : 125 Celsius
    RC-Corner Cap Table   : ''
    RC-Corner PreRoute Res Factor         : 1
    RC-Corner PreRoute Cap Factor         : 1
    RC-Corner PostRoute Res Factor        : 1 {1 1 1}
    RC-Corner PostRoute Cap Factor        : 1 {1 1 1}
    RC-Corner PostRoute XCap Factor       : 1 {1 1 1}
    RC-Corner PreRoute Clock Res Factor   : 1	[Derived from postRoute_res (effortLevel low)]
    RC-Corner PreRoute Clock Cap Factor   : 1	[Derived from postRoute_cap (effortLevel low)]
    RC-Corner PostRoute Clock Cap Factor  : 1 {1 1 1} 
    RC-Corner PostRoute Clock Res Factor  : 1 {1 1 1} 
    RC-Corner PostRoute Clock coupling capacitance Factor : 1 {1 1 1} 
    RC-Corner Technology file: '/home/student/16/ex8/flow_matmul_sync_1/dbs/route.enc/libs/mmmc/cmax_125c/gpdk045.tch'
 
 Analysis View: slow_0p9v_125c_cmax_scan_shift
    RC-Corner Name        : cmax_125c
    RC-Corner Index       : 0
    RC-Corner Temperature : 125 Celsius
    RC-Corner Cap Table   : ''
    RC-Corner PreRoute Res Factor         : 1
    RC-Corner PreRoute Cap Factor         : 1
    RC-Corner PostRoute Res Factor        : 1 {1 1 1}
    RC-Corner PostRoute Cap Factor        : 1 {1 1 1}
    RC-Corner PostRoute XCap Factor       : 1 {1 1 1}
    RC-Corner PreRoute Clock Res Factor   : 1	[Derived from postRoute_res (effortLevel low)]
    RC-Corner PreRoute Clock Cap Factor   : 1	[Derived from postRoute_cap (effortLevel low)]
    RC-Corner PostRoute Clock Cap Factor  : 1 {1 1 1} 
    RC-Corner PostRoute Clock Res Factor  : 1 {1 1 1} 
    RC-Corner PostRoute Clock coupling capacitance Factor : 1 {1 1 1} 
    RC-Corner Technology file: '/home/student/16/ex8/flow_matmul_sync_1/dbs/route.enc/libs/mmmc/cmax_125c/gpdk045.tch'
 
 Analysis View: fast_1p1v_0c_cmin_func
    RC-Corner Name        : cmin_0c
    RC-Corner Index       : 1
    RC-Corner Temperature : 0 Celsius
    RC-Corner Cap Table   : ''
    RC-Corner PreRoute Res Factor         : 1
    RC-Corner PreRoute Cap Factor         : 1
    RC-Corner PostRoute Res Factor        : 1 {1 1 1}
    RC-Corner PostRoute Cap Factor        : 1 {1 1 1}
    RC-Corner PostRoute XCap Factor       : 1 {1 1 1}
    RC-Corner PreRoute Clock Res Factor   : 1	[Derived from postRoute_res (effortLevel low)]
    RC-Corner PreRoute Clock Cap Factor   : 1	[Derived from postRoute_cap (effortLevel low)]
    RC-Corner PostRoute Clock Cap Factor  : 1 {1 1 1} 
    RC-Corner PostRoute Clock Res Factor  : 1 {1 1 1} 
    RC-Corner PostRoute Clock coupling capacitance Factor : 1 {1 1 1} 
    RC-Corner Technology file: '/home/student/16/ex8/flow_matmul_sync_1/dbs/route.enc/libs/mmmc/cmax_125c/gpdk045.tch'
 
 Analysis View: fast_1p1v_0c_cmin_scan_capture
    RC-Corner Name        : cmin_0c
    RC-Corner Index       : 1
    RC-Corner Temperature : 0 Celsius
    RC-Corner Cap Table   : ''
    RC-Corner PreRoute Res Factor         : 1
    RC-Corner PreRoute Cap Factor         : 1
    RC-Corner PostRoute Res Factor        : 1 {1 1 1}
    RC-Corner PostRoute Cap Factor        : 1 {1 1 1}
    RC-Corner PostRoute XCap Factor       : 1 {1 1 1}
    RC-Corner PreRoute Clock Res Factor   : 1	[Derived from postRoute_res (effortLevel low)]
    RC-Corner PreRoute Clock Cap Factor   : 1	[Derived from postRoute_cap (effortLevel low)]
    RC-Corner PostRoute Clock Cap Factor  : 1 {1 1 1} 
    RC-Corner PostRoute Clock Res Factor  : 1 {1 1 1} 
    RC-Corner PostRoute Clock coupling capacitance Factor : 1 {1 1 1} 
    RC-Corner Technology file: '/home/student/16/ex8/flow_matmul_sync_1/dbs/route.enc/libs/mmmc/cmax_125c/gpdk045.tch'
 
 Analysis View: fast_1p1v_0c_cmin_scan_shift
    RC-Corner Name        : cmin_0c
    RC-Corner Index       : 1
    RC-Corner Temperature : 0 Celsius
    RC-Corner Cap Table   : ''
    RC-Corner PreRoute Res Factor         : 1
    RC-Corner PreRoute Cap Factor         : 1
    RC-Corner PostRoute Res Factor        : 1 {1 1 1}
    RC-Corner PostRoute Cap Factor        : 1 {1 1 1}
    RC-Corner PostRoute XCap Factor       : 1 {1 1 1}
    RC-Corner PreRoute Clock Res Factor   : 1	[Derived from postRoute_res (effortLevel low)]
    RC-Corner PreRoute Clock Cap Factor   : 1	[Derived from postRoute_cap (effortLevel low)]
    RC-Corner PostRoute Clock Cap Factor  : 1 {1 1 1} 
    RC-Corner PostRoute Clock Res Factor  : 1 {1 1 1} 
    RC-Corner PostRoute Clock coupling capacitance Factor : 1 {1 1 1} 
    RC-Corner Technology file: '/home/student/16/ex8/flow_matmul_sync_1/dbs/route.enc/libs/mmmc/cmax_125c/gpdk045.tch'
Restored Grid density data
Initializing multi-corner resistance tables ...
Default value for post_route extraction mode's extract_rc_effort_level (extract_rc_effort_level option of set_db) changed to 'medium'.
Start generating vias ..
#Skip building auto via since it is not turned on.
Extracting standard cell pins and blockage ...... 
Pin and blockage extraction finished
Via generation completed.
% Begin Load power constraints ... (date=11/14 15:06:09, mem=2395.1M)
source /home/student/16/ex8/flow_matmul_sync_1/dbs/route.enc/matmul_sync_power_constraints.tcl
'set_default_switching_activity' finished successfully.
% End Load power constraints ... (date=11/14 15:06:09, total cpu=0:00:00.0, real=0:00:00.0, peak res=2416.8M, current mem=2416.8M)
**WARN: (IMPCTE-290):	Could not locate cell CLKINVX4 in any library for view fast_1p1v_0c_cmin_scan_shift.
Type 'man IMPCTE-290' for more detail.
**WARN: (IMPCTE-290):	Could not locate cell CLKINVX4 in any library for view fast_1p1v_0c_cmin_scan_shift.
Type 'man IMPCTE-290' for more detail.
**WARN: (IMPCTE-290):	Could not locate cell CLKINVX4 in any library for view fast_1p1v_0c_cmin_scan_shift.
Type 'man IMPCTE-290' for more detail.
**WARN: (IMPCTE-290):	Could not locate cell CLKINVX4 in any library for view fast_1p1v_0c_cmin_scan_shift.
Type 'man IMPCTE-290' for more detail.
**WARN: (IMPCTE-290):	Could not locate cell CLKINVX4 in any library for view fast_1p1v_0c_cmin_scan_shift.
Type 'man IMPCTE-290' for more detail.
**WARN: (IMPCTE-290):	Could not locate cell CLKINVX4 in any library for view fast_1p1v_0c_cmin_scan_shift.
Type 'man IMPCTE-290' for more detail.
**WARN: (IMPCTE-290):	Could not locate cell CLKINVX4 in any library for view fast_1p1v_0c_cmin_scan_shift.
Type 'man IMPCTE-290' for more detail.
**WARN: (IMPCTE-290):	Could not locate cell CLKINVX4 in any library for view fast_1p1v_0c_cmin_scan_shift.
Type 'man IMPCTE-290' for more detail.
**WARN: (IMPCTE-290):	Could not locate cell CLKINVX4 in any library for view fast_1p1v_0c_cmin_func.
Type 'man IMPCTE-290' for more detail.
**WARN: (IMPCTE-290):	Could not locate cell CLKINVX4 in any library for view fast_1p1v_0c_cmin_func.
Type 'man IMPCTE-290' for more detail.
**WARN: (IMPCTE-290):	Could not locate cell CLKINVX4 in any library for view fast_1p1v_0c_cmin_func.
Type 'man IMPCTE-290' for more detail.
**WARN: (IMPCTE-290):	Could not locate cell CLKINVX4 in any library for view fast_1p1v_0c_cmin_func.
Type 'man IMPCTE-290' for more detail.
**WARN: (IMPCTE-290):	Could not locate cell CLKINVX4 in any library for view fast_1p1v_0c_cmin_func.
Type 'man IMPCTE-290' for more detail.
**WARN: (IMPCTE-290):	Could not locate cell CLKINVX4 in any library for view fast_1p1v_0c_cmin_func.
Type 'man IMPCTE-290' for more detail.
**WARN: (IMPCTE-290):	Could not locate cell CLKINVX4 in any library for view fast_1p1v_0c_cmin_func.
Type 'man IMPCTE-290' for more detail.
**WARN: (IMPCTE-290):	Could not locate cell CLKINVX4 in any library for view fast_1p1v_0c_cmin_func.
Type 'man IMPCTE-290' for more detail.
**WARN: (IMPCTE-290):	Could not locate cell CLKINVX4 in any library for view fast_1p1v_0c_cmin_scan_capture.
Type 'man IMPCTE-290' for more detail.
**WARN: (IMPCTE-290):	Could not locate cell CLKINVX4 in any library for view fast_1p1v_0c_cmin_scan_capture.
Type 'man IMPCTE-290' for more detail.
**WARN: (IMPCTE-290):	Could not locate cell CLKINVX4 in any library for view fast_1p1v_0c_cmin_scan_capture.
Type 'man IMPCTE-290' for more detail.
**WARN: (IMPCTE-290):	Could not locate cell CLKINVX4 in any library for view fast_1p1v_0c_cmin_scan_capture.
Type 'man IMPCTE-290' for more detail.
**WARN: (EMS-27):	Message (IMPCTE-290) has exceeded the current message display limit of 20.
To increase the message display limit, refer to the product command reference manual.
fast_1p1v_0c_cmin slow_0p9v_125c_cmax
% Begin load AAE data ... (date=11/14 15:06:09, mem=2469.7M)
**WARN: (IMPESI-3478):	Simulation based Equivalent Waveform Model without waveform propagation setting is not properly supported, using moment based EWM instead.
**WARN: (IMPESI-3505):	set_db delaycal_eng_enablePrePlacedFlow false (default=false) will be obsoleted along with its sgs2set equivalent.  This parameter will continue to be supported in the current release, but will be removed in the next major release of the software.
AAE DB initialization (MEM=2485.042969 CPU=0:00:00.0 REAL=0:00:00.0) 
% End load AAE data ... (date=11/14 15:06:09, total cpu=0:00:00.4, real=0:00:00.0, peak res=2487.0M, current mem=2487.0M)
Restoring CCOpt config...
  Extracting original clock gating for clk_i...
    clock_tree clk_i contains 65 sinks and 0 clock gates.
  Extracting original clock gating for clk_i done.
  The skew group clk_i/func was created. It contains 65 sinks and 1 sources.
  The skew group clk_i/scan_capture was created. It contains 65 sinks and 1 sources.
  The skew group clk_i/scan_shift was created. It contains 65 sinks and 1 sources.
  The skew group clk_i/func was created. It contains 65 sinks and 1 sources.
Restoring CCOpt config done.
Total number of combinational cells: 318
Total number of sequential cells: 152
Total number of tristate cells: 10
Total number of level shifter cells: 0
Total number of power gating cells: 0
Total number of isolation cells: 0
Total number of power switch cells: 0
Total number of pulse generator cells: 0
Total number of always on buffers: 0
Total number of retention cells: 0
Total number of physical cells: 9
List of usable buffers: CLKBUFX2 BUFX2 CLKBUFX3 BUFX3 CLKBUFX4 BUFX4 CLKBUFX6 BUFX6 CLKBUFX8 BUFX8 CLKBUFX12 BUFX12 CLKBUFX16 BUFX16 CLKBUFX20 BUFX20
Total number of usable buffers: 16
List of unusable buffers:
Total number of unusable buffers: 0
List of usable inverters: INVXL INVX1 INVX2 CLKINVX1 INVX3 CLKINVX2 INVX4 CLKINVX4 CLKINVX3 INVX6 CLKINVX6 INVX8 CLKINVX8 INVX12 CLKINVX12 INVX16 CLKINVX16 INVX20 CLKINVX20
Total number of usable inverters: 19
List of unusable inverters:
Total number of unusable inverters: 0
List of identified usable delay cells: DLY1X1 DLY1X4 DLY2X1 DLY2X4 DLY3X1 DLY3X4 DLY4X1 DLY4X4
Total number of identified usable delay cells: 8
List of identified unusable delay cells:
Total number of identified unusable delay cells: 0
**WARN: (IMPCTE-107):	The following globals have been obsoleted since version (null). They will be removed in the next release. 
timing_aocv_enable_gba_combine_launch_capture
timing_enable_backward_compatible_latch_thru_mt_mode
timing_enable_separate_device_slew_effect_sensitivities
#% End load design ... (date=11/14 15:06:09, total cpu=0:00:06.5, real=0:00:13.0, peak res=2500.0M, current mem=2492.3M)

*** Summary of all messages that are not suppressed in this session:
Severity  ID               Count  Summary                                  
WARNING   IMPLF-200            1  Pin '%s' in macro '%s' has no ANTENNAGAT...
WARNING   IMPFP-3961           4  The techSite '%s' has no related standar...
WARNING   IMPDBTCL-321        15  The attribute '%s' still works but will ...
WARNING   IMPESI-3478          1  Simulation based Equivalent Waveform Mod...
WARNING   IMPESI-3505          1  set_db delaycal_eng_%s (default=%s) will...
WARNING   IMPSP-2904           4  option place_detail_filler_gap_effort an...
WARNING   IMPOPT-7140          2  The "set_db opt_hold_cells" list is empt...
WARNING   IMPOPT-7155          2  Option %s in 'set_db' will be obsolete. ...
WARNING   NRIF-83              2  When route_detail_post_route_swap_via is...
WARNING   NRIF-90              2  Option set_db route_bottom_routing_layer...
WARNING   NRIF-91              2  Option set_db route_top_routing_layer is...
WARNING   IMPCTE-290        1656  Could not locate cell %s in any library ...
WARNING   IMPCTE-107           1  The following globals have been obsolete...
WARNING   IMPPSP-1003          4  Found use of '%s'. This will continue to...
WARNING   TECHLIB-302         20  No function defined for cell '%s'. The c...
*** Message Summary: 1717 warning(s), 0 error(s)

UM:   flow.cputime  flow.realtime  timing.setup.tns  timing.setup.wns  snapshot
UM:*                                                                   read_db
Sourcing flow scripts...
**WARN: (IMPDBTCL-299):	The attribute 'flow_metrics_qor_html' still works but will be obsolete in a future major release. You should remove it from your script before the next major release to avoid errors. It should be changed to the new name of 'flowtool_metrics_qor_html'.
**WARN: (IMPDBTCL-299):	The attribute 'flow_current' still works but will be obsolete in a future major release. You should remove it from your script before the next major release to avoid errors. It should be changed to the new name of 'flow_top'.
## FLOWKIT: sourcing /home/student/16/ex8/flow_matmul_sync_1/cadence_flow_scripts/scripts/flow_config.tcl
Info: Sourcing scripts/design_setup.tcl
Warning: Overriding project technology setup from local folder
Info: Sourcing scripts/tech_setup.tcl
Info: TECHNOLOGY SETUP: gpdk045 : v1.0
Warning: Overriding project mmmc setup from local folder
Info: Sourcing scripts/mmmc_setup.tcl
Info: MMMC SETUP: gpdk045 : v1.0
Warning: Overriding project library setup from local folder
Info: Sourcing scripts/library_setup.tcl
Info: LIBRARY SETUP: Ballast : v1.0
Info: Sourcing /home/student/16/ex8/flow_matmul_sync_1/cadence_flow_scripts/scripts/global_macro_setup.tcl
Info: MACRO SETUP: v1.0
Warning: Overriding project macro setup from local folder
Info: Sourcing scripts/local_macro_setup.tcl
Info: Adding macro info to flow_vars_lef_list in scripts/local_macro_setup.tcl
Info: re-writing flow_vars_scan_abstracts in scripts/local_macro_setup.tcl
## FLOWKIT: checking include file scripts/genus_config.tcl for PLACEHOLDER content
## FLOWKIT: sourcing include file scripts/genus_config.tcl
## FLOWKIT: checking include file scripts/innovus_config.tcl for PLACEHOLDER content
## FLOWKIT: sourcing include file scripts/innovus_config.tcl
## FLOWKIT: checking include file scripts/tempus_config.tcl for PLACEHOLDER content
## FLOWKIT: sourcing include file scripts/tempus_config.tcl
## FLOWKIT: checking include file /home/student/16/ex8/flow_matmul_sync_1/cadence_flow_scripts/scripts/modus_config.tcl for PLACEHOLDER content
## FLOWKIT: sourcing include file /home/student/16/ex8/flow_matmul_sync_1/cadence_flow_scripts/scripts/modus_config.tcl
## FLOWKIT: checking include file scripts/dft_config.tcl for PLACEHOLDER content
## FLOWKIT: sourcing include file scripts/dft_config.tcl
## FLOWKIT: checking include file /home/student/16/ex8/flow_matmul_sync_1/cadence_flow_scripts/scripts/em_config.tcl for PLACEHOLDER content
## FLOWKIT: sourcing include file /home/student/16/ex8/flow_matmul_sync_1/cadence_flow_scripts/scripts/em_config.tcl
## FLOWKIT: checking include file scripts/flow_existing_step_overwrite.tcl for PLACEHOLDER content
## FLOWKIT: sourcing include file scripts/flow_existing_step_overwrite.tcl
Sourcing flow scripts done.
##FLOW_KIT: enabling features from command line: {report_lec synth_spatial pnr_db_handoff add_scan generate_models opt_signoff}
reading previous metrics...
Begin steps for plugin point Cadence.plugin.flowkit.read_db.post
##FLOW_KIT: enabling features from command line: {report_lec synth_spatial pnr_db_handoff add_scan generate_models opt_signoff}
#@ Begin verbose flow_step activate_views
@flow 2: set db [get_db flow_starting_db]
@flow 3: set flow [lindex [get_db flow_hier_path] end]
@flow 4: set setup_views [get_feature $flow -feature setup_views]
@flow 5: set hold_views [get_feature $flow -feature hold_views]
@flow 6: set leakage_view [get_feature $flow -feature leakage_view]
@flow 7: set dynamic_view [get_feature $flow -feature dynamic_view]
@flow 9: if {($setup_views ne "") || ($hold_views ne "") || ($leakage_view ne "") || ($dynamic_view ne "")} {...}
#@ End verbose flow_step activate_views
##FLOW_KIT: enabling features from command line: {report_lec synth_spatial pnr_db_handoff add_scan generate_models opt_signoff}
#@ Begin verbose flow_step init_mcpu
@flow 2: # Multi host/cpu attributes
@flow 3: #-----------------------------------------------------------------------------
@flow 4: # The FLOWTOOL_NUM_CPUS is an environment variable which should be exported by
@flow 5: # the specified dist script.  This connects the number of CPUs being reserved
@flow 6: # for batch jobs with the current flow scripts.  The LSB_MAX_NUM_PROCESSORS is
@flow 7: # a typical environment variable exported by distribution platforms and is
@flow 8: # useful for ensuring all interactive jobs are using the reserved amount of CPUs.
@flow 9: if {[info exists ::env(FLOWTOOL_NUM_CPUS)]} {
@flow 10: set max_cpus $::env(FLOWTOOL_NUM_CPUS)
@flow 11: }
@flow 17: switch -glob {innovus} {
@@flow 0: set_multi_cpu_usage -verbose -local_cpu   $max_cpus
**WARN: (PRL-39):	Number of local CPUs specified (16) > Actual number of CPUs in the host (8). The lower value will be used.
set_multi_cpu_usage -local_cpu 8
@flow 1: if {[get_feature -feature opt_signoff]} {
@flow 2: if {[is_flow -inside flow:opt_signoff]} {...}
@flow 6: }
@flow 7: if {[get_feature -feature sta_eco]} {...}
@flow 13: }
#@ End verbose flow_step init_mcpu
End steps for plugin point Cadence.plugin.flowkit.read_db.post
      flow.cputime  flow.realtime  timing.setup.tns  timing.setup.wns  snapshot
UM:*                                                                   init_flow
      flow.cputime  flow.realtime  timing.setup.tns  timing.setup.wns  snapshot
UM:*                                                                   postroute
##FLOW_KIT: enabling features from command line: {report_lec synth_spatial pnr_db_handoff add_scan generate_models opt_signoff}
#@ Begin verbose flow_step postroute.block_start
#@ End verbose flow_step postroute.block_start
      flow.cputime  flow.realtime  timing.setup.tns  timing.setup.wns  snapshot
UM:          21.17             43                                      block_start
##FLOW_KIT: enabling features from command line: {report_lec synth_spatial pnr_db_handoff add_scan generate_models opt_signoff}
#@ Begin verbose flow_step postroute.init_innovus
@flow 3: # Tool settings: NOTE: already set by flow_config.tcl
@flow 4: #set_multi_cpu_usage -local_cpu 8 -remote_host 1 -cpu_per_remote_host 8
@flow 6: if {[get_feature -feature report_lec]} {
@flow 7: # Init attributes  [get_db -category init]
@flow 8: 	#-------------------------------------------------------------------------------
@@flow 9: set_db write_lec_directory_naming_style "fv/%s/[get_db flow_report_name]"
@flow 10:
@flow 11: }
@@flow 12: set_db init_design_uniquify 1
@flow 14: # Design attributes  [get_db -category design]
@flow 15: #-------------------------------------------------------------------------------
@@flow 16: set_db design_process_node            45
##  Process: 45            (User Set)               
##     Node: (not set)                           

##  Check design process and node:  
##  Design tech node is not set.

Applying the recommended capacitance filtering threshold values for 45nm process node: total_c_th=0, relative_c_th=1 and coupling_c_th=0.1.
	These values will be used by all post-route extraction engines, including TQuantus, IQuantus and Quantus QRC extraction.
	Capacitance filtering mode(extract_rc_cap_filter_mode option of the set_db) is 'relative_and_coupling' for all engines.
	The accuracy mode for post_route extract_rc_effort_level low extraction will be set to 'high'.
	Default value for EffortLevel(extract_rc_effort_level option of the set_db) in post_route extraction mode is 'medium'.
@flow 17: if {[get_feature -feature flow_express]} {...}
@@flow 20: set_db design_early_clock_flow              true
@flow 22: # Via naming
@flow 23: #-------------------------------------------------------------------------------
@flow 24: # Use design name as prefix for VIAs, as otherwise they will cause collision when merging designs on toplevel
@@flow 25: set_db write_stream_via_names true
@flow 27: # Timing attributes  [get_db -category timing && delaycalc]
@flow 28: #-------------------------------------------------------------------------------
@@flow 29: set_db timing_analysis_cppr           both
@@flow 30: set_db timing_analysis_type           ocv
@@flow 31: set_db timing_report_fields           {timing_point net cell fanout load transition delay incr_delay arrival edge user_derate power_domain}
@flow 33: #set_db timing_analysis_socv                               true                        ;# Enable socv analysis
@flow 34: #set_db timing_socv_rc_variation_mode                      true                        ;# Enable interconnect variation mode in SOCV mode
@flow 35: #set_db  timing_report_enable_verbose_ssta_mode true
@flow 37: # Add, TL: flow sets this to "no_async", async is default and should be used
@@flow 38: set_db timing_analysis_async_checks async
@flow 39: # Add, TL: maybe a bit hazardous... disable default io delay for ports which are unconstrained!
@flow 40: # if true, will cause hold problems (since launching clock is the receiving clock (with same latency!))
@@flow 41: set_db timing_apply_default_primary_input_assertion false
@@flow 43: set_db delaycal_advanced_node_pin_cap_settings true
@@flow 44: set_db delaycal_advanced_pin_cap_mode true
@flow 47: # Extraction attributes  [get_db -category extract_rc]
@flow 48: #-------------------------------------------------------------------------------
@flow 49: if {[get_feature -feature add_pvs_fill] || [get_feature -feature add_pegasus_beol_fill]} {...}
@flow 52: if {[is_flow -after flow:opt_signoff] || [is_flow -inside flow:opt_signoff]} {...}
@flow 58: if {[is_flow -after flow:route]} {
@@flow 59: set_db delaycal_enable_si           true
AAE_INFO: switching set_db delaycal_enable_si from false to true ...
AAE_INFO: The setting is changed from false to true in set_db delaycal_enable_si
@@flow 60: set_db extract_rc_engine            post_route
@flow 61: # Note, TL: default is false, see effect of setting to true
@flow 62: 	#set_db si_delay_separate_on_data                  true
@flow 63: }
@flow 64: if {1} {
@@flow 65: set_db delaycal_equivalent_waveform_model               propagation
@flow 66: }
@@flow 69: set_db si_aggressor_alignment                             timing_aware_edge       
@flow 71: # Mod, TL: Too few licenses to extract all corners in parallel . Use the following to reduce number of used licenses :
@flow 72: #set_db extract_rc_qrc_run_mode sequential
@flow 74: # Floorplan attributes  [get_db -category floorplan]
@flow 75: #-------------------------------------------------------------------------------
@@flow 76: set_db finish_floorplan_active_objs   [list macro soft_blockage core]
@flow 77: # Constraints for even or odd site width/ row height
@@flow 78: set_db floorplan_row_site_height                          even
@@flow 79: set_db floorplan_row_site_width                           even
@flow 81: # Placement attributes  [get_db -category place]
@flow 82: #-------------------------------------------------------------------------------
@@flow 83: set_db place_detail_legalization_inst_gap                 1 
@@flow 84: set_db place_detail_use_no_diffusion_one_site_filler      false                        ;
@flow 84: # False to not leave 1-site gaps
@@flow 85: set_db place_detail_filler_gap_min_gap                    0.2
**WARN: (IMPSP-2904):	option place_detail_filler_gap_effort and place_detail_filler_gap_min_gap will be obsolete from next release and is replaced by place_detail_legalization_inst_gap <site>.
@@flow 86: set_db place_detail_filler_gap_effort                     high
**WARN: (IMPSP-2904):	option place_detail_filler_gap_effort and place_detail_filler_gap_min_gap will be obsolete from next release and is replaced by place_detail_legalization_inst_gap <site>.
@@flow 88: set_db place_global_uniform_density                       true                        ;
@flow 88: # Enable even cell distribution for designs with less than 70% utilization
@@flow 90: set_db place_global_place_io_pins               true
@@flow 91: set_db place_detail_use_check_drc               true
@flow 92: #set_db place_detail_color_aware_legal           true
@flow 94: # Tieoff attributes  [get_db -category add_tieoffs]
@flow 95: #-------------------------------------------------------------------------------
@@flow 96: set_db add_tieoffs_cells                        [list TIEHI TIELO]
@flow 97: # tieoff max fanout not honored without this?
@@flow 98: set_db add_tieoffs_max_fanout 32
@flow 100: # Optimization attributes  [get_db -category opt]
@flow 101: #-------------------------------------------------------------------------------
@@flow 102: set_db opt_fix_hold_allow_setup_tns_degradation           true                        ;
@flow 102: # When set to true, allows setup total negative slack to degrade during hold optimization.
@@flow 103: set_db opt_fix_hold_verbose                               true                        ;
@flow 103: # When set to true, display extra info in the log about remaining hold violations.
@@flow 104: set_db opt_new_inst_prefix            "[get_db flow_report_name]_"
@flow 105: # Note, do not use DEL* -cells for hold fixing because of HUGE variation
@@flow 106: set_db opt_fix_hold_lib_cells                   [list  ]
**WARN: (IMPOPT-7140):	The "set_db opt_hold_cells" list is empty
@flow 107: # enable data checks during gigaplace (false by default)
@flow 108: #set_db opt_enable_data_to_data_checks     true
@flow 110: # fix max_fanout / max_load violations, false by default
@@flow 111: set_db opt_fix_fanout_load true
@flow 113: # Clock attributes  [get_db -category cts]
@flow 114: #-------------------------------------------------------------------------------
@@flow 115: set_db cts_top_fanout_threshold                           2000                        ;
@flow 115: # Minimum number of transitive fanout in the clock tree for a net to be routed as a top net
@@flow 116: set_db cts_target_skew                          0.15
@@flow 117: set_db cts_target_max_transition_time           0.10
@@flow 119: set_db cts_buffer_cells                         [list CLKBUFX12 CLKBUFX16 CLKBUFX2 CLKBUFX20 CLKBUFX3 CLKBUFX4 CLKBUFX6 CLKBUFX8]
@@flow 120: set_db cts_inverter_cells                       [list CLKINVX1 CLKINVX12 CLKINVX16 CLKINVX2 CLKINVX20 CLKINVX3 CLKINVX4 CLKINVX6 CLKINVX8]
@@flow 121: set_db cts_clock_gating_cells                   [list TLATNCAX12 TLATNCAX16 TLATNCAX2 TLATNCAX20 TLATNCAX3 TLATNCAX4 TLATNCAX6 TLATNCAX8]
@@flow 122: set_db cts_logic_cells                          [get_db [get_db base_cells CLK*] .name]
@flow 124: #- Route types definitions occur during the "init_floorplan" flow_step
@flow 125: if {[get_db route_types] ne ""} {
@@flow 126: set_db cts_route_type_leaf                     cts_route_type_leaf
@@flow 127: set_db cts_route_type_trunk                    cts_route_type_trunk
@@flow 128: set_db cts_route_type_top                      cts_route_type_top
@flow 129: }
@flow 131: # Only use inverters in clock tree, no buffers
@@flow 132: set_db cts_use_inverters true
@flow 134: # Use max 32 fanout also in CTS
@@flow 135: set_db cts_max_fanout 32
@flow 137: # power balance leakage / dynamic
@flow 138: #-------------------------------------------------------------------------------
@flow 139: # Optimize both leakage & dynamic with same weight
@@flow 140: set_db opt_leakage_to_dynamic_ratio                 0.5
@flow 142: # Filler attributes  [get_db -category add_fillers]
@flow 143: #-------------------------------------------------------------------------------
@flow 144: #set_db add_fillers_avoid_abutment_patterns                "1:1 2:1"                   ;# Avoid 1:1 filler abutment
@@flow 145: set_db add_fillers_cells                        [list  DECAP10 DECAP2 DECAP3 DECAP4 DECAP5 DECAP6 DECAP7 DECAP8 DECAP9  FILL1 FILL16 FILL2 FILL32 FILL4 FILL64 FILL8  ]
@@flow 146: set_db add_fillers_no_single_site_gap true
@flow 147: # Insert fillers to toplevel hierarchy
@@flow 148: set_db add_fillers_cell_name_style                      flat
@flow 150: # Routing attributes  [get_db -category route]
@flow 151: #-------------------------------------------------------------------------------
@@flow 152: set_db route_early_global_bottom_routing_layer            [get_db [get_db layers Metal2] .route_index]
**WARN: (IMPPSP-1003):	Found use of 'route_early_global_bottom_routing_layer'. This will continue to work in this release; however, it is recommended to use 'design_bottom_routing_layer' instead.
@@flow 153: set_db route_early_global_top_routing_layer               [get_db [get_db layers Metal11] .route_index]
**WARN: (IMPPSP-1003):	Found use of 'route_early_global_top_routing_layer'. This will continue to work in this release; however, it is recommended to use 'design_top_routing_layer' instead.
@flow 154: #set_db route_early_global_num_tracks_per_clock_wire     1
@@flow 155: set_db route_early_global_num_tracks_per_clock_wire     5
@flow 157: # Note TL: use only up to M8 in routing
@@flow 158: set_db route_design_bottom_routing_layer                  [get_db [get_db layers Metal2] .route_index]
#WARNING (NRIF-90) Option set_db route_bottom_routing_layer is obsolete. It will continue to work for the current release. To ensure compatibility with future releases, use option set_db design_bottom_routing_layer instead.
@@flow 159: set_db route_design_top_routing_layer                     [get_db [get_db layers Metal11] .route_index]
#WARNING (NRIF-91) Option set_db route_top_routing_layer is obsolete. It will continue to work for the current release. To ensure compatibility with future releases, use option set_db design_top_routing_layer instead.
@@flow 161: set_db route_design_detail_post_route_swap_via          none
#WARNING (NRIF-83) When route_detail_post_route_swap_via is set to 'none', the post route via swapping step will be skipped in all scenarios.
@@flow 162: set_db route_design_with_litho_driven                   true
@@flow 163: set_db route_design_with_timing_driven                  true
@flow 165: # Antenna options
@@flow 166: set_db route_design_antenna_pin_limit                   1000
@@flow 167: set_db route_design_antenna_cell_name                   ANTENNA
@@flow 168: set_db route_design_add_antenna_inst_prefix             "ANTENNA"
@@flow 169: set_db route_design_antenna_diode_insertion             true
@@flow 170: set_db route_design_detail_fix_antenna                  true
@flow 172: #set_db route_design_process_node                        45
@@flow 173: set_db route_design_with_via_in_pin                     1:1 ;
@flow 173: # enclose via inside stdcell pin shape on M1 accesses
@flow 175: # H240 trim grid definition
@flow 176: #set_db route_design_with_trim_metal "-layer 2  #-mask2 {-pitch 0.24 -core_offset 0.225 -width 0.03 }  #-mask2 {-pitch 0.24 -core_offset 0.095 -width 0.03 }  #-mask1 {-pitch 0.24 -core_offset 0.015 -width 0.03 }  #-mask1 {-pitch 0.24 -core_offset 0.145 -width 0.03 }"
@@flow 178: set_db route_design_concurrent_minimize_via_count_effort  high                        ;
@flow 178: # Reduce the via count while routing
@@flow 179: set_db route_design_detail_use_multi_cut_via_effort       high                        ;
@flow 179: # Turn on concurrent double/bar cut routing before CTS
@flow 180: #set_db route_design_with_via_only_for_block_cell_pin      2:2                         ;# Access M2 MACRO pin with VIA only
@flow 182: if {1} {
@flow 183: #	reset_db route_design_detail_use_multi_cut_via_effort                               ;# Turn off concurrent double/bar cut routing
@flow 184: #	eval_legacy {setNanoRouteMode -drouteExpConcurrentMinimizeViaCountCost 64}          ;# Concurrently minimize via count adding via cost
@flow 185: #	set_db route_design_antenna_diode_insertion             true                        ;# Allow diode insertion for Antenna fixing
@@flow 186: set_db route_design_detail_post_route_swap_via          multicut                    ;
#WARNING (NRIF-80) When route_detail_post_route_swap_via is set to 'multiCut', the post route via swapping step will be performed on all nets, and to double cut vias. To swap to DFM vias based on via weight, please set the option to 'true'.
@flow 186: # If postroute double cuts are desired..although the percentage of swap is low for N7
@flow 187: }
@@flow 189: eval_legacy {setNanoRouteMode  -routeExpShieldAddTappingVia true}                     ;
@flow 189: # Add Tapping via for the specified distance for shielding
@flow 191: # Timing ECO attributes [get_db -category opt_signoff] 
@flow 192: #-------------------------------------------------------------------------------
@@flow 193: set_db distributed_child_license_checkout_list          tpsxl
@flow 195: # techniques                                                                    
@flow 196: #set_db opt_signoff_resize_inst  true                                           
@flow 197: #set_db opt_signoff_add_inst true                                               
@flow 198: #set_db opt_signoff_swap_inst true                                              
@flow 199: #set_db opt_signoff_delete_inst true                                            
@flow 200: #set_db opt_signoff_allow_skewing false                                         
@flow 201: #set_db opt_signoff_optimize_sequential_cells false                             
@@flow 202: set_db opt_signoff_optimize_core_only                   true                                    
@flow 203: #set_db opt_signoff_optimize_replicated_modules false                           
@flow 205: # target
@flow 206: #set_db opt_signoff_setup_target_slack 0.0
@flow 207: #set_db opt_signoff_hold_target_slack 0.0 
@flow 209: # Note TL: both false by default
@@flow 210: set_db opt_signoff_fix_si_slew true
@@flow 211: set_db opt_signoff_fix_xtalk   true
@@flow 212: set_db opt_signoff_fix_glitch  true
@flow 214: # Hold fixing
@@flow 215: set_db opt_signoff_fix_hold_allow_setup_optimization      true                        ;
@flow 215: # When set to true, incremental Setup fixing is performed during Hold fixing in order to create more Setup margins on Hold violated nodes that could not be fixed earlier due to Setup timing conflict
@@flow 216: set_db opt_signoff_fix_hold_allow_setup_tns_degrade       true                        ;
@flow 216: # When  specified,  the  Setup Total Negative Slack can be degraded during Hold time violations fixing while still maintaining the Setup Worst Negative Slack in every Setup active views.
@flow 218: # PBA
@@flow 219: set_db opt_signoff_retime                               path_slew_propagation
@flow 220: #set_db opt_signoff_check_type both                 
@flow 221: #set_db opt_signoff_max_paths -1                    
@flow 222: #set_db opt_signoff_nworst -1                       
@flow 223: #set_db opt_signoff_max_slack 0.0                   
@flow 225: # I/OS
@flow 226: #set_db opt_signoff_eco_file_prefix {}
@flow 227: #set_db opt_signoff_partition_list_file {}
@flow 228: #set_db opt_signoff_prefix ESO            
@flow 229: #set_db opt_signoff_read_eco_opt_db {}    
@flow 230: #set_db opt_signoff_write_eco_opt_db ecoTimingDB
@flow 231: #set_db opt_signoff_verbose false               
@flow 232: #set_db opt_signoff_pre_sta_tcl                
#@ End verbose flow_step postroute.init_innovus
      flow.cputime  flow.realtime  timing.setup.tns  timing.setup.wns  snapshot
UM:           3.36              3                                      init_innovus
##FLOW_KIT: enabling features from command line: {report_lec synth_spatial pnr_db_handoff add_scan generate_models opt_signoff}
#@ Begin verbose flow_step postroute.set_dont_use
@flow 2: # disable ULVT cells until postroute
@flow 3: if {[get_db flow_feature_dont_use_ulvt]} {...}
@flow 11: foreach dont_use_expr [get_db flow_vars_dont_use_list] {
        set_db [get_db base_cells -if {*}${dont_use_expr}] .dont_use true
    }
#@ End verbose flow_step postroute.set_dont_use
      flow.cputime  flow.realtime  timing.setup.tns  timing.setup.wns  snapshot
UM:           2.56              2                                      set_dont_use
##FLOW_KIT: enabling features from command line: {report_lec synth_spatial pnr_db_handoff add_scan generate_models opt_signoff}
#@ Begin verbose flow_step postroute.manage_uncertainty
@flow 2: if {0} {...}
#@ End verbose flow_step postroute.manage_uncertainty
      flow.cputime  flow.realtime  timing.setup.tns  timing.setup.wns  snapshot
UM:           2.55              2                                      manage_uncertainty
##FLOW_KIT: enabling features from command line: {report_lec synth_spatial pnr_db_handoff add_scan generate_models opt_signoff}
#@ Begin verbose flow_step postroute.run_opt_postroute
@flow 2: #- perform postroute and SI based setup optimization
@@flow 3: opt_design -post_route -setup -hold -report_dir [file join [get_db flow_report_directory] [get_db flow_report_name]] -report_prefix opt_design_post_route_setup_hold
**opt_design ... cpu = 0:00:00, real = 0:00:00, mem = 2549.9M, totSessionCpu=0:00:32 **
*** opt_design #1 [begin] () : totSession cpu/real = 0:00:31.8/0:00:43.0 (0.7), mem = 2571.5M
Multithreaded Timing Analysis is initialized with 8 threads

GigaOpt running with 8 threads.
*** InitOpt #1 [begin] (opt_design #1) : totSession cpu/real = 0:00:31.9/0:00:43.1 (0.7), mem = 3290.8M
**INFO: User settings:
delaycal_advanced_node_pin_cap_settings                                             true
delaycal_advanced_pin_cap_mode                                                      true
delaycal_enable_high_fanout                                                         true
delaycal_enable_ideal_seq_async_pins                                                false
delaycal_enable_si                                                                  true
delaycal_eng_enablepreplacedflow                                                    false
delaycal_equivalent_waveform_model                                                  propagation
delaycal_ignore_net_load                                                            false
delaycal_socv_accuracy_mode                                                         low
delaycal_socv_use_lvf_tables                                                        all
setDelayCalMode -enable_hier_save_restore_flow                                      false
setDelayCalMode -engine                                                             aae
design_bottom_routing_layer                                                         Metal2
design_early_clock_flow                                                             true
design_process_node                                                                 45
design_propagate_activity                                                           true
design_top_routing_layer                                                            Metal7
extract_rc_assume_metal_fill                                                        0.0
extract_rc_coupled                                                                  true
extract_rc_coupling_cap_threshold                                                   0.1
extract_rc_engine                                                                   post_route
extract_rc_pre_place_cap_scale_factor                                               2.57758
extract_rc_pre_place_res_scale_factor                                               0.996157
extract_rc_pre_place_site_size                                                      1.91
extract_rc_pre_place_wire_length_slope                                              1.937
extract_rc_pre_place_wire_length_y0                                                 0.0072
extract_rc_relative_cap_threshold                                                   1.0
extract_rc_shrink_factor                                                            1.0
extract_rc_total_cap_threshold                                                      0.0
multibit_aware_seq_mapping                                                          auto
opt_drv                                                                             true
opt_drv_margin                                                                      0.0
opt_drv_margin_for_max_tran                                                         0.0
opt_drv_setup_aware                                                                 true
opt_fix_fanout_load                                                                 true
opt_hold_allow_setup_tns_degradation                                                true
opt_hold_cells                                                                      {}
opt_leakage_to_dynamic_ratio                                                        0.5
opt_multi_bit_flop_name_prefix                                                      CDN_MBIT_
opt_multi_bit_flop_name_separator                                                   _MB_
opt_multi_bit_flop_opt                                                              false
opt_new_inst_prefix                                                                 postroute_
opt_preserve_all_sequential                                                         false
opt_resize_flip_flops                                                               true
opt_setup_target_slack                                                              0.0
opt_skew                                                                            true
opt_skew_eco_route                                                                  false
opt_skew_post_cts                                                                   true
opt_skew_pre_cts                                                                    true
opt_skew_pre_cts_aggressive_ecf                                                     true
opt_spatial_power_driven                                                            true
opt_verbose                                                                         true
opt_view_pruning_hold_target_slack_auto_flow                                        0
opt_view_pruning_hold_views_active_list                                             { slow_0p9v_125c_cmax_func slow_0p9v_125c_cmax_scan_capture slow_0p9v_125c_cmax_scan_shift fast_1p1v_0c_cmin_func fast_1p1v_0c_cmin_scan_capture fast_1p1v_0c_cmin_scan_shift }
opt_view_pruning_hold_views_persistent_list                                         { fast_1p1v_0c_cmin_scan_shift slow_0p9v_125c_cmax_scan_capture}
opt_view_pruning_placement_setup_view_list                                          { slow_0p9v_125c_cmax_func  }
opt_view_pruning_setup_views_active_list                                            { slow_0p9v_125c_cmax_func slow_0p9v_125c_cmax_scan_capture slow_0p9v_125c_cmax_scan_shift }
opt_view_pruning_setup_views_persistent_list                                        { slow_0p9v_125c_cmax_func slow_0p9v_125c_cmax_scan_shift}
opt_view_pruning_tdgr_setup_views_persistent_list                                   { slow_0p9v_125c_cmax_func}
place_detail_filler_gap_effort                                                      high
place_detail_filler_gap_min_gap                                                     0.2
place_detail_legalization_inst_gap                                                  1
place_detail_use_check_drc                                                          true
place_detail_use_no_diffusion_one_site_filler                                       false
place_global_cong_effort                                                            auto
place_global_place_io_pins                                                          true
place_global_uniform_density                                                        true
extract_rc_model_file                                                               /home/student/16/ex8/flow_matmul_sync_1/dbs/route.enc/libs/misc/rc_model.bin
route_add_antenna_inst_prefix                                                       ANTENNA
route_antenna_cell_name                                                             ANTENNA
route_antenna_diode_insertion                                                       true
route_antenna_pin_limit                                                             1000
route_bottom_routing_layer                                                          2
route_concurrent_minimize_via_count_effort                                          high
route_detail_fix_antenna                                                            true
route_detail_post_route_swap_via                                                    multicut
route_detail_use_lef_pin_taper_rule                                                 true
route_detail_use_multi_cut_via_effort                                               high
route_exp_design_mode_bottom_routing_layer                                          2
route_exp_design_mode_top_routing_layer                                             7
route_exp_shield_add_tapping_via                                                    true
route_extract_third_party_compatible                                                false
route_global_exp_timing_driven_std_delay                                            45.1
route_global_exp_timing_driven_use_tif_timing_engine_for_import_design              false
route_re_insert_filler_cell_list                                                    {DECAP10 DECAP2 DECAP3 DECAP4 DECAP5 DECAP6 DECAP7 DECAP8 DECAP9 FILL1 FILL16 FILL2 FILL32 FILL4 FILL64 FILL8}
route_re_insert_filler_cell_list_from_file                                          false
route_top_routing_layer                                                             11
route_with_litho_driven                                                             true
route_with_timing_driven                                                            true
route_with_via_in_pin                                                               1:1
setNanoRouteMode -timingEngine                                                      /home/student/16/ex8/flow_matmul_sync_1/innovus_temp_27575_6da6003e-9d95-4c2c-9b85-76251e3ce69c_ASIC-vm_student_l7kKY8/matmul_sync.27575.slk.gz
setActiveLogicViewMode -keepHighFanoutCriticalInsts                                 false
getDelayCalMode -enable_hier_save_restore_flow                                      false
getDelayCalMode -engine                                                             aae
getIlmMode -keepHighFanoutCriticalInsts                                             false
getImportMode -config                                                               true
get_power_analysis_mode -honor_net_activity_for_tcf                                 false
get_power_analysis_mode -honor_sublevel_activity                                    true
getNanoRouteMode -timingEngine                                                      /home/student/16/ex8/flow_matmul_sync_1/innovus_temp_27575_6da6003e-9d95-4c2c-9b85-76251e3ce69c_ASIC-vm_student_l7kKY8/matmul_sync.27575.slk.gz
**INFO: set_db design_flow_effort standard -> setting 'set_db opt_all_end_points true' for the duration of this command.
Enable merging buffers from different footprints for postRoute code for MSV designs
Need call spDPlaceInit before registerPrioInstLoc.
[GPS-MSV] UPF Flow. Number of Power Domains: 1
[GPS-MSV]   Power Domain 'pd_aon' (tag=1) Default
Estimated cell power/ground rail width = 0.160 um
**WARN: (IMPOPT-3564):	The following cells are set dont_use temporarily by the tool because there are no rows defined for their technology site, or they are not placeable in any power domain, or their pins cannot be snapped to the tracks. To avoid this message, review the create_floorplan, msv setting, the library setting or set manually those cells as dont_use.
	Cell DFF2RX1, site CoreSite.
	Cell DFF2RX2, site CoreSite.
	Cell DFF2X1, site CoreSite.
	Cell DFF2X2, site CoreSite.
	Cell DFF4RX1, site CoreSite.
	Cell DFF4RX2, site CoreSite.
	Cell DFF4X1, site CoreSite.
	Cell DFF4X2, site CoreSite.
	Cell FSWNX1, site CoreSiteDouble.
	Cell FSWX1, site CoreSiteDouble.
	Cell HSWBX1, site CoreSite.
	Cell HSWCX1, site CoreSite.
	Cell HSWDNX1, site CoreSiteDouble.
	Cell HSWDX1, site CoreSiteDouble.
	Cell HSWNX1, site CoreSiteDouble.
	Cell HSWX1, site CoreSiteDouble.
	Cell ISOHLDX1_OFF, site CoreSiteDouble.
	Cell ISOHLDX1_ON, site CoreSite.
	Cell ISOHX1_OFF, site CoreSiteDouble.
	Cell ISOHX1_ON, site CoreSite.
	...
	Reporting only the 20 first cells found...
.
**WARN: (IMPOPT-7320):	Glitch fixing has been disabled since glitch reporting is disabled. Glitch reporting can be enabled using command set_db si_glitch_enable_report true
Info: Using SynthesisEngine executable '/opt/soc/eda/cadence/DDI231/INNOVUS231/bin/innovus_'.
      SynthesisEngine workers will not check out additional licenses.
**INFO: Using Advanced Metric Collection system.
**opt_design ... cpu = 0:00:01, real = 0:00:25, mem = 2850.2M, totSessionCpu=0:00:33 **
Existing Dirty Nets : 0
New Signature Flow (optDesignCheckOptions) ....
#Taking db snapshot
#Taking db snapshot ... done

Begin checking placement ... (start mem=3736.4M, init mem=3736.4M)
*info: Placed = 3243           (Fixed = 4)
*info: Unplaced = 0           
Placement Density:100.00%(8886/8886)
Placement Density (including fixed std cells):100.00%(8886/8886)
PowerDomain Density <pd_aon>:100.00%(8887/8887)
Finished check_place (total: cpu=0:00:00.4, real=0:00:00.0; vio checks: cpu=0:00:00.3, real=0:00:00.0; mem=3704.4M)
#optDebug: { P: 45 W: 3201 FE: standard PE: none LDR: 0.5}
 Initial DC engine is -> aae
 
 AAE-Opt:: Current number of nets in RC Memory -> 100 K
 
 
 AAE-Opt:: New number of nets in RC Memory -> 100 K
 
Reset EOS DB
Ignoring AAE DB Resetting ...
 Set Options for AAE Based Opt flow 
*** opt_design -post_route ***
DRC Margin: user margin 0.0; extra margin 0
Setup Target Slack: user slack 0
Hold Target Slack: user slack 0
Multi-VT timing optimization disabled based on library information.
*** InitOpt #1 [finish] (opt_design #1) : cpu/real = 0:00:01.6/0:00:25.2 (0.1), totSession cpu/real = 0:00:33.5/0:01:08.3 (0.5), mem = 3736.4M
** INFO : this run is activating 'postRoute' automaton
**INFO: flowCheckPoint #1 InitialSummary
#import 0 vias (num_signal=0 num_non_signal=0 num_extra_signal=0)
#Extract in post route mode
#Finish check_net_pin_list step Enter extract_rc_in_nr_cmd
#Fast data preparation for tQuantus.
#Start routing data preparation on Fri Nov 14 15:06:47 2025
#
# Metal1       H   Track-Pitch = 0.19000    Line-2-Via Pitch = 0.13000
# Metal2       V   Track-Pitch = 0.20000    Line-2-Via Pitch = 0.15000
# Metal3       H   Track-Pitch = 0.19000    Line-2-Via Pitch = 0.15000
# Metal4       V   Track-Pitch = 0.20000    Line-2-Via Pitch = 0.15000
# Metal5       H   Track-Pitch = 0.19000    Line-2-Via Pitch = 0.15000
# Metal6       V   Track-Pitch = 0.20000    Line-2-Via Pitch = 0.15000
# Metal7       H   Track-Pitch = 0.19000    Line-2-Via Pitch = 0.15000
# Metal8       V   Track-Pitch = 0.20000    Line-2-Via Pitch = 0.15000
# Metal9       H   Track-Pitch = 0.19000    Line-2-Via Pitch = 0.15000
# Metal10      V   Track-Pitch = 0.50000    Line-2-Via Pitch = 0.42000
# Metal11      H   Track-Pitch = 0.47500    Line-2-Via Pitch = 0.43000
#Regenerating Ggrids automatically.
#Auto generating G-grids with size=15 tracks, using layer Metal3's pitch = 0.19000.
#Using automatically generated G-grids.
#Done routing data preparation.
#cpu time = 00:00:00, elapsed time = 00:00:00, memory = 2892.69 (MB), peak = 2897.00 (MB)
#Start routing data preparation on Fri Nov 14 15:06:48 2025
#
#Bottom routing layer index=2(Metal2), bottom routing layer for shielding=2(Metal2), bottom shield layer=2(Metal2) top shield layer=11(Metal11)
#shield_bottom_stripe_layer=1(Metal1), shield_top_stripe_layer=11(Metal11)
#pin_access_rlayer=2(Metal2) num_routing_layer=11 top_routing_layer=11 top_ripin_layer=11
#shield_top_dpt_rlayer=-1 top_rlayer=11 top_trim_metal_rlayer=-1 rlayer_lowest=1 bottom_rlayer=2
#enable_trim_layer_shield=F enable_dpt_layer_shield=F has_line_end_grid=F
#Regenerating Ggrids automatically.
#Auto generating G-grids with size=15 tracks, using layer Metal3's pitch = 0.19000.
#Using automatically generated G-grids.
#Done routing data preparation.
#cpu time = 00:00:02, elapsed time = 00:00:02, memory = 3042.24 (MB), peak = 3042.24 (MB)
#
#Start tQuantus RC extraction...
#Start building rc corner(s)...
#Number of RC Corner = 2
#Corner cmax_125c /opt/soc/tech/cadence/gsclib045_all_v4.8/gsclib045/qrc/qx/gpdk045.tch 125.000000 (real) 
#Corner cmin_0c /opt/soc/tech/cadence/gsclib045_all_v4.8/gsclib045/qrc/qx/gpdk045.tch 0.000000 (real) 
#(i=11, n=11 2000)
#METAL_1 -> Metal1 (1)
#METAL_2 -> Metal2 (2)
#METAL_3 -> Metal3 (3)
#METAL_4 -> Metal4 (4)
#METAL_5 -> Metal5 (5)
#METAL_6 -> Metal6 (6)
#METAL_7 -> Metal7 (7)
#METAL_8 -> Metal8 (8)
#METAL_9 -> Metal9 (9)
#METAL_10 -> Metal10 (10)
#METAL_11 -> Metal11 (11)
#SADV-On
# Corner(s) : 
#cmax_125c [125.00] 
#cmin_0c [ 0.00]
# Corner id: 0
# Layout Scale: 1.000000
# Has Metal Fill model: yes
# Temperature was set
# Temperature : 125.000000
# Ref. Temp   : 25.000000
# Corner id: 1
# Layout Scale: 1.000000
# Has Metal Fill model: yes
# Temperature was set
# Temperature : 0.000000
# Ref. Temp   : 25.000000
#SADV-Off
#total pattern=286 [22, 792]
#Reading previously stored rc_model file ( /home/student/16/ex8/flow_matmul_sync_1/dbs/route.enc/libs/misc/rc_model.bin ) ...
#found CAPMODEL /opt/soc/tech/cadence/gsclib045_all_v4.8/gsclib045/qrc/qx/gpdk045.tch
#found RESMODEL /opt/soc/tech/cadence/gsclib045_all_v4.8/gsclib045/qrc/qx/gpdk045.tch 125.000000 
#found RESMODEL /opt/soc/tech/cadence/gsclib045_all_v4.8/gsclib045/qrc/qx/gpdk045.tch 0.000000 
#CCE Version read = IQuantus/TQuantus 23.1.1-s476
#number model r/c [2,1] [22,792] read
#0 rcmodel(s) requires rebuild
#Build RC corners: cpu time = 00:00:00, elapsed time = 00:00:00, memory = 3067.22 (MB), peak = 3077.93 (MB)
#Finish check_net_pin_list step Enter extract
#Start init net ripin tree building
#Finish init net ripin tree building
#Cpu time = 00:00:00
#Elapsed time = 00:00:00
#Increased memory = 0.00 (MB)
#Total memory = 3067.22 (MB)
#Peak memory = 3077.93 (MB)
#Using multithreading with 8 threads.
#begin processing metal fill model file
#end processing metal fill model file
#Length limit = 200 pitches
#opt mode = 2
#Finish check_net_pin_list step Fix net pin list
#Start generate extraction boxes.
#
#Extract using 30 x 30 Hboxes
#3x3 initial hboxes
#Use area based hbox pruning.
#0/0 hboxes pruned.
#Complete generating extraction boxes.
#Start step Extraction
#Extract 3 hboxes with 8 threads on machine with  Core_i7 2.11GHz 25600KB Cache 8CPU...
#Process 0 special clock nets for rc extraction
#Total 2434 nets were built. 3 nodes added to break long wires. 0 net(s) have incomplete routes.
#Run Statistics for Extraction:
#   Cpu time = 00:00:01, elapsed time = 00:00:00 .
#   Increased memory =   111.96 (MB), total memory =  3179.48 (MB), peak memory =  3182.38 (MB)
#Register nets and terms for rcdb /home/student/16/ex8/flow_matmul_sync_1/innovus_temp_27575_6da6003e-9d95-4c2c-9b85-76251e3ce69c_ASIC-vm_student_l7kKY8/nr27575_7Ii3XF.rcdb.d
#Finish registering nets and terms for rcdb.
#Simplify RC tree: cpu time = 00:00:00, elapsed time = 00:00:00, memory = 3114.74 (MB), peak = 3182.38 (MB)
#RC Statistics: 8971 Res, 4458 Ground Cap, 805 XCap (Edge to Edge)
#WARNING (NREX-102) Net UNCONNECTED is not extracted due to Has no routing. The result of timing analysis involving such net is inaccurate.
#WARNING (NREX-102) Net scan_mode_matmul_sync is not extracted due to Has no routing. The result of timing analysis involving such net is inaccurate.
#WARNING (NREX-102) Net VDD is not extracted due to Has no routing. The result of timing analysis involving such net is inaccurate.
#WARNING (NREX-102) Net VSS is not extracted due to Has no routing. The result of timing analysis involving such net is inaccurate.
#RC V/H edge ratio: 0.25, Avg V/H Edge Length: 2584.90 (3424), Avg L-Edge Length: 7339.66 (3587)
#Nets and terms are pre-registered for rcdb /home/student/16/ex8/flow_matmul_sync_1/innovus_temp_27575_6da6003e-9d95-4c2c-9b85-76251e3ce69c_ASIC-vm_student_l7kKY8/nr27575_7Ii3XF.rcdb.d.
#Start writing RC data.
#Finish writing RC data
#Finish writing rcdb with 11405 nodes, 8971 edges, and 1612 xcaps
#cpu time = 00:00:00, elapsed time = 00:00:00, memory = 3110.68 (MB), peak = 3182.38 (MB)
Restoring parasitic data from file '/home/student/16/ex8/flow_matmul_sync_1/innovus_temp_27575_6da6003e-9d95-4c2c-9b85-76251e3ce69c_ASIC-vm_student_l7kKY8/nr27575_7Ii3XF.rcdb.d' ...
Reading RCDB with compressed RC data.
Reading RCDB with compressed RC data.
Begin read_parasitics... (cpu: 0:00:00.0 real: 0:00:00.0 mem: 4042.094M)
Following multi-corner parasitics specified:
	/home/student/16/ex8/flow_matmul_sync_1/innovus_temp_27575_6da6003e-9d95-4c2c-9b85-76251e3ce69c_ASIC-vm_student_l7kKY8/nr27575_7Ii3XF.rcdb.d (rcdb)
Reading RCDB with compressed RC data.
		Cell matmul_sync has rcdb /home/student/16/ex8/flow_matmul_sync_1/innovus_temp_27575_6da6003e-9d95-4c2c-9b85-76251e3ce69c_ASIC-vm_student_l7kKY8/nr27575_7Ii3XF.rcdb.d specified
Cell matmul_sync, hinst 
Reading RCDB with compressed RC data.
Done read_parasitics... (cpu: 0:00:00.0 real: 0:00:00.0 mem: 4042.094M)
#
#Restore RCDB.
#
#Complete tQuantus RC extraction.
#Cpu time = 00:00:01
#Elapsed time = 00:00:01
#Increased memory = 69.59 (MB)
#Total memory = 3111.83 (MB)
#Peak memory = 3182.38 (MB)
#
#3 inserted nodes are removed
#Restored 0 tie nets, 0 tie snets, 0 partial nets
#Start Design Signature (0)
#Finish Inst Signature in MT(51204502)
#Finish Net Signature in MT(63842373)
#Finish SNet Signature in MT (73238182)
#Run time and memory report for RC extraction:
#RC extraction running on  Core_i7 2.11GHz 25600KB Cache 8CPU.
#Run Statistics for snet signature:
#   Cpu time = 00:00:00, elapsed time = 00:00:00 , scale factor =  1.43/8, scale score = 0.18.
#    Increased memory =     0.00 (MB), total memory =  2968.73 (MB), peak memory =  3182.38 (MB)
#Run Statistics for Net Final Signature:
#   Cpu time = 00:00:00, elapsed time = 00:00:00 .
#   Increased memory =     0.00 (MB), total memory =  2968.73 (MB), peak memory =  3182.38 (MB)
#Run Statistics for Net launch:
#   Cpu time = 00:00:00, elapsed time = 00:00:00 , scale factor =  4.78/8, scale score = 0.60.
#    Increased memory =     0.06 (MB), total memory =  2968.73 (MB), peak memory =  3182.38 (MB)
#Run Statistics for Net init_dbsNet_slist:
#   Cpu time = 00:00:00, elapsed time = 00:00:00 .
#   Increased memory =     0.00 (MB), total memory =  2968.67 (MB), peak memory =  3182.38 (MB)
#Run Statistics for net signature:
#   Cpu time = 00:00:00, elapsed time = 00:00:00 , scale factor =  4.29/8, scale score = 0.54.
#    Increased memory =     0.06 (MB), total memory =  2968.73 (MB), peak memory =  3182.38 (MB)
#Run Statistics for inst signature:
#   Cpu time = 00:00:00, elapsed time = 00:00:00 , scale factor =  2.63/8, scale score = 0.33.
#    Increased memory =   -11.95 (MB), total memory =  2968.67 (MB), peak memory =  3182.38 (MB)
Reading RCDB with compressed RC data.
Suspended 61 physical insts (cell DECAP10 / prefix -).
Suspended 238 physical insts (cell DECAP2 / prefix -).
Suspended 114 physical insts (cell DECAP3 / prefix -).
Suspended 64 physical insts (cell DECAP4 / prefix -).
Suspended 49 physical insts (cell DECAP5 / prefix -).
Suspended 16 physical insts (cell DECAP6 / prefix -).
Suspended 24 physical insts (cell DECAP7 / prefix -).
Suspended 12 physical insts (cell DECAP8 / prefix -).
Suspended 15 physical insts (cell DECAP9 / prefix -).
Deleted 463 physical insts (cell FILL1 / prefix -).
Suspended 55 physical insts (cell FILL16 / prefix -).
Suspended 47 physical insts (cell FILL32 / prefix -).
Suspended 71 physical insts (cell FILL64 / prefix -).
** INFO: Initializing Glitch Interface
** INFO: Initializing Glitch Cache
*** BuildHoldData #1 [begin] (opt_design #1) : totSession cpu/real = 0:00:37.2/0:01:11.4 (0.5), mem = 4042.0M
AAE_INFO: switching set_db delaycal_enable_si from true to false ...
AAE_INFO: The setting is changed from true to false in set_db delaycal_enable_si
Starting delay calculation for Hold views
AAE_INFO: opIsDesignInPostRouteState() is 1
#################################################################################
# Design Stage: PostRoute
# Design Name: matmul_sync
# Design Mode: 45nm
# Analysis Mode: MMMC OCV 
# Parasitics Mode: SPEF/RCDB 
# Signoff Settings: SI Off (EWM-WFP)
#################################################################################
Start delay calculation (fullDC) (8 T). (MEM=3039.88)
Total number of fetched objects 2435
AAE_INFO: Total number of nets for which stage creation was skipped for all views 0
End delay calculation. (MEM=3137.5 CPU=0:00:00.5 REAL=0:00:00.0)
End delay calculation (fullDC). (MEM=3118.22 CPU=0:00:00.8 REAL=0:00:00.0)
*** Done Building Timing Graph (cpu=0:00:01.2 real=0:00:01.0 totSessionCpu=0:00:38.6 mem=5035.2M)
Done building cte hold timing graph (HoldAware) cpu=0:00:01.4 real=0:00:01.0 totSessionCpu=0:00:38.6 mem=5035.2M ***
AAE_INFO: switching set_db delaycal_enable_si from false to true ...
AAE_INFO: The setting is changed from false to true in set_db delaycal_enable_si
Starting delay calculation for Setup views
AAE_INFO: opIsDesignInPostRouteState() is 1
AAE_INFO: resetNetProps viewIdx 0 
AAE_INFO: resetNetProps viewIdx 1 
AAE_INFO: resetNetProps viewIdx 2 
Starting SI iteration 1 using Infinite Timing Windows
#################################################################################
# Design Stage: PostRoute
# Design Name: matmul_sync
# Design Mode: 45nm
# Analysis Mode: MMMC OCV 
# Parasitics Mode: SPEF/RCDB 
# Signoff Settings: SI On (EWM-WFP)
#################################################################################
Start delay calculation (fullDC) (8 T). (MEM=3182.94)
Total number of fetched objects 2435
AAE_INFO: Total number of nets for which stage creation was skipped for all views 0
AAE_INFO-618: Total number of nets in the design is 2438,  100.0 percent of the nets selected for SI analysis
End delay calculation. (MEM=3251.27 CPU=0:00:00.8 REAL=0:00:01.0)
End delay calculation (fullDC). (MEM=3251.27 CPU=0:00:00.9 REAL=0:00:01.0)
Save waveform /home/student/16/ex8/flow_matmul_sync_1/innovus_temp_27575_6da6003e-9d95-4c2c-9b85-76251e3ce69c_ASIC-vm_student_l7kKY8/.AAE_eDlXUf/.AAE_27575_6da6003e-9d95-4c2c-9b85-76251e3ce69c/waveform.data...
Loading CTE timing window with TwFlowType 0...(CPU = 0:00:00.0, REAL = 0:00:00.0, MEM = 3255.3M)
Add other clocks and setupCteToAAEClockMapping during iter 1
Loading CTE timing window is completed (CPU = 0:00:00.0, REAL = 0:00:00.0, MEM = 3255.3M)

Executing IPO callback for view pruning ..
** INFO: Initializing Glitch Interface

Optimization is working on the following views:
  Setup views: slow_0p9v_125c_cmax_func slow_0p9v_125c_cmax_scan_shift 
  Hold  views: slow_0p9v_125c_cmax_func slow_0p9v_125c_cmax_scan_shift fast_1p1v_0c_cmin_func fast_1p1v_0c_cmin_scan_capture fast_1p1v_0c_cmin_scan_shift 

Active setup views:
 slow_0p9v_125c_cmax_func
  Dominating endpoints: 128
  Dominating TNS: -0.924

 slow_0p9v_125c_cmax_scan_shift
  Dominating endpoints: 3
  Dominating TNS: -0.000

Starting SI iteration 2
Start delay calculation (fullDC) (8 T). (MEM=3254.14)
Create and load waveform data /home/student/16/ex8/flow_matmul_sync_1/innovus_temp_27575_6da6003e-9d95-4c2c-9b85-76251e3ce69c_ASIC-vm_student_l7kKY8/.AAE_eDlXUf/.AAE_27575_6da6003e-9d95-4c2c-9b85-76251e3ce69c/waveform.data...
Glitch Analysis: View slow_0p9v_125c_cmax_func -- Total Number of Nets Skipped = 8. 
Glitch Analysis: View slow_0p9v_125c_cmax_func -- Total Number of Nets Analyzed = 2435. 
Glitch Analysis: View slow_0p9v_125c_cmax_scan_shift -- Total Number of Nets Skipped = 4. 
Glitch Analysis: View slow_0p9v_125c_cmax_scan_shift -- Total Number of Nets Analyzed = 137. 
Total number of fetched objects 2435
AAE_INFO: Total number of nets for which stage creation was skipped for all views 0
AAE_INFO-618: Total number of nets in the design is 2438,  22.5 percent of the nets selected for SI analysis
End delay calculation. (MEM=3324.04 CPU=0:00:00.5 REAL=0:00:00.0)
End delay calculation (fullDC). (MEM=3324.04 CPU=0:00:00.5 REAL=0:00:00.0)
*** Done Building Timing Graph (cpu=0:00:03.3 real=0:00:02.0 totSessionCpu=0:00:42.1 mem=5323.3M)
** Profile ** Start :  cpu=0:00:00.0, mem=5835.3M
** Profile ** Other data :  cpu=0:00:00.0, mem=5836.5M
** Profile ** Overall slacks :  cpu=0:00:00.0, mem=5836.5M
** INFO: Initializing Glitch Interface
** Profile ** DRVs :  cpu=0:00:00.0, mem=5836.5M

OptSummary:

------------------------------------------------------------------
     Initial SI Timing Summary
------------------------------------------------------------------

Setup views included:
 slow_0p9v_125c_cmax_func slow_0p9v_125c_cmax_scan_shift 

+--------------------+---------+---------+---------+---------+---------+---------+
|     Setup mode     |   all   | reg2reg | in2reg  | reg2out | in2out  | default |
+--------------------+---------+---------+---------+---------+---------+---------+
|           WNS (ns):| -0.057  |  9.033  |  1.045  | -0.057  |   N/A   |  0.127  |
|           TNS (ns):| -0.188  |  0.000  |  0.000  | -0.188  |   N/A   |  0.000  |
|    Violating Paths:|    5    |    0    |    0    |    5    |   N/A   |    0    |
|          All Paths:|   258   |   63    |   129   |   64    |   N/A   |    2    |
+--------------------+---------+---------+---------+---------+---------+---------+

+----------------+-------------------------------+------------------+
|                |              Real             |       Total      |
|    DRVs        +------------------+------------+------------------|
|                |  Nr nets(terms)  | Worst Vio  |  Nr nets(terms)  |
+----------------+------------------+------------+------------------+
|   max_cap      |      0 (0)       |   0.000    |     65 (65)      |
|   max_tran     |      1 (1)       |   -0.006   |      1 (2)       |
|   max_fanout   |      0 (0)       |     0      |      0 (0)       |
|   max_length   |      0 (0)       |     0      |      0 (0)       |
+----------------+------------------+------------+------------------+

Density: 62.227%
------------------------------------------------------------------
*** BuildHoldData #1 [finish] (opt_design #1) : cpu/real = 0:00:05.1/0:00:02.5 (2.0), totSession cpu/real = 0:00:42.2/0:01:13.9 (0.6), mem = 5836.5M
**opt_design ... cpu = 0:00:10, real = 0:00:31, mem = 3259.5M, totSessionCpu=0:00:42 **
OPTC: m4 20.0 50.0 [ 250.0 20.0 50.0 ]
OPTC: view 50.0:250.0 100.0:500.0 100.0:500.0 [ 0.0500 ]
Setting latch borrow mode to budget during optimization.
Info: Done creating the CCOpt slew target map.
**INFO: flowCheckPoint #2 OptimizationPass1
Glitch fixing enabled
*** ClockDrv #1 [begin] (opt_design #1) : totSession cpu/real = 0:00:42.6/0:01:14.1 (0.6), mem = 5827.5M
Running CCOpt-PRO on entire clock network
Leaving CCOpt scope - Initializing power interface...
Leaving CCOpt scope - Initializing power interface done. (took cpu=0:00:00.0 real=0:00:00.0)
Leaving CCOpt scope - Initializing activity data...
clk_i_virtual(200MHz) clk_i(200MHz) CK: assigning clock clk_i to net clk_i

Starting Levelizing
2025-Nov-14 15:06:53 (2025-Nov-14 13:06:53 GMT)
2025-Nov-14 15:06:53 (2025-Nov-14 13:06:53 GMT): 10%
2025-Nov-14 15:06:53 (2025-Nov-14 13:06:53 GMT): 20%
2025-Nov-14 15:06:53 (2025-Nov-14 13:06:53 GMT): 30%
2025-Nov-14 15:06:53 (2025-Nov-14 13:06:53 GMT): 40%
2025-Nov-14 15:06:53 (2025-Nov-14 13:06:53 GMT): 50%
2025-Nov-14 15:06:53 (2025-Nov-14 13:06:53 GMT): 60%
2025-Nov-14 15:06:53 (2025-Nov-14 13:06:53 GMT): 70%
2025-Nov-14 15:06:53 (2025-Nov-14 13:06:53 GMT): 80%
2025-Nov-14 15:06:53 (2025-Nov-14 13:06:53 GMT): 90%

Finished Levelizing
2025-Nov-14 15:06:53 (2025-Nov-14 13:06:53 GMT)

Starting Activity Propagation
2025-Nov-14 15:06:53 (2025-Nov-14 13:06:53 GMT)
2025-Nov-14 15:06:53 (2025-Nov-14 13:06:53 GMT): 10%
2025-Nov-14 15:06:53 (2025-Nov-14 13:06:53 GMT): 20%
2025-Nov-14 15:06:53 (2025-Nov-14 13:06:53 GMT): 30%

Finished Activity Propagation
2025-Nov-14 15:06:53 (2025-Nov-14 13:06:53 GMT)
Initializing cpe interface
Leaving CCOpt scope - Initializing activity data done. (took cpu=0:00:00.1 real=0:00:00.1)
Net route status summary:
  Clock:         5 (unrouted=0, trialRouted=0, noStatus=0, routed=5, fixed=0, [crossesIlmBoundary=0, tooFewTerms=0, (crossesIlmBoundary AND tooFewTerms=0)])
  Non-clock:  2433 (unrouted=4, trialRouted=0, noStatus=0, routed=2429, fixed=0, [crossesIlmBoundary=0, tooFewTerms=4, (crossesIlmBoundary AND tooFewTerms=0)])
-effortLevel medium                        # enums={low medium high signoff}, default=undefined
Clock tree cells fixed by user: 0 out of 4 (0%)
PRO...
Relaxing adjacent_rows_legal and cell_density for the duration of PRO. To stop this set pro_respect_cell_density_and_adjacent_row_legal to true.
Initializing clock structures...
  Creating own balancer
  Permitting the movement of (non-FIXED) datapath insts as required for sized/new clock tree insts
  Initializing legalizer
  Using cell based legalization.
  Initializing placement interface...
    Use check_library -place or consult logv if problems occur.
    Leaving CCOpt scope - Initializing placement interface...
    Leaving CCOpt scope - Initializing placement interface done. (took cpu=0:00:00.0 real=0:00:00.0)
  Initializing placement interface done.
  Leaving CCOpt scope - Cleaning up placement interface...
  Leaving CCOpt scope - Cleaning up placement interface done. (took cpu=0:00:00.0 real=0:00:00.0)
**WARN: (IMPSP-2904):	option place_detail_filler_gap_effort and place_detail_filler_gap_min_gap will be obsolete from next release and is replaced by place_detail_legalization_inst_gap <site>.
**WARN: (IMPSP-2904):	option place_detail_filler_gap_effort and place_detail_filler_gap_min_gap will be obsolete from next release and is replaced by place_detail_legalization_inst_gap <site>.
  Leaving CCOpt scope - Initializing placement interface...
  Leaving CCOpt scope - Initializing placement interface done. (took cpu=0:00:00.0 real=0:00:00.0)
[PSP]    Load db... (mem=5.5M)
[PSP]    Read data from FE... (mem=5.5M)
[PSP]    Done Read data from FE (cpu=0.001s, mem=5.5M)

[PSP]    Done Load db (cpu=0.001s, mem=5.5M)

[PSP]    Constructing placeable region... (mem=5.5M)
[PSP]    Compute region effective width... (mem=5.5M)
[PSP]    Done Compute region effective width (cpu=0.000s, mem=5.5M)

[PSP]    Done Constructing placeable region (cpu=0.000s, mem=5.5M)

  Reconstructing clock tree datastructures, skew aware...
    Validating CTS configuration...
    CCOpt power management detected and enabled.
    Checking module port directions...
    Checking module port directions done. (took cpu=0:00:00.0 real=0:00:00.0)
    Non-default attributes:
      Public non-default attributes:
        cts_adjacent_rows_legal: true (default: false)
        cts_buffer_cells is set for at least one object
        cts_cell_density is set for at least one object
        cts_cell_halo_rows: 0 (default: 1)
        cts_cell_halo_sites: 0 (default: 4)
        cts_clock_gating_cells is set for at least one object
        cts_clock_tree_source_driver is set for at least one object
        cts_clock_tree_source_input_max_transition_time is set for at least one object
        cts_clock_tree_source_max_capacitance is set for at least one object
        cts_inverter_cells is set for at least one object
        cts_logic_cells is set for at least one object
        cts_primary_delay_corner: slow_0p9v_125c_cmax (default: )
        cts_route_type is set for at least one object
        cts_skew_group_target_insertion_delay is set for at least one object
        cts_target_max_transition_time is set for at least one object
        cts_target_skew is set for at least one object
        cts_top_fanout_threshold is set for at least one object
        cts_use_inverters is set for at least one object
      Private non-default attributes:
        cts_allow_non_fterm_identical_swaps: false (default: true)
        cts_clock_nets_detailed_routed: true (default: false)
        cts_force_design_routing_status: 1 (default: auto)
        cts_last_virtual_delay_scaling_factor is set for at least one object
        cts_post_route_enable_post_commit_delay_update: true (default: false)
        cts_use_accurate_downstream_capacitance_in_optimization: true (default: false)
    Route type trimming info:
      The following route types were modified by the autotrimmer:
        cts_route_type_trunk (Metal2-Metal9) was replaced by cts_route_type_trunk_ccopt_autotrimmed (Metal7-Metal8);
          Layers Metal2 Metal3 Metal4 Metal5 Metal6 Metal9 are trimmed off because their RC characteristic are not good.
      To disable this behavior, either reduce the range of allowed layers or set the property "cts_route_type_auto_trim" to false.
Reading RCDB with compressed RC data.
    Library trimming buffers in power domain pd_aon and half-corner slow_0p9v_125c_cmax:both.late removed 0 of 8 cells
    Original list had 8 cells:
    CLKBUFX20 CLKBUFX16 CLKBUFX12 CLKBUFX8 CLKBUFX6 CLKBUFX4 CLKBUFX3 CLKBUFX2 
    Library trimming was not able to trim any cells:
    CLKBUFX20 CLKBUFX16 CLKBUFX12 CLKBUFX8 CLKBUFX6 CLKBUFX4 CLKBUFX3 CLKBUFX2 
    Library trimming inverters in power domain pd_aon and half-corner slow_0p9v_125c_cmax:both.late removed 1 of 9 cells
    Original list had 9 cells:
    CLKINVX20 CLKINVX16 CLKINVX12 CLKINVX8 CLKINVX6 CLKINVX4 CLKINVX3 CLKINVX2 CLKINVX1 
    New trimmed list has 8 cells:
    CLKINVX20 CLKINVX16 CLKINVX12 CLKINVX8 CLKINVX6 CLKINVX4 CLKINVX2 CLKINVX1 
    Clock tree balancer configuration for clock_tree clk_i:
    Non-default attributes:
      Public non-default attributes:
        cts_cell_density: 1 (default: 0.75)
        cts_clock_tree_source_driver: CLKINVX4/A CLKINVX4/Y (default: )
        cts_clock_tree_source_max_capacitance: 0.005 (default: auto)
        cts_route_type (leaf): cts_route_type_leaf (default: default)
        cts_route_type (top): cts_route_type_top (default: default)
        cts_route_type (trunk): cts_route_type_trunk_ccopt_autotrimmed (default: default)
        cts_top_fanout_threshold: 2000 (default: unset)
        cts_use_inverters: true (default: auto)
      No private non-default attributes
    For power domain pd_aon:
      Buffers:     CLKBUFX20 CLKBUFX16 CLKBUFX12 CLKBUFX8 CLKBUFX6 CLKBUFX4 CLKBUFX3 CLKBUFX2
      Inverters:   CLKINVX20 CLKINVX16 CLKINVX12 CLKINVX8 CLKINVX6 CLKINVX4 CLKINVX2 CLKINVX1
      Clock gates: TLATNCAX20 TLATNCAX16 TLATNCAX12 TLATNCAX8 TLATNCAX6 TLATNCAX4 TLATNCAX3 TLATNCAX2
      Unblocked area available for placement of any clock cells in power_domain pd_aon: 8886.528um^2
    Top Routing info:
      Route-type name: cts_route_type_top; Top/bottom preferred layer name: Metal9/Metal8; 
      Non-default rule name: ndr_cts_2w25s_trunk; Shielded - shield side: Two Side; Mask Constraint: 0; Source: cts_route_type.
    Trunk Routing info:
      Route-type name: cts_route_type_trunk_ccopt_autotrimmed; Top/bottom preferred layer name: Metal8/Metal7; 
      Non-default rule name: ndr_cts_2w25s_trunk; Shielded - shield side: Two Side; Mask Constraint: 0; Source: cts_route_type.
    Leaf Routing info:
      Route-type name: cts_route_type_leaf; Top/bottom preferred layer name: Metal7/Metal2; 
      Non-default rule name: ndr_cts_2w25s_leaf; Shielded - shield side: Two Side; Mask Constraint: 0; Source: cts_route_type.
    For timing_corner slow_0p9v_125c_cmax:both, late and power domain pd_aon:
      Slew time target (leaf):    0.100ns
      Slew time target (trunk):   0.100ns
      Slew time target (top):     0.100ns
      Buffer unit delay: 0.090ns
      Buffer max distance: 368.108um
    Fastest wire driving cells and distances:
      For nets routed with trunk routing rules:
        Buffer    : {lib_cell:CLKBUFX20, fastest_considered_half_corner=slow_0p9v_125c_cmax:both.late, optimalDrivingDistance=433.939um, saturatedSlew=0.090ns, speed=3128.210um per ns, cellArea=18.915um^2 per 1000um}
        Inverter  : {lib_cell:CLKINVX20, fastest_considered_half_corner=slow_0p9v_125c_cmax:both.late, optimalDrivingDistance=368.108um, saturatedSlew=0.087ns, speed=4639.715um per ns, cellArea=17.652um^2 per 1000um}
        Clock gate: {lib_cell:TLATNCAX20, fastest_considered_half_corner=slow_0p9v_125c_cmax:both.late, optimalDrivingDistance=429.091um, saturatedSlew=0.091ns, speed=1217.860um per ns, cellArea=31.881um^2 per 1000um}
      For nets routed with top routing rules:
        Buffer    : {lib_cell:CLKBUFX20, fastest_considered_half_corner=slow_0p9v_125c_cmax:both.late, optimalDrivingDistance=116.613um, saturatedSlew=0.098ns, speed=800.441um per ns, cellArea=70.387um^2 per 1000um}
        Inverter  : {lib_cell:CLKINVX20, fastest_considered_half_corner=slow_0p9v_125c_cmax:both.late, optimalDrivingDistance=99.194um, saturatedSlew=0.095ns, speed=1175.326um per ns, cellArea=65.508um^2 per 1000um}
        Clock gate: {lib_cell:TLATNCAX20, fastest_considered_half_corner=slow_0p9v_125c_cmax:both.late, optimalDrivingDistance=114.315um, saturatedSlew=0.097ns, speed=319.896um per ns, cellArea=119.669um^2 per 1000um}
    
    
    Logic Sizing Table:
    
    ----------------------------------------------------------
    Cell    Instance count    Source    Eligible library cells
    ----------------------------------------------------------
      (empty table)
    ----------------------------------------------------------
    
    
    Clock tree balancer configuration for skew_group clk_i/func:
     Created from constraint modes: {[func]}
      Sources:                     pin clk_i
      Total number of sinks:       65
      Delay constrained sinks:     65
      Constrains:                  default
      Non-leaf sinks:              0
      Ignore pins:                 0
     Timing corner slow_0p9v_125c_cmax:both.late:
      Skew target:                 0.150ns
    Clock tree balancer configuration for skew_group clk_i/scan_capture:
     Created from constraint modes: {[scan_capture]}
      Sources:                     pin clk_i
      Total number of sinks:       65
      Delay constrained sinks:     65
      Constrains:                  default
      Non-leaf sinks:              0
      Ignore pins:                 0
     Timing corner slow_0p9v_125c_cmax:both.late:
      Skew target:                 0.150ns
    Clock tree balancer configuration for skew_group clk_i/scan_shift:
     Created from constraint modes: {[scan_shift]}
      Sources:                     pin clk_i
      Total number of sinks:       65
      Delay constrained sinks:     65
      Constrains:                  default
      Non-leaf sinks:              0
      Ignore pins:                 0
     Timing corner slow_0p9v_125c_cmax:both.late:
      Skew target:                 0.150ns
    Primary reporting skew groups are:
    skew_group clk_i/func with 65 clock sinks
    
    
    Constraint summary
    ==================
    
    Transition constraints are active in the following delay corners:
    
    slow_0p9v_125c_cmax:both.late
    
    Cap constraints are active in the following delay corners:
    
    slow_0p9v_125c_cmax:both.late
    
    Transition constraint summary:
    
    ----------------------------------------------------------------------------------------------------
    Delay corner                               Target (ns)    Num pins    Target source    Clock tree(s)
    ----------------------------------------------------------------------------------------------------
    slow_0p9v_125c_cmax:both.late (primary)         -            -              -                -
                       -                          0.100          75       explicit         all
    ----------------------------------------------------------------------------------------------------
    
    Capacitance constraint summary:
    
    ---------------------------------------------------------------------------------------------------------------------
    Delay corner                               Limit (pF)    Num nets    Target source                      Clock tree(s)
    ---------------------------------------------------------------------------------------------------------------------
    slow_0p9v_125c_cmax:both.late (primary)        -            -                       -                         -
                       -                         0.450          4        library_or_sdc_constraint          all
                       -                         0.005          1        source_max_capacitance_property    all
    ---------------------------------------------------------------------------------------------------------------------
    
    
    Clock DAG stats initial state:
      cell counts      : b=0, i=4, icg=0, dcg=0, l=0, total=4
      sink counts      : regular=65, enable_latch=0, load_capacitance=0, antenna=0, node_sink=0, total=65
      misc counts      : r=1, pp=0, mci=0
      cell areas       : b=0.000um^2, i=9.576um^2, icg=0.000um^2, dcg=0.000um^2, l=0.000um^2, total=9.576um^2
      hp wire lengths  : top=0.000um, trunk=40.910um, leaf=139.355um, total=180.265um
    Clock DAG library cell distribution initial state {count}:
       Invs: CLKINVX6: 4 
      flow.cputime  flow.realtime  timing.setup.tns  timing.setup.wns  snapshot
UM:*                                                                   InitialState
    Have 8 CPUs available for CTS. Selected algorithms will run multithreaded.
    No ideal or dont_touch nets found in the clock tree
    No dont_touch hnets found in the clock tree
    No dont_touch hpins found in the clock network.
    Checking for illegal sizes of clock logic instances...
    Checking for illegal sizes of clock logic instances done. (took cpu=0:00:00.0 real=0:00:00.0)
    Validating CTS configuration done. (took cpu=0:00:00.6 real=0:00:00.6)
    CCOpt configuration status: all checks passed.
  Reconstructing clock tree datastructures, skew aware done.
Initializing clock structures done.
PRO...
  PRO active optimizations:
   - DRV fixing with sizing
  
  Detected clock skew data from CTS
  ProEngine running partially connected to DB
  Clock tree timing engine global stage delay update for slow_0p9v_125c_cmax:both.late...
  Clock tree timing engine global stage delay update for slow_0p9v_125c_cmax:both.late done. (took cpu=0:00:00.0 real=0:00:00.0)
  Clock DAG stats PRO initial state:
    cell counts      : b=0, i=4, icg=0, dcg=0, l=0, total=4
    sink counts      : regular=65, enable_latch=0, load_capacitance=0, antenna=0, node_sink=0, total=65
    misc counts      : r=1, pp=0, mci=0
    cell areas       : b=0.000um^2, i=9.576um^2, icg=0.000um^2, dcg=0.000um^2, l=0.000um^2, total=9.576um^2
    cell capacitance : b=0.000pF, i=0.010pF, icg=0.000pF, dcg=0.000pF, l=0.000pF, total=0.010pF
    sink capacitance : total=0.014pF, avg=0.000pF, sd=0.000pF, min=0.000pF, max=0.000pF
    wire capacitance : top=0.000pF, trunk=0.006pF, leaf=0.029pF, total=0.034pF
    wire lengths     : top=0.000um, trunk=51.795um, leaf=225.725um, total=277.520um
    hp wire lengths  : top=0.000um, trunk=40.910um, leaf=139.355um, total=180.265um
  Clock DAG net violations PRO initial state: none
  Clock DAG primary half-corner transition distribution PRO initial state:
    Trunk : target=0.100ns count=2 avg=0.059ns sd=0.007ns min=0.054ns max=0.065ns {1 <= 0.060ns, 1 <= 0.080ns, 0 <= 0.090ns, 0 <= 0.095ns, 0 <= 0.100ns}
    Leaf  : target=0.100ns count=3 avg=0.076ns sd=0.003ns min=0.073ns max=0.079ns {0 <= 0.060ns, 3 <= 0.080ns, 0 <= 0.090ns, 0 <= 0.095ns, 0 <= 0.100ns}
  Clock DAG library cell distribution PRO initial state {count}:
     Invs: CLKINVX6: 4 
  Primary reporting skew groups PRO initial state:
  Skew group summary PRO initial state:
    skew_group clk_i/func: insertion delay [min=0.118, max=0.121, avg=0.119, sd=0.001, skn=-0.440, kur=-1.360], skew [0.003 vs 0.150], 100% {0.118, 0.121} (wid=0.001 ws=0.000) (gid=0.120 gs=0.003)
  Recomputing CTS skew targets...
  Resolving skew group constraints...
    Solving LP: 1 skew groups; 2 fragments, 2 fraglets and 3 vertices; 12 variables and 27 constraints; tolerance 1
  Resolving skew group constraints done.
  Recomputing CTS skew targets done. (took cpu=0:00:00.0 real=0:00:00.0)
  PRO Fixing DRVs...
    Fixing clock tree DRVs: ...20% ...40% ...60% ...80% ...100% 
    CCOpt-PRO: considered: 5, tested: 5, violation detected: 0, violation ignored (due to small violation): 0, cannot run: 0, attempted: 0, unsuccessful: 0, sized: 0
    
    Statistics: Fix DRVs (cell sizing):
    ===================================
    
    Cell changes by Net Type:
    
    -------------------------------------------------------------------------------------------------
    Net Type    Attempted    Upsized     Downsized    Swapped Same Size    Total Changed    Not Sized
    -------------------------------------------------------------------------------------------------
    top                0            0           0            0                    0                0
    trunk              0            0           0            0                    0                0
    leaf               0            0           0            0                    0                0
    -------------------------------------------------------------------------------------------------
    Total              0            0           0            0                    0                0
    -------------------------------------------------------------------------------------------------
    
    Upsized: 0, Downsized: 0, Sized but same area: 0, Unchanged: 0, Area change: 0.000um^2 (0.000%)
    Max. move: 0.000um, Min. move: 0.000um, Avg. move: N/A
    
    Clock DAG stats after 'PRO Fixing DRVs':
      cell counts      : b=0, i=4, icg=0, dcg=0, l=0, total=4
      sink counts      : regular=65, enable_latch=0, load_capacitance=0, antenna=0, node_sink=0, total=65
      misc counts      : r=1, pp=0, mci=0
      cell areas       : b=0.000um^2, i=9.576um^2, icg=0.000um^2, dcg=0.000um^2, l=0.000um^2, total=9.576um^2
      cell capacitance : b=0.000pF, i=0.010pF, icg=0.000pF, dcg=0.000pF, l=0.000pF, total=0.010pF
      sink capacitance : total=0.014pF, avg=0.000pF, sd=0.000pF, min=0.000pF, max=0.000pF
      wire capacitance : top=0.000pF, trunk=0.006pF, leaf=0.029pF, total=0.034pF
      wire lengths     : top=0.000um, trunk=51.795um, leaf=225.725um, total=277.520um
      hp wire lengths  : top=0.000um, trunk=40.910um, leaf=139.355um, total=180.265um
    Clock DAG net violations after 'PRO Fixing DRVs': none
    Clock DAG primary half-corner transition distribution after 'PRO Fixing DRVs':
      Trunk : target=0.100ns count=2 avg=0.059ns sd=0.007ns min=0.054ns max=0.065ns {1 <= 0.060ns, 1 <= 0.080ns, 0 <= 0.090ns, 0 <= 0.095ns, 0 <= 0.100ns}
      Leaf  : target=0.100ns count=3 avg=0.076ns sd=0.003ns min=0.073ns max=0.079ns {0 <= 0.060ns, 3 <= 0.080ns, 0 <= 0.090ns, 0 <= 0.095ns, 0 <= 0.100ns}
    Clock DAG library cell distribution after 'PRO Fixing DRVs' {count}:
       Invs: CLKINVX6: 4 
    Primary reporting skew groups after 'PRO Fixing DRVs':
    Skew group summary after 'PRO Fixing DRVs':
      skew_group clk_i/func: insertion delay [min=0.118, max=0.121], skew [0.003 vs 0.150]
    Legalizer API calls during this step: 0 succeeded with high effort: 0 succeeded with medium effort: 0 succeeded with low effort: 0 succeeded with basic effort: 0 succeeded with basic unbounded effort: 0
  PRO Fixing DRVs done. (took cpu=0:00:00.0 real=0:00:00.0)
  Reconnecting optimized routes...
  Reconnecting optimized routes done. (took cpu=0:00:00.0 real=0:00:00.0)
  Clock tree timing engine global stage delay update for slow_0p9v_125c_cmax:both.late...
  Clock tree timing engine global stage delay update for slow_0p9v_125c_cmax:both.late done. (took cpu=0:00:00.0 real=0:00:00.0)
  Clock DAG stats PRO final:
    cell counts      : b=0, i=4, icg=0, dcg=0, l=0, total=4
    sink counts      : regular=65, enable_latch=0, load_capacitance=0, antenna=0, node_sink=0, total=65
    misc counts      : r=1, pp=0, mci=0
    cell areas       : b=0.000um^2, i=9.576um^2, icg=0.000um^2, dcg=0.000um^2, l=0.000um^2, total=9.576um^2
    cell capacitance : b=0.000pF, i=0.010pF, icg=0.000pF, dcg=0.000pF, l=0.000pF, total=0.010pF
    sink capacitance : total=0.014pF, avg=0.000pF, sd=0.000pF, min=0.000pF, max=0.000pF
    wire capacitance : top=0.000pF, trunk=0.006pF, leaf=0.029pF, total=0.034pF
    wire lengths     : top=0.000um, trunk=51.795um, leaf=225.725um, total=277.520um
    hp wire lengths  : top=0.000um, trunk=40.910um, leaf=139.355um, total=180.265um
  Clock DAG net violations PRO final: none
  Clock DAG primary half-corner transition distribution PRO final:
    Trunk : target=0.100ns count=2 avg=0.059ns sd=0.007ns min=0.054ns max=0.065ns {1 <= 0.060ns, 1 <= 0.080ns, 0 <= 0.090ns, 0 <= 0.095ns, 0 <= 0.100ns}
    Leaf  : target=0.100ns count=3 avg=0.076ns sd=0.003ns min=0.073ns max=0.079ns {0 <= 0.060ns, 3 <= 0.080ns, 0 <= 0.090ns, 0 <= 0.095ns, 0 <= 0.100ns}
  Clock DAG library cell distribution PRO final {count}:
     Invs: CLKINVX6: 4 
  Primary reporting skew groups PRO final:
  Skew group summary PRO final:
    skew_group clk_i/func: insertion delay [min=0.118, max=0.121, avg=0.119, sd=0.001, skn=-0.440, kur=-1.360], skew [0.003 vs 0.150], 100% {0.118, 0.121} (wid=0.001 ws=0.000) (gid=0.120 gs=0.003)
  Legalizer API calls during this step: 0 succeeded with high effort: 0 succeeded with medium effort: 0 succeeded with low effort: 0 succeeded with basic effort: 0 succeeded with basic unbounded effort: 0
PRO done.
Net route status summary:
  Clock:         5 (unrouted=0, trialRouted=0, noStatus=0, routed=5, fixed=0, [crossesIlmBoundary=0, tooFewTerms=0, (crossesIlmBoundary AND tooFewTerms=0)])
  Non-clock:  2433 (unrouted=4, trialRouted=0, noStatus=0, routed=2429, fixed=0, [crossesIlmBoundary=0, tooFewTerms=4, (crossesIlmBoundary AND tooFewTerms=0)])
Updating delays...
Updating delays done.
PRO done. (took cpu=0:00:00.7 real=0:00:00.7)
Leaving CCOpt scope - Cleaning up placement interface...
Leaving CCOpt scope - Cleaning up placement interface done. (took cpu=0:00:00.0 real=0:00:00.0)
**WARN: (IMPSP-2904):	option place_detail_filler_gap_effort and place_detail_filler_gap_min_gap will be obsolete from next release and is replaced by place_detail_legalization_inst_gap <site>.
**WARN: (IMPSP-2904):	option place_detail_filler_gap_effort and place_detail_filler_gap_min_gap will be obsolete from next release and is replaced by place_detail_legalization_inst_gap <site>.
*** ClockDrv #1 [finish] (opt_design #1) : cpu/real = 0:00:00.8/0:00:00.8 (1.1), totSession cpu/real = 0:00:43.4/0:01:14.9 (0.6), mem = 6444.2M
**INFO: Start fixing DRV (Mem = 6233.18M) ...
Begin: GigaOpt DRV Optimization
Glitch fixing enabled
GigaOpt Checkpoint: Internal optDRV -postRoute -max_tran -max_cap -max_fanout -maintainWNS -setupTNSCostFactor 0.3 -maxLocalDensity 0.96 -numThreads 8  -glitch
*** DrvOpt #1 [begin] (opt_design #1) : totSession cpu/real = 0:00:43.5/0:01:15.0 (0.6), mem = 6233.2M
Info: 5 clock nets excluded from IPO operation.
	CornerforLayerOpt timing analysis view slow_0p9v_125c_cmax_func has been selected for calibration 
	CornerforLayerOpt timing analysis view slow_0p9v_125c_cmax_func has been selected for calibration 
	CornerforLayerOpt timing analysis view slow_0p9v_125c_cmax_func has been selected for calibration 
	CornerforLayerOpt timing analysis view slow_0p9v_125c_cmax_func has been selected for calibration 
	CornerforLayerOpt timing analysis view slow_0p9v_125c_cmax_func has been selected for calibration 
	CornerforLayerOpt timing analysis view slow_0p9v_125c_cmax_func has been selected for calibration 
	CornerforLayerOpt timing analysis view slow_0p9v_125c_cmax_func has been selected for calibration 
	CornerforLayerOpt timing analysis view slow_0p9v_125c_cmax_func has been selected for calibration 
	CornerforLayerOpt timing analysis view slow_0p9v_125c_cmax_func has been selected for calibration 
	CornerforLayerOpt timing analysis view slow_0p9v_125c_cmax_func has been selected for calibration 
	CornerforLayerOpt timing analysis view slow_0p9v_125c_cmax_func has been selected for calibration 
	CornerforLayerOpt timing analysis view slow_0p9v_125c_cmax_func has been selected for calibration 
Info: Enabling GigaOpt waveform propagation mode
	CornerforLayerOpt timing analysis view slow_0p9v_125c_cmax_func has been selected for calibration 
	CornerforLayerOpt timing analysis view slow_0p9v_125c_cmax_func has been selected for calibration 
	CornerforLayerOpt timing analysis view slow_0p9v_125c_cmax_func has been selected for calibration 
	CornerforLayerOpt timing analysis view slow_0p9v_125c_cmax_func has been selected for calibration 
	CornerforLayerOpt timing analysis view slow_0p9v_125c_cmax_func has been selected for calibration 
	CornerforLayerOpt timing analysis view slow_0p9v_125c_cmax_func has been selected for calibration 
	CornerforLayerOpt timing analysis view slow_0p9v_125c_cmax_func has been selected for calibration 
	CornerforLayerOpt timing analysis view slow_0p9v_125c_cmax_func has been selected for calibration 
	CornerforLayerOpt timing analysis view slow_0p9v_125c_cmax_func has been selected for calibration 
	CornerforLayerOpt timing analysis view slow_0p9v_125c_cmax_func has been selected for calibration 
	CornerforLayerOpt timing analysis view slow_0p9v_125c_cmax_func has been selected for calibration 
	CornerforLayerOpt timing analysis view slow_0p9v_125c_cmax_func has been selected for calibration 
	CornerforLayerOpt timing analysis view slow_0p9v_125c_cmax_func has been selected for calibration 
	CornerforLayerOpt timing analysis view slow_0p9v_125c_cmax_func has been selected for calibration 
	CornerforLayerOpt timing analysis view slow_0p9v_125c_cmax_func has been selected for calibration 
	CornerforLayerOpt timing analysis view slow_0p9v_125c_cmax_func has been selected for calibration 
	CornerforLayerOpt timing analysis view slow_0p9v_125c_cmax_func has been selected for calibration 
	CornerforLayerOpt timing analysis view slow_0p9v_125c_cmax_func has been selected for calibration 
	CornerforLayerOpt timing analysis view slow_0p9v_125c_cmax_func has been selected for calibration 
	CornerforLayerOpt timing analysis view slow_0p9v_125c_cmax_func has been selected for calibration 
	CornerforLayerOpt timing analysis view slow_0p9v_125c_cmax_func has been selected for calibration 
	CornerforLayerOpt timing analysis view slow_0p9v_125c_cmax_func has been selected for calibration 
	CornerforLayerOpt timing analysis view slow_0p9v_125c_cmax_func has been selected for calibration 
	CornerforLayerOpt timing analysis view slow_0p9v_125c_cmax_func has been selected for calibration 
**INFO: Extra DRV scale -- maxTran 0.97 maxCap 0.97 (high fanout net > 10: maxTran 0.97 maxCap 0.97) for over fixing
DRV pessimism of 2.00% is used for tran, 2.00% for cap, 0.00% for fanout, on top of margin 0.00%
** INFO: Initializing Glitch Interface
+---------------------------------------------------------------------------------------------------------------------------------------------------------------------+
|        max-tran       |        max-cap        |  max-fanout |  max-length |    glitch   |       setup       |        |        |        |       |          |         |
+---------------------------------------------------------------------------------------------------------------------------------------------------------------------+
| nets | terms|  wViol  | nets | terms|  wViol  | nets | terms| nets | terms| nets | terms|   WNS   |   TNS   |  #Buf  |  #Inv  | #Resize|Density|   Real   |   Mem   |
+---------------------------------------------------------------------------------------------------------------------------------------------------------------------+
|     7|     8|    -0.01|     0|     0|     0.00|     0|     0|     0|     0|     0|     0|    -0.06|    -0.19|       0|       0|       0| 62.23%|          |         |
|     2|     2|    -0.00|     0|     0|     0.00|     0|     0|     0|     0|     0|     0|    -0.06|    -0.19|       0|       0|       5| 62.29%| 0:00:00.0|  6435.9M|
|     0|     0|     0.00|     0|     0|     0.00|     0|     0|     0|     0|     0|     0|    -0.06|    -0.19|       0|       0|       0| 62.29%| 0:00:00.0|  6436.9M|
+---------------------------------------------------------------------------------------------------------------------------------------------------------------------+
Bottom Preferred Layer:
+---------------+------------+----------------------+
|     Layer     |    CLK     |         Rule         |
+---------------+------------+----------------------+
| Metal2 (z=2)  |          3 | ndr_cts_2w25s_leaf   |
+---------------+------------+----------------------+
| Metal7 (z=7)  |          2 | ndr_cts_2w25s_trunk  |
+---------------+------------+----------------------+
Via Pillar Rule:
    None

*** Finish DRV Fixing (cpu=0:00:00.2 real=0:00:00.0 mem=6436.9M) ***

*** DrvOpt #1 [finish] (opt_design #1) : cpu/real = 0:00:01.4/0:00:01.2 (1.1), totSession cpu/real = 0:00:44.9/0:01:16.2 (0.6), mem = 6300.9M
Running refinePlace -preserveRouting true
*** Starting place_detail (0:00:44.9 mem=6300.9M) ***
Move report: Detail placement moves 1 insts, mean move: 2.91 um, max move: 2.91 um 
	Max move on inst (prects_FE_OFC104_result_o_48): (32.20, 5.13) --> (31.00, 3.42)
	Runtime: CPU: 0:00:00.6 REAL: 0:00:01.0 MEM: 6404.9MB
Summary Report:
Instances move: 1 (out of 2010 movable)
Instances flipped: 0
Mean displacement: 2.91 um
Max displacement: 2.91 um (Instance: prects_FE_OFC104_result_o_48) (32.2, 5.13) -> (31, 3.42)
	Length: 2 sites, height: 1 rows, site name: CoreSite, cell type: INVX1
Physical-only instances move: 0 (out of 0 movable physical-only)
Runtime: CPU: 0:00:00.6 REAL: 0:00:01.0 MEM: 6404.9MB
*** Finished place_detail (0:00:45.5 mem=6404.9M) ***
End: GigaOpt DRV Optimization
**opt_design ... cpu = 0:00:14, real = 0:00:34, mem = 3799.9M, totSessionCpu=0:00:46 **
*info:
**INFO: Completed fixing DRV (CPU Time = 0:00:02, Mem = 6428.90M).
** Profile ** Start :  cpu=0:00:00.0, mem=6428.9M
** Profile ** Other data :  cpu=0:00:00.0, mem=6428.9M
** Profile ** Overall slacks :  cpu=0:00:00.0, mem=6332.9M
** INFO: Initializing Glitch Interface
** Profile ** DRVs :  cpu=0:00:00.0, mem=6340.9M

OptSummary:

------------------------------------------------------------------
     SI Timing Summary (cpu=0.03min real=0.03min mem=6428.9M)
------------------------------------------------------------------

Setup views included:
 slow_0p9v_125c_cmax_func slow_0p9v_125c_cmax_scan_shift 

+--------------------+---------+---------+---------+---------+---------+---------+
|     Setup mode     |   all   | reg2reg | in2reg  | reg2out | in2out  | default |
+--------------------+---------+---------+---------+---------+---------+---------+
|           WNS (ns):| -0.055  |  9.033  |  1.045  | -0.055  |   N/A   |  0.127  |
|           TNS (ns):| -0.185  |  0.000  |  0.000  | -0.185  |   N/A   |  0.000  |
|    Violating Paths:|    5    |    0    |    0    |    5    |   N/A   |    0    |
|          All Paths:|   258   |   63    |   129   |   64    |   N/A   |    2    |
+--------------------+---------+---------+---------+---------+---------+---------+

+----------------+-------------------------------+------------------+
|                |              Real             |       Total      |
|    DRVs        +------------------+------------+------------------|
|                |  Nr nets(terms)  | Worst Vio  |  Nr nets(terms)  |
+----------------+------------------+------------+------------------+
|   max_cap      |      0 (0)       |   0.000    |     65 (65)      |
|   max_tran     |      0 (0)       |   0.000    |      0 (0)       |
|   max_fanout   |      0 (0)       |     0      |      0 (0)       |
|   max_length   |      0 (0)       |     0      |      0 (0)       |
+----------------+------------------+------------+------------------+

Density: 62.288%
------------------------------------------------------------------
** Profile ** Report data :  cpu=0:00:00.0, mem=6340.9M
**opt_design ... cpu = 0:00:14, real = 0:00:34, mem = 3796.8M, totSessionCpu=0:00:46 **
** INFO: Initializing Glitch Interface
*** Timing NOT met, worst failing slack is -0.055
*** Check timing (0:00:00.0)
Begin: GigaOpt Optimization in WNS mode
GigaOpt Checkpoint: Internal optTiming -maxLocalDensity 0.96 -numThreads 8 -postRoute -usefulSkew -nativePathGroupFlow
Info: 5 clock nets excluded from IPO operation.
*** WnsOpt #1 [begin] (opt_design #1) : totSession cpu/real = 0:00:45.7/0:01:16.7 (0.6), mem = 6340.9M
*info: 5 clock nets excluded
** GigaOpt Optimizer WNS Slack -0.055 TNS Slack -0.185 Density 62.29
Optimizer WNS Pass 0
OptDebug: Start of Optimizer WNS Pass 0:
+--------------------------------+------+------+
|Path Group                      |   WNS|   TNS|
+--------------------------------+------+------+
|in2out in2reg r..reg2reg default|-0.055|-0.185|
|HEPG                            | 0.000| 0.000|
|All Paths                       |-0.055|-0.185|
+--------------------------------+------+------+

Active Path Group: in2out in2reg reg2out reg2reg default 
+--------+---------+--------+---------+---------+------------+--------+--------------------------------+---------+-----------------------------------------+
|  WNS   | All WNS |  TNS   | All TNS | Density |    Real    |  Mem   |           Worst View           |Pathgroup|                End Point                |
+--------+---------+--------+---------+---------+------------+--------+--------------------------------+---------+-----------------------------------------+
|  -0.055|   -0.055|  -0.185|   -0.185|   62.29%|   0:00:00.0| 6468.9M|        slow_0p9v_125c_cmax_func|  reg2out| result_o[15]                            |
|   0.000|    0.001|   0.000|    0.000|   62.46%|   0:00:01.0| 6709.2M|        slow_0p9v_125c_cmax_func|       NA| NA                                      |
+--------+---------+--------+---------+---------+------------+--------+--------------------------------+---------+-----------------------------------------+

*** Finish Core Optimize Step (cpu=0:00:00.8 real=0:00:01.0 mem=6709.2M) ***

*** Finished Optimize Step Cumulative (cpu=0:00:00.8 real=0:00:01.0 mem=6709.2M) ***
OptDebug: End of Optimizer WNS Pass 0:
+--------------------------------+-----+-----+
|Path Group                      |  WNS|  TNS|
+--------------------------------+-----+-----+
|in2out in2reg r..reg2reg default|0.001|0.000|
|HEPG                            |0.000|0.000|
|All Paths                       |0.001|0.000|
+--------------------------------+-----+-----+

** GigaOpt Optimizer WNS Slack 0.000 TNS Slack 0.000 Density 62.46
Update Timing Windows (Threshold 0.045) ...
Re Calculate Delays on 11 Nets
OptDebug: End of Setup Fixing:
+--------------------------------+-----+-----+
|Path Group                      |  WNS|  TNS|
+--------------------------------+-----+-----+
|in2out in2reg r..reg2reg default|0.001|0.000|
|HEPG                            |0.000|0.000|
|All Paths                       |0.001|0.000|
+--------------------------------+-----+-----+

Bottom Preferred Layer:
+---------------+------------+----------------------+
|     Layer     |    CLK     |         Rule         |
+---------------+------------+----------------------+
| Metal2 (z=2)  |          3 | ndr_cts_2w25s_leaf   |
+---------------+------------+----------------------+
| Metal7 (z=7)  |          2 | ndr_cts_2w25s_trunk  |
+---------------+------------+----------------------+
Via Pillar Rule:
    None

*** Finish Post Route Setup Fixing (cpu=0:00:01.1 real=0:00:01.0 mem=6709.2M) ***
*** WnsOpt #1 [finish] (opt_design #1) : cpu/real = 0:00:01.8/0:00:01.2 (1.5), totSession cpu/real = 0:00:47.5/0:01:17.9 (0.6), mem = 6573.2M
**INFO: Skipping refine place as no non-legal commits were detected
End: GigaOpt Optimization in WNS mode
Skipping post route harden opt
GigaOpt: target slack met, skip TNS optimization
**INFO: flowCheckPoint #3 OptimizationHold
GigaOpt Hold Optimizer is used
GigaOpt Checkpoint: Internal optHold -postRoute -maxLocalDensity 1.0 -numThreads 8 -nativePathGroupFlow -viewPruneEffortLevel 1
Starting initialization (fixHold) cpu=0:00:00.0 real=0:00:00.0 totSessionCpu=0:00:48.5 mem=6581.2M ***
*** BuildHoldData #2 [begin] (opt_design #1) : totSession cpu/real = 0:00:48.5/0:01:18.9 (0.6), mem = 6581.2M
Saving timing graph ...
Done save timing graph
Latch borrow mode reset to max_borrow
OPTC: user 20.0 (reset)
Starting delay calculation for Hold views
AAE_INFO: opIsDesignInPostRouteState() is 1
AAE_INFO: resetNetProps viewIdx 0 
AAE_INFO: resetNetProps viewIdx 1 
AAE_INFO: resetNetProps viewIdx 2 
AAE_INFO: resetNetProps viewIdx 3 
AAE_INFO: resetNetProps viewIdx 4 
AAE_INFO: resetNetProps viewIdx 5 
Starting SI iteration 1 using Infinite Timing Windows
#################################################################################
# Design Stage: PostRoute
# Design Name: matmul_sync
# Design Mode: 45nm
# Analysis Mode: MMMC OCV 
# Parasitics Mode: SPEF/RCDB 
# Signoff Settings: SI On (EWM-WFP)
#################################################################################
Start delay calculation (fullDC) (8 T). (MEM=4127.67)
Total number of fetched objects 2435
AAE_INFO: Total number of nets for which stage creation was skipped for all views 0
AAE_INFO-618: Total number of nets in the design is 2438,  100.0 percent of the nets selected for SI analysis
Total number of fetched objects 2435
AAE_INFO: Total number of nets for which stage creation was skipped for all views 0
AAE_INFO-618: Total number of nets in the design is 2438,  100.0 percent of the nets selected for SI analysis
End delay calculation. (MEM=4172.95 CPU=0:00:01.7 REAL=0:00:00.0)
End delay calculation (fullDC). (MEM=4172.95 CPU=0:00:01.9 REAL=0:00:00.0)
Save waveform /home/student/16/ex8/flow_matmul_sync_1/innovus_temp_27575_6da6003e-9d95-4c2c-9b85-76251e3ce69c_ASIC-vm_student_l7kKY8/.AAE_eDlXUf/.AAE_27575_6da6003e-9d95-4c2c-9b85-76251e3ce69c/waveform.data...
Loading CTE timing window with TwFlowType 0...(CPU = 0:00:00.0, REAL = 0:00:00.0, MEM = 4172.8M)
Add other clocks and setupCteToAAEClockMapping during iter 1
Loading CTE timing window is completed (CPU = 0:00:00.0, REAL = 0:00:00.0, MEM = 4172.8M)

Executing IPO callback for view pruning ..

Optimization is working on the following views:
  Setup views:  slow_0p9v_125c_cmax_func slow_0p9v_125c_cmax_scan_shift
  Hold  views: slow_0p9v_125c_cmax_scan_capture fast_1p1v_0c_cmin_scan_shift 

Active hold views:
 fast_1p1v_0c_cmin_scan_shift
  Dominating endpoints: 193
  Dominating TNS: -0.000

 slow_0p9v_125c_cmax_scan_capture
  Dominating endpoints: 64
  Dominating TNS: -0.000


Optimization is working on the following views:
  Setup views:  slow_0p9v_125c_cmax_func slow_0p9v_125c_cmax_scan_shift
  Hold  views: slow_0p9v_125c_cmax_scan_capture fast_1p1v_0c_cmin_scan_shift 
Starting SI iteration 2
Start delay calculation (fullDC) (8 T). (MEM=3883.73)
Create and load waveform data /home/student/16/ex8/flow_matmul_sync_1/innovus_temp_27575_6da6003e-9d95-4c2c-9b85-76251e3ce69c_ASIC-vm_student_l7kKY8/.AAE_eDlXUf/.AAE_27575_6da6003e-9d95-4c2c-9b85-76251e3ce69c/waveform.data...
Glitch Analysis: View slow_0p9v_125c_cmax_scan_capture -- Total Number of Nets Skipped = 0. 
Glitch Analysis: View slow_0p9v_125c_cmax_scan_capture -- Total Number of Nets Analyzed = 0. 
Total number of fetched objects 2435
AAE_INFO: Total number of nets for which stage creation was skipped for all views 0
AAE_INFO-618: Total number of nets in the design is 2438,  0.2 percent of the nets selected for SI analysis
Glitch Analysis: View fast_1p1v_0c_cmin_scan_shift -- Total Number of Nets Skipped = 5. 
Glitch Analysis: View fast_1p1v_0c_cmin_scan_shift -- Total Number of Nets Analyzed = 138. 
Total number of fetched objects 2435
AAE_INFO: Total number of nets for which stage creation was skipped for all views 0
AAE_INFO-618: Total number of nets in the design is 2438,  1.4 percent of the nets selected for SI analysis
End delay calculation. (MEM=3924.59 CPU=0:00:00.1 REAL=0:00:00.0)
End delay calculation (fullDC). (MEM=3924.59 CPU=0:00:00.1 REAL=0:00:00.0)
*** Done Building Timing Graph (cpu=0:00:03.3 real=0:00:01.0 totSessionCpu=0:00:52.2 mem=6125.4M)
Done building cte hold timing graph (fixHold) cpu=0:00:03.7 real=0:00:01.0 totSessionCpu=0:00:52.2 mem=6125.4M ***
** Profile ** Start :  cpu=0:00:00.0, mem=6125.4M
** Profile ** Overall slacks :  cpu=0:00:00.0, mem=6125.4M
Done building hold timer [1 node(s), 0 edge(s), 2 view(s)] (fixHold) cpu=0:00:03.8 real=0:00:01.0 totSessionCpu=0:00:52.3 mem=6118.4M ***
OPTC: m4 20.0 50.0 [ 250.0 20.0 50.0 ]
OPTC: view 50.0:250.0 100.0:500.0 100.0:500.0 [ 0.0500 ]
Restoring timing graph ...
**WARN: (IMPCTE-290):	Could not locate cell CLKINVX4 in any library for view fast_1p1v_0c_cmin_scan_shift.
Type 'man IMPCTE-290' for more detail.
**WARN: (IMPCTE-290):	Could not locate cell CLKINVX4 in any library for view fast_1p1v_0c_cmin_scan_shift.
Type 'man IMPCTE-290' for more detail.
**WARN: (IMPCTE-290):	Could not locate cell CLKINVX4 in any library for view fast_1p1v_0c_cmin_scan_shift.
Type 'man IMPCTE-290' for more detail.
**WARN: (IMPCTE-290):	Could not locate cell CLKINVX4 in any library for view fast_1p1v_0c_cmin_scan_shift.
Type 'man IMPCTE-290' for more detail.
**WARN: (IMPCTE-290):	Could not locate cell CLKINVX4 in any library for view fast_1p1v_0c_cmin_func.
Type 'man IMPCTE-290' for more detail.
**WARN: (IMPCTE-290):	Could not locate cell CLKINVX4 in any library for view fast_1p1v_0c_cmin_func.
Type 'man IMPCTE-290' for more detail.
**WARN: (IMPCTE-290):	Could not locate cell CLKINVX4 in any library for view fast_1p1v_0c_cmin_func.
Type 'man IMPCTE-290' for more detail.
**WARN: (IMPCTE-290):	Could not locate cell CLKINVX4 in any library for view fast_1p1v_0c_cmin_func.
Type 'man IMPCTE-290' for more detail.
**WARN: (IMPCTE-290):	Could not locate cell CLKINVX4 in any library for view fast_1p1v_0c_cmin_scan_capture.
Type 'man IMPCTE-290' for more detail.
**WARN: (IMPCTE-290):	Could not locate cell CLKINVX4 in any library for view fast_1p1v_0c_cmin_scan_capture.
Type 'man IMPCTE-290' for more detail.
**WARN: (IMPCTE-290):	Could not locate cell CLKINVX4 in any library for view fast_1p1v_0c_cmin_scan_capture.
Type 'man IMPCTE-290' for more detail.
**WARN: (IMPCTE-290):	Could not locate cell CLKINVX4 in any library for view fast_1p1v_0c_cmin_scan_capture.
Type 'man IMPCTE-290' for more detail.
**WARN: (IMPCTE-290):	Could not locate cell CLKINVX4 in any library for view fast_1p1v_0c_cmin_scan_shift.
Type 'man IMPCTE-290' for more detail.
**WARN: (IMPCTE-290):	Could not locate cell CLKINVX4 in any library for view fast_1p1v_0c_cmin_scan_shift.
Type 'man IMPCTE-290' for more detail.
**WARN: (IMPCTE-290):	Could not locate cell CLKINVX4 in any library for view fast_1p1v_0c_cmin_scan_shift.
Type 'man IMPCTE-290' for more detail.
**WARN: (IMPCTE-290):	Could not locate cell CLKINVX4 in any library for view fast_1p1v_0c_cmin_scan_shift.
Type 'man IMPCTE-290' for more detail.
**WARN: (IMPCTE-290):	Could not locate cell CLKINVX4 in any library for view fast_1p1v_0c_cmin_func.
Type 'man IMPCTE-290' for more detail.
**WARN: (IMPCTE-290):	Could not locate cell CLKINVX4 in any library for view fast_1p1v_0c_cmin_func.
Type 'man IMPCTE-290' for more detail.
**WARN: (IMPCTE-290):	Could not locate cell CLKINVX4 in any library for view fast_1p1v_0c_cmin_func.
Type 'man IMPCTE-290' for more detail.
**WARN: (IMPCTE-290):	Could not locate cell CLKINVX4 in any library for view fast_1p1v_0c_cmin_func.
Type 'man IMPCTE-290' for more detail.
**WARN: (EMS-27):	Message (IMPCTE-290) has exceeded the current message display limit of 20.
To increase the message display limit, refer to the product command reference manual.
AAE_INFO: Resetting and re-constructing cache for AAE clocks ...
Done restore timing graph
Done building cte setup timing graph (fixHold) cpu=0:00:04.4 real=0:00:02.0 totSessionCpu=0:00:52.8 mem=6028.3M ***
** Profile ** Start :  cpu=0:00:00.0, mem=6028.3M
** Profile ** Overall slacks :  cpu=0:00:00.0, mem=6068.3M
Setting latch borrow mode to budget during optimization.

*Info: minBufDelay = 66.8 ps, libStdDelay = 41.0 ps, minBufSize = 6840000 (5.0)
*Info: worst delay setup view: slow_0p9v_125c_cmax_func slow_0p9v_125c_cmax_scan_shift
** Profile ** Start :  cpu=0:00:00.0, mem=6068.3M
** Profile ** Other data :  cpu=0:00:00.0, mem=6068.3M
** INFO: Initializing Glitch Interface
** Profile ** DRVs :  cpu=0:00:00.0, mem=6068.3M

OptSummary:

------------------------------------------------------------------
     Hold Opt Initial Summary
------------------------------------------------------------------

Setup views included:
 slow_0p9v_125c_cmax_func slow_0p9v_125c_cmax_scan_shift
Hold views included:
 slow_0p9v_125c_cmax_scan_capture 
 fast_1p1v_0c_cmin_scan_shift

+--------------------+---------+---------+---------+---------+---------+---------+
|     Setup mode     |   all   | reg2reg | in2reg  | reg2out | in2out  | default |
+--------------------+---------+---------+---------+---------+---------+---------+
|           WNS (ns):|  0.001  |  9.033  |  1.045  |  0.001  |   N/A   |  0.127  |
|           TNS (ns):|  0.000  |  0.000  |  0.000  |  0.000  |   N/A   |  0.000  |
|    Violating Paths:|    0    |    0    |    0    |    0    |   N/A   |    0    |
|          All Paths:|   258   |   63    |   129   |   64    |   N/A   |    2    |
+--------------------+---------+---------+---------+---------+---------+---------+

+--------------------+---------+---------+---------+---------+---------+---------+
|     Hold mode      |   all   | reg2reg | in2reg  | reg2out | in2out  | default |
+--------------------+---------+---------+---------+---------+---------+---------+
|           WNS (ns):|  0.039  |  0.039  |  0.958  |  1.117  |   N/A   |  0.041  |
|           TNS (ns):|  0.000  |  0.000  |  0.000  |  0.000  |   N/A   |  0.000  |
|    Violating Paths:|    0    |    0    |    0    |    0    |   N/A   |    0    |
|          All Paths:|   258   |   63    |   129   |   64    |   N/A   |    2    |
+--------------------+---------+---------+---------+---------+---------+---------+

+----------------+-------------------------------+------------------+
|                |              Real             |       Total      |
|    DRVs        +------------------+------------+------------------|
|                |  Nr nets(terms)  | Worst Vio  |  Nr nets(terms)  |
+----------------+------------------+------------+------------------+
|   max_cap      |      0 (0)       |   0.000    |     65 (65)      |
|   max_tran     |      0 (0)       |   0.000    |      0 (0)       |
|   max_fanout   |      0 (0)       |     0      |      0 (0)       |
|   max_length   |      0 (0)       |     0      |      0 (0)       |
+----------------+------------------+------------+------------------+

Density: 62.462%
------------------------------------------------------------------
**opt_design ... cpu = 0:00:22, real = 0:00:38, mem = 3803.2M, totSessionCpu=0:00:53 **
*** BuildHoldData #2 [finish] (opt_design #1) : cpu/real = 0:00:05.0/0:00:02.5 (2.0), totSession cpu/real = 0:00:53.5/0:01:21.4 (0.7), mem = 6068.3M
*** HoldOpt #1 [begin] (opt_design #1) : totSession cpu/real = 0:00:53.5/0:01:21.4 (0.7), mem = 6068.3M
cleaningup cpe interface
*info: Run opt_design holdfix with 8 threads.
Info: 5 clock nets excluded from IPO operation.
*** Hold timing is met. Hold fixing is not needed 
**INFO: total 0 insts, 0 nets marked don't touch
**INFO: total 0 insts, 0 nets marked don't touch DB property
**INFO: total 0 insts, 0 nets unmarked don't touch
*** HoldOpt #1 [finish] (opt_design #1) : cpu/real = 0:00:00.2/0:00:00.2 (1.0), totSession cpu/real = 0:00:53.6/0:01:21.6 (0.7), mem = 6068.3M
**INFO: flowCheckPoint #4 OptimizationPreEco
Running postRoute recovery in preEcoRoute mode
**opt_design ... cpu = 0:00:22, real = 0:00:39, mem = 3797.3M, totSessionCpu=0:00:54 **
** INFO: Initializing Glitch Interface
Checking DRV degradation...
**INFO: Skipping DRV recovery as drv did not degrade beyond margin
Finish postRoute recovery in preEcoRoute mode (cpu=0:00:00, real=0:00:00, mem=6068.26M, totSessionCpu=0:00:54).
**opt_design ... cpu = 0:00:22, real = 0:00:39, mem = 3804.4M, totSessionCpu=0:00:54 **

** INFO: Initializing Glitch Interface
Skipping pre eco harden opt
Running refinePlace -preserveRouting true
*** Starting place_detail (0:00:54.1 mem=6068.3M) ***
Move report: Detail placement moves 0 insts, mean move: 0.00 um, max move: 0.00 um 
	Runtime: CPU: 0:00:00.6 REAL: 0:00:00.0 MEM: 6036.3MB
Summary Report:
Instances move: 0 (out of 2010 movable)
Instances flipped: 0
Mean displacement: 0.00 um
Max displacement: 0.00 um 
Physical-only instances move: 0 (out of 0 movable physical-only)
Runtime: CPU: 0:00:00.6 REAL: 0:00:00.0 MEM: 6036.3MB
*** Finished place_detail (0:00:54.7 mem=6036.3M) ***
Default Rule : ""
Non Default Rules : "LEFSpecialRouteSpec" "VLMDefaultSetup" "ndr_cts_2w25s_leaf" "ndr_cts_2w25s_trunk" "ndr_vddaon"
Worst Slack : 214748.365 ns

Start Layer Assignment ...
WNS(214748.365ns) Target(0.000ns) MaxAssign(0%) MaxCong(20%) MinLen(100um) MinCap(0.050pf) layerBucket(1)

Select 0 cadidates out of 2438.
No critical nets selected. Skipped !
GigaOpt: setting up router preferences
        design wns: 214748.3647
        slack threshold: 214752.8747
GigaOpt: 0 nets assigned router directives

Start Assign Priority Nets ...
TargetSlk(0.200ns) MaxAssign(3%) minLen(50um)
Existing Priority Nets 0 (0.0%)
Assigned Priority Nets 0 (0.0%)

Set Prefer Layer Routing Effort ...
Total Net(2436) IPOed(0) PreferLayer(0) -> MediumEffort(0)

Default Rule : ""
Non Default Rules : "LEFSpecialRouteSpec" "VLMDefaultSetup" "ndr_cts_2w25s_leaf" "ndr_cts_2w25s_trunk" "ndr_vddaon"
Worst Slack : 0.001 ns

Start Layer Assignment ...
WNS(0.001ns) Target(0.000ns) MaxAssign(0%) MaxCong(20%) MinLen(100um) MinCap(0.050pf) layerBucket(1)

Select 0 cadidates out of 2438.
No critical nets selected. Skipped !
GigaOpt: setting up router preferences
        design wns: 0.0007
        slack threshold: 4.5107
GigaOpt: 7 nets assigned router directives

Start Assign Priority Nets ...
TargetSlk(0.200ns) MaxAssign(3%) minLen(50um)
Existing Priority Nets 0 (0.0%)
Total Assign Priority Nets 72 (3.0%)
** Profile ** Start :  cpu=0:00:00.0, mem=6060.3M
** Profile ** Other data :  cpu=0:00:00.0, mem=6060.3M
** Profile ** Overall slacks :  cpu=0:00:00.0, mem=6060.3M
** INFO: Initializing Glitch Interface
** Profile ** DRVs :  cpu=0:00:00.0, mem=6068.3M

OptSummary:

------------------------------------------------------------------
        Pre-ecoRoute Summary
------------------------------------------------------------------

Setup views included:
 slow_0p9v_125c_cmax_func slow_0p9v_125c_cmax_scan_shift 

+--------------------+---------+---------+---------+---------+---------+---------+
|     Setup mode     |   all   | reg2reg | in2reg  | reg2out | in2out  | default |
+--------------------+---------+---------+---------+---------+---------+---------+
|           WNS (ns):|  0.001  |  9.033  |  1.045  |  0.001  |   N/A   |  0.127  |
|           TNS (ns):|  0.000  |  0.000  |  0.000  |  0.000  |   N/A   |  0.000  |
|    Violating Paths:|    0    |    0    |    0    |    0    |   N/A   |    0    |
|          All Paths:|   258   |   63    |   129   |   64    |   N/A   |    2    |
+--------------------+---------+---------+---------+---------+---------+---------+

+----------------+-------------------------------+------------------+
|                |              Real             |       Total      |
|    DRVs        +------------------+------------+------------------|
|                |  Nr nets(terms)  | Worst Vio  |  Nr nets(terms)  |
+----------------+------------------+------------+------------------+
|   max_cap      |      0 (0)       |   0.000    |     65 (65)      |
|   max_tran     |      0 (0)       |   0.000    |      0 (0)       |
|   max_fanout   |      0 (0)       |     0      |      0 (0)       |
|   max_length   |      0 (0)       |     0      |      0 (0)       |
+----------------+------------------+------------+------------------+

Density: 62.462%
------------------------------------------------------------------
** Profile ** Report data :  cpu=0:00:00.0, mem=6068.3M
**opt_design ... cpu = 0:00:23, real = 0:00:39, mem = 3832.6M, totSessionCpu=0:00:55 **
**INFO: flowCheckPoint #5 GlobalDetailRoute
** INFO Cleaning up Glitch Interface
**Info: (IMPSP-2055): Transparent Filler Flow is ON !


Total 766 restored filler insts, overlapped: 23, violated: 1,  24 are deleted!

TransFiller Info: Number of restored fillers: 766
                  Number of being kept:       742
                  Keeping Rate:               96.867%
*INFO: Adding fillers to top-module.
*INFO:   Added 1 filler inst  (cell FILL32 / prefix FILLER_pd_aon).
*INFO:   Added 4 filler insts (cell FILL16 / prefix FILLER_pd_aon).
*INFO:   Added 2 filler insts (cell DECAP10 / prefix FILLER_pd_aon).
*INFO:   Added 1 filler inst  (cell DECAP8 / prefix FILLER_pd_aon).
*INFO:   Added 1 filler inst  (cell DECAP7 / prefix FILLER_pd_aon).
*INFO:   Added 1 filler inst  (cell DECAP5 / prefix FILLER_pd_aon).
*INFO:   Added 2 filler insts (cell DECAP4 / prefix FILLER_pd_aon).
*INFO:   Added 6 filler insts (cell FILL4 / prefix FILLER_pd_aon).
*INFO:   Added 4 filler insts (cell DECAP3 / prefix FILLER_pd_aon).
*INFO:   Added 2 filler insts (cell DECAP2 / prefix FILLER_pd_aon).
*INFO:   Added 6 filler insts (cell FILL2 / prefix FILLER_pd_aon).
*INFO:   Added 463 filler insts (cell FILL1 / prefix FILLER_pd_aon).
*INFO: Total 493 filler insts added - prefix FILLER_pd_aon (CPU: 0:00:00.3).
For 493 new insts, Finished add_fillers (CPU: 0:00:00.3 REAL: 0:00:01.0 MEM: 6060.1MB)
-route_with_eco false                     # bool, default=false
-route_selected_net_only false            # bool, default=false
-route_with_timing_driven true            # bool, default=false, user setting
-route_with_si_driven false               # bool, default=false
Existing Dirty Nets : 0
New Signature Flow (saveAndSetNanoRouteOptions) ....
Reset Dirty Nets : 0
*** EcoRoute #1 [begin] (opt_design #1) : totSession cpu/real = 0:00:55.3/0:01:22.8 (0.7), mem = 6060.1M

route_global_detail

#Start route_global_detail on Fri Nov 14 15:07:02 2025
#
#NanoRoute Version 23.15-s106_1 NR250707-2219/23_15-UB
#Skip comparing routing design signature in db-snapshot flow
#Total number of trivial nets (e.g. < 2 pins) = 4 (skipped).
#Total number of routable nets = 2434.
#Total number of nets in the design = 2438.
#50 routable nets do not have any wires.
#2384 routable nets have routed wires.
#50 nets will be global routed.
#12 detail routed (routable) nets have been constrained (e.g. have preferred extra spacing, require shielding etc.)
#Using multithreading with 8 threads.
#Start routing data preparation on Fri Nov 14 15:07:02 2025
#
#Rebuild pin access data for design.
#WARNING (NRDB-1028) Some option affecting pin access calculation is set by the user. Pin access is to be recalculated. This incurs runtime.
#Initial pin access analysis.
#Detail pin access analysis.
#Done pin access analysis.
# Metal1       H   Track-Pitch = 0.19000    Line-2-Via Pitch = 0.13000
# Metal2       V   Track-Pitch = 0.20000    Line-2-Via Pitch = 0.15000
# Metal3       H   Track-Pitch = 0.19000    Line-2-Via Pitch = 0.15000
# Metal4       V   Track-Pitch = 0.20000    Line-2-Via Pitch = 0.15000
# Metal5       H   Track-Pitch = 0.19000    Line-2-Via Pitch = 0.15000
# Metal6       V   Track-Pitch = 0.20000    Line-2-Via Pitch = 0.15000
# Metal7       H   Track-Pitch = 0.19000    Line-2-Via Pitch = 0.15000
# Metal8       V   Track-Pitch = 0.20000    Line-2-Via Pitch = 0.15000
# Metal9       H   Track-Pitch = 0.19000    Line-2-Via Pitch = 0.15000
# Metal10      V   Track-Pitch = 0.50000    Line-2-Via Pitch = 0.42000
# Metal11      H   Track-Pitch = 0.47500    Line-2-Via Pitch = 0.43000
#Bottom routing layer index=2(Metal2), bottom routing layer for shielding=2(Metal2), bottom shield layer=2(Metal2) top shield layer=11(Metal11)
#shield_bottom_stripe_layer=1(Metal1), shield_top_stripe_layer=11(Metal11)
#pin_access_rlayer=2(Metal2) num_routing_layer=11 top_routing_layer=11 top_ripin_layer=11
#shield_top_dpt_rlayer=-1 top_rlayer=11 top_trim_metal_rlayer=-1 rlayer_lowest=1 bottom_rlayer=2
#enable_trim_layer_shield=F enable_dpt_layer_shield=F has_line_end_grid=F
#Processed 105/0 dirty instances, 0/0 dirty terms, 0/0 dirty fterms, 0/0 dirty pgterms, 0/0 misc dirty regions(61 insts marked dirty, reset pre-exisiting dirty flag on 25 insts, 0 nets marked need extraction)
#cpu time = 00:00:00, elapsed time = 00:00:00, memory = 3838.96 (MB), peak = 4289.22 (MB)
#Regenerating Ggrids automatically.
#Auto generating G-grids with size=15 tracks, using layer Metal3's pitch = 0.19000.
#Using automatically generated G-grids.
#Done routing data preparation.
#cpu time = 00:00:03, elapsed time = 00:00:02, memory = 3928.80 (MB), peak = 4289.22 (MB)
#Found 0 nets for post-route si or timing fixing.
#
#Finished routing data preparation on Fri Nov 14 15:07:04 2025
#
#Cpu time = 00:00:03
#Elapsed time = 00:00:02
#Increased memory = 99.50 (MB)
#Total memory = 3928.80 (MB)
#Peak memory = 4289.22 (MB)
#
#
#Start global routing on Fri Nov 14 15:07:04 2025
#
#
#Start global routing initialization on Fri Nov 14 15:07:04 2025
#
#Number of eco nets is 50
#
#Start global routing data preparation on Fri Nov 14 15:07:04 2025
#
#Start routing resource analysis on Fri Nov 14 15:07:04 2025
#
#Routing resource analysis is done on Fri Nov 14 15:07:04 2025
#
#  Resource Analysis:
#
#               Routing  #Avail      #Track     #Total     %Gcell
#  Layer      Direction   Track     Blocked      Gcell    Blocked
#  --------------------------------------------------------------
#  Metal2         V         243         262        1260     0.00%
#  Metal3         H         307         233        1260     0.00%
#  Metal4         V         368         137        1260     0.00%
#  Metal5         H         447          93        1260     0.00%
#  Metal6         V         432          73        1260     0.00%
#  Metal7         H         479          61        1260     0.00%
#  Metal8         V         444          61        1260     0.00%
#  Metal9         H         478          62        1260     0.00%
#  Metal10        V          12         189        1260    63.57%
#  Metal11        H          25         190        1260    55.71%
#  --------------------------------------------------------------
#  Total                   3237      37.03%       12600    11.93%
#
#  12 nets (0.49%) with 1 preferred extra spacing.
#
#
#
#Global routing data preparation is done on Fri Nov 14 15:07:04 2025
#
#cpu time = 00:00:00, elapsed time = 00:00:00, memory = 3930.64 (MB), peak = 4289.22 (MB)
#
#
#Global routing initialization is done on Fri Nov 14 15:07:04 2025
#
#cpu time = 00:00:00, elapsed time = 00:00:00, memory = 3930.64 (MB), peak = 4289.22 (MB)
#
#start global routing iteration 1...
#cpu time = 00:00:00, elapsed time = 00:00:00, memory = 3931.73 (MB), peak = 4289.22 (MB)
#
#start global routing iteration 2...
#cpu time = 00:00:00, elapsed time = 00:00:00, memory = 3931.73 (MB), peak = 4289.22 (MB)
#
#
#Total number of trivial nets (e.g. < 2 pins) = 4 (skipped).
#Total number of routable nets = 2434.
#Total number of nets in the design = 2438.
#
#2434 routable nets have routed wires.
#12 detail routed (routable) nets have been constrained (e.g. have preferred extra spacing, require shielding etc.)
#
#Routed nets constraints summary:
#-------------------------------------
#                Rules   Unconstrained  
#-------------------------------------
#              Default              50  
#   ndr_cts_2w25s_leaf               0  
#  ndr_cts_2w25s_trunk               0  
#-------------------------------------
#                Total              50  
#-------------------------------------
#
#Routing constraints summary of the whole design:
#--------------------------------------------------------------------
#                Rules   Pref Extra Space   Shielding   Unconstrained  
#--------------------------------------------------------------------
#              Default                  7           0            2422  
#   ndr_cts_2w25s_leaf                  0           3               0  
#  ndr_cts_2w25s_trunk                  0           2               0  
#--------------------------------------------------------------------
#                Total                  7           5            2422  
#--------------------------------------------------------------------
#
#
#  Congestion Analysis: (blocked Gcells are excluded)
#
#                 OverCon          
#                  #Gcell    %Gcell
#     Layer           (1)   OverCon
#  --------------------------------
#  Metal2        2(0.16%)   (0.16%)
#  Metal3        0(0.00%)   (0.00%)
#  Metal4        0(0.00%)   (0.00%)
#  Metal5        0(0.00%)   (0.00%)
#  Metal6        0(0.00%)   (0.00%)
#  Metal7        0(0.00%)   (0.00%)
#  Metal8        0(0.00%)   (0.00%)
#  Metal9        0(0.00%)   (0.00%)
#  Metal10       0(0.00%)   (0.00%)
#  Metal11       0(0.00%)   (0.00%)
#  --------------------------------
#     Total      2(0.02%)   (0.02%)
#
#  The worst congested Gcell overcon (routing demand over resource in number of tracks) = 1
#  Overflow after GR: 0.00% H + 0.02% V
#
#Complete Global Routing.
#Total number of nets with non-default rule or having extra spacing = 12
#
#  Routing Statistics
#
#----------------+-----------+------+---------------------+---------------------+
#  Layer         | Length(um)|  Vias|           Single-cut|            Multi-cut|
#----------------+-----------+------+---------------------+---------------------+
#  Poly ( 0H)    |          0|     0|          0  (  0.0%)|          0  (  0.0%)|
#  Metal1 ( 1H)  |          0|  6808|       5795  ( 85.1%)|       1013  ( 14.9%)|
#  Metal2 ( 2V)  |       6909|  4960|       2562  ( 51.7%)|       2398  ( 48.3%)|
#  Metal3 ( 3H)  |       7433|  1886|       1025  ( 54.3%)|        861  ( 45.7%)|
#  Metal4 ( 4V)  |       6574|   674|        375  ( 55.6%)|        299  ( 44.4%)|
#  Metal5 ( 5H)  |       3846|   167|         85  ( 50.9%)|         82  ( 49.1%)|
#  Metal6 ( 6V)  |        941|     4|          0  (  0.0%)|          4  (100.0%)|
#  Metal7 ( 7H)  |          4|     4|          0  (  0.0%)|          4  (100.0%)|
#  Metal8 ( 8V)  |         35|     0|          0  (  0.0%)|          0  (  0.0%)|
#  Metal9 ( 9H)  |          0|     0|          0  (  0.0%)|          0  (  0.0%)|
#  Metal10 (10V) |          0|     0|          0  (  0.0%)|          0  (  0.0%)|
#  Metal11 (11H) |          0|     0|          0  (  0.0%)|          0  (  0.0%)|
#----------------+-----------+------+---------------------+---------------------+
#  Total         |      25743| 14503|       9842  ( 67.9%)|       4661  ( 32.1%)|
#----------------+-----------+------+---------------------+---------------------+
#
# Total half perimeter of net bounding box: 24563 um.
#Max overcon = 1 tracks.
#Total overcon = 0.02%.
#Worst layer Gcell overcon rate = 0.00%.
#
#Global routing statistics:
#Cpu time = 00:00:00
#Elapsed time = 00:00:00
#Increased memory = 3.18 (MB)
#Total memory = 3931.98 (MB)
#Peak memory = 4289.22 (MB)
#
#Finished global routing on Fri Nov 14 15:07:04 2025
#
#
#cpu time = 00:00:00, elapsed time = 00:00:00, memory = 3931.42 (MB), peak = 4289.22 (MB)
#Start Track Assignment.
#Done with 16 horizontal wires in 1 hboxes and 15 vertical wires in 1 hboxes.
#Done with 1 horizontal wires in 1 hboxes and 1 vertical wires in 1 hboxes.
#Complete Track Assignment.
#Total number of nets with non-default rule or having extra spacing = 12
#
#  Routing Statistics
#
#----------------+-----------+------+---------------------+---------------------+
#  Layer         | Length(um)|  Vias|           Single-cut|            Multi-cut|
#----------------+-----------+------+---------------------+---------------------+
#  Poly ( 0H)    |          0|     0|          0  (  0.0%)|          0  (  0.0%)|
#  Metal1 ( 1H)  |          0|  6808|       5795  ( 85.1%)|       1013  ( 14.9%)|
#  Metal2 ( 2V)  |       6913|  4960|       2562  ( 51.7%)|       2398  ( 48.3%)|
#  Metal3 ( 3H)  |       7435|  1886|       1025  ( 54.3%)|        861  ( 45.7%)|
#  Metal4 ( 4V)  |       6573|   674|        375  ( 55.6%)|        299  ( 44.4%)|
#  Metal5 ( 5H)  |       3846|   167|         85  ( 50.9%)|         82  ( 49.1%)|
#  Metal6 ( 6V)  |        941|     4|          0  (  0.0%)|          4  (100.0%)|
#  Metal7 ( 7H)  |          4|     4|          0  (  0.0%)|          4  (100.0%)|
#  Metal8 ( 8V)  |         35|     0|          0  (  0.0%)|          0  (  0.0%)|
#  Metal9 ( 9H)  |          0|     0|          0  (  0.0%)|          0  (  0.0%)|
#  Metal10 (10V) |          0|     0|          0  (  0.0%)|          0  (  0.0%)|
#  Metal11 (11H) |          0|     0|          0  (  0.0%)|          0  (  0.0%)|
#----------------+-----------+------+---------------------+---------------------+
#  Total         |      25748| 14503|       9842  ( 67.9%)|       4661  ( 32.1%)|
#----------------+-----------+------+---------------------+---------------------+
#
# Total half perimeter of net bounding box: 24563 um.
#cpu time = 00:00:00, elapsed time = 00:00:00, memory = 3930.84 (MB), peak = 4289.22 (MB)
#
#number of short segments in preferred routing layers
#	
#	
#
#Routing data preparation, pin analysis, global routing and track assignment statistics:
#Cpu time = 00:00:03
#Elapsed time = 00:00:02
#Increased memory = 101.54 (MB)
#Total memory = 3930.84 (MB)
#Peak memory = 4289.22 (MB)
#Using multithreading with 8 threads.
#
#Start Detail Routing..
#
#Start litho driven routing to prevent litho hotspot patterns.
#start initial detail routing ...
# ECO: 13.89% of the total area was rechecked for DRC, and 44.44% required routing.
#   number of violations = 494
#
#  By Layer and Type:
#
#---------+-------+-------+------+------+-------+
#  -      | MetSpc| EOLSpc| Short| ViaIP| Totals|
#---------+-------+-------+------+------+-------+
#  Metal1 |    100|      1|     0|   390|    491|
#  Metal2 |      0|      0|     3|     0|      3|
#  Totals |    100|      1|     3|   390|    494|
#---------+-------+-------+------+------+-------+
#
#61 out of 3249 instances (1.9%) need to be verified(marked ipoed), dirty area = 1.6%.
#0.00% of the total area is being checked for drcs
#0.0% of the total area was checked
#   number of violations = 494
#
#  By Layer and Type:
#
#---------+-------+-------+------+------+-------+
#  -      | MetSpc| EOLSpc| Short| ViaIP| Totals|
#---------+-------+-------+------+------+-------+
#  Metal1 |    100|      1|     0|   390|    491|
#  Metal2 |      0|      0|     3|     0|      3|
#  Totals |    100|      1|     3|   390|    494|
#---------+-------+-------+------+------+-------+
#
#cpu time = 00:00:01, elapsed time = 00:00:00, memory = 3947.38 (MB), peak = 4289.22 (MB)
#start 1st optimization iteration ...
#   number of violations = 617
#
#  By Layer and Type:
#
#---------+-------+-------+------+-------+
#  -      | MetSpc| EOLSpc| ViaIP| Totals|
#---------+-------+-------+------+-------+
#  Metal1 |    221|     15|   381|    617|
#  Totals |    221|     15|   381|    617|
#---------+-------+-------+------+-------+
#
#cpu time = 00:00:09, elapsed time = 00:00:03, memory = 3974.74 (MB), peak = 4344.61 (MB)
#start 2nd optimization iteration ...
#   number of violations = 657
#
#  By Layer and Type:
#
#---------+-------+-------+-----+------+-------+
#  -      | MetSpc| EOLSpc| Loop| ViaIP| Totals|
#---------+-------+-------+-----+------+-------+
#  Metal1 |    258|     14|    0|   384|    656|
#  Metal2 |      0|      0|    1|     0|      1|
#  Totals |    258|     14|    1|   384|    657|
#---------+-------+-------+-----+------+-------+
#
#cpu time = 00:00:10, elapsed time = 00:00:02, memory = 3985.89 (MB), peak = 4532.85 (MB)
#start 3rd optimization iteration ...
#   number of violations = 622
#
#  By Layer and Type:
#
#---------+-------+-------+-----+------+-------+
#  -      | MetSpc| EOLSpc| Loop| ViaIP| Totals|
#---------+-------+-------+-----+------+-------+
#  Metal1 |    225|     12|    0|   383|    620|
#  Metal2 |      1|      0|    1|     0|      2|
#  Totals |    226|     12|    1|   383|    622|
#---------+-------+-------+-----+------+-------+
#
#cpu time = 00:00:09, elapsed time = 00:00:02, memory = 3991.70 (MB), peak = 4535.85 (MB)
#start 4th optimization iteration ...
#   number of violations = 619
#
#  By Layer and Type:
#
#---------+-------+-------+------+-------+
#  -      | MetSpc| EOLSpc| ViaIP| Totals|
#---------+-------+-------+------+-------+
#  Metal1 |    222|      4|   392|    618|
#  Metal2 |      1|      0|     0|      1|
#  Totals |    223|      4|   392|    619|
#---------+-------+-------+------+-------+
#
#cpu time = 00:00:12, elapsed time = 00:00:03, memory = 3994.00 (MB), peak = 4535.85 (MB)
#start 5th optimization iteration ...
#   number of violations = 596
#
#  By Layer and Type:
#
#---------+-------+-------+------+-------+
#  -      | MetSpc| EOLSpc| ViaIP| Totals|
#---------+-------+-------+------+-------+
#  Metal1 |    203|      5|   385|    593|
#  Metal2 |      2|      1|     0|      3|
#  Totals |    205|      6|   385|    596|
#---------+-------+-------+------+-------+
#
#cpu time = 00:00:13, elapsed time = 00:00:03, memory = 3998.79 (MB), peak = 4535.85 (MB)
#start 6th optimization iteration ...
#   number of violations = 476
#
#  By Layer and Type:
#
#---------+-------+-------+-----+------+-------+
#  -      | MetSpc| EOLSpc| Loop| ViaIP| Totals|
#---------+-------+-------+-----+------+-------+
#  Metal1 |     89|      2|    0|   383|    474|
#  Metal2 |      0|      0|    2|     0|      2|
#  Totals |     89|      2|    2|   383|    476|
#---------+-------+-------+-----+------+-------+
#
#cpu time = 00:00:14, elapsed time = 00:00:05, memory = 4048.62 (MB), peak = 4690.37 (MB)
#start 7th optimization iteration ...
#   number of violations = 475
#
#  By Layer and Type:
#
#---------+-------+-------+-----+------+-------+
#  -      | MetSpc| EOLSpc| Loop| ViaIP| Totals|
#---------+-------+-------+-----+------+-------+
#  Metal1 |     87|      1|    0|   385|    473|
#  Metal2 |      0|      0|    2|     0|      2|
#  Totals |     87|      1|    2|   385|    475|
#---------+-------+-------+-----+------+-------+
#
#cpu time = 00:00:19, elapsed time = 00:00:08, memory = 4077.04 (MB), peak = 4873.66 (MB)
#start 8th optimization iteration ...
#   number of violations = 476
#
#  By Layer and Type:
#
#---------+-------+-------+------+-------+
#  -      | MetSpc| EOLSpc| ViaIP| Totals|
#---------+-------+-------+------+-------+
#  Metal1 |     91|      1|   384|    476|
#  Totals |     91|      1|   384|    476|
#---------+-------+-------+------+-------+
#
#cpu time = 00:00:22, elapsed time = 00:00:09, memory = 4107.54 (MB), peak = 5071.17 (MB)
#start 9th optimization iteration ...
#   number of violations = 505
#
#  By Layer and Type:
#
#---------+-------+-------+------+-------+
#  -      | MetSpc| EOLSpc| ViaIP| Totals|
#---------+-------+-------+------+-------+
#  Metal1 |    118|      4|   382|    504|
#  Metal2 |      1|      0|     0|      1|
#  Totals |    119|      4|   382|    505|
#---------+-------+-------+------+-------+
#
#cpu time = 00:00:31, elapsed time = 00:00:17, memory = 4172.61 (MB), peak = 5175.30 (MB)
#start 10th optimization iteration ...
#   number of violations = 472
#
#  By Layer and Type:
#
#---------+-------+-------+------+-------+
#  -      | MetSpc| EOLSpc| ViaIP| Totals|
#---------+-------+-------+------+-------+
#  Metal1 |     86|      1|   385|    472|
#  Totals |     86|      1|   385|    472|
#---------+-------+-------+------+-------+
#
#cpu time = 00:00:12, elapsed time = 00:00:04, memory = 4145.99 (MB), peak = 5175.30 (MB)
#start 11th optimization iteration ...
#   number of violations = 468
#
#  By Layer and Type:
#
#---------+-------+------+-------+
#  -      | MetSpc| ViaIP| Totals|
#---------+-------+------+-------+
#  Metal1 |     84|   384|    468|
#  Totals |     84|   384|    468|
#---------+-------+------+-------+
#
#cpu time = 00:00:13, elapsed time = 00:00:04, memory = 4123.84 (MB), peak = 5175.30 (MB)
#start 12th optimization iteration ...
#   number of violations = 480
#
#  By Layer and Type:
#
#---------+-------+------+-------+
#  -      | MetSpc| ViaIP| Totals|
#---------+-------+------+-------+
#  Metal1 |     99|   381|    480|
#  Totals |     99|   381|    480|
#---------+-------+------+-------+
#
#cpu time = 00:00:14, elapsed time = 00:00:05, memory = 4109.91 (MB), peak = 5175.30 (MB)
#start 13th optimization iteration ...
#   number of violations = 514
#
#  By Layer and Type:
#
#---------+-------+------+-------+
#  -      | MetSpc| ViaIP| Totals|
#---------+-------+------+-------+
#  Metal1 |    132|   382|    514|
#  Totals |    132|   382|    514|
#---------+-------+------+-------+
#
#cpu time = 00:00:19, elapsed time = 00:00:08, memory = 4107.89 (MB), peak = 5175.30 (MB)
#start 14th optimization iteration ...
#   number of violations = 488
#
#  By Layer and Type:
#
#---------+-------+------+-------+
#  -      | MetSpc| ViaIP| Totals|
#---------+-------+------+-------+
#  Metal1 |    103|   385|    488|
#  Totals |    103|   385|    488|
#---------+-------+------+-------+
#
#cpu time = 00:00:23, elapsed time = 00:00:09, memory = 4115.74 (MB), peak = 5191.14 (MB)
#start 15th optimization iteration ...
#   number of violations = 524
#
#  By Layer and Type:
#
#---------+-------+-------+-----+------+-------+
#  -      | MetSpc| EOLSpc| Loop| ViaIP| Totals|
#---------+-------+-------+-----+------+-------+
#  Metal1 |    130|      2|    0|   389|    521|
#  Metal2 |      0|      0|    3|     0|      3|
#  Totals |    130|      2|    3|   389|    524|
#---------+-------+-------+-----+------+-------+
#
#cpu time = 00:00:30, elapsed time = 00:00:14, memory = 4150.40 (MB), peak = 5256.09 (MB)
#start 16th optimization iteration ...
#   number of violations = 477
#
#  By Layer and Type:
#
#---------+-------+-------+------+-------+
#  -      | MetSpc| EOLSpc| ViaIP| Totals|
#---------+-------+-------+------+-------+
#  Metal1 |     92|      1|   384|    477|
#  Totals |     92|      1|   384|    477|
#---------+-------+-------+------+-------+
#
#cpu time = 00:00:11, elapsed time = 00:00:04, memory = 4139.08 (MB), peak = 5256.09 (MB)
#start 17th optimization iteration ...
#   number of violations = 516
#
#  By Layer and Type:
#
#---------+-------+-----+------+-------+
#  -      | MetSpc| Loop| ViaIP| Totals|
#---------+-------+-----+------+-------+
#  Metal1 |    127|    0|   387|    514|
#  Metal2 |      0|    2|     0|      2|
#  Totals |    127|    2|   387|    516|
#---------+-------+-----+------+-------+
#
#cpu time = 00:00:12, elapsed time = 00:00:06, memory = 4114.92 (MB), peak = 5258.42 (MB)
#start 18th optimization iteration ...
#   number of violations = 499
#
#  By Layer and Type:
#
#---------+-------+------+-------+
#  -      | MetSpc| ViaIP| Totals|
#---------+-------+------+-------+
#  Metal1 |    114|   385|    499|
#  Totals |    114|   385|    499|
#---------+-------+------+-------+
#
#cpu time = 00:00:15, elapsed time = 00:00:04, memory = 4105.56 (MB), peak = 5258.42 (MB)
#start 19th optimization iteration ...
#   number of violations = 483
#
#  By Layer and Type:
#
#---------+-------+-----+------+-------+
#  -      | MetSpc| Loop| ViaIP| Totals|
#---------+-------+-----+------+-------+
#  Metal1 |     99|    0|   383|    482|
#  Metal2 |      0|    1|     0|      1|
#  Totals |     99|    1|   383|    483|
#---------+-------+-----+------+-------+
#
#cpu time = 00:00:20, elapsed time = 00:00:08, memory = 4102.87 (MB), peak = 5258.42 (MB)
#start 20th optimization iteration ...
#   number of violations = 500
#
#  By Layer and Type:
#
#---------+-------+------+-------+
#  -      | MetSpc| ViaIP| Totals|
#---------+-------+------+-------+
#  Metal1 |    115|   385|    500|
#  Totals |    115|   385|    500|
#---------+-------+------+-------+
#
#cpu time = 00:00:25, elapsed time = 00:00:10, memory = 4125.58 (MB), peak = 5258.42 (MB)
#start 21th optimization iteration ...
#   number of violations = 516
#
#  By Layer and Type:
#
#---------+-------+------+-------+
#  -      | MetSpc| ViaIP| Totals|
#---------+-------+------+-------+
#  Metal1 |    129|   387|    516|
#  Totals |    129|   387|    516|
#---------+-------+------+-------+
#
#cpu time = 00:00:38, elapsed time = 00:00:20, memory = 4196.43 (MB), peak = 5808.71 (MB)
#start 22th optimization iteration ...
#   number of violations = 493
#
#  By Layer and Type:
#
#---------+-------+------+-------+
#  -      | MetSpc| ViaIP| Totals|
#---------+-------+------+-------+
#  Metal1 |    107|   386|    493|
#  Totals |    107|   386|    493|
#---------+-------+------+-------+
#
#cpu time = 00:00:11, elapsed time = 00:00:04, memory = 4158.84 (MB), peak = 5808.71 (MB)
#start 23th optimization iteration ...
#   number of violations = 459
#
#  By Layer and Type:
#
#---------+-------+------+-------+
#  -      | MetSpc| ViaIP| Totals|
#---------+-------+------+-------+
#  Metal1 |     77|   382|    459|
#  Totals |     77|   382|    459|
#---------+-------+------+-------+
#
#cpu time = 00:00:16, elapsed time = 00:00:06, memory = 4124.79 (MB), peak = 5808.71 (MB)
#start 24th optimization iteration ...
#   number of violations = 473
#
#  By Layer and Type:
#
#---------+-------+------+-------+
#  -      | MetSpc| ViaIP| Totals|
#---------+-------+------+-------+
#  Metal1 |     87|   386|    473|
#  Totals |     87|   386|    473|
#---------+-------+------+-------+
#
#cpu time = 00:00:15, elapsed time = 00:00:05, memory = 4111.94 (MB), peak = 5808.71 (MB)
#start 25th optimization iteration ...
#   number of violations = 493
#
#  By Layer and Type:
#
#---------+-------+------+-------+
#  -      | MetSpc| ViaIP| Totals|
#---------+-------+------+-------+
#  Metal1 |    109|   384|    493|
#  Totals |    109|   384|    493|
#---------+-------+------+-------+
#
#cpu time = 00:00:19, elapsed time = 00:00:06, memory = 4110.39 (MB), peak = 5808.71 (MB)
#start 26th optimization iteration ...
#   number of violations = 527
#
#  By Layer and Type:
#
#---------+-------+------+-------+
#  -      | MetSpc| ViaIP| Totals|
#---------+-------+------+-------+
#  Metal1 |    142|   385|    527|
#  Totals |    142|   385|    527|
#---------+-------+------+-------+
#
#cpu time = 00:00:29, elapsed time = 00:00:11, memory = 4122.27 (MB), peak = 5808.71 (MB)
#start 27th optimization iteration ...
#   number of violations = 523
#
#  By Layer and Type:
#
#---------+-------+------+-------+
#  -      | MetSpc| ViaIP| Totals|
#---------+-------+------+-------+
#  Metal1 |    140|   383|    523|
#  Totals |    140|   383|    523|
#---------+-------+------+-------+
#
#cpu time = 00:00:41, elapsed time = 00:00:18, memory = 4171.84 (MB), peak = 5808.71 (MB)
#start 28th optimization iteration ...
#   number of violations = 469
#
#  By Layer and Type:
#
#---------+-------+------+-------+
#  -      | MetSpc| ViaIP| Totals|
#---------+-------+------+-------+
#  Metal1 |     83|   386|    469|
#  Totals |     83|   386|    469|
#---------+-------+------+-------+
#
#cpu time = 00:00:16, elapsed time = 00:00:05, memory = 4150.89 (MB), peak = 5808.71 (MB)
#start 29th optimization iteration ...
#   number of violations = 479
#
#  By Layer and Type:
#
#---------+-------+------+-------+
#  -      | MetSpc| ViaIP| Totals|
#---------+-------+------+-------+
#  Metal1 |     91|   388|    479|
#  Totals |     91|   388|    479|
#---------+-------+------+-------+
#
#cpu time = 00:00:16, elapsed time = 00:00:06, memory = 4124.01 (MB), peak = 5808.71 (MB)
#start 30th optimization iteration ...
#   number of violations = 474
#
#  By Layer and Type:
#
#---------+-------+-----+------+-------+
#  -      | MetSpc| Loop| ViaIP| Totals|
#---------+-------+-----+------+-------+
#  Metal1 |     91|    0|   382|    473|
#  Metal2 |      0|    1|     0|      1|
#  Totals |     91|    1|   382|    474|
#---------+-------+-----+------+-------+
#
#cpu time = 00:00:17, elapsed time = 00:00:05, memory = 4108.14 (MB), peak = 5808.71 (MB)
#start 31th optimization iteration ...
#   number of violations = 450
#
#  By Layer and Type:
#
#---------+-------+-----+------+-------+
#  -      | MetSpc| Loop| ViaIP| Totals|
#---------+-------+-----+------+-------+
#  Metal1 |     64|    0|   385|    449|
#  Metal2 |      0|    1|     0|      1|
#  Totals |     64|    1|   385|    450|
#---------+-------+-----+------+-------+
#
#cpu time = 00:00:21, elapsed time = 00:00:08, memory = 4109.40 (MB), peak = 5808.71 (MB)
#start 32th optimization iteration ...
#   number of violations = 509
#
#  By Layer and Type:
#
#---------+-------+-------+-----+------+-------+
#  -      | MetSpc| EOLSpc| Loop| ViaIP| Totals|
#---------+-------+-------+-----+------+-------+
#  Metal1 |    121|      1|    0|   384|    506|
#  Metal2 |      0|      0|    3|     0|      3|
#  Totals |    121|      1|    3|   384|    509|
#---------+-------+-------+-----+------+-------+
#
#cpu time = 00:00:29, elapsed time = 00:00:11, memory = 4153.76 (MB), peak = 5808.71 (MB)
#start 33th optimization iteration ...
#   number of violations = 531
#
#  By Layer and Type:
#
#---------+-------+-------+------+-------+
#  -      | MetSpc| EOLSpc| ViaIP| Totals|
#---------+-------+-------+------+-------+
#  Metal1 |    145|      1|   385|    531|
#  Totals |    145|      1|   385|    531|
#---------+-------+-------+------+-------+
#
#cpu time = 00:00:41, elapsed time = 00:00:20, memory = 4174.04 (MB), peak = 5808.71 (MB)
#start 34th optimization iteration ...
#   number of violations = 485
#
#  By Layer and Type:
#
#---------+-------+------+-------+
#  -      | MetSpc| ViaIP| Totals|
#---------+-------+------+-------+
#  Metal1 |    102|   383|    485|
#  Totals |    102|   383|    485|
#---------+-------+------+-------+
#
#cpu time = 00:00:18, elapsed time = 00:00:06, memory = 4151.30 (MB), peak = 5808.71 (MB)
#start 35th optimization iteration ...
#   number of violations = 485
#
#  By Layer and Type:
#
#---------+-------+-----+------+-------+
#  -      | MetSpc| Loop| ViaIP| Totals|
#---------+-------+-----+------+-------+
#  Metal1 |     98|    0|   383|    481|
#  Metal2 |      0|    4|     0|      4|
#  Totals |     98|    4|   383|    485|
#---------+-------+-----+------+-------+
#
#cpu time = 00:00:17, elapsed time = 00:00:05, memory = 4117.51 (MB), peak = 5808.71 (MB)
#start 36th optimization iteration ...
#   number of violations = 501
#
#  By Layer and Type:
#
#---------+-------+------+-------+
#  -      | MetSpc| ViaIP| Totals|
#---------+-------+------+-------+
#  Metal1 |    118|   383|    501|
#  Totals |    118|   383|    501|
#---------+-------+------+-------+
#
#cpu time = 00:00:18, elapsed time = 00:00:05, memory = 4105.18 (MB), peak = 5808.71 (MB)
#start 37th optimization iteration ...
#   number of violations = 488
#
#  By Layer and Type:
#
#---------+-------+------+-------+
#  -      | MetSpc| ViaIP| Totals|
#---------+-------+------+-------+
#  Metal1 |    104|   384|    488|
#  Totals |    104|   384|    488|
#---------+-------+------+-------+
#
#cpu time = 00:00:43, elapsed time = 00:00:12, memory = 4102.91 (MB), peak = 5808.71 (MB)
#start 38th optimization iteration ...
#   number of violations = 500
#
#  By Layer and Type:
#
#---------+-------+-----+------+-------+
#  -      | MetSpc| Loop| ViaIP| Totals|
#---------+-------+-----+------+-------+
#  Metal1 |    113|    0|   385|    498|
#  Metal2 |      1|    1|     0|      2|
#  Totals |    114|    1|   385|    500|
#---------+-------+-----+------+-------+
#
#cpu time = 00:00:26, elapsed time = 00:00:12, memory = 4131.74 (MB), peak = 5808.71 (MB)
#Complete Detail Routing.
#Total number of nets with non-default rule or having extra spacing = 12
#
#  Routing Statistics
#
#----------------+-----------+------+---------------------+---------------------+
#  Layer         | Length(um)|  Vias|           Single-cut|            Multi-cut|
#----------------+-----------+------+---------------------+---------------------+
#  Poly ( 0H)    |          0|     0|          0  (  0.0%)|          0  (  0.0%)|
#  Metal1 ( 1H)  |          0|  6817|       5797  ( 85.0%)|       1020  ( 15.0%)|
#  Metal2 ( 2V)  |       6913|  4942|       2533  ( 51.3%)|       2409  ( 48.7%)|
#  Metal3 ( 3H)  |       7412|  1908|       1037  ( 54.4%)|        871  ( 45.6%)|
#  Metal4 ( 4V)  |       6588|   667|        367  ( 55.0%)|        300  ( 45.0%)|
#  Metal5 ( 5H)  |       3840|   167|         86  ( 51.5%)|         81  ( 48.5%)|
#  Metal6 ( 6V)  |        939|     4|          0  (  0.0%)|          4  (100.0%)|
#  Metal7 ( 7H)  |          4|     4|          0  (  0.0%)|          4  (100.0%)|
#  Metal8 ( 8V)  |         35|     0|          0  (  0.0%)|          0  (  0.0%)|
#  Metal9 ( 9H)  |          0|     0|          0  (  0.0%)|          0  (  0.0%)|
#  Metal10 (10V) |          0|     0|          0  (  0.0%)|          0  (  0.0%)|
#  Metal11 (11H) |          0|     0|          0  (  0.0%)|          0  (  0.0%)|
#----------------+-----------+------+---------------------+---------------------+
#  Total         |      25733| 14509|       9820  ( 67.7%)|       4689  ( 32.3%)|
#----------------+-----------+------+---------------------+---------------------+
#
# Total half perimeter of net bounding box: 24563 um.
#Total number of DRC violations = 500
#Total number of process antenna violations = 0
#Total number of net violated process antenna rule = 0
#Cpu time = 00:12:45
#Elapsed time = 00:04:53
#Increased memory = 166.35 (MB)
#Total memory = 4097.19 (MB)
#Peak memory = 5808.71 (MB)
#
#start routing for process antenna violation fix ...
#
#  By Layer and Type:
#
#---------+-------+-----+------+-------+
#  -      | MetSpc| Loop| ViaIP| Totals|
#---------+-------+-----+------+-------+
#  Metal1 |    113|    0|   385|    498|
#  Metal2 |      1|    1|     0|      2|
#  Totals |    114|    1|   385|    500|
#---------+-------+-----+------+-------+
#
#cpu time = 00:00:00, elapsed time = 00:00:00, memory = 4097.12 (MB), peak = 5808.71 (MB)
#
#Total number of nets with non-default rule or having extra spacing = 12
#
#  Routing Statistics
#
#----------------+-----------+------+---------------------+---------------------+
#  Layer         | Length(um)|  Vias|           Single-cut|            Multi-cut|
#----------------+-----------+------+---------------------+---------------------+
#  Poly ( 0H)    |          0|     0|          0  (  0.0%)|          0  (  0.0%)|
#  Metal1 ( 1H)  |          0|  6817|       5797  ( 85.0%)|       1020  ( 15.0%)|
#  Metal2 ( 2V)  |       6913|  4942|       2533  ( 51.3%)|       2409  ( 48.7%)|
#  Metal3 ( 3H)  |       7412|  1908|       1037  ( 54.4%)|        871  ( 45.6%)|
#  Metal4 ( 4V)  |       6588|   667|        367  ( 55.0%)|        300  ( 45.0%)|
#  Metal5 ( 5H)  |       3840|   167|         86  ( 51.5%)|         81  ( 48.5%)|
#  Metal6 ( 6V)  |        939|     4|          0  (  0.0%)|          4  (100.0%)|
#  Metal7 ( 7H)  |          4|     4|          0  (  0.0%)|          4  (100.0%)|
#  Metal8 ( 8V)  |         35|     0|          0  (  0.0%)|          0  (  0.0%)|
#  Metal9 ( 9H)  |          0|     0|          0  (  0.0%)|          0  (  0.0%)|
#  Metal10 (10V) |          0|     0|          0  (  0.0%)|          0  (  0.0%)|
#  Metal11 (11H) |          0|     0|          0  (  0.0%)|          0  (  0.0%)|
#----------------+-----------+------+---------------------+---------------------+
#  Total         |      25733| 14509|       9820  ( 67.7%)|       4689  ( 32.3%)|
#----------------+-----------+------+---------------------+---------------------+
#
# Total half perimeter of net bounding box: 24563 um.
#Total number of DRC violations = 500
#Total number of process antenna violations = 0
#Total number of net violated process antenna rule = 0
#
#
#Total number of nets with non-default rule or having extra spacing = 12
#
#  Routing Statistics
#
#----------------+-----------+------+---------------------+---------------------+
#  Layer         | Length(um)|  Vias|           Single-cut|            Multi-cut|
#----------------+-----------+------+---------------------+---------------------+
#  Poly ( 0H)    |          0|     0|          0  (  0.0%)|          0  (  0.0%)|
#  Metal1 ( 1H)  |          0|  6817|       5797  ( 85.0%)|       1020  ( 15.0%)|
#  Metal2 ( 2V)  |       6913|  4942|       2533  ( 51.3%)|       2409  ( 48.7%)|
#  Metal3 ( 3H)  |       7412|  1908|       1037  ( 54.4%)|        871  ( 45.6%)|
#  Metal4 ( 4V)  |       6588|   667|        367  ( 55.0%)|        300  ( 45.0%)|
#  Metal5 ( 5H)  |       3840|   167|         86  ( 51.5%)|         81  ( 48.5%)|
#  Metal6 ( 6V)  |        939|     4|          0  (  0.0%)|          4  (100.0%)|
#  Metal7 ( 7H)  |          4|     4|          0  (  0.0%)|          4  (100.0%)|
#  Metal8 ( 8V)  |         35|     0|          0  (  0.0%)|          0  (  0.0%)|
#  Metal9 ( 9H)  |          0|     0|          0  (  0.0%)|          0  (  0.0%)|
#  Metal10 (10V) |          0|     0|          0  (  0.0%)|          0  (  0.0%)|
#  Metal11 (11H) |          0|     0|          0  (  0.0%)|          0  (  0.0%)|
#----------------+-----------+------+---------------------+---------------------+
#  Total         |      25733| 14509|       9820  ( 67.7%)|       4689  ( 32.3%)|
#----------------+-----------+------+---------------------+---------------------+
#
# Total half perimeter of net bounding box: 24563 um.
#Total number of DRC violations = 500
#Total number of process antenna violations = 0
#Total number of net violated process antenna rule = 0
#
#Bottom routing layer index=2(Metal2), bottom routing layer for shielding=2(Metal2), bottom shield layer=2(Metal2) top shield layer=11(Metal11)
#shield_bottom_stripe_layer=1(Metal1), shield_top_stripe_layer=11(Metal11)
#pin_access_rlayer=2(Metal2) num_routing_layer=11 top_routing_layer=11 top_ripin_layer=11
#shield_top_dpt_rlayer=-1 top_rlayer=11 top_trim_metal_rlayer=-1 rlayer_lowest=1 bottom_rlayer=2
#enable_trim_layer_shield=F enable_dpt_layer_shield=F has_line_end_grid=F
#Analyzing shielding information. 
#ECO shield region = 92.73% (per shield region), 78.33% (per design) 
#Total shield nets = 5, shielding-eco nets = 5, non-dirty nets = 0 no-shield-wire nets = 0 skip-routing nets = 0.
#  Total shield net = 5 (one-side = 0, hf = 0 ), 5 nets need to be shielded.
#  Bottom shield layer is layer 2.
#  Bottom routing layer for shield is layer 2.
#  Start shielding step 1
#  Finished shielding step 1: cpu time = 00:00:00, elapsed time = 00:00:00, memory = 4093.16 (MB), peak = 5808.71 (MB)
#  Start shielding step 2 
#    Inner loop #1
#    Inner loop #2
#    Inner loop #3
#  Finished shielding step 2:   cpu time = 00:00:00, elapsed time = 00:00:00, memory = 4089.30 (MB), peak = 5808.71 (MB)
#  Start shielding step 3
#    Start loop 1
#    Finished loop 1 cpu time = 00:00:00, elapsed time = 00:00:00, memory = 4088.04 (MB), peak = 5808.71 (MB)
#  Finished shielding step 3: cpu time = 00:00:00, elapsed time = 00:00:00, memory = 4088.04 (MB), peak = 5808.71 (MB)
#  Start shielding step 4
#    Inner loop #1
#  Finished shielding step 4:   cpu time = 00:00:00, elapsed time = 00:00:00, memory = 4086.74 (MB), peak = 5808.71 (MB)
#    cpu time = 00:00:00, elapsed time = 00:00:00, memory = 4082.07 (MB), peak = 5808.71 (MB)
#-------------------------------------------------------------------------------
#
#	Shielding Summary
#-------------------------------------------------------------------------------
#Primary shielding net(s): VSS 
#Opportunistic shielding net(s): VDD 
#
#Number of nets with shield attribute: 5
#Number of nets reported: 5
#Number of nets without shielding: 0
#Average ratio                   : 0.787
#
#Name   Average Length     Shield    Ratio
#Metal2:          28.9       39.4     0.682
#Metal3:          16.5       28.6     0.866
#Metal4:           0.2        0.4     0.833
#Metal5:           2.0        3.9     0.985
#Metal7:           0.8        0.9     0.552
#Metal8:           7.1       14.1     1.000
#-------------------------------------------------------------------------------
#Bottom shield layer (Metal2) and above: 
#Average (BotShieldLayer) ratio  : 0.787
#
#Name    Actual Length     Shield    Ratio
#Metal2:         144.5      197.0     0.682
#Metal3:          82.6      143.1     0.866
#Metal4:           1.1        1.9     0.833
#Metal5:           9.8       19.2     0.985
#Metal7:           4.2        4.6     0.552
#Metal8:          35.3       70.7     1.000
#-------------------------------------------------------------------------------
#Preferred routing layer range: Metal2 - Metal8
#Average (PrefLayerOnly) ratio   : 0.780
#
#Name    Actual Length     Shield    Ratio
#Metal2:         143.1      195.3     0.682
#Metal3:          82.6      143.1     0.866
#Metal7:           4.2        4.6     0.552
#Metal8:          35.3       70.7     1.000
#-------------------------------------------------------------------------------
#Done Shielding:    cpu time = 00:00:01, elapsed time = 00:00:01, memory = 4082.07 (MB), peak = 5808.71 (MB)
#Set shielded net as skip routing for Post Route optimization.
#
#Start Post Route via swapping...
#92.15% of area are rerouted by ECO routing.
#   number of violations = 504
#
#  By Layer and Type:
#
#---------+-------+-----+------+-------+
#  -      | MetSpc| Loop| ViaIP| Totals|
#---------+-------+-----+------+-------+
#  Metal1 |    111|    0|   391|    502|
#  Metal2 |      1|    1|     0|      2|
#  Totals |    112|    1|   391|    504|
#---------+-------+-----+------+-------+
#
#cpu time = 00:00:04, elapsed time = 00:00:01, memory = 4068.64 (MB), peak = 5808.71 (MB)
#CELL_VIEW matmul_sync,init has 504 DRC violations
#Total number of DRC violations = 504
#Total number of process antenna violations = 0
#Total number of net violated process antenna rule = 0
#Post Route via swapping is done.
#Bottom routing layer index=2(Metal2), bottom routing layer for shielding=2(Metal2), bottom shield layer=2(Metal2) top shield layer=11(Metal11)
#shield_bottom_stripe_layer=1(Metal1), shield_top_stripe_layer=11(Metal11)
#pin_access_rlayer=2(Metal2) num_routing_layer=11 top_routing_layer=11 top_ripin_layer=11
#shield_top_dpt_rlayer=-1 top_rlayer=11 top_trim_metal_rlayer=-1 rlayer_lowest=1 bottom_rlayer=2
#enable_trim_layer_shield=F enable_dpt_layer_shield=F has_line_end_grid=F
#-------------------------------------------------------------------------------
#
#	Shielding Summary
#-------------------------------------------------------------------------------
#Primary shielding net(s): VSS 
#Opportunistic shielding net(s): VDD 
#
#Number of nets with shield attribute: 5
#Number of nets reported: 5
#Number of nets without shielding: 0
#Average ratio                   : 0.787
#
#Name   Average Length     Shield    Ratio
#Metal2:          28.9       39.4     0.682
#Metal3:          16.5       28.6     0.866
#Metal4:           0.2        0.4     0.833
#Metal5:           2.0        3.9     0.985
#Metal7:           0.8        0.9     0.552
#Metal8:           7.1       14.1     1.000
#-------------------------------------------------------------------------------
#Bottom shield layer (Metal2) and above: 
#Average (BotShieldLayer) ratio  : 0.787
#
#Name    Actual Length     Shield    Ratio
#Metal2:         144.5      197.0     0.682
#Metal3:          82.6      143.1     0.866
#Metal4:           1.1        1.9     0.833
#Metal5:           9.8       19.2     0.985
#Metal7:           4.2        4.6     0.552
#Metal8:          35.3       70.7     1.000
#-------------------------------------------------------------------------------
#Preferred routing layer range: Metal2 - Metal8
#Average (PrefLayerOnly) ratio   : 0.780
#
#Name    Actual Length     Shield    Ratio
#Metal2:         143.1      195.3     0.682
#Metal3:          82.6      143.1     0.866
#Metal7:           4.2        4.6     0.552
#Metal8:          35.3       70.7     1.000
#-------------------------------------------------------------------------------
#Total number of nets with non-default rule or having extra spacing = 12
#
#  Routing Statistics
#
#----------------+-----------+------+---------------------+---------------------+
#  Layer         | Length(um)|  Vias|           Single-cut|            Multi-cut|
#----------------+-----------+------+---------------------+---------------------+
#  Poly ( 0H)    |          0|     0|          0  (  0.0%)|          0  (  0.0%)|
#  Metal1 ( 1H)  |          0|  6817|       5476  ( 80.3%)|       1341  ( 19.7%)|
#  Metal2 ( 2V)  |       6913|  4942|         81  (  1.6%)|       4861  ( 98.4%)|
#  Metal3 ( 3H)  |       7412|  1908|         22  (  1.2%)|       1886  ( 98.8%)|
#  Metal4 ( 4V)  |       6588|   667|          2  (  0.3%)|        665  ( 99.7%)|
#  Metal5 ( 5H)  |       3840|   167|          0  (  0.0%)|        167  (100.0%)|
#  Metal6 ( 6V)  |        939|     4|          0  (  0.0%)|          4  (100.0%)|
#  Metal7 ( 7H)  |          4|     4|          0  (  0.0%)|          4  (100.0%)|
#  Metal8 ( 8V)  |         35|     0|          0  (  0.0%)|          0  (  0.0%)|
#  Metal9 ( 9H)  |          0|     0|          0  (  0.0%)|          0  (  0.0%)|
#  Metal10 (10V) |          0|     0|          0  (  0.0%)|          0  (  0.0%)|
#  Metal11 (11H) |          0|     0|          0  (  0.0%)|          0  (  0.0%)|
#----------------+-----------+------+---------------------+---------------------+
#  Total         |      25733| 14509|       5581  ( 38.5%)|       8928  ( 61.5%)|
#----------------+-----------+------+---------------------+---------------------+
#
# Total half perimeter of net bounding box: 24563 um.
#Set shielded net as skip routing for Post Route optimization.
#
#Start Post Route wire spreading..
#
#Start data preparation for wire spreading...
#
#Data preparation is done on Fri Nov 14 15:11:59 2025
#
#
#Start Post Route Wire Spread.
#Done with 44 horizontal wires in 3 hboxes and 68 vertical wires in 3 hboxes.
#Complete Post Route Wire Spread.
#
#Total number of nets with non-default rule or having extra spacing = 7
#
#  Routing Statistics
#
#----------------+-----------+------+---------------------+---------------------+
#  Layer         | Length(um)|  Vias|           Single-cut|            Multi-cut|
#----------------+-----------+------+---------------------+---------------------+
#  Poly ( 0H)    |          0|     0|          0  (  0.0%)|          0  (  0.0%)|
#  Metal1 ( 1H)  |          0|  6744|       5463  ( 81.0%)|       1281  ( 19.0%)|
#  Metal2 ( 2V)  |       6772|  4873|         77  (  1.6%)|       4796  ( 98.4%)|
#  Metal3 ( 3H)  |       7338|  1903|         22  (  1.2%)|       1881  ( 98.8%)|
#  Metal4 ( 4V)  |       6596|   662|          2  (  0.3%)|        660  ( 99.7%)|
#  Metal5 ( 5H)  |       3833|   163|          0  (  0.0%)|        163  (100.0%)|
#  Metal6 ( 6V)  |        941|     0|          0  (  0.0%)|          0  (  0.0%)|
#  Metal7 ( 7H)  |          0|     0|          0  (  0.0%)|          0  (  0.0%)|
#  Metal8 ( 8V)  |          0|     0|          0  (  0.0%)|          0  (  0.0%)|
#  Metal9 ( 9H)  |          0|     0|          0  (  0.0%)|          0  (  0.0%)|
#  Metal10 (10V) |          0|     0|          0  (  0.0%)|          0  (  0.0%)|
#  Metal11 (11H) |          0|     0|          0  (  0.0%)|          0  (  0.0%)|
#----------------+-----------+------+---------------------+---------------------+
#  Total         |      25480| 14345|       5564  ( 38.8%)|       8781  ( 61.2%)|
#----------------+-----------+------+---------------------+---------------------+
#
# Total half perimeter of net bounding box: 24369 um.
#   number of violations = 504
#
#  By Layer and Type:
#
#---------+-------+-----+------+-------+
#  -      | MetSpc| Loop| ViaIP| Totals|
#---------+-------+-----+------+-------+
#  Metal1 |    111|    0|   391|    502|
#  Metal2 |      1|    1|     0|      2|
#  Totals |    112|    1|   391|    504|
#---------+-------+-----+------+-------+
#
#cpu time = 00:00:00, elapsed time = 00:00:00, memory = 4047.95 (MB), peak = 5808.71 (MB)
#CELL_VIEW matmul_sync,init has 504 DRC violations
#Total number of DRC violations = 504
#Total number of process antenna violations = 0
#Total number of net violated process antenna rule = 0
#Post Route wire spread is done.
#Bottom routing layer index=2(Metal2), bottom routing layer for shielding=2(Metal2), bottom shield layer=2(Metal2) top shield layer=11(Metal11)
#shield_bottom_stripe_layer=1(Metal1), shield_top_stripe_layer=11(Metal11)
#pin_access_rlayer=2(Metal2) num_routing_layer=11 top_routing_layer=11 top_ripin_layer=11
#shield_top_dpt_rlayer=-1 top_rlayer=11 top_trim_metal_rlayer=-1 rlayer_lowest=1 bottom_rlayer=2
#enable_trim_layer_shield=F enable_dpt_layer_shield=F has_line_end_grid=F
#-------------------------------------------------------------------------------
#
#	Shielding Summary
#-------------------------------------------------------------------------------
#Primary shielding net(s): VSS 
#Opportunistic shielding net(s): VDD 
#
#Number of nets with shield attribute: 5
#Number of nets reported: 5
#Number of nets without shielding: 0
#Average ratio                   : 0.787
#
#Name   Average Length     Shield    Ratio
#Metal2:          28.9       39.4     0.682
#Metal3:          16.5       28.6     0.866
#Metal4:           0.2        0.4     0.833
#Metal5:           2.0        3.9     0.985
#Metal7:           0.8        0.9     0.552
#Metal8:           7.1       14.1     1.000
#-------------------------------------------------------------------------------
#Bottom shield layer (Metal2) and above: 
#Average (BotShieldLayer) ratio  : 0.787
#
#Name    Actual Length     Shield    Ratio
#Metal2:         144.5      197.0     0.682
#Metal3:          82.6      143.1     0.866
#Metal4:           1.1        1.9     0.833
#Metal5:           9.8       19.2     0.985
#Metal7:           4.2        4.6     0.552
#Metal8:          35.3       70.7     1.000
#-------------------------------------------------------------------------------
#Preferred routing layer range: Metal2 - Metal8
#Average (PrefLayerOnly) ratio   : 0.780
#
#Name    Actual Length     Shield    Ratio
#Metal2:         143.1      195.3     0.682
#Metal3:          82.6      143.1     0.866
#Metal7:           4.2        4.6     0.552
#Metal8:          35.3       70.7     1.000
#-------------------------------------------------------------------------------
#Total number of nets with non-default rule or having extra spacing = 12
#
#  Routing Statistics
#
#----------------+-----------+------+---------------------+---------------------+
#  Layer         | Length(um)|  Vias|           Single-cut|            Multi-cut|
#----------------+-----------+------+---------------------+---------------------+
#  Poly ( 0H)    |          0|     0|          0  (  0.0%)|          0  (  0.0%)|
#  Metal1 ( 1H)  |          0|  6817|       5476  ( 80.3%)|       1341  ( 19.7%)|
#  Metal2 ( 2V)  |       6917|  4942|         81  (  1.6%)|       4861  ( 98.4%)|
#  Metal3 ( 3H)  |       7421|  1908|         22  (  1.2%)|       1886  ( 98.8%)|
#  Metal4 ( 4V)  |       6597|   667|          2  (  0.3%)|        665  ( 99.7%)|
#  Metal5 ( 5H)  |       3843|   167|          0  (  0.0%)|        167  (100.0%)|
#  Metal6 ( 6V)  |        941|     4|          0  (  0.0%)|          4  (100.0%)|
#  Metal7 ( 7H)  |          4|     4|          0  (  0.0%)|          4  (100.0%)|
#  Metal8 ( 8V)  |         35|     0|          0  (  0.0%)|          0  (  0.0%)|
#  Metal9 ( 9H)  |          0|     0|          0  (  0.0%)|          0  (  0.0%)|
#  Metal10 (10V) |          0|     0|          0  (  0.0%)|          0  (  0.0%)|
#  Metal11 (11H) |          0|     0|          0  (  0.0%)|          0  (  0.0%)|
#----------------+-----------+------+---------------------+---------------------+
#  Total         |      25757| 14509|       5581  ( 38.5%)|       8928  ( 61.5%)|
#----------------+-----------+------+---------------------+---------------------+
#
# Total half perimeter of net bounding box: 24563 um.
#route_detail Statistics:
#Cpu time = 00:12:50
#Elapsed time = 00:04:55
#Increased memory = 116.75 (MB)
#Total memory = 4047.59 (MB)
#Peak memory = 5808.71 (MB)
#
#route_global_detail statistics:
#Cpu time = 00:12:54
#Elapsed time = 00:04:57
#Increased memory = -132.20 (MB)
#Total memory = 3711.68 (MB)
#Peak memory = 5808.71 (MB)
#Number of warnings = 1
#Total number of warnings = 15
#Number of fails = 0
#Total number of fails = 0
#Complete route_global_detail on Fri Nov 14 15:11:59 2025
#
#
#  Scalability Statistics
#
#----------------------------+---------+-------------+------------+
#  route_global_detail       | cpu time| elapsed time| scalability|
#----------------------------+---------+-------------+------------+
#  Pre Callback              | 00:00:00|     00:00:00|         1.0|
#  Post Callback             | 00:00:00|     00:00:00|         1.0|
#  Timing Data Generation    | 00:00:00|     00:00:00|         1.0|
#  DB Import                 | 00:00:00|     00:00:00|         1.0|
#  DB Export                 | 00:00:00|     00:00:00|         1.0|
#  Cell Pin Access           | 00:00:02|     00:00:00|         1.0|
#  Data Preparation          | 00:00:02|     00:00:02|         1.0|
#  Global Routing            | 00:00:00|     00:00:00|         1.0|
#  Track Assignment          | 00:00:00|     00:00:00|         1.0|
#  Detail Routing            | 00:12:45|     00:04:53|         2.6|
#  Antenna Fixing            | 00:00:01|     00:00:00|         1.0|
#  Post Route Via Swapping   | 00:00:04|     00:00:01|         1.0|
#  Post Route Wire Spreading | 00:00:00|     00:00:00|         1.0|
#  Shielding                 | 00:00:01|     00:00:01|         1.0|
#  Entire Command            | 00:12:54|     00:04:57|         2.6|
#----------------------------+---------+-------------+------------+
#
*** EcoRoute #1 [finish] (opt_design #1) : cpu/real = 0:12:53.8/0:04:57.3 (2.6), totSession cpu/real = 0:13:49.1/0:06:20.0 (2.2), mem = 7235.9M
**opt_design ... cpu = 0:13:17, real = 0:05:37, mem = 3680.3M, totSessionCpu=0:13:49 **
New Signature Flow (restoreNanoRouteOptions) ....
**INFO: flowCheckPoint #6 PostEcoSummary
Initializing multi-corner resistance tables ...
#Extract in post route mode
#Finish check_net_pin_list step Enter extract_rc_in_nr_cmd
#Fast data preparation for tQuantus.
#Start routing data preparation on Fri Nov 14 15:11:59 2025
#
# Metal1       H   Track-Pitch = 0.19000    Line-2-Via Pitch = 0.13000
# Metal2       V   Track-Pitch = 0.20000    Line-2-Via Pitch = 0.15000
# Metal3       H   Track-Pitch = 0.19000    Line-2-Via Pitch = 0.15000
# Metal4       V   Track-Pitch = 0.20000    Line-2-Via Pitch = 0.15000
# Metal5       H   Track-Pitch = 0.19000    Line-2-Via Pitch = 0.15000
# Metal6       V   Track-Pitch = 0.20000    Line-2-Via Pitch = 0.15000
# Metal7       H   Track-Pitch = 0.19000    Line-2-Via Pitch = 0.15000
# Metal8       V   Track-Pitch = 0.20000    Line-2-Via Pitch = 0.15000
# Metal9       H   Track-Pitch = 0.19000    Line-2-Via Pitch = 0.15000
# Metal10      V   Track-Pitch = 0.50000    Line-2-Via Pitch = 0.42000
# Metal11      H   Track-Pitch = 0.47500    Line-2-Via Pitch = 0.43000
#Regenerating Ggrids automatically.
#Auto generating G-grids with size=15 tracks, using layer Metal3's pitch = 0.19000.
#Using automatically generated G-grids.
#Done routing data preparation.
#cpu time = 00:00:00, elapsed time = 00:00:00, memory = 3682.69 (MB), peak = 5808.71 (MB)
#Start routing data preparation on Fri Nov 14 15:11:59 2025
#
#Bottom routing layer index=2(Metal2), bottom routing layer for shielding=2(Metal2), bottom shield layer=2(Metal2) top shield layer=11(Metal11)
#shield_bottom_stripe_layer=1(Metal1), shield_top_stripe_layer=11(Metal11)
#pin_access_rlayer=2(Metal2) num_routing_layer=11 top_routing_layer=11 top_ripin_layer=11
#shield_top_dpt_rlayer=-1 top_rlayer=11 top_trim_metal_rlayer=-1 rlayer_lowest=1 bottom_rlayer=2
#enable_trim_layer_shield=F enable_dpt_layer_shield=F has_line_end_grid=F
#Regenerating Ggrids automatically.
#Auto generating G-grids with size=15 tracks, using layer Metal3's pitch = 0.19000.
#Using automatically generated G-grids.
#Done routing data preparation.
#cpu time = 00:00:02, elapsed time = 00:00:02, memory = 3771.38 (MB), peak = 5808.71 (MB)
#
#Start tQuantus RC extraction...
#Start building rc corner(s)...
#Number of RC Corner = 2
#Corner cmax_125c /opt/soc/tech/cadence/gsclib045_all_v4.8/gsclib045/qrc/qx/gpdk045.tch 125.000000 (real) 
#Corner cmin_0c /opt/soc/tech/cadence/gsclib045_all_v4.8/gsclib045/qrc/qx/gpdk045.tch 0.000000 (real) 
#(i=11, n=11 2000)
#METAL_1 -> Metal1 (1)
#METAL_2 -> Metal2 (2)
#METAL_3 -> Metal3 (3)
#METAL_4 -> Metal4 (4)
#METAL_5 -> Metal5 (5)
#METAL_6 -> Metal6 (6)
#METAL_7 -> Metal7 (7)
#METAL_8 -> Metal8 (8)
#METAL_9 -> Metal9 (9)
#METAL_10 -> Metal10 (10)
#METAL_11 -> Metal11 (11)
#SADV-On
# Corner(s) : 
#cmax_125c [125.00] 
#cmin_0c [ 0.00]
# Corner id: 0
# Layout Scale: 1.000000
# Has Metal Fill model: yes
# Temperature was set
# Temperature : 125.000000
# Ref. Temp   : 25.000000
# Corner id: 1
# Layout Scale: 1.000000
# Has Metal Fill model: yes
# Temperature was set
# Temperature : 0.000000
# Ref. Temp   : 25.000000
#SADV-Off
#total pattern=286 [22, 792]
#Reading previously stored rc_model file ( /home/student/16/ex8/flow_matmul_sync_1/dbs/route.enc/libs/misc/rc_model.bin ) ...
#found CAPMODEL /opt/soc/tech/cadence/gsclib045_all_v4.8/gsclib045/qrc/qx/gpdk045.tch
#found RESMODEL /opt/soc/tech/cadence/gsclib045_all_v4.8/gsclib045/qrc/qx/gpdk045.tch 125.000000 
#found RESMODEL /opt/soc/tech/cadence/gsclib045_all_v4.8/gsclib045/qrc/qx/gpdk045.tch 0.000000 
#CCE Version read = IQuantus/TQuantus 23.1.1-s476
#number model r/c [2,1] [22,792] read
#0 rcmodel(s) requires rebuild
#Build RC corners: cpu time = 00:00:00, elapsed time = 00:00:00, memory = 3773.67 (MB), peak = 5808.71 (MB)
#Finish check_net_pin_list step Enter extract
#Start init net ripin tree building
#Finish init net ripin tree building
#Cpu time = 00:00:00
#Elapsed time = 00:00:00
#Increased memory = 0.00 (MB)
#Total memory = 3773.67 (MB)
#Peak memory = 5808.71 (MB)
#Using multithreading with 8 threads.
#begin processing metal fill model file
#end processing metal fill model file
#Length limit = 200 pitches
#opt mode = 2
#Finish check_net_pin_list step Fix net pin list
#Start generate extraction boxes.
#
#Extract using 30 x 30 Hboxes
#3x3 initial hboxes
#Use area based hbox pruning.
#0/0 hboxes pruned.
#Complete generating extraction boxes.
#Start step Extraction
#Extract 3 hboxes with 8 threads on machine with  Core_i7 2.11GHz 25600KB Cache 8CPU...
#Process 0 special clock nets for rc extraction
#Total 2434 nets were built. 3 nodes added to break long wires. 0 net(s) have incomplete routes.
#Run Statistics for Extraction:
#   Cpu time = 00:00:01, elapsed time = 00:00:01 .
#   Increased memory =    43.68 (MB), total memory =  3817.35 (MB), peak memory =  5808.71 (MB)
#Register nets and terms for rcdb /home/student/16/ex8/flow_matmul_sync_1/innovus_temp_27575_6da6003e-9d95-4c2c-9b85-76251e3ce69c_ASIC-vm_student_l7kKY8/nr27575_BRrP6A.rcdb.d
#Finish registering nets and terms for rcdb.
#Simplify RC tree: cpu time = 00:00:00, elapsed time = 00:00:00, memory = 3785.36 (MB), peak = 5808.71 (MB)
#RC Statistics: 8939 Res, 4426 Ground Cap, 814 XCap (Edge to Edge)
#WARNING (NREX-102) Net UNCONNECTED is not extracted due to Has no routing. The result of timing analysis involving such net is inaccurate.
#WARNING (NREX-102) Net scan_mode_matmul_sync is not extracted due to Has no routing. The result of timing analysis involving such net is inaccurate.
#WARNING (NREX-102) Net VDD is not extracted due to Has no routing. The result of timing analysis involving such net is inaccurate.
#WARNING (NREX-102) Net VSS is not extracted due to Has no routing. The result of timing analysis involving such net is inaccurate.
#RC V/H edge ratio: 0.24, Avg V/H Edge Length: 2502.90 (3457), Avg L-Edge Length: 7388.24 (3627)
#Nets and terms are pre-registered for rcdb /home/student/16/ex8/flow_matmul_sync_1/innovus_temp_27575_6da6003e-9d95-4c2c-9b85-76251e3ce69c_ASIC-vm_student_l7kKY8/nr27575_BRrP6A.rcdb.d.
#Start writing RC data.
#Finish writing RC data
#Finish writing rcdb with 11373 nodes, 8939 edges, and 1628 xcaps
#cpu time = 00:00:00, elapsed time = 00:00:00, memory = 3778.28 (MB), peak = 5808.71 (MB)
Restoring parasitic data from file '/home/student/16/ex8/flow_matmul_sync_1/innovus_temp_27575_6da6003e-9d95-4c2c-9b85-76251e3ce69c_ASIC-vm_student_l7kKY8/nr27575_BRrP6A.rcdb.d' ...
Reading RCDB with compressed RC data.
Reading RCDB with compressed RC data.
Begin read_parasitics... (cpu: 0:00:00.0 real: 0:00:00.0 mem: 7235.828M)
Following multi-corner parasitics specified:
	/home/student/16/ex8/flow_matmul_sync_1/innovus_temp_27575_6da6003e-9d95-4c2c-9b85-76251e3ce69c_ASIC-vm_student_l7kKY8/nr27575_BRrP6A.rcdb.d (rcdb)
Reading RCDB with compressed RC data.
		Cell matmul_sync has rcdb /home/student/16/ex8/flow_matmul_sync_1/innovus_temp_27575_6da6003e-9d95-4c2c-9b85-76251e3ce69c_ASIC-vm_student_l7kKY8/nr27575_BRrP6A.rcdb.d specified
Cell matmul_sync, hinst 
Reading RCDB with compressed RC data.
Done read_parasitics... (cpu: 0:00:00.0 real: 0:00:00.0 mem: 7235.828M)
#
#Restore RCDB.
#
#Complete tQuantus RC extraction.
#Cpu time = 00:00:02
#Elapsed time = 00:00:01
#Increased memory = 7.01 (MB)
#Total memory = 3778.39 (MB)
#Peak memory = 5808.71 (MB)
#
#3 inserted nodes are removed
#Restored 0 tie nets, 0 tie snets, 0 partial nets
#Start Design Signature (0)
#Finish Inst Signature in MT(12290317)
#Finish Net Signature in MT(49826989)
#Finish SNet Signature in MT (98923780)
#Run time and memory report for RC extraction:
#RC extraction running on  Core_i7 2.11GHz 25600KB Cache 8CPU.
#Run Statistics for snet signature:
#   Cpu time = 00:00:00, elapsed time = 00:00:00 , scale factor =  1.83/8, scale score = 0.23.
#    Increased memory =     0.00 (MB), total memory =  3674.53 (MB), peak memory =  5808.71 (MB)
#Run Statistics for Net Final Signature:
#   Cpu time = 00:00:00, elapsed time = 00:00:00 .
#   Increased memory =     0.00 (MB), total memory =  3674.53 (MB), peak memory =  5808.71 (MB)
#Run Statistics for Net launch:
#   Cpu time = 00:00:00, elapsed time = 00:00:00 , scale factor =  4.80/8, scale score = 0.60.
#    Increased memory =     0.00 (MB), total memory =  3674.53 (MB), peak memory =  5808.71 (MB)
#Run Statistics for Net init_dbsNet_slist:
#   Cpu time = 00:00:00, elapsed time = 00:00:00 .
#   Increased memory =     0.00 (MB), total memory =  3674.53 (MB), peak memory =  5808.71 (MB)
#Run Statistics for net signature:
#   Cpu time = 00:00:00, elapsed time = 00:00:00 , scale factor =  4.37/8, scale score = 0.55.
#    Increased memory =     0.00 (MB), total memory =  3674.53 (MB), peak memory =  5808.71 (MB)
#Run Statistics for inst signature:
#   Cpu time = 00:00:00, elapsed time = 00:00:00 , scale factor =  2.72/8, scale score = 0.34.
#    Increased memory =    -6.01 (MB), total memory =  3674.53 (MB), peak memory =  5808.71 (MB)
**opt_design ... cpu = 0:13:21, real = 0:05:40, mem = 3674.5M, totSessionCpu=0:13:53 **
Starting delay calculation for Setup views
AAE_INFO: opIsDesignInPostRouteState() is 1
AAE_INFO: resetNetProps viewIdx 0 
AAE_INFO: resetNetProps viewIdx 2 
Starting SI iteration 1 using Infinite Timing Windows
#################################################################################
# Design Stage: PostRoute
# Design Name: matmul_sync
# Design Mode: 45nm
# Analysis Mode: MMMC OCV 
# Parasitics Mode: SPEF/RCDB 
# Signoff Settings: SI On (EWM-WFP)
#################################################################################
Start delay calculation (fullDC) (8 T). (MEM=3726.69)
Reading RCDB with compressed RC data.
AAE_INFO: 8 threads acquired from CTE.
Total number of fetched objects 2435
AAE_INFO: Total number of nets for which stage creation was skipped for all views 0
AAE_INFO-618: Total number of nets in the design is 2438,  100.0 percent of the nets selected for SI analysis
End delay calculation. (MEM=3772.75 CPU=0:00:00.9 REAL=0:00:00.0)
End delay calculation (fullDC). (MEM=3772.75 CPU=0:00:01.0 REAL=0:00:00.0)
Save waveform /home/student/16/ex8/flow_matmul_sync_1/innovus_temp_27575_6da6003e-9d95-4c2c-9b85-76251e3ce69c_ASIC-vm_student_l7kKY8/.AAE_eDlXUf/.AAE_27575_6da6003e-9d95-4c2c-9b85-76251e3ce69c/waveform.data...
Loading CTE timing window with TwFlowType 0...(CPU = 0:00:00.0, REAL = 0:00:00.0, MEM = 3779.3M)
Add other clocks and setupCteToAAEClockMapping during iter 1
Loading CTE timing window is completed (CPU = 0:00:00.0, REAL = 0:00:00.0, MEM = 3779.3M)
Starting SI iteration 2
Start delay calculation (fullDC) (8 T). (MEM=3850.45)
Create and load waveform data /home/student/16/ex8/flow_matmul_sync_1/innovus_temp_27575_6da6003e-9d95-4c2c-9b85-76251e3ce69c_ASIC-vm_student_l7kKY8/.AAE_eDlXUf/.AAE_27575_6da6003e-9d95-4c2c-9b85-76251e3ce69c/waveform.data...
Glitch Analysis: View slow_0p9v_125c_cmax_func -- Total Number of Nets Skipped = 25. 
Glitch Analysis: View slow_0p9v_125c_cmax_func -- Total Number of Nets Analyzed = 2435. 
Glitch Analysis: View slow_0p9v_125c_cmax_scan_shift -- Total Number of Nets Skipped = 3. 
Glitch Analysis: View slow_0p9v_125c_cmax_scan_shift -- Total Number of Nets Analyzed = 155. 
Total number of fetched objects 2435
AAE_INFO: Total number of nets for which stage creation was skipped for all views 0
AAE_INFO-618: Total number of nets in the design is 2438,  22.1 percent of the nets selected for SI analysis
End delay calculation. (MEM=3872.79 CPU=0:00:00.2 REAL=0:00:00.0)
End delay calculation (fullDC). (MEM=3872.79 CPU=0:00:00.2 REAL=0:00:00.0)
*** Done Building Timing Graph (cpu=0:00:02.8 real=0:00:01.0 totSessionCpu=0:13:55 mem=7384.7M)
** Profile ** Start :  cpu=0:00:00.0, mem=7896.7M
** Profile ** Other data :  cpu=0:00:00.0, mem=7897.9M
** Profile ** Overall slacks :  cpu=0:00:00.0, mem=7897.9M
** INFO: Initializing Glitch Interface
** Profile ** DRVs :  cpu=0:00:00.0, mem=7897.9M

OptSummary:

------------------------------------------------------------------
       Post-ecoRoute Summary
------------------------------------------------------------------

Setup views included:
 slow_0p9v_125c_cmax_func slow_0p9v_125c_cmax_scan_shift 

+--------------------+---------+---------+---------+---------+---------+---------+
|     Setup mode     |   all   | reg2reg | in2reg  | reg2out | in2out  | default |
+--------------------+---------+---------+---------+---------+---------+---------+
|           WNS (ns):| -0.023  |  9.028  |  1.045  | -0.023  |   N/A   |  0.126  |
|           TNS (ns):| -0.038  |  0.000  |  0.000  | -0.038  |   N/A   |  0.000  |
|    Violating Paths:|    3    |    0    |    0    |    3    |   N/A   |    0    |
|          All Paths:|   258   |   63    |   129   |   64    |   N/A   |    2    |
+--------------------+---------+---------+---------+---------+---------+---------+

+----------------+-------------------------------+------------------+
|                |              Real             |       Total      |
|    DRVs        +------------------+------------+------------------|
|                |  Nr nets(terms)  | Worst Vio  |  Nr nets(terms)  |
+----------------+------------------+------------+------------------+
|   max_cap      |      0 (0)       |   0.000    |     65 (65)      |
|   max_tran     |      0 (0)       |   0.000    |      0 (0)       |
|   max_fanout   |      0 (0)       |     0      |      0 (0)       |
|   max_length   |      0 (0)       |     0      |      0 (0)       |
+----------------+------------------+------------+------------------+

Density: 62.462%
       (100.000% with Fillers)
------------------------------------------------------------------
** Profile ** Report data :  cpu=0:00:00.0, mem=7897.9M
**opt_design ... cpu = 0:13:24, real = 0:05:41, mem = 3850.6M, totSessionCpu=0:13:55 **
Executing marking Critical Nets1
** INFO: Initializing Glitch Interface
** INFO: Initializing Glitch Cache
**INFO: flowCheckPoint #7 OptimizationRecovery
*** Timing NOT met, worst failing slack is -0.023
*** Check timing (0:00:00.0)
VT info 11.992853621 9
**WARN: (IMPOPT-7293):	Vt partitioning has found only one partition, so aborting this LEF Safe optimization step. Please run report_power -leakage to get more info on the Vt partition created.
Running postRoute recovery in postEcoRoute mode
**opt_design ... cpu = 0:13:24, real = 0:05:41, mem = 3850.6M, totSessionCpu=0:13:55 **
** INFO: Initializing Glitch Interface
Checking setup slack degradation ...
Checking DRV degradation...
**INFO: Skipping DRV recovery as drv did not degrade beyond margin
** INFO Cleaning up Glitch Interface
Finish postRoute recovery in postEcoRoute mode (cpu=0:00:00, real=0:00:00, mem=7897.87M, totSessionCpu=0:13:55).
**opt_design ... cpu = 0:13:24, real = 0:05:41, mem = 3850.6M, totSessionCpu=0:13:55 **

Latch borrow mode reset to max_borrow

Optimization is working on the following views:
  Setup views: slow_0p9v_125c_cmax_func slow_0p9v_125c_cmax_scan_shift 
  Hold  views:  fast_1p1v_0c_cmin_scan_shift slow_0p9v_125c_cmax_scan_capture
**INFO: flowCheckPoint #8 FinalSummary
OPTC: user 20.0 (reset)
Reported timing to dir reports/postroute
**opt_design ... cpu = 0:13:24, real = 0:05:41, mem = 3852.0M, totSessionCpu=0:13:56 **
** Profile ** Start :  cpu=0:00:00.0, mem=7816.9M
** Profile ** Other data :  cpu=0:00:00.0, mem=7816.9M
Saving timing graph ...
Done save timing graph
Starting delay calculation for Hold views
AAE_INFO: opIsDesignInPostRouteState() is 1
AAE_INFO: resetNetProps viewIdx 1 
AAE_INFO: resetNetProps viewIdx 5 
Starting SI iteration 1 using Infinite Timing Windows
#################################################################################
# Design Stage: PostRoute
# Design Name: matmul_sync
# Design Mode: 45nm
# Analysis Mode: MMMC OCV 
# Parasitics Mode: SPEF/RCDB 
# Signoff Settings: SI On (EWM-WFP)
#################################################################################
Start delay calculation (fullDC) (8 T). (MEM=4100.06)
Total number of fetched objects 2435
AAE_INFO: Total number of nets for which stage creation was skipped for all views 0
AAE_INFO-618: Total number of nets in the design is 2438,  100.0 percent of the nets selected for SI analysis
Total number of fetched objects 2435
AAE_INFO: Total number of nets for which stage creation was skipped for all views 0
AAE_INFO-618: Total number of nets in the design is 2438,  100.0 percent of the nets selected for SI analysis
End delay calculation. (MEM=4113.05 CPU=0:00:01.4 REAL=0:00:00.0)
End delay calculation (fullDC). (MEM=4113.05 CPU=0:00:01.5 REAL=0:00:00.0)
Save waveform /home/student/16/ex8/flow_matmul_sync_1/innovus_temp_27575_6da6003e-9d95-4c2c-9b85-76251e3ce69c_ASIC-vm_student_l7kKY8/.AAE_eDlXUf/.AAE_27575_6da6003e-9d95-4c2c-9b85-76251e3ce69c/waveform.data...
Loading CTE timing window with TwFlowType 0...(CPU = 0:00:00.0, REAL = 0:00:00.0, MEM = 4170.2M)
Add other clocks and setupCteToAAEClockMapping during iter 1
Loading CTE timing window is completed (CPU = 0:00:00.0, REAL = 0:00:00.0, MEM = 4170.2M)
Starting SI iteration 2
Start delay calculation (fullDC) (8 T). (MEM=3936.53)
Create and load waveform data /home/student/16/ex8/flow_matmul_sync_1/innovus_temp_27575_6da6003e-9d95-4c2c-9b85-76251e3ce69c_ASIC-vm_student_l7kKY8/.AAE_eDlXUf/.AAE_27575_6da6003e-9d95-4c2c-9b85-76251e3ce69c/waveform.data...
Glitch Analysis: View slow_0p9v_125c_cmax_scan_capture -- Total Number of Nets Skipped = 0. 
Glitch Analysis: View slow_0p9v_125c_cmax_scan_capture -- Total Number of Nets Analyzed = 0. 
Total number of fetched objects 2435
AAE_INFO: Total number of nets for which stage creation was skipped for all views 0
AAE_INFO-618: Total number of nets in the design is 2438,  0.2 percent of the nets selected for SI analysis
Glitch Analysis: View fast_1p1v_0c_cmin_scan_shift -- Total Number of Nets Skipped = 4. 
Glitch Analysis: View fast_1p1v_0c_cmin_scan_shift -- Total Number of Nets Analyzed = 2435. 
Total number of fetched objects 2435
AAE_INFO: Total number of nets for which stage creation was skipped for all views 0
AAE_INFO-618: Total number of nets in the design is 2438,  1.3 percent of the nets selected for SI analysis
End delay calculation. (MEM=3955.51 CPU=0:00:00.1 REAL=0:00:00.0)
End delay calculation (fullDC). (MEM=3955.51 CPU=0:00:00.1 REAL=0:00:00.0)
*** Done Building Timing Graph (cpu=0:00:02.5 real=0:00:01.0 totSessionCpu=0:13:59 mem=7410.0M)
** Profile ** Overall slacks :  cpu=0:00:03.1, mem=7410.0M
** Profile ** Total reports :  cpu=0:00:00.1, mem=7410.0M
Restoring timing graph ...
AAE_INFO: Resetting and re-constructing cache for AAE clocks ...
Done restore timing graph
** Profile ** Overall slacks :  cpu=0:00:00.6, mem=7351.9M
** Profile ** Total reports :  cpu=0:00:00.1, mem=7399.9M
** INFO: Initializing Glitch Interface
** INFO: Initializing Glitch Interface
** Profile ** DRVs :  cpu=0:00:00.1, mem=7904.9M

OptSummary:

------------------------------------------------------------------
     opt_design Final SI Timing Summary
------------------------------------------------------------------

Setup views included:
 slow_0p9v_125c_cmax_func slow_0p9v_125c_cmax_scan_shift 
Hold views included:
 fast_1p1v_0c_cmin_scan_shift 
 slow_0p9v_125c_cmax_scan_capture

+--------------------+---------+---------+---------+---------+---------+---------+
|     Setup mode     |   all   | reg2reg | in2reg  | reg2out | in2out  | default |
+--------------------+---------+---------+---------+---------+---------+---------+
|           WNS (ns):| -0.023  |  9.028  |  1.045  | -0.023  |   N/A   |  0.126  |
|           TNS (ns):| -0.038  |  0.000  |  0.000  | -0.038  |   N/A   |  0.000  |
|    Violating Paths:|    3    |    0    |    0    |    3    |   N/A   |    0    |
|          All Paths:|   258   |   63    |   129   |   64    |   N/A   |    2    |
+--------------------+---------+---------+---------+---------+---------+---------+

+--------------------+---------+---------+---------+---------+---------+---------+
|     Hold mode      |   all   | reg2reg | in2reg  | reg2out | in2out  | default |
+--------------------+---------+---------+---------+---------+---------+---------+
|           WNS (ns):|  0.039  |  0.039  |  0.958  |  1.117  |   N/A   |  0.041  |
|           TNS (ns):|  0.000  |  0.000  |  0.000  |  0.000  |   N/A   |  0.000  |
|    Violating Paths:|    0    |    0    |    0    |    0    |   N/A   |    0    |
|          All Paths:|   258   |   63    |   129   |   64    |   N/A   |    2    |
+--------------------+---------+---------+---------+---------+---------+---------+

+----------------+-------------------------------+------------------+
|                |              Real             |       Total      |
|    DRVs        +------------------+------------+------------------|
|                |  Nr nets(terms)  | Worst Vio  |  Nr nets(terms)  |
+----------------+------------------+------------+------------------+
|   max_cap      |      0 (0)       |   0.000    |     65 (65)      |
|   max_tran     |      0 (0)       |   0.000    |      0 (0)       |
|   max_fanout   |      0 (0)       |     0      |      0 (0)       |
|   max_length   |      0 (0)       |     0      |      0 (0)       |
+----------------+------------------+------------+------------------+

Density: 62.462%
       (100.000% with Fillers)
------------------------------------------------------------------
** Profile ** Report data :  cpu=0:00:00.0, mem=7904.9M
Begin: Collecting metrics
 ---------------------------------------------------------------------------------------------------------------------- 
| Snapshot           | WNS                  | TNS                  | Density (%) | Resource               | DRVs       |
|                    | HEPG (ns) | ALL (ns) | HEPG (ns) | ALL (ns) |             | Real (s) | Memory (MB) | Tran | Cap |
|--------------------+-----------+----------+-----------+----------+-------------+----------+-------------+------+-----|
| initial_summary    |           |   -0.057 |           |       -0 |       62.23 | 0:00:03  |        5836 |    1 |   0 |
| ccopt_pro          |           |          |           |          |             | 0:00:01  |        6233 |      |     |
| drv_eco_fixing     |     0.000 |   -0.055 |         0 |       -0 |       62.29 | 0:00:02  |        6429 |    0 |   0 |
| wns_fixing         |     0.000 |    0.001 |         0 |        0 |       62.46 | 0:00:01  |        6709 |      |     |
| initial_summary_2  |           |    0.001 |           |        0 |       62.46 | 0:00:02  |        6068 |    0 |   0 |
| hold_fixing        |           |          |           |          |             | 0:00:00  |        6164 |      |     |
| route_type_fixing  |           |          |           |          |             | 0:00:00  |        6060 |      |     |
| pre_route_summary  |           |    0.001 |           |        0 |       62.46 | 0:00:00  |        6068 |    0 |   0 |
| eco_route          |           |          |           |          |             | 0:04:57  |        7236 |      |     |
| post_route_summary |           |   -0.023 |           |       -0 |       62.46 | 0:00:01  |        7898 |    0 |   0 |
| final_summary      |           |   -0.023 |           |       -0 |       62.46 | 0:00:11  |        7905 |    0 |   0 |
 ---------------------------------------------------------------------------------------------------------------------- 
End: Collecting metrics
**opt_design ... cpu = 0:13:28, real = 0:05:53, mem = 3869.8M, totSessionCpu=0:14:00 **
cleaningup cpe interface
 ReSet Options after AAE Based Opt flow 
*** Finished opt_design ***
cleaningup cpe interface
      flow.cputime  flow.realtime  timing.setup.tns  timing.setup.wns  snapshot
UM:*                                                                   final
      flow.cputime  flow.realtime  timing.setup.tns  timing.setup.wns  snapshot
UM:*                                                                   opt_design_postroute
Info: final physical memory for 9 CRR processes is 1058.34MB.
Info: Summary of CRR changes:
      - Timing transform commits:       0
cleaningup cpe interface
Info: Destroy the CCOpt slew target map.

*** Summary of all messages that are not suppressed in this session:
Severity  ID               Count  Summary                                  
WARNING   IMPSP-2904           4  option place_detail_filler_gap_effort an...
WARNING   IMPOPT-7293          1  Vt partitioning has found only one parti...
WARNING   IMPOPT-7320          1  Glitch fixing has been disabled since gl...
WARNING   IMPOPT-3564          1  The following cells are set dont_use tem...
WARNING   NREX-102             4  Net %s is not extracted due to %s. The r...
WARNING   IMPCTE-290        1656  Could not locate cell %s in any library ...
*** Message Summary: 1667 warning(s), 0 error(s)

Removing temporary dont_use automatically set for cells with technology sites with no row.
*** opt_design #1 [finish] () : cpu/real = 0:13:28.5/0:06:00.0 (2.2), totSession cpu/real = 0:14:00.3/0:06:43.0 (2.1), mem = 7904.9M
#@ End verbose flow_step postroute.run_opt_postroute
      flow.cputime  flow.realtime  timing.setup.tns  timing.setup.wns  snapshot
UM:         811.08            362         -0.038 ns         -0.023 ns  run_opt_postroute
##FLOW_KIT: enabling features from command line: {report_lec synth_spatial pnr_db_handoff add_scan generate_models opt_signoff}
#@ Begin verbose flow_step postroute.block_finish
@flow 2: #- Make sure flow_report_name is reset from any reports executed during the flow
@@flow 3: set_db flow_report_name [get_db [lindex [get_db flow_hier_path] end] .name]
@flow 5: if {[get_feature pnr_db_handoff] && [is_flow -quiet -inside flow:syn_opt]} {...
@flow 7: } else {
@@flow 8: set_db flow_write_db_common false
@flow 9: }
@flow 11: #- Store non-default root attributes to metrics
@flow 12: catch {report_obj -tcl} flow_root_config
@flow 13: if {[dict exists $flow_root_config root:/]} {
@flow 14: set flow_root_config [dict get $flow_root_config root:/]
@flow 15: }
@flow 19: foreach key [dict keys $flow_root_config] {
	if {[string length [dict get $flow_root_config $key]] > 200} {
	    dict set flow_root_config $key "\[long value truncated\]"
	}
    }
@@flow 24: set_metric -name flow.root_config -value $flow_root_config
#@ End verbose flow_step postroute.block_finish
      flow.cputime  flow.realtime  timing.setup.tns  timing.setup.wns  snapshot
UM:           2.77              2                                      block_finish
The in-memory database contained RC information but was not saved. To save 
the RC information, use write_db's -rc_extract option. Note: Saving RC information can be quite large, 
so it should only be saved when it is really desired.
#% Begin save design ... (date=11/14 15:12:26, mem=3782.2M)
% Begin Save ccopt configuration ... (date=11/14 15:12:26, mem=3782.2M)
% End Save ccopt configuration ... (date=11/14 15:12:26, total cpu=0:00:00.0, real=0:00:00.0, peak res=3782.6M, current mem=3782.6M)
% Begin Save netlist data ... (date=11/14 15:12:26, mem=3782.6M)
Writing Binary DB to /home/student/16/ex8/flow_matmul_sync_1/dbs/postroute.enc/vbin/matmul_sync.v.bin in multi-threaded mode...
% End Save netlist data ... (date=11/14 15:12:26, total cpu=0:00:00.0, real=0:00:00.0, peak res=3785.0M, current mem=3785.0M)
Saving symbol-table file in separate thread ...
Saving congestion map file in separate thread ...
Saving congestion map file /home/student/16/ex8/flow_matmul_sync_1/dbs/postroute.enc/matmul_sync.route.congmap.gz ...
% Begin Save AAE data ... (date=11/14 15:12:26, mem=3785.5M)
Saving AAE Data ...
% End Save AAE data ... (date=11/14 15:12:26, total cpu=0:00:00.0, real=0:00:00.0, peak res=3785.5M, current mem=3785.5M)
Saving preference file /home/student/16/ex8/flow_matmul_sync_1/dbs/postroute.enc/gui.pref.tcl ...
Saving mode setting ...
Saving root attributes to be loaded post write_db ...
**WARN: (IMPMF-5054):	fill_setting_save command is obsolete and should not be used any more. It still works in this release but will be removed in future release. Recommend to use Pegasus metal fill flow which is the replacement.
Saving global file ...
Saving root attributes to be loaded previous write_db ...
*info - save blackBox cells to lef file /home/student/16/ex8/flow_matmul_sync_1/dbs/postroute.enc/matmul_sync.bbox.lef
Saving Drc markers ...
... 504 markers are saved ...
... 503 geometry drc markers are saved ...
... 0 antenna drc markers are saved ...
Saving SCANDEF file ...
*** Scan Trace Summary (runtime: cpu: 0:00:00.0 , real: 0:00:00.0): 
Successfully traced 1 scan chain  (total 64 scan bits).
Start applying DEF ordered sections ...
Successfully applied all DEF ordered sections.
*** Scan Sanity Check Summary:
*** 1 scan chain  passed sanity check.
Convert 0 swires and 0 svias from compressed groups
74 swires and 9 svias were compressed
74 swires and 9 svias were decompressed from small or sparse groups
Saving special route data file in separate thread ...
Saving PG file in separate thread ...
Saving placement file in separate thread ...
Saving route file in separate thread ...
Saving property file in separate thread ...
Convert 0 swires and 0 svias from compressed groups
Saving PG file /home/student/16/ex8/flow_matmul_sync_1/dbs/postroute.enc/matmul_sync.pg.gz, version#2, (Created by Innovus v23.15-s106_1 on Fri Nov 14 15:12:31 2025)
** Saving stdCellPlacement_binary (version# 2) ...
Saving property file /home/student/16/ex8/flow_matmul_sync_1/dbs/postroute.enc/matmul_sync.prop
Save Adaptive View Pruning View Names to Binary file
slow_0p9v_125c_cmax_func
TAT_INFO: ::saveSpecialRoute REAL = 0 : CPU = 0 : MEM = 0.
*** Completed saveProperty (cpu=0:00:00.0 real=0:00:00.0 mem=7944.9M) ***
*** Completed savePGFile (cpu=0:00:00.0 real=0:00:01.0 mem=7944.9M) ***
TAT_INFO: ::savePGFile REAL = 1 : CPU = 0 : MEM = 0.
TAT_INFO: ::savePlace REAL = 0 : CPU = 0 : MEM = 0.
*** Completed saveRoute (cpu=0:00:00.0 real=0:00:01.0 mem=7944.9M) ***
TAT_INFO: ::saveRoute REAL = 1 : CPU = 0 : MEM = 0.
TAT_INFO: ::db::saveAnnotationAndProp REAL = 0 : CPU = 0 : MEM = 0.
#Saving pin access data to file /home/student/16/ex8/flow_matmul_sync_1/dbs/postroute.enc/matmul_sync.apa ...
#
Saving preRoute extracted patterns in file '/home/student/16/ex8/flow_matmul_sync_1/dbs/postroute.enc/matmul_sync.techData.gz' ...
Saving preRoute extraction data in directory '/home/student/16/ex8/flow_matmul_sync_1/dbs/postroute.enc/extraction/' ...
Saving power intent database ...
fast_1p1v_0c_cmin slow_0p9v_125c_cmax
TAT_INFO: ::db::saveSymbolTable REAL = 1 : CPU = 0 : MEM = 0.
TAT_INFO: ::saveCongMap REAL = 1 : CPU = 0 : MEM = 0.
% Begin Save power constraints data ... (date=11/14 15:12:34, mem=3793.3M)
% End Save power constraints data ... (date=11/14 15:12:34, total cpu=0:00:00.0, real=0:00:00.0, peak res=3793.3M, current mem=3793.3M)
cmax_125c cmin_0c
cmax_125c cmin_0c
cmax_125c cmin_0c
cmax_125c cmin_0c
cmax_125c cmin_0c
**WARN: (GLOBAL-100):	Global 'timing_enable_backward_compatible_mmmc_mode' has become obsolete. It will be removed in the next release.
**WARN: (GLOBAL-100):	Global 'timing_enable_backward_compatible_mmmc_mode' has become obsolete. It will be removed in the next release.
Generated self-contained design postroute.enc
slow_0p9v_125c_ls fast_1p1v_0c_ls
cmax_125c cmin_0c
#% End save design ... (date=11/14 15:12:34, total cpu=0:00:01.5, real=0:00:08.0, peak res=3798.3M, current mem=3798.3M)

*** Summary of all messages that are not suppressed in this session:
Severity  ID               Count  Summary                                  
WARNING   IMPMF-5054           1  fill_setting_save command is obsolete an...
*** Message Summary: 1 warning(s), 0 error(s)

      flow.cputime  flow.realtime  timing.setup.tns  timing.setup.wns  snapshot
UM:*                                                                   write_db
##FLOW_KIT: enabling features from command line: {report_lec synth_spatial pnr_db_handoff add_scan generate_models opt_signoff}
#@ Begin verbose flow_step postroute.report_postroute.report_start
#@ End verbose flow_step postroute.report_postroute.report_start
      flow.cputime  flow.realtime  timing.setup.tns  timing.setup.wns  snapshot
UM:           2.52              2                                      report_start
      flow.cputime  flow.realtime  timing.setup.tns  timing.setup.wns  snapshot
UM:*                                                                   report_postroute
##FLOW_KIT: enabling features from command line: {report_lec synth_spatial pnr_db_handoff add_scan generate_models opt_signoff}
#@ Begin verbose flow_step postroute.report_postroute.init_innovus
@flow 3: # Tool settings: NOTE: already set by flow_config.tcl
@flow 4: #set_multi_cpu_usage -local_cpu 8 -remote_host 1 -cpu_per_remote_host 8
@flow 6: if {[get_feature -feature report_lec]} {
@flow 7: # Init attributes  [get_db -category init]
@flow 8: 	#-------------------------------------------------------------------------------
@@flow 9: set_db write_lec_directory_naming_style "fv/%s/[get_db flow_report_name]"
@flow 10:
@flow 11: }
@@flow 12: set_db init_design_uniquify 1
@flow 14: # Design attributes  [get_db -category design]
@flow 15: #-------------------------------------------------------------------------------
@@flow 16: set_db design_process_node            45
##  Process: 45            (User Set)               
##     Node: (not set)                           

##  Check design process and node:  
##  Design tech node is not set.

Applying the recommended capacitance filtering threshold values for 45nm process node: total_c_th=0, relative_c_th=1 and coupling_c_th=0.1.
	These values will be used by all post-route extraction engines, including TQuantus, IQuantus and Quantus QRC extraction.
	Capacitance filtering mode(extract_rc_cap_filter_mode option of the set_db) is 'relative_and_coupling' for all engines.
	The accuracy mode for post_route extract_rc_effort_level low extraction will be set to 'high'.
	Default value for EffortLevel(extract_rc_effort_level option of the set_db) in post_route extraction mode is 'medium'.
@flow 17: if {[get_feature -feature flow_express]} {...}
@@flow 20: set_db design_early_clock_flow              true
@flow 22: # Via naming
@flow 23: #-------------------------------------------------------------------------------
@flow 24: # Use design name as prefix for VIAs, as otherwise they will cause collision when merging designs on toplevel
@@flow 25: set_db write_stream_via_names true
@flow 27: # Timing attributes  [get_db -category timing && delaycalc]
@flow 28: #-------------------------------------------------------------------------------
@@flow 29: set_db timing_analysis_cppr           both
@@flow 30: set_db timing_analysis_type           ocv
@@flow 31: set_db timing_report_fields           {timing_point net cell fanout load transition delay incr_delay arrival edge user_derate power_domain}
@flow 33: #set_db timing_analysis_socv                               true                        ;# Enable socv analysis
@flow 34: #set_db timing_socv_rc_variation_mode                      true                        ;# Enable interconnect variation mode in SOCV mode
@flow 35: #set_db  timing_report_enable_verbose_ssta_mode true
@flow 37: # Add, TL: flow sets this to "no_async", async is default and should be used
@@flow 38: set_db timing_analysis_async_checks async
@flow 39: # Add, TL: maybe a bit hazardous... disable default io delay for ports which are unconstrained!
@flow 40: # if true, will cause hold problems (since launching clock is the receiving clock (with same latency!))
@@flow 41: set_db timing_apply_default_primary_input_assertion false
@@flow 43: set_db delaycal_advanced_node_pin_cap_settings true
@@flow 44: set_db delaycal_advanced_pin_cap_mode true
@flow 47: # Extraction attributes  [get_db -category extract_rc]
@flow 48: #-------------------------------------------------------------------------------
@flow 49: if {[get_feature -feature add_pvs_fill] || [get_feature -feature add_pegasus_beol_fill]} {...}
@flow 52: if {[is_flow -after flow:opt_signoff] || [is_flow -inside flow:opt_signoff]} {...}
@flow 58: if {[is_flow -after flow:route]} {
@@flow 59: set_db delaycal_enable_si           true
@@flow 60: set_db extract_rc_engine            post_route
@flow 61: # Note, TL: default is false, see effect of setting to true
@flow 62: 	#set_db si_delay_separate_on_data                  true
@flow 63: }
@flow 64: if {1} {
@@flow 65: set_db delaycal_equivalent_waveform_model               propagation
@flow 66: }
@@flow 69: set_db si_aggressor_alignment                             timing_aware_edge       
@flow 71: # Mod, TL: Too few licenses to extract all corners in parallel . Use the following to reduce number of used licenses :
@flow 72: #set_db extract_rc_qrc_run_mode sequential
@flow 74: # Floorplan attributes  [get_db -category floorplan]
@flow 75: #-------------------------------------------------------------------------------
@@flow 76: set_db finish_floorplan_active_objs   [list macro soft_blockage core]
@flow 77: # Constraints for even or odd site width/ row height
@@flow 78: set_db floorplan_row_site_height                          even
@@flow 79: set_db floorplan_row_site_width                           even
@flow 81: # Placement attributes  [get_db -category place]
@flow 82: #-------------------------------------------------------------------------------
@@flow 83: set_db place_detail_legalization_inst_gap                 1 
@@flow 84: set_db place_detail_use_no_diffusion_one_site_filler      false                        ;
@flow 84: # False to not leave 1-site gaps
@@flow 85: set_db place_detail_filler_gap_min_gap                    0.2
**WARN: (IMPSP-2904):	option place_detail_filler_gap_effort and place_detail_filler_gap_min_gap will be obsolete from next release and is replaced by place_detail_legalization_inst_gap <site>.
@@flow 86: set_db place_detail_filler_gap_effort                     high
**WARN: (IMPSP-2904):	option place_detail_filler_gap_effort and place_detail_filler_gap_min_gap will be obsolete from next release and is replaced by place_detail_legalization_inst_gap <site>.
@@flow 88: set_db place_global_uniform_density                       true                        ;
@flow 88: # Enable even cell distribution for designs with less than 70% utilization
@@flow 90: set_db place_global_place_io_pins               true
@@flow 91: set_db place_detail_use_check_drc               true
@flow 92: #set_db place_detail_color_aware_legal           true
@flow 94: # Tieoff attributes  [get_db -category add_tieoffs]
@flow 95: #-------------------------------------------------------------------------------
@@flow 96: set_db add_tieoffs_cells                        [list TIEHI TIELO]
@flow 97: # tieoff max fanout not honored without this?
@@flow 98: set_db add_tieoffs_max_fanout 32
@flow 100: # Optimization attributes  [get_db -category opt]
@flow 101: #-------------------------------------------------------------------------------
@@flow 102: set_db opt_fix_hold_allow_setup_tns_degradation           true                        ;
@flow 102: # When set to true, allows setup total negative slack to degrade during hold optimization.
@@flow 103: set_db opt_fix_hold_verbose                               true                        ;
@flow 103: # When set to true, display extra info in the log about remaining hold violations.
@@flow 104: set_db opt_new_inst_prefix            "[get_db flow_report_name]_"
@flow 105: # Note, do not use DEL* -cells for hold fixing because of HUGE variation
@@flow 106: set_db opt_fix_hold_lib_cells                   [list  ]
**WARN: (IMPOPT-7140):	The "set_db opt_hold_cells" list is empty
@flow 107: # enable data checks during gigaplace (false by default)
@flow 108: #set_db opt_enable_data_to_data_checks     true
@flow 110: # fix max_fanout / max_load violations, false by default
@@flow 111: set_db opt_fix_fanout_load true
@flow 113: # Clock attributes  [get_db -category cts]
@flow 114: #-------------------------------------------------------------------------------
@@flow 115: set_db cts_top_fanout_threshold                           2000                        ;
@flow 115: # Minimum number of transitive fanout in the clock tree for a net to be routed as a top net
@@flow 116: set_db cts_target_skew                          0.15
@@flow 117: set_db cts_target_max_transition_time           0.10
@@flow 119: set_db cts_buffer_cells                         [list CLKBUFX12 CLKBUFX16 CLKBUFX2 CLKBUFX20 CLKBUFX3 CLKBUFX4 CLKBUFX6 CLKBUFX8]
@@flow 120: set_db cts_inverter_cells                       [list CLKINVX1 CLKINVX12 CLKINVX16 CLKINVX2 CLKINVX20 CLKINVX3 CLKINVX4 CLKINVX6 CLKINVX8]
@@flow 121: set_db cts_clock_gating_cells                   [list TLATNCAX12 TLATNCAX16 TLATNCAX2 TLATNCAX20 TLATNCAX3 TLATNCAX4 TLATNCAX6 TLATNCAX8]
@@flow 122: set_db cts_logic_cells                          [get_db [get_db base_cells CLK*] .name]
@flow 124: #- Route types definitions occur during the "init_floorplan" flow_step
@flow 125: if {[get_db route_types] ne ""} {
@@flow 126: set_db cts_route_type_leaf                     cts_route_type_leaf
@@flow 127: set_db cts_route_type_trunk                    cts_route_type_trunk
@@flow 128: set_db cts_route_type_top                      cts_route_type_top
@flow 129: }
@flow 131: # Only use inverters in clock tree, no buffers
@@flow 132: set_db cts_use_inverters true
@flow 134: # Use max 32 fanout also in CTS
@@flow 135: set_db cts_max_fanout 32
@flow 137: # power balance leakage / dynamic
@flow 138: #-------------------------------------------------------------------------------
@flow 139: # Optimize both leakage & dynamic with same weight
@@flow 140: set_db opt_leakage_to_dynamic_ratio                 0.5
@flow 142: # Filler attributes  [get_db -category add_fillers]
@flow 143: #-------------------------------------------------------------------------------
@flow 144: #set_db add_fillers_avoid_abutment_patterns                "1:1 2:1"                   ;# Avoid 1:1 filler abutment
@@flow 145: set_db add_fillers_cells                        [list  DECAP10 DECAP2 DECAP3 DECAP4 DECAP5 DECAP6 DECAP7 DECAP8 DECAP9  FILL1 FILL16 FILL2 FILL32 FILL4 FILL64 FILL8  ]
@@flow 146: set_db add_fillers_no_single_site_gap true
@flow 147: # Insert fillers to toplevel hierarchy
@@flow 148: set_db add_fillers_cell_name_style                      flat
@flow 150: # Routing attributes  [get_db -category route]
@flow 151: #-------------------------------------------------------------------------------
@@flow 152: set_db route_early_global_bottom_routing_layer            [get_db [get_db layers Metal2] .route_index]
**WARN: (IMPPSP-1003):	Found use of 'route_early_global_bottom_routing_layer'. This will continue to work in this release; however, it is recommended to use 'design_bottom_routing_layer' instead.
@@flow 153: set_db route_early_global_top_routing_layer               [get_db [get_db layers Metal11] .route_index]
**WARN: (IMPPSP-1003):	Found use of 'route_early_global_top_routing_layer'. This will continue to work in this release; however, it is recommended to use 'design_top_routing_layer' instead.
@flow 154: #set_db route_early_global_num_tracks_per_clock_wire     1
@@flow 155: set_db route_early_global_num_tracks_per_clock_wire     5
@flow 157: # Note TL: use only up to M8 in routing
@@flow 158: set_db route_design_bottom_routing_layer                  [get_db [get_db layers Metal2] .route_index]
#WARNING (NRIF-90) Option set_db route_bottom_routing_layer is obsolete. It will continue to work for the current release. To ensure compatibility with future releases, use option set_db design_bottom_routing_layer instead.
@@flow 159: set_db route_design_top_routing_layer                     [get_db [get_db layers Metal11] .route_index]
#WARNING (NRIF-91) Option set_db route_top_routing_layer is obsolete. It will continue to work for the current release. To ensure compatibility with future releases, use option set_db design_top_routing_layer instead.
@@flow 161: set_db route_design_detail_post_route_swap_via          none
#WARNING (NRIF-83) When route_detail_post_route_swap_via is set to 'none', the post route via swapping step will be skipped in all scenarios.
@@flow 162: set_db route_design_with_litho_driven                   true
@@flow 163: set_db route_design_with_timing_driven                  true
@flow 165: # Antenna options
@@flow 166: set_db route_design_antenna_pin_limit                   1000
@@flow 167: set_db route_design_antenna_cell_name                   ANTENNA
@@flow 168: set_db route_design_add_antenna_inst_prefix             "ANTENNA"
@@flow 169: set_db route_design_antenna_diode_insertion             true
@@flow 170: set_db route_design_detail_fix_antenna                  true
@flow 172: #set_db route_design_process_node                        45
@@flow 173: set_db route_design_with_via_in_pin                     1:1 ;
@flow 173: # enclose via inside stdcell pin shape on M1 accesses
@flow 175: # H240 trim grid definition
@flow 176: #set_db route_design_with_trim_metal "-layer 2  #-mask2 {-pitch 0.24 -core_offset 0.225 -width 0.03 }  #-mask2 {-pitch 0.24 -core_offset 0.095 -width 0.03 }  #-mask1 {-pitch 0.24 -core_offset 0.015 -width 0.03 }  #-mask1 {-pitch 0.24 -core_offset 0.145 -width 0.03 }"
@@flow 178: set_db route_design_concurrent_minimize_via_count_effort  high                        ;
@flow 178: # Reduce the via count while routing
@@flow 179: set_db route_design_detail_use_multi_cut_via_effort       high                        ;
@flow 179: # Turn on concurrent double/bar cut routing before CTS
@flow 180: #set_db route_design_with_via_only_for_block_cell_pin      2:2                         ;# Access M2 MACRO pin with VIA only
@flow 182: if {1} {
@flow 183: #	reset_db route_design_detail_use_multi_cut_via_effort                               ;# Turn off concurrent double/bar cut routing
@flow 184: #	eval_legacy {setNanoRouteMode -drouteExpConcurrentMinimizeViaCountCost 64}          ;# Concurrently minimize via count adding via cost
@flow 185: #	set_db route_design_antenna_diode_insertion             true                        ;# Allow diode insertion for Antenna fixing
@@flow 186: set_db route_design_detail_post_route_swap_via          multicut                    ;
#WARNING (NRIF-80) When route_detail_post_route_swap_via is set to 'multiCut', the post route via swapping step will be performed on all nets, and to double cut vias. To swap to DFM vias based on via weight, please set the option to 'true'.
@flow 186: # If postroute double cuts are desired..although the percentage of swap is low for N7
@flow 187: }
@@flow 189: eval_legacy {setNanoRouteMode  -routeExpShieldAddTappingVia true}                     ;
@flow 189: # Add Tapping via for the specified distance for shielding
@flow 191: # Timing ECO attributes [get_db -category opt_signoff] 
@flow 192: #-------------------------------------------------------------------------------
@@flow 193: set_db distributed_child_license_checkout_list          tpsxl
@flow 195: # techniques                                                                    
@flow 196: #set_db opt_signoff_resize_inst  true                                           
@flow 197: #set_db opt_signoff_add_inst true                                               
@flow 198: #set_db opt_signoff_swap_inst true                                              
@flow 199: #set_db opt_signoff_delete_inst true                                            
@flow 200: #set_db opt_signoff_allow_skewing false                                         
@flow 201: #set_db opt_signoff_optimize_sequential_cells false                             
@@flow 202: set_db opt_signoff_optimize_core_only                   true                                    
@flow 203: #set_db opt_signoff_optimize_replicated_modules false                           
@flow 205: # target
@flow 206: #set_db opt_signoff_setup_target_slack 0.0
@flow 207: #set_db opt_signoff_hold_target_slack 0.0 
@flow 209: # Note TL: both false by default
@@flow 210: set_db opt_signoff_fix_si_slew true
@@flow 211: set_db opt_signoff_fix_xtalk   true
@@flow 212: set_db opt_signoff_fix_glitch  true
@flow 214: # Hold fixing
@@flow 215: set_db opt_signoff_fix_hold_allow_setup_optimization      true                        ;
@flow 215: # When set to true, incremental Setup fixing is performed during Hold fixing in order to create more Setup margins on Hold violated nodes that could not be fixed earlier due to Setup timing conflict
@@flow 216: set_db opt_signoff_fix_hold_allow_setup_tns_degrade       true                        ;
@flow 216: # When  specified,  the  Setup Total Negative Slack can be degraded during Hold time violations fixing while still maintaining the Setup Worst Negative Slack in every Setup active views.
@flow 218: # PBA
@@flow 219: set_db opt_signoff_retime                               path_slew_propagation
@flow 220: #set_db opt_signoff_check_type both                 
@flow 221: #set_db opt_signoff_max_paths -1                    
@flow 222: #set_db opt_signoff_nworst -1                       
@flow 223: #set_db opt_signoff_max_slack 0.0                   
@flow 225: # I/OS
@flow 226: #set_db opt_signoff_eco_file_prefix {}
@flow 227: #set_db opt_signoff_partition_list_file {}
@flow 228: #set_db opt_signoff_prefix ESO            
@flow 229: #set_db opt_signoff_read_eco_opt_db {}    
@flow 230: #set_db opt_signoff_write_eco_opt_db ecoTimingDB
@flow 231: #set_db opt_signoff_verbose false               
@flow 232: #set_db opt_signoff_pre_sta_tcl                
#@ End verbose flow_step postroute.report_postroute.init_innovus
      flow.cputime  flow.realtime  timing.setup.tns  timing.setup.wns  snapshot
UM:            3.5              4                                      init_innovus
##FLOW_KIT: enabling features from command line: {report_lec synth_spatial pnr_db_handoff add_scan generate_models opt_signoff}
#@ Begin verbose flow_step postroute.report_postroute.report_area_innovus
@@flow 2: report_summary -no_html -out_dir [file join [get_db flow_report_directory] [get_db flow_report_name]] -out_file [file join [get_db flow_report_directory] [get_db flow_report_name] [get_db flow_report_prefix]qor.rpt]
Start to collect the design information.
Build netlist information for Cell matmul_sync.
Finished collecting the design information.
Generating standard cells used in the design report.
Analyze library ... 
Analyze netlist ... 
Analyze timing ... 
Analyze floorplan/placement ... 
Analyze power intent ... 
Generating power domain pd_aon cell type instance used in the design report.
Analysis Routing ...
Report saved in file reports/postroute/qor.rpt
@@flow 3: report_area  -min_count 1000 -out_file [file join [get_db flow_report_directory] [get_db flow_report_name] [get_db flow_report_prefix]area.summary.rpt]
#@ End verbose flow_step postroute.report_postroute.report_area_innovus
UM: Running design category ...

      flow.cputime  flow.realtime  timing.setup.tns  timing.setup.wns  snapshot
UM:           3.03              3                                      report_area_innovus
##FLOW_KIT: enabling features from command line: {report_lec synth_spatial pnr_db_handoff add_scan generate_models opt_signoff}
#@ Begin verbose flow_step postroute.report_postroute.report_timing_early_innovus
@flow 2: #- Update the timer for hold and write reports
@@flow 3: time_design -expanded_views -hold -report_only -report_dir [file join [get_db flow_report_directory] [get_db flow_report_name]] -report_prefix time_design_expanded_views_hold
*** time_design #1 [begin] () : totSession cpu/real = 0:14:17.3/0:07:07.4 (2.0), mem = 7920.8M
 Reset EOS DB
Ignoring AAE DB Resetting ...
*** Enable all active views. ***
** Profile ** Start :  cpu=0:00:00.0, mem=7764.0M
** Profile ** Other data :  cpu=0:00:00.0, mem=7764.0M
Starting delay calculation for Hold views
AAE_INFO: opIsDesignInPostRouteState() is 1
AAE_INFO: resetNetProps viewIdx 0 
AAE_INFO: resetNetProps viewIdx 1 
AAE_INFO: resetNetProps viewIdx 2 
AAE_INFO: resetNetProps viewIdx 3 
AAE_INFO: resetNetProps viewIdx 4 
AAE_INFO: resetNetProps viewIdx 5 
Starting SI iteration 1 using Infinite Timing Windows
#################################################################################
# Design Stage: PostRoute
# Design Name: matmul_sync
# Design Mode: 45nm
# Analysis Mode: MMMC OCV 
# Parasitics Mode: SPEF/RCDB 
# Signoff Settings: SI On (EWM-WFP)
#################################################################################
Start delay calculation (fullDC) (8 T). (MEM=3759.05)
Reading RCDB with compressed RC data.
AAE_INFO: 8 threads acquired from CTE.
Total number of fetched objects 2435
AAE_INFO: Total number of nets for which stage creation was skipped for all views 0
AAE_INFO-618: Total number of nets in the design is 2438,  100.0 percent of the nets selected for SI analysis
Total number of fetched objects 2435
AAE_INFO: Total number of nets for which stage creation was skipped for all views 0
AAE_INFO-618: Total number of nets in the design is 2438,  100.0 percent of the nets selected for SI analysis
End delay calculation. (MEM=3798.68 CPU=0:00:01.6 REAL=0:00:00.0)
End delay calculation (fullDC). (MEM=3798.68 CPU=0:00:01.8 REAL=0:00:00.0)
Save waveform /home/student/16/ex8/flow_matmul_sync_1/innovus_temp_27575_6da6003e-9d95-4c2c-9b85-76251e3ce69c_ASIC-vm_student_l7kKY8/.AAE_eDlXUf/.AAE_27575_6da6003e-9d95-4c2c-9b85-76251e3ce69c/waveform.data...
Loading CTE timing window with TwFlowType 0...(CPU = 0:00:00.0, REAL = 0:00:00.0, MEM = 3880.8M)
Add other clocks and setupCteToAAEClockMapping during iter 1
Loading CTE timing window is completed (CPU = 0:00:00.1, REAL = 0:00:00.0, MEM = 3881.4M)
Starting SI iteration 2
Start delay calculation (fullDC) (8 T). (MEM=3915.52)
Create and load waveform data /home/student/16/ex8/flow_matmul_sync_1/innovus_temp_27575_6da6003e-9d95-4c2c-9b85-76251e3ce69c_ASIC-vm_student_l7kKY8/.AAE_eDlXUf/.AAE_27575_6da6003e-9d95-4c2c-9b85-76251e3ce69c/waveform.data...
Glitch Analysis: View slow_0p9v_125c_cmax_func -- Total Number of Nets Skipped = 0. 
Glitch Analysis: View slow_0p9v_125c_cmax_func -- Total Number of Nets Analyzed = 0. 
Glitch Analysis: View slow_0p9v_125c_cmax_scan_capture -- Total Number of Nets Skipped = 0. 
Glitch Analysis: View slow_0p9v_125c_cmax_scan_capture -- Total Number of Nets Analyzed = 0. 
Glitch Analysis: View slow_0p9v_125c_cmax_scan_shift -- Total Number of Nets Skipped = 0. 
Glitch Analysis: View slow_0p9v_125c_cmax_scan_shift -- Total Number of Nets Analyzed = 0. 
Total number of fetched objects 2435
AAE_INFO: Total number of nets for which stage creation was skipped for all views 0
AAE_INFO-618: Total number of nets in the design is 2438,  0.3 percent of the nets selected for SI analysis
Glitch Analysis: View fast_1p1v_0c_cmin_func -- Total Number of Nets Skipped = 4. 
Glitch Analysis: View fast_1p1v_0c_cmin_func -- Total Number of Nets Analyzed = 2435. 
Glitch Analysis: View fast_1p1v_0c_cmin_scan_capture -- Total Number of Nets Skipped = 2. 
Glitch Analysis: View fast_1p1v_0c_cmin_scan_capture -- Total Number of Nets Analyzed = 135. 
Glitch Analysis: View fast_1p1v_0c_cmin_scan_shift -- Total Number of Nets Skipped = 2. 
Glitch Analysis: View fast_1p1v_0c_cmin_scan_shift -- Total Number of Nets Analyzed = 135. 
Total number of fetched objects 2435
AAE_INFO: Total number of nets for which stage creation was skipped for all views 0
AAE_INFO-618: Total number of nets in the design is 2438,  1.4 percent of the nets selected for SI analysis
End delay calculation. (MEM=3933.92 CPU=0:00:00.3 REAL=0:00:00.0)
End delay calculation (fullDC). (MEM=3933.92 CPU=0:00:00.3 REAL=0:00:00.0)
*** Done Building Timing Graph (cpu=0:00:03.2 real=0:00:01.0 totSessionCpu=0:14:21 mem=7385.9M)
** Profile ** Overall slacks :  cpu=0:00:03.3, mem=7385.9M
** Profile ** slow_0p9v_125c_cmax_func slacks :  cpu=0:00:00.0, mem=7385.9M
** Profile ** slow_0p9v_125c_cmax_scan_capture slacks :  cpu=0:00:00.0, mem=7385.9M
** Profile ** slow_0p9v_125c_cmax_scan_shift slacks :  cpu=0:00:00.0, mem=7385.9M
** Profile ** fast_1p1v_0c_cmin_func slacks :  cpu=0:00:00.0, mem=7385.9M
** Profile ** fast_1p1v_0c_cmin_scan_capture slacks :  cpu=0:00:00.0, mem=7385.9M
** Profile ** fast_1p1v_0c_cmin_scan_shift slacks :  cpu=0:00:00.0, mem=7385.9M
** Profile ** Total reports :  cpu=0:00:00.1, mem=7385.9M
** Profile ** slow_0p9v_125c_cmax_func reports :  cpu=0:00:00.1, mem=7385.9M
** Profile ** slow_0p9v_125c_cmax_scan_capture reports :  cpu=0:00:00.1, mem=7385.9M
** Profile ** slow_0p9v_125c_cmax_scan_shift reports :  cpu=0:00:00.1, mem=7385.9M
** Profile ** fast_1p1v_0c_cmin_func reports :  cpu=0:00:00.1, mem=7385.9M
** Profile ** fast_1p1v_0c_cmin_scan_capture reports :  cpu=0:00:00.1, mem=7385.9M
** Profile ** fast_1p1v_0c_cmin_scan_shift reports :  cpu=0:00:00.1, mem=7385.9M

OptSummary:

------------------------------------------------------------------
         time_design Summary
------------------------------------------------------------------

Hold views included:
 fast_1p1v_0c_cmin_scan_shift 
 slow_0p9v_125c_cmax_scan_capture

+--------------------+---------+---------+---------+---------+---------+---------+
|     Hold mode      |   all   | reg2reg | in2reg  | reg2out | in2out  | default |
+--------------------+---------+---------+---------+---------+---------+---------+
|           WNS (ns):|  0.039  |  0.039  |  0.958  |  1.117  |   N/A   |  0.041  |
|           TNS (ns):|  0.000  |  0.000  |  0.000  |  0.000  |   N/A   |  0.000  |
|    Violating Paths:|    0    |    0    |    0    |    0    |   N/A   |    0    |
|          All Paths:|   258   |   63    |   129   |   64    |   N/A   |    2    |
+--------------------+---------+---------+---------+---------+---------+---------+
|slow_0p9v_125c_cmax_func
|                    |  1.459  |   N/A   |  1.459  |  2.158  |   N/A   |  0.000  |
|                    |  0.000  |   N/A   |  0.000  |  0.000  |   N/A   |  0.000  |
|                    |    0    |   N/A   |    0    |    0    |   N/A   |    0    |
|                    |   192   |   N/A   |   128   |   64    |   N/A   |    0    |
+--------------------+---------+---------+---------+---------+---------+---------+
|slow_0p9v_125c_cmax_scan_capture
|                    |  0.958  |   N/A   |  0.958  |  1.658  |   N/A   |  0.000  |
|                    |  0.000  |   N/A   |  0.000  |  0.000  |   N/A   |  0.000  |
|                    |    0    |   N/A   |    0    |    0    |   N/A   |    0    |
|                    |   192   |   N/A   |   128   |   64    |   N/A   |    0    |
+--------------------+---------+---------+---------+---------+---------+---------+
|slow_0p9v_125c_cmax_scan_shift
|                    |  0.280  |  0.280  |  0.958  |  1.658  |   N/A   |  0.295  |
|                    |  0.000  |  0.000  |  0.000  |  0.000  |   N/A   |  0.000  |
|                    |    0    |    0    |    0    |    0    |   N/A   |    0    |
|                    |   194   |   63    |   65    |   64    |   N/A   |    2    |
+--------------------+---------+---------+---------+---------+---------+---------+
|fast_1p1v_0c_cmin_func
|                    |  1.474  |   N/A   |  1.474  |  1.617  |   N/A   |  0.000  |
|                    |  0.000  |   N/A   |  0.000  |  0.000  |   N/A   |  0.000  |
|                    |    0    |   N/A   |    0    |    0    |   N/A   |    0    |
|                    |   192   |   N/A   |   128   |   64    |   N/A   |    0    |
+--------------------+---------+---------+---------+---------+---------+---------+
|fast_1p1v_0c_cmin_scan_capture
|                    |  0.974  |   N/A   |  0.974  |  1.117  |   N/A   |  0.000  |
|                    |  0.000  |   N/A   |  0.000  |  0.000  |   N/A   |  0.000  |
|                    |    0    |   N/A   |    0    |    0    |   N/A   |    0    |
|                    |   192   |   N/A   |   128   |   64    |   N/A   |    0    |
+--------------------+---------+---------+---------+---------+---------+---------+
|fast_1p1v_0c_cmin_scan_shift
|                    |  0.039  |  0.039  |  0.977  |  1.117  |   N/A   |  0.041  |
|                    |  0.000  |  0.000  |  0.000  |  0.000  |   N/A   |  0.000  |
|                    |    0    |    0    |    0    |    0    |   N/A   |    0    |
|                    |   194   |   63    |   65    |   64    |   N/A   |    2    |
+--------------------+---------+---------+---------+---------+---------+---------+

Density: 62.462%
       (100.000% with Fillers)
------------------------------------------------------------------
** Profile ** Report data :  cpu=0:00:00.0, mem=7228.0M
Reported timing to dir reports/postroute
Total CPU time: 4.23 sec
Total Real time: 2.0 sec
Total Memory Usage: 7227.953125 Mbytes
Reset AAE Options
*** time_design #1 [finish] () : cpu/real = 0:00:04.2/0:00:01.7 (2.5), totSession cpu/real = 0:14:21.5/0:07:09.1 (2.0), mem = 7228.0M
@flow 5: #- Reports that describe timing health
@@flow 6: report_timing_summary -checks {hold drv} > [file join [get_db flow_report_directory] [get_db flow_report_name] [get_db flow_report_prefix]hold.analysis_summary.rpt]
AAE_INFO: opIsDesignInPostRouteState() is 1
AAE_INFO: resetNetProps viewIdx 0 
AAE_INFO: resetNetProps viewIdx 1 
AAE_INFO: resetNetProps viewIdx 2 
AAE_INFO: resetNetProps viewIdx 3 
AAE_INFO: resetNetProps viewIdx 4 
AAE_INFO: resetNetProps viewIdx 5 
Starting SI iteration 1 using Infinite Timing Windows
#################################################################################
# Design Stage: PostRoute
# Design Name: matmul_sync
# Design Mode: 45nm
# Analysis Mode: MMMC OCV 
# Parasitics Mode: SPEF/RCDB 
# Signoff Settings: SI On (EWM-WFP)
#################################################################################
Start delay calculation (fullDC) (8 T). (MEM=3752.09)
Total number of fetched objects 2435
AAE_INFO: Total number of nets for which stage creation was skipped for all views 0
AAE_INFO-618: Total number of nets in the design is 2438,  100.0 percent of the nets selected for SI analysis
Total number of fetched objects 2435
AAE_INFO: Total number of nets for which stage creation was skipped for all views 0
AAE_INFO-618: Total number of nets in the design is 2438,  100.0 percent of the nets selected for SI analysis
End delay calculation. (MEM=3812.7 CPU=0:00:01.6 REAL=0:00:01.0)
End delay calculation (fullDC). (MEM=3812.7 CPU=0:00:01.8 REAL=0:00:01.0)
Save waveform /home/student/16/ex8/flow_matmul_sync_1/innovus_temp_27575_6da6003e-9d95-4c2c-9b85-76251e3ce69c_ASIC-vm_student_l7kKY8/.AAE_eDlXUf/.AAE_27575_6da6003e-9d95-4c2c-9b85-76251e3ce69c/waveform.data...
Loading CTE timing window with TwFlowType 0...(CPU = 0:00:00.0, REAL = 0:00:00.0, MEM = 3821.1M)
Add other clocks and setupCteToAAEClockMapping during iter 1
Loading CTE timing window is completed (CPU = 0:00:00.0, REAL = 0:00:00.0, MEM = 3821.1M)
Starting SI iteration 2
Start delay calculation (fullDC) (8 T). (MEM=3890.71)
Create and load waveform data /home/student/16/ex8/flow_matmul_sync_1/innovus_temp_27575_6da6003e-9d95-4c2c-9b85-76251e3ce69c_ASIC-vm_student_l7kKY8/.AAE_eDlXUf/.AAE_27575_6da6003e-9d95-4c2c-9b85-76251e3ce69c/waveform.data...
Glitch Analysis: View slow_0p9v_125c_cmax_func -- Total Number of Nets Skipped = 0. 
Glitch Analysis: View slow_0p9v_125c_cmax_func -- Total Number of Nets Analyzed = 0. 
Glitch Analysis: View slow_0p9v_125c_cmax_scan_capture -- Total Number of Nets Skipped = 0. 
Glitch Analysis: View slow_0p9v_125c_cmax_scan_capture -- Total Number of Nets Analyzed = 0. 
Glitch Analysis: View slow_0p9v_125c_cmax_scan_shift -- Total Number of Nets Skipped = 0. 
Glitch Analysis: View slow_0p9v_125c_cmax_scan_shift -- Total Number of Nets Analyzed = 0. 
Total number of fetched objects 2435
AAE_INFO: Total number of nets for which stage creation was skipped for all views 0
AAE_INFO-618: Total number of nets in the design is 2438,  0.3 percent of the nets selected for SI analysis
Glitch Analysis: View fast_1p1v_0c_cmin_func -- Total Number of Nets Skipped = 4. 
Glitch Analysis: View fast_1p1v_0c_cmin_func -- Total Number of Nets Analyzed = 2435. 
Glitch Analysis: View fast_1p1v_0c_cmin_scan_capture -- Total Number of Nets Skipped = 2. 
Glitch Analysis: View fast_1p1v_0c_cmin_scan_capture -- Total Number of Nets Analyzed = 135. 
Glitch Analysis: View fast_1p1v_0c_cmin_scan_shift -- Total Number of Nets Skipped = 2. 
Glitch Analysis: View fast_1p1v_0c_cmin_scan_shift -- Total Number of Nets Analyzed = 135. 
Total number of fetched objects 2435
AAE_INFO: Total number of nets for which stage creation was skipped for all views 0
AAE_INFO-618: Total number of nets in the design is 2438,  1.4 percent of the nets selected for SI analysis
End delay calculation. (MEM=3906.79 CPU=0:00:00.1 REAL=0:00:00.0)
End delay calculation (fullDC). (MEM=3906.79 CPU=0:00:00.1 REAL=0:00:00.0)
@@flow 7: report_timing_summary -checks {hold drv} -expand_views > [file join [get_db flow_report_directory] [get_db flow_report_name] [get_db flow_report_prefix]hold.view_summary.rpt]
@@flow 8: report_timing_summary -checks {hold drv} -expand_views -expand_clocks launch_capture  > [file join [get_db flow_report_directory] [get_db flow_report_name] [get_db flow_report_prefix]hold.group_summary.rpt]
@@flow 9: report_constraint -early -all_violators -drv_violation_type {min_capacitance min_transition min_fanout} > [file join [get_db flow_report_directory] [get_db flow_report_name] [get_db flow_report_prefix]hold.all_violators.rpt]
#@ End verbose flow_step postroute.report_postroute.report_timing_early_innovus
UM: Running hold category ...
**WARN: (TCLCMD-1469):	No timing paths found matching the specified criteria. Empty collection returned.
      flow.cputime  flow.realtime  timing.setup.tns  timing.setup.wns  snapshot
UM:          10.41              6                                      report_timing_early_innovus
##FLOW_KIT: enabling features from command line: {report_lec synth_spatial pnr_db_handoff add_scan generate_models opt_signoff}
#@ Begin verbose flow_step postroute.report_postroute.report_early_paths
@flow 2: #- Reports that show detailed early timing with Graph Based Analysis (GBA)
@@flow 3: report_timing -early -max_paths 5   -nworst 1 -path_type endpoint        > [get_db flow_report_directory]/[get_db flow_report_name]/hold.endpoint.rpt
@@flow 4: report_timing -early -max_paths 1   -nworst 1 -path_type full_clock -net > [get_db flow_report_directory]/[get_db flow_report_name]/hold.worst.rpt
@@flow 5: report_timing -early -max_paths 500 -nworst 1 -path_type full_clock      > [get_db flow_report_directory]/[get_db flow_report_name]/hold.gba.rpt
@flow 7: #- Reports that show detailed timing with Path Based Analysis (PBA)
@flow 8: if {[is_flow -quiet -inside flow:sta]} {...}
#@ End verbose flow_step postroute.report_postroute.report_early_paths
      flow.cputime  flow.realtime  timing.setup.tns  timing.setup.wns  snapshot
UM:           2.94              3                                      report_early_paths
##FLOW_KIT: enabling features from command line: {report_lec synth_spatial pnr_db_handoff add_scan generate_models opt_signoff}
#@ Begin verbose flow_step postroute.report_postroute.report_timing_late_innovus
@flow 2: #- Update the timer for setup and write reports
@@flow 3: time_design -expanded_views -report_only -report_dir [file join [get_db flow_report_directory] [get_db flow_report_name]] -report_prefix time_design_expanded_views
*** time_design #2 [begin] () : totSession cpu/real = 0:14:30.7/0:07:16.1 (2.0), mem = 7385.9M
 Reset EOS DB
Ignoring AAE DB Resetting ...
**WARN: (TCLCMD-1681):	The software has performed a full/partial timing reset. All existing timing path and timing point collection references have been invalidated and may no longer be referenced.
Starting delay calculation for Setup views
AAE_INFO: opIsDesignInPostRouteState() is 1
AAE_INFO: resetNetProps viewIdx 0 
AAE_INFO: resetNetProps viewIdx 1 
AAE_INFO: resetNetProps viewIdx 2 
Starting SI iteration 1 using Infinite Timing Windows
#################################################################################
# Design Stage: PostRoute
# Design Name: matmul_sync
# Design Mode: 45nm
# Analysis Mode: MMMC OCV 
# Parasitics Mode: SPEF/RCDB 
# Signoff Settings: SI On (EWM-WFP)
#################################################################################
Start delay calculation (fullDC) (8 T). (MEM=4069.07)
Total number of fetched objects 2435
AAE_INFO: Total number of nets for which stage creation was skipped for all views 0
AAE_INFO-618: Total number of nets in the design is 2438,  100.0 percent of the nets selected for SI analysis
End delay calculation. (MEM=4105.49 CPU=0:00:00.9 REAL=0:00:00.0)
End delay calculation (fullDC). (MEM=4105.49 CPU=0:00:00.9 REAL=0:00:00.0)
Save waveform /home/student/16/ex8/flow_matmul_sync_1/innovus_temp_27575_6da6003e-9d95-4c2c-9b85-76251e3ce69c_ASIC-vm_student_l7kKY8/.AAE_eDlXUf/.AAE_27575_6da6003e-9d95-4c2c-9b85-76251e3ce69c/waveform.data...
Loading CTE timing window with TwFlowType 0...(CPU = 0:00:00.0, REAL = 0:00:00.0, MEM = 3765.9M)
Add other clocks and setupCteToAAEClockMapping during iter 1
Loading CTE timing window is completed (CPU = 0:00:00.0, REAL = 0:00:00.0, MEM = 3765.9M)
Starting SI iteration 2
Start delay calculation (fullDC) (8 T). (MEM=3862.37)
Create and load waveform data /home/student/16/ex8/flow_matmul_sync_1/innovus_temp_27575_6da6003e-9d95-4c2c-9b85-76251e3ce69c_ASIC-vm_student_l7kKY8/.AAE_eDlXUf/.AAE_27575_6da6003e-9d95-4c2c-9b85-76251e3ce69c/waveform.data...
Glitch Analysis: View slow_0p9v_125c_cmax_func -- Total Number of Nets Skipped = 6. 
Glitch Analysis: View slow_0p9v_125c_cmax_func -- Total Number of Nets Analyzed = 2435. 
Glitch Analysis: View slow_0p9v_125c_cmax_scan_capture -- Total Number of Nets Skipped = 3. 
Glitch Analysis: View slow_0p9v_125c_cmax_scan_capture -- Total Number of Nets Analyzed = 136. 
Glitch Analysis: View slow_0p9v_125c_cmax_scan_shift -- Total Number of Nets Skipped = 3. 
Glitch Analysis: View slow_0p9v_125c_cmax_scan_shift -- Total Number of Nets Analyzed = 136. 
Total number of fetched objects 2435
AAE_INFO: Total number of nets for which stage creation was skipped for all views 0
AAE_INFO-618: Total number of nets in the design is 2438,  22.1 percent of the nets selected for SI analysis
End delay calculation. (MEM=3897.01 CPU=0:00:00.2 REAL=0:00:00.0)
End delay calculation (fullDC). (MEM=3897.01 CPU=0:00:00.3 REAL=0:00:00.0)
*** Done Building Timing Graph (cpu=0:00:02.1 real=0:00:01.0 totSessionCpu=0:14:33 mem=7384.8M)
** Profile ** Start :  cpu=0:00:00.0, mem=7384.8M
** Profile ** Other data :  cpu=0:00:00.0, mem=7377.8M
** Profile ** Overall slacks :  cpu=0:00:00.0, mem=7377.8M
** Profile ** slow_0p9v_125c_cmax_func slacks :  cpu=0:00:00.0, mem=7377.8M
** Profile ** slow_0p9v_125c_cmax_scan_capture slacks :  cpu=0:00:00.0, mem=7377.8M
** Profile ** slow_0p9v_125c_cmax_scan_shift slacks :  cpu=0:00:00.0, mem=7377.8M
** Profile ** Total reports :  cpu=0:00:00.1, mem=7377.8M
** Profile ** slow_0p9v_125c_cmax_func reports :  cpu=0:00:00.1, mem=7377.8M
** Profile ** slow_0p9v_125c_cmax_scan_capture reports :  cpu=0:00:00.1, mem=7377.8M
** Profile ** slow_0p9v_125c_cmax_scan_shift reports :  cpu=0:00:00.1, mem=7377.8M
** INFO: Initializing Glitch Interface
** INFO: Initializing Glitch Interface
** Profile ** DRVs :  cpu=0:00:00.1, mem=7889.8M

OptSummary:

------------------------------------------------------------------
         time_design Summary
------------------------------------------------------------------

Setup views included:
 slow_0p9v_125c_cmax_func slow_0p9v_125c_cmax_scan_capture 
 slow_0p9v_125c_cmax_scan_shift 

+--------------------+---------+---------+---------+---------+---------+---------+
|     Setup mode     |   all   | reg2reg | in2reg  | reg2out | in2out  | default |
+--------------------+---------+---------+---------+---------+---------+---------+
|           WNS (ns):| -0.023  |  9.028  |  1.045  | -0.023  |   N/A   |  0.126  |
|           TNS (ns):| -0.038  |  0.000  |  0.000  | -0.038  |   N/A   |  0.000  |
|    Violating Paths:|    3    |    0    |    0    |    3    |   N/A   |    0    |
|          All Paths:|   258   |   63    |   129   |   64    |   N/A   |    2    |
+--------------------+---------+---------+---------+---------+---------+---------+
|slow_0p9v_125c_cmax_func
|                    | -0.023  |   N/A   |  1.156  | -0.023  |   N/A   |  0.000  |
|                    | -0.038  |   N/A   |  0.000  | -0.038  |   N/A   |  0.000  |
|                    |    3    |   N/A   |    0    |    3    |   N/A   |    0    |
|                    |   192   |   N/A   |   128   |   64    |   N/A   |    0    |
+--------------------+---------+---------+---------+---------+---------+---------+
|slow_0p9v_125c_cmax_scan_capture
|                    |  5.188  |   N/A   |  8.096  |  5.188  |   N/A   |  0.000  |
|                    |  0.000  |   N/A   |  0.000  |  0.000  |   N/A   |  0.000  |
|                    |    0    |   N/A   |    0    |    0    |   N/A   |    0    |
|                    |   192   |   N/A   |   128   |   64    |   N/A   |    0    |
+--------------------+---------+---------+---------+---------+---------+---------+
|slow_0p9v_125c_cmax_scan_shift
|                    |  0.126  |  9.028  |  1.045  |  5.188  |   N/A   |  0.126  |
|                    |  0.000  |  0.000  |  0.000  |  0.000  |   N/A   |  0.000  |
|                    |    0    |    0    |    0    |    0    |   N/A   |    0    |
|                    |   194   |   63    |   65    |   64    |   N/A   |    2    |
+--------------------+---------+---------+---------+---------+---------+---------+

+----------------+-------------------------------+------------------+
|                |              Real             |       Total      |
|    DRVs        +------------------+------------+------------------|
|                |  Nr nets(terms)  | Worst Vio  |  Nr nets(terms)  |
+----------------+------------------+------------+------------------+
|   max_cap      |      0 (0)       |   0.000    |     65 (65)      |
|   max_tran     |      0 (0)       |   0.000    |      0 (0)       |
|   max_fanout   |      0 (0)       |     0      |      0 (0)       |
|   max_length   |      0 (0)       |     0      |      0 (0)       |
+----------------+------------------+------------+------------------+

Density: 62.462%
       (100.000% with Fillers)
------------------------------------------------------------------
** Profile ** Report data :  cpu=0:00:00.0, mem=7889.8M
Reported timing to dir reports/postroute
Total CPU time: 2.78 sec
Total Real time: 9.0 sec
Total Memory Usage: 7889.808594 Mbytes
Reset AAE Options
*** time_design #2 [finish] () : cpu/real = 0:00:02.8/0:00:09.5 (0.3), totSession cpu/real = 0:14:33.5/0:07:25.6 (2.0), mem = 7889.8M
@flow 5: #- Reports that describe timing health
@@flow 6: report_timing_summary -checks {setup drv} > [file join [get_db flow_report_directory] [get_db flow_report_name] [get_db flow_report_prefix]setup.analysis_summary.rpt]
@@flow 7: report_timing_summary -checks {setup drv} -expand_views > [file join [get_db flow_report_directory] [get_db flow_report_name] [get_db flow_report_prefix]setup.view_summary.rpt]
@@flow 8: report_timing_summary -checks {setup drv} -expand_views -expand_clocks launch_capture  > [file join [get_db flow_report_directory] [get_db flow_report_name] [get_db flow_report_prefix]setup.group_summary.rpt]
@@flow 9: report_constraint -late -all_violators -drv_violation_type {max_capacitance max_transition max_fanout} > [file join [get_db flow_report_directory] [get_db flow_report_name] [get_db flow_report_prefix]setup.all_violators.rpt]
@@flow 10: set_metric -name timing.drv.report_file -value [file join [get_db flow_report_name] [get_db flow_report_prefix]setup.all_violators.rpt]
#@ End verbose flow_step postroute.report_postroute.report_timing_late_innovus
UM: Running setup category ...
      flow.cputime  flow.realtime  timing.setup.tns  timing.setup.wns  snapshot
UM:           6.02             12         -0.038 ns         -0.023 ns  report_timing_late_innovus
##FLOW_KIT: enabling features from command line: {report_lec synth_spatial pnr_db_handoff add_scan generate_models opt_signoff}
#@ Begin verbose flow_step postroute.report_postroute.report_late_paths
@flow 2: #- Reports that show detailed timing with Graph Based Analysis (GBA)
@@flow 3: report_timing -max_paths 5   -nworst 1 -path_type endpoint        > [get_db flow_report_directory]/[get_db flow_report_name]/setup.endpoint.rpt
@@flow 4: report_timing -max_paths 1   -nworst 1 -path_type full_clock -net > [get_db flow_report_directory]/[get_db flow_report_name]/setup.worst.rpt
@@flow 5: report_timing -max_paths 500 -nworst 1 -path_type full_clock      > [get_db flow_report_directory]/[get_db flow_report_name]/setup.gba.rpt
@flow 7: #- Reports that show detailed timing with Path Based Analysis (PBA)
@flow 8: if {[is_flow -quiet -inside flow:sta]} {...}
#@ End verbose flow_step postroute.report_postroute.report_late_paths
      flow.cputime  flow.realtime  timing.setup.tns  timing.setup.wns  snapshot
UM:           2.94              2                                      report_late_paths
##FLOW_KIT: enabling features from command line: {report_lec synth_spatial pnr_db_handoff add_scan generate_models opt_signoff}
#@ Begin verbose flow_step postroute.report_postroute.report_clock_timing
@flow 2: #- Reports that check clock implementation
@@flow 3: report_clock_timing -type summary > [file join [get_db flow_report_directory] [get_db flow_report_name] [get_db flow_report_prefix]clock.summary.rpt]
@@flow 4: report_clock_timing -type latency > [file join [get_db flow_report_directory] [get_db flow_report_name] [get_db flow_report_prefix]clock.latency.rpt]
@@flow 5: report_clock_timing -type skew    > [file join [get_db flow_report_directory] [get_db flow_report_name] [get_db flow_report_prefix]clock.skew.rpt]
#@ End verbose flow_step postroute.report_postroute.report_clock_timing
UM: Running clock category ...
Updating ideal nets and annotations...
Clock tree spec update: Ideal nets, transition and delay annotations were updated to match active timing constraints.
Updating ideal nets and annotations done. (took cpu=0:00:00.0 real=0:00:00.0)
No differences between SDC and CTS ideal net status found.
Clock tree timing engine global stage delay update for slow_0p9v_125c_cmax:both.early...
Clock tree timing engine global stage delay update for slow_0p9v_125c_cmax:both.early done. (took cpu=0:00:00.0 real=0:00:00.0)
Clock tree timing engine global stage delay update for slow_0p9v_125c_cmax:both.late...
Clock tree timing engine global stage delay update for slow_0p9v_125c_cmax:both.late done. (took cpu=0:00:00.0 real=0:00:00.0)
Clock tree timing engine global stage delay update for fast_1p1v_0c_cmin:hold.early...
Clock tree timing engine global stage delay update for fast_1p1v_0c_cmin:hold.early done. (took cpu=0:00:00.0 real=0:00:00.0)
Clock tree timing engine global stage delay update for fast_1p1v_0c_cmin:hold.late...
Clock tree timing engine global stage delay update for fast_1p1v_0c_cmin:hold.late done. (took cpu=0:00:00.0 real=0:00:00.0)

Clock DAG stats:
================

-------------------------------------------------------
Cell type                 Count    Area     Capacitance
-------------------------------------------------------
Buffers                     0      0.000       0.000
Inverters                   4      9.576       0.010
Integrated Clock Gates      0      0.000       0.000
Discrete Clock Gates        0      0.000       0.000
Clock Logic                 0      0.000       0.000
All                         4      9.576       0.010
-------------------------------------------------------

Clock DAG miscellaneous counts:
===============================

------------------------------
Type                     Count
------------------------------
Roots                      1
Preserved Ports            0
Multiple Clock Inputs      0
------------------------------


Clock DAG sink counts:
======================

-------------------------
Sink type           Count
-------------------------
Regular              65
Enable Latch          0
Load Capacitance      0
Antenna Diode         0
Node Sink             0
Total                65
-------------------------


Clock DAG wire lengths:
=======================

--------------------
Type     Wire Length
--------------------
Top          0.000
Trunk       51.795
Leaf       225.725
Total      277.520
--------------------


Clock DAG hp wire lengths:
==========================

-----------------------
Type     hp Wire Length
-----------------------
Top           0.000
Trunk        40.910
Leaf        139.355
Total       180.265
-----------------------


Clock DAG capacitances:
=======================

--------------------------------
Type     Gate     Wire     Total
--------------------------------
Top      0.000    0.000    0.000
Trunk    0.010    0.006    0.016
Leaf     0.014    0.029    0.042
Total    0.023    0.035    0.058
--------------------------------


Clock DAG sink capacitances:
============================

-----------------------------------------------
Total    Average    Std. Dev.    Min      Max
-----------------------------------------------
0.014     0.000       0.000      0.000    0.000
-----------------------------------------------


Clock DAG net violations:
=========================

None


Clock DAG primary half-corner transition distribution:
======================================================

--------------------------------------------------------------------------------------------------------------------------------------------------------------
Net Type    Target    Count    Average    Std. Dev.    Min      Max      Distribution                                                              Over Target
--------------------------------------------------------------------------------------------------------------------------------------------------------------
Trunk       0.100       2       0.059       0.007      0.054    0.065    {1 <= 0.060ns, 1 <= 0.080ns, 0 <= 0.090ns, 0 <= 0.095ns, 0 <= 0.100ns}         -
Leaf        0.100       3       0.076       0.003      0.073    0.079    {0 <= 0.060ns, 3 <= 0.080ns, 0 <= 0.090ns, 0 <= 0.095ns, 0 <= 0.100ns}         -
--------------------------------------------------------------------------------------------------------------------------------------------------------------


Clock DAG library cell distribution:
====================================

-------------------------------------------
Name        Type        Inst     Inst Area 
                        Count    (um^2)
-------------------------------------------
CLKINVX6    inverter      4        9.576
-------------------------------------------



Please note that the following tables reflect only the defined clock trees, so the flop counts might not include all flops in your design.

Clock Tree Summary:
===================

---------------------------------------------------------------------------------------------------------------------
Clock Tree  Clock  Bufs  Invs  Other  Max       Max     Max     Max          Standard   Wire   Gate   Clock Tree Root
Name        Gates              Clock  Non-leaf  Leaf    Length  Source-sink  cell area  cap    cap    
                               Cells  Fanout    Fanout  (um)    Resistance   (um^2)     (pF)   (pF)   
                                                                (Ohms)                                
---------------------------------------------------------------------------------------------------------------------
clk_i         0     0     4      0       3        24    43.07     724.108      9.576    0.035  0.023  clk_i
---------------------------------------------------------------------------------------------------------------------

Clock Sink Summary:
===================

-------------------------------------------------------------------------------------------------------------------------------------------
Clock Tree  Explicit      Implicit      Explicit     Implicit     Explicit   Implicit   Posedge  Negedge  Memory  Enable  Non enable  Other
Name        exclude pins  exclude pins  ignore pins  ignore pins  stop pins  stop pins  Flops    Flops    Clock   Latch   Latch       Sinks
                                                                                                          Pins    Sinks   Sinks       
-------------------------------------------------------------------------------------------------------------------------------------------
clk_i            0             0             0            0           0          0        64        0       0       0         1         0
-------------------------------------------------------------------------------------------------------------------------------------------

Summary across all clock trees:
===============================

-----------------------------------------------------------------------------------------------------------
Clock  Bufs  Invs  Other  Max       Average   Max     Average  Max     Max          Standard   Wire   Gate
Gates              Clock  Non-leaf  Non-leaf  Leaf    Leaf     Length  Source-sink  cell area  cap    cap
                   Cells  Fanout    Fanout    Fanout  Fanout   (um)    Resistance   (um^2)     (pF)   (pF)
                                                                       (Ohms)                         
-----------------------------------------------------------------------------------------------------------
  0     0     4      0       3         2        24    21.6667  43.070    72.411       9.576    0.035  0.023
-----------------------------------------------------------------------------------------------------------

Clock Sink Summary across all clock trees:
==========================================

-------------------------------------------------------------------------------------------------------------------------------
Explicit      Implicit      Explicit     Implicit     Explicit   Implicit   Posedge  Negedge  Memory  Enable  Non enable  Other
exclude pins  exclude pins  ignore pins  ignore pins  stop pins  stop pins  Flops    Flops    Clock   Latch   Latch       Sinks
                                                                                              Pins    Sinks   Sinks       
-------------------------------------------------------------------------------------------------------------------------------
     0             0             0            0           0          0        64        0       0       0         1         0
-------------------------------------------------------------------------------------------------------------------------------

Physical metrics across all clock trees:
========================================

-----------------------------------------------------------------------
Metric                               Minimum  Average  Maximum  Std.dev
-----------------------------------------------------------------------
Source-sink routed net length (um)   10.155   34.173   43.070   12.139
Source-sink manhattan distance (um)  10.280   32.912   39.525   11.364
Source-sink resistance (Ohm)         20.549   51.369   72.411   18.051
-----------------------------------------------------------------------

Transition distribution for half-corner slow_0p9v_125c_cmax:both.late:
======================================================================

--------------------------------------------------------------------------------------------------------------------------------------------------------------
Net Type    Target    Count    Average    Std. Dev.    Min      Max      Distribution                                                              Over Target
--------------------------------------------------------------------------------------------------------------------------------------------------------------
Trunk       0.100       2       0.059       0.007      0.054    0.065    {1 <= 0.060ns, 1 <= 0.080ns, 0 <= 0.090ns, 0 <= 0.095ns, 0 <= 0.100ns}         -
Leaf        0.100       3       0.076       0.003      0.073    0.079    {0 <= 0.060ns, 3 <= 0.080ns, 0 <= 0.090ns, 0 <= 0.095ns, 0 <= 0.100ns}         -
--------------------------------------------------------------------------------------------------------------------------------------------------------------

Count of violations across all clock trees:
===========================================

---------------------------------------------------------------------------------------
Clock Tree  # Max capacitance  # Max resistance  # Max length  # Max fanout  # Slew
Name        violations         violations        violations    violations    violations
---------------------------------------------------------------------------------------
clk_i               0                 0               0             0            0
---------------------------------------------------------------------------------------
Total               0                 0               0             0            0
---------------------------------------------------------------------------------------

Note the above table per clock tree is based on CCOpt clock tree view. The violations are counted across half corners.

Found a total of 0 clock tree pins with max capacitance violations.
Found a total of 0 clock tree nets with max resistance violations.
Found a total of 0 clock tree nets with max length violations.
Found a total of 0 clock tree nets with max fanout violations.
Found a total of 0 clock tree pins with a slew violation.

Clock Timing Summary:
=====================

Target and measured clock slews (in ns):

-----------------------------------------------------------------------------------------------------------------------------------------------------
Clock tree  Timing Corner                   Worst Rising  Worst Falling  Worst Rising  Worst Falling  Leaf Slew    Leaf Slew  Trunk Slew   Trunk Slew
                                            Leaf Slew     Leaf Slew      Trunk Slew    Trunk Slew     Target Type  Target     Target Type  Target
-----------------------------------------------------------------------------------------------------------------------------------------------------
clk_i       slow_0p9v_125c_cmax:both.early     0.064          0.078         0.049          0.059      ignored          -      ignored          -
clk_i       slow_0p9v_125c_cmax:both.late      0.065          0.079         0.054          0.065      explicit      0.100     explicit      0.100
clk_i       fast_1p1v_0c_cmin:hold.early       0.023          0.024         0.033          0.039      ignored          -      ignored          -
clk_i       fast_1p1v_0c_cmin:hold.late        0.024          0.025         0.061          0.066      ignored          -      ignored          -
-----------------------------------------------------------------------------------------------------------------------------------------------------

* - indicates that target was not met.

auto extracted - target was extracted from SDC.
auto computed - target was computed when balancing trees.

Total Transition Slacks Summary:
================================

-------------------------------------------------------------------------------------------------
Total       Total Leaf    Total        Total Leaf    Mean        Median      Std.Dev     Worst
Overslew    Overslew      Underslew    Underslew     Overslew    Overslew    Overslew    Overslew
-------------------------------------------------------------------------------------------------
 0.000        0.000        -0.153        -0.072       0.000       0.000       0.000       0.000
-------------------------------------------------------------------------------------------------

Transition times measured in the half-corner slow_0p9v_125c_cmax:both.late

Top Underslews:

-------------------------------------
Driving node           Underslew (ns)
-------------------------------------
clk_i                      -0.046
CTS_ccl_a_inv_00012        -0.035
CTS_ccl_a_inv_00009        -0.027
CTS_ccl_a_inv_00007        -0.024
CTS_ccl_a_inv_00008        -0.021
-------------------------------------


      flow.cputime  flow.realtime  timing.setup.tns  timing.setup.wns  snapshot
UM:           2.94              3                                      report_clock_timing
##FLOW_KIT: enabling features from command line: {report_lec synth_spatial pnr_db_handoff add_scan generate_models opt_signoff}
#@ Begin verbose flow_step postroute.report_postroute.report_power_innovus
@@flow 2: report_power -no_wrap -out_file [file join [get_db flow_report_directory] [get_db flow_report_name] [get_db flow_report_prefix]power.all.rpt]
env CDS_WORKAREA is set to /home/student/16/ex8/flow_matmul_sync_1

Power Net Detected:
        Voltage	    Name
           0.9V	    VDD
             0V	    VSS
Using Power View slow_0p9v_125c_cmax_func
.
Load RC corner of view slow_0p9v_125c_cmax_func

Begin Power Analysis

           0.9V	    VDD
             0V	    VSS

Begin Processing Timing Library for Power Calculation

Ended Processing Timing Library for Power Calculation: (cpu=0:00:00, real=0:00:01, mem(process/total/peak)=4103.71MB/9820.80MB/5804.66MB)



Begin Processing Power Net/Grid for Power Calculation

Ended Processing Power Net/Grid for Power Calculation: (cpu=0:00:00, real=0:00:01, mem(process/total/peak)=4103.71MB/9820.80MB/5804.66MB)

Begin Processing Timing Window Data for Power Calculation

clk_i_virtual(200MHz) clk_i(200MHz) CK: assigning clock clk_i to net clk_i
Ended Processing Timing Window Data for Power Calculation: (cpu=0:00:00, real=0:00:01, mem(process/total/peak)=4103.79MB/9820.80MB/5804.66MB)

Begin Processing User Attributes

Ended Processing User Attributes: (cpu=0:00:00, real=0:00:01, mem(process/total/peak)=4103.79MB/9820.80MB/5804.66MB)

Begin Processing Signal Activity


Starting Levelizing
2025-Nov-14 15:13:24 (2025-Nov-14 13:13:24 GMT)
2025-Nov-14 15:13:24 (2025-Nov-14 13:13:24 GMT): 10%
2025-Nov-14 15:13:24 (2025-Nov-14 13:13:24 GMT): 20%
2025-Nov-14 15:13:24 (2025-Nov-14 13:13:24 GMT): 30%
2025-Nov-14 15:13:24 (2025-Nov-14 13:13:24 GMT): 40%
2025-Nov-14 15:13:24 (2025-Nov-14 13:13:24 GMT): 50%
2025-Nov-14 15:13:24 (2025-Nov-14 13:13:24 GMT): 60%
2025-Nov-14 15:13:24 (2025-Nov-14 13:13:24 GMT): 70%
2025-Nov-14 15:13:24 (2025-Nov-14 13:13:24 GMT): 80%
2025-Nov-14 15:13:24 (2025-Nov-14 13:13:24 GMT): 90%

Finished Levelizing
2025-Nov-14 15:13:24 (2025-Nov-14 13:13:24 GMT)

Starting Activity Propagation
2025-Nov-14 15:13:24 (2025-Nov-14 13:13:24 GMT)
2025-Nov-14 15:13:24 (2025-Nov-14 13:13:24 GMT): 10%
2025-Nov-14 15:13:24 (2025-Nov-14 13:13:24 GMT): 20%
2025-Nov-14 15:13:24 (2025-Nov-14 13:13:24 GMT): 30%

Finished Activity Propagation
2025-Nov-14 15:13:24 (2025-Nov-14 13:13:24 GMT)
Ended Processing Signal Activity: (cpu=0:00:00, real=0:00:01, mem(process/total/peak)=4106.30MB/9820.80MB/5804.66MB)

Begin Power Computation

      ----------------------------------------------------------
      # of cell(s) missing both power/leakage table: 0
      # of cell(s) missing power table: 1
      # of cell(s) missing leakage table: 0
      ----------------------------------------------------------
CellName                                  Missing Table(s)
TIEHI                                     internal power, 



Starting Calculating power
2025-Nov-14 15:13:26 (2025-Nov-14 13:13:26 GMT)
2025-Nov-14 15:13:26 (2025-Nov-14 13:13:26 GMT): 10%
2025-Nov-14 15:13:26 (2025-Nov-14 13:13:26 GMT): 20%
2025-Nov-14 15:13:26 (2025-Nov-14 13:13:26 GMT): 30%
2025-Nov-14 15:13:26 (2025-Nov-14 13:13:26 GMT): 40%
2025-Nov-14 15:13:26 (2025-Nov-14 13:13:26 GMT): 50%
2025-Nov-14 15:13:26 (2025-Nov-14 13:13:26 GMT): 60%
2025-Nov-14 15:13:26 (2025-Nov-14 13:13:26 GMT): 70%
2025-Nov-14 15:13:26 (2025-Nov-14 13:13:26 GMT): 80%
2025-Nov-14 15:13:26 (2025-Nov-14 13:13:26 GMT): 90%

Finished Calculating power
2025-Nov-14 15:13:26 (2025-Nov-14 13:13:26 GMT)
      # of MSMV cell(s) missing power_level: 0
Ended Power Computation: (cpu=0:00:00, real=0:00:01, mem(process/total/peak)=4112.46MB/9869.83MB/5804.66MB)

Begin Processing User Attributes

Begin Processing set_power
Ended Processing set_power: (cpu=0:00:00, real=0:00:01,
mem(process/total/peak)=4112.46MB/9869.83MB/5804.66MB)
Ended Processing User Attributes: (cpu=0:00:00, real=0:00:03, mem(process/total/peak)=4112.46MB/9869.83MB/5804.66MB)

Ended Power Analysis: (cpu=0:00:00, real=0:00:17, mem(process/total/peak)=4112.46MB/9869.83MB/5804.66MB)

Begin Boundary Leakage Calculation
Ended Boundary Leakage Calculation: (cpu=0:00:00, real=0:00:01,
mem(process/total/peak)=4114.01MB/9869.83MB/5804.66MB)
Begin Static Power Report Generation
*



Total Power
-----------------------------------------------------------------------------------------
Total Internal Power:        0.28938378 	   59.9089%
Total Switching Power:       0.19344824 	   40.0481%
Total Leakage Power:         0.00020806 	    0.0431%
Total Power:                 0.48304008
-----------------------------------------------------------------------------------------
** INFO:  (VOLTUS_POWR-3465): There are 0 decaps and 0 fillers in the design

Ended Static Power Report Generation: (cpu=0:00:00, real=0:00:01,
mem(process/total/peak)=4114.54MB/9869.83MB/5804.66MB)


Output file is reports/postroute/power.all.rpt
#@ End verbose flow_step postroute.report_postroute.report_power_innovus
UM: Running power category ...
      flow.cputime  flow.realtime  timing.setup.tns  timing.setup.wns  snapshot
UM:           3.18             26                                      report_power_innovus
##FLOW_KIT: enabling features from command line: {report_lec synth_spatial pnr_db_handoff add_scan generate_models opt_signoff}
#@ Begin verbose flow_step postroute.report_postroute.report_route_process
@flow 2: #- Reports that process rules
@flow 3: check_process_antenna -out_file [file join [get_db flow_report_directory] [get_db flow_report_name] [get_db flow_report_prefix]route.antenna.rpt]
**WARN: (IMPVPA-120):	check_process_antenna command is obsolete and should not be used any more. It still works in this release but will be removed in future release. You should change to use check_antenna which is the replacement tool for check_process_antenna.

******* START VERIFY ANTENNA ********
Report File: reports/postroute/route.antenna.rpt
LEF Macro File: matmul_sync.antenna.lef
Verification Complete: 0 Violations
******* DONE VERIFY ANTENNA ********
(CPU Time: 0:00:00.1  MEM: 0.000M)

@@flow 4: check_filler -out_file [file join [get_db flow_report_directory] [get_db flow_report_name] [get_db flow_report_prefix]route.filler.rpt]
*INFO: Total number of padded cell violations: 0
*INFO: Total number of gaps found: 0
@@flow 5: set_metric -name check.drc.antenna.report_file -value [file join [get_db flow_report_name] [get_db flow_report_prefix]route.antenna.rpt]
#@ End verbose flow_step postroute.report_postroute.report_route_process
      flow.cputime  flow.realtime  timing.setup.tns  timing.setup.wns  snapshot
UM:           3.27              3                                      report_route_process
##FLOW_KIT: enabling features from command line: {report_lec synth_spatial pnr_db_handoff add_scan generate_models opt_signoff}
#@ Begin verbose flow_step postroute.report_postroute.report_route_drc
@flow 2: #- Reports that check signal routing
@flow 3: if {[is_flow -inside flow:report_floorplan]} {...
@flow 5: } else {
@@flow 6: check_drc -check_only special -out_file [file join [get_db flow_report_directory] [get_db flow_report_name] [get_db flow_report_prefix]route.special.drc.rpt]
#-check_only special                     # enums={all regular special selected_net selected cell default}, default=regular+special, user setting
#-check_same_via_cell true               # bool, default=false, user setting
#-report reports/postroute/route.special.drc.rpt # string, default="", user setting
 *** Starting Verify DRC (MEM: 8007.7) ***

  VERIFY DRC ...... Starting Verification
  VERIFY DRC ...... Initializing
  VERIFY DRC ...... Deleting Existing Violations
  VERIFY DRC ...... Creating Sub-Areas
**WARN: (IMPVFG-1198):	The number of CPUs requested 8 is larger than that check_drc used 4. In Multithreading mode, the number of CPUs check_drc used is not larger than the number of subareas.
 Use 'set_multi_cpu_usage -local_cpu' to specify the less cup number if the verify area is not large.
  VERIFY DRC ...... Using new threading
 VERIFY DRC ...... Thread : 1 finished.
 VERIFY DRC ...... Thread : 3 finished.
 VERIFY DRC ...... Thread : 0 finished.
 VERIFY DRC ...... Thread : 2 finished.

  Verification Complete : 312 Viols.

 Violation Summary By Layer and Type:

	         AdjCut   Totals
	Via3         28       28
	Via4         28       28
	Via5         28       28
	Via6         52       52
	Via7         52       52
	Via8         52       52
	Via9         72       72
	Totals      312      312

 *** End Verify DRC (CPU TIME: 0:00:00.4  ELAPSED TIME: 0:00:02.0  MEM: -16.0M) ***

@@flow 7: check_drc -check_only regular -out_file [file join [get_db flow_report_directory] [get_db flow_report_name] [get_db flow_report_prefix]route.regular.drc.rpt]
#-check_only regular                     # enums={all regular special selected_net selected cell default}, default=regular+special, user setting
#-check_same_via_cell true               # bool, default=false, user setting
#-report reports/postroute/route.regular.drc.rpt # string, default="", user setting
 *** Starting Verify DRC (MEM: 7991.7) ***

  VERIFY DRC ...... Starting Verification
  VERIFY DRC ...... Initializing
  VERIFY DRC ...... Deleting Existing Violations
  VERIFY DRC ...... Creating Sub-Areas
**WARN: (IMPVFG-1198):	The number of CPUs requested 8 is larger than that check_drc used 4. In Multithreading mode, the number of CPUs check_drc used is not larger than the number of subareas.
 Use 'set_multi_cpu_usage -local_cpu' to specify the less cup number if the verify area is not large.
  VERIFY DRC ...... Using new threading
 VERIFY DRC ...... Thread : 0 finished.
 VERIFY DRC ...... Thread : 2 finished.
 VERIFY DRC ...... Thread : 1 finished.
 VERIFY DRC ...... Thread : 3 finished.

  Verification Complete : 495 Viols.

 Violation Summary By Layer and Type:

	          ViaIP   MetSpc   Totals
	Metal1      381      113      494
	Metal2        0        1        1
	Totals      381      114      495

 *** End Verify DRC (CPU TIME: 0:00:00.4  ELAPSED TIME: 0:00:03.0  MEM: 0.0M) ***

@@flow 8: check_connectivity -out_file [file join [get_db flow_report_directory] [get_db flow_report_name] [get_db flow_report_prefix]route.open.rpt]
VERIFY_CONNECTIVITY use new engine.

******** Start: VERIFY CONNECTIVITY ********
Start Time: Fri Nov 14 15:13:47 2025

Design Name: matmul_sync
Database Units: 2000
Design Boundary: (0.0000, 0.0000) (101.0000, 102.6000)
Error Limit = 1000; Warning Limit = 50
Check all nets
Use 8 pthreads
Net VDD: has special routes with opens, dangling Wire.
Net VSS: has special routes with opens.
**WARN: (IMPVFC-3):	Verify Connectivity stopped: Number of errors exceeds the limit 1000
Type 'man IMPVFC-3' for more detail.

Begin Summary 
    29 Problem(s) (IMPVFC-200): Special Wires: Pieces of the net are not connected together.
    971 Problem(s) (IMPVFC-94): The net has dangling wire(s).
    1000 total info(s) created.
End Summary

End Time: Fri Nov 14 15:13:47 2025
Time Elapsed: 0:00:00.0

******** End: VERIFY CONNECTIVITY ********
  Verification Complete : 1000 Viols.  0 Wrngs.
  (CPU Time: 0:00:00.2  MEM: 16.000M)

@flow 9: }
@@flow 10: set_metric -name check.drc.report_file -value [file join [get_db flow_report_name] [get_db flow_report_prefix]route.drc.rpt]
#@ End verbose flow_step postroute.report_postroute.report_route_drc
UM: Running route category ...
      flow.cputime  flow.realtime  timing.setup.tns  timing.setup.wns  snapshot
UM:           3.89              7                                      report_route_drc
##FLOW_KIT: enabling features from command line: {report_lec synth_spatial pnr_db_handoff add_scan generate_models opt_signoff}
#@ Begin verbose flow_step postroute.report_postroute.report_route_density
@@flow 2: check_metal_density -report [file join [get_db flow_report_directory] [get_db flow_report_name] [get_db flow_report_prefix]route.metal_density.rpt]

******** Start: VERIFY DENSITY ********
**WARN: (IMPVMD-42):	Area box width is less than window size for layer "Metal1".
**WARN: (IMPVMD-43):	Window size and window step are changed to area box width."Metal1".
**WARN: (IMPVMD-44):	Area box height is less than window size for layer "Metal1".
**WARN: (IMPVMD-45):	Window size and window step are changed to area box height."Metal1".
**WARN: (IMPVMD-42):	Area box width is less than window size for layer "Metal2".
**WARN: (IMPVMD-43):	Window size and window step are changed to area box width."Metal2".
**WARN: (IMPVMD-44):	Area box height is less than window size for layer "Metal2".
**WARN: (IMPVMD-45):	Window size and window step are changed to area box height."Metal2".
**WARN: (IMPVMD-42):	Area box width is less than window size for layer "Metal3".
**WARN: (IMPVMD-43):	Window size and window step are changed to area box width."Metal3".
**WARN: (IMPVMD-44):	Area box height is less than window size for layer "Metal3".
**WARN: (IMPVMD-45):	Window size and window step are changed to area box height."Metal3".
**WARN: (IMPVMD-42):	Area box width is less than window size for layer "Metal4".
**WARN: (IMPVMD-43):	Window size and window step are changed to area box width."Metal4".
**WARN: (IMPVMD-44):	Area box height is less than window size for layer "Metal4".
**WARN: (IMPVMD-45):	Window size and window step are changed to area box height."Metal4".
**WARN: (IMPVMD-42):	Area box width is less than window size for layer "Metal5".
**WARN: (IMPVMD-43):	Window size and window step are changed to area box width."Metal5".
**WARN: (IMPVMD-44):	Area box height is less than window size for layer "Metal5".
**WARN: (IMPVMD-45):	Window size and window step are changed to area box height."Metal5".
**WARN: (IMPVMD-42):	Area box width is less than window size for layer "Metal6".
**WARN: (IMPVMD-43):	Window size and window step are changed to area box width."Metal6".
**WARN: (IMPVMD-44):	Area box height is less than window size for layer "Metal6".
**WARN: (IMPVMD-45):	Window size and window step are changed to area box height."Metal6".
**WARN: (IMPVMD-42):	Area box width is less than window size for layer "Metal7".
**WARN: (IMPVMD-43):	Window size and window step are changed to area box width."Metal7".
**WARN: (IMPVMD-44):	Area box height is less than window size for layer "Metal7".
**WARN: (IMPVMD-45):	Window size and window step are changed to area box height."Metal7".
**WARN: (IMPVMD-42):	Area box width is less than window size for layer "Metal8".
**WARN: (IMPVMD-43):	Window size and window step are changed to area box width."Metal8".
**WARN: (IMPVMD-44):	Area box height is less than window size for layer "Metal8".
**WARN: (IMPVMD-45):	Window size and window step are changed to area box height."Metal8".
**WARN: (IMPVMD-42):	Area box width is less than window size for layer "Metal9".
**WARN: (IMPVMD-43):	Window size and window step are changed to area box width."Metal9".
**WARN: (IMPVMD-44):	Area box height is less than window size for layer "Metal9".
**WARN: (IMPVMD-45):	Window size and window step are changed to area box height."Metal9".
**WARN: (IMPVMD-42):	Area box width is less than window size for layer "Metal10".
**WARN: (IMPVMD-43):	Window size and window step are changed to area box width."Metal10".
**WARN: (IMPVMD-44):	Area box height is less than window size for layer "Metal10".
**WARN: (IMPVMD-45):	Window size and window step are changed to area box height."Metal10".
**WARN: (IMPVMD-42):	Area box width is less than window size for layer "Metal11".
**WARN: (IMPVMD-43):	Window size and window step are changed to area box width."Metal11".
**WARN: (IMPVMD-44):	Area box height is less than window size for layer "Metal11".
**WARN: (IMPVMD-45):	Window size and window step are changed to area box height."Metal11".
Multi-CPU acceleration using 8 CPU(s).
Density calculation ...... Slot :   0 of   1 Thread : 0

Densities of non-overlapping windows have been saved in FE DB.

A total of 9 density violation(s).
Windows < Min. Density = 9
Windows > Max. Density = 0
Windows < Min. Union. Density = 0
Windows > Max. Union. Density = 0

******** End: VERIFY DENSITY ********
VMD: elapsed time: 0.00
     (CPU Time: 0:00:00.1  MEM: 0.000M)

@@flow 3: check_cut_density -out_file [file join [get_db flow_report_directory] [get_db flow_report_name] [get_db flow_report_prefix]route.cut_density.rpt]

******** Start: VERIFY CUT DENSITY ********
**WARN: (IMPVMD-84):	Maximum window density for layer "Cont" is missing. Using default value 30.0.
**WARN: (IMPVMD-83):	Minimum window density for layer "Cont" is missing. Using default value 0.000000.
**WARN: (IMPVMD-85):	Window size (width) for layer "Cont" is missing. Using default value 10.
**WARN: (IMPVMD-86):	Window size (height) for layer "Cont" is missing. Using default value 10.
**WARN: (IMPVMD-87):	Window step (horizontal) for layer "Cont" is missing. Using default value 5.
**WARN: (IMPVMD-88):	Window step (vertical) for layer "Cont" is missing. Using default value 5.
**WARN: (IMPVMD-84):	Maximum window density for layer "Via1" is missing. Using default value 30.0.
**WARN: (IMPVMD-83):	Minimum window density for layer "Via1" is missing. Using default value 0.009800.
**WARN: (IMPVMD-85):	Window size (width) for layer "Via1" is missing. Using default value 10.
**WARN: (IMPVMD-86):	Window size (height) for layer "Via1" is missing. Using default value 10.
**WARN: (IMPVMD-87):	Window step (horizontal) for layer "Via1" is missing. Using default value 5.
**WARN: (IMPVMD-88):	Window step (vertical) for layer "Via1" is missing. Using default value 5.
**WARN: (IMPVMD-84):	Maximum window density for layer "Via2" is missing. Using default value 30.0.
**WARN: (IMPVMD-83):	Minimum window density for layer "Via2" is missing. Using default value 0.009800.
**WARN: (IMPVMD-85):	Window size (width) for layer "Via2" is missing. Using default value 10.
**WARN: (IMPVMD-86):	Window size (height) for layer "Via2" is missing. Using default value 10.
**WARN: (IMPVMD-87):	Window step (horizontal) for layer "Via2" is missing. Using default value 5.
**WARN: (IMPVMD-88):	Window step (vertical) for layer "Via2" is missing. Using default value 5.
**WARN: (IMPVMD-84):	Maximum window density for layer "Via3" is missing. Using default value 30.0.
**WARN: (IMPVMD-83):	Minimum window density for layer "Via3" is missing. Using default value 0.009800.
**WARN: (IMPVMD-85):	Window size (width) for layer "Via3" is missing. Using default value 10.
**WARN: (IMPVMD-86):	Window size (height) for layer "Via3" is missing. Using default value 10.
**WARN: (IMPVMD-87):	Window step (horizontal) for layer "Via3" is missing. Using default value 5.
**WARN: (IMPVMD-88):	Window step (vertical) for layer "Via3" is missing. Using default value 5.
**WARN: (IMPVMD-84):	Maximum window density for layer "Via4" is missing. Using default value 30.0.
**WARN: (IMPVMD-83):	Minimum window density for layer "Via4" is missing. Using default value 0.009800.
**WARN: (IMPVMD-85):	Window size (width) for layer "Via4" is missing. Using default value 10.
**WARN: (IMPVMD-86):	Window size (height) for layer "Via4" is missing. Using default value 10.
**WARN: (IMPVMD-87):	Window step (horizontal) for layer "Via4" is missing. Using default value 5.
**WARN: (IMPVMD-88):	Window step (vertical) for layer "Via4" is missing. Using default value 5.
**WARN: (IMPVMD-84):	Maximum window density for layer "Via5" is missing. Using default value 30.0.
**WARN: (IMPVMD-83):	Minimum window density for layer "Via5" is missing. Using default value 0.009800.
**WARN: (IMPVMD-85):	Window size (width) for layer "Via5" is missing. Using default value 10.
**WARN: (IMPVMD-86):	Window size (height) for layer "Via5" is missing. Using default value 10.
**WARN: (IMPVMD-87):	Window step (horizontal) for layer "Via5" is missing. Using default value 5.
**WARN: (IMPVMD-88):	Window step (vertical) for layer "Via5" is missing. Using default value 5.
**WARN: (IMPVMD-84):	Maximum window density for layer "Via6" is missing. Using default value 30.0.
**WARN: (IMPVMD-83):	Minimum window density for layer "Via6" is missing. Using default value 0.009800.
**WARN: (IMPVMD-85):	Window size (width) for layer "Via6" is missing. Using default value 10.
**WARN: (IMPVMD-86):	Window size (height) for layer "Via6" is missing. Using default value 10.
**WARN: (IMPVMD-87):	Window step (horizontal) for layer "Via6" is missing. Using default value 5.
**WARN: (IMPVMD-88):	Window step (vertical) for layer "Via6" is missing. Using default value 5.
**WARN: (IMPVMD-84):	Maximum window density for layer "Via7" is missing. Using default value 30.0.
**WARN: (IMPVMD-83):	Minimum window density for layer "Via7" is missing. Using default value 0.009800.
**WARN: (IMPVMD-85):	Window size (width) for layer "Via7" is missing. Using default value 10.
**WARN: (IMPVMD-86):	Window size (height) for layer "Via7" is missing. Using default value 10.
**WARN: (IMPVMD-87):	Window step (horizontal) for layer "Via7" is missing. Using default value 5.
**WARN: (IMPVMD-88):	Window step (vertical) for layer "Via7" is missing. Using default value 5.
**WARN: (IMPVMD-84):	Maximum window density for layer "Via8" is missing. Using default value 30.0.
**WARN: (IMPVMD-83):	Minimum window density for layer "Via8" is missing. Using default value 0.009800.
**WARN: (IMPVMD-85):	Window size (width) for layer "Via8" is missing. Using default value 10.
**WARN: (IMPVMD-86):	Window size (height) for layer "Via8" is missing. Using default value 10.
**WARN: (IMPVMD-87):	Window step (horizontal) for layer "Via8" is missing. Using default value 5.
**WARN: (IMPVMD-88):	Window step (vertical) for layer "Via8" is missing. Using default value 5.
**WARN: (IMPVMD-84):	Maximum window density for layer "Via9" is missing. Using default value 30.0.
**WARN: (IMPVMD-83):	Minimum window density for layer "Via9" is missing. Using default value 0.064800.
**WARN: (IMPVMD-85):	Window size (width) for layer "Via9" is missing. Using default value 10.
**WARN: (IMPVMD-86):	Window size (height) for layer "Via9" is missing. Using default value 10.
**WARN: (IMPVMD-87):	Window step (horizontal) for layer "Via9" is missing. Using default value 5.
**WARN: (IMPVMD-88):	Window step (vertical) for layer "Via9" is missing. Using default value 5.
**WARN: (IMPVMD-84):	Maximum window density for layer "Via10" is missing. Using default value 30.0.
**WARN: (IMPVMD-83):	Minimum window density for layer "Via10" is missing. Using default value 0.064800.
**WARN: (IMPVMD-85):	Window size (width) for layer "Via10" is missing. Using default value 10.
**WARN: (IMPVMD-86):	Window size (height) for layer "Via10" is missing. Using default value 10.
**WARN: (IMPVMD-87):	Window step (horizontal) for layer "Via10" is missing. Using default value 5.
**WARN: (IMPVMD-88):	Window step (vertical) for layer "Via10" is missing. Using default value 5.
***

A total of 724 density violation(s).
Windows < Min. Density = 724
Windows > Max. Density = 0
Windows < Min. Union. Density = 0
Windows > Max. Union. Density = 0

******** End: VERIFY CUT DENSITY ********
VCD: elapsed time: 0.00
     (CPU Time: 0:00:00.0  MEM: 0.000M)

#@ End verbose flow_step postroute.report_postroute.report_route_density
      flow.cputime  flow.realtime  timing.setup.tns  timing.setup.wns  snapshot
UM:            3.1              2                                      report_route_density
##FLOW_KIT: enabling features from command line: {report_lec synth_spatial pnr_db_handoff add_scan generate_models opt_signoff}
#@ Begin verbose flow_step postroute.report_postroute.report_finish
#@ End verbose flow_step postroute.report_postroute.report_finish
      flow.cputime  flow.realtime  timing.setup.tns  timing.setup.wns  snapshot
UM:           2.99              2                                      report_finish

Program version = 23.15-s106_1
Working directory = /home/student/16/ex8/flow_matmul_sync_1
Databases directory = /home/student/16/ex8/flow_matmul_sync_1/dbs
Starting time = Nov 14, 2025 15:06:10
Ending time = Nov 14, 2025 15:13:56

Run Flow Summary
---------------------

Steps run:  postroute.block_start postroute.init_innovus postroute.set_dont_use postroute.manage_uncertainty postroute.run_opt_postroute postroute.block_finish postroute.report_postroute.report_start postroute.report_postroute.init_innovus postroute.report_postroute.report_area_innovus postroute.report_postroute.report_timing_early_innovus postroute.report_postroute.report_early_paths postroute.report_postroute.report_timing_late_innovus postroute.report_postroute.report_late_paths postroute.report_postroute.report_clock_timing postroute.report_postroute.report_power_innovus postroute.report_postroute.report_route_process postroute.report_postroute.report_route_drc postroute.report_postroute.report_route_density postroute.report_postroute.report_finish

Step status:
     postroute.block_start                                          success
     postroute.init_innovus                                         success
     postroute.set_dont_use                                         success
     postroute.manage_uncertainty                                   success
     postroute.run_opt_postroute                                    success
     postroute.block_finish                                         success
     postroute.report_postroute.report_start                        success
     postroute.report_postroute.init_innovus                        success
     postroute.report_postroute.report_area_innovus                 success
     postroute.report_postroute.report_timing_early_innovus         success
     postroute.report_postroute.report_early_paths                  success
     postroute.report_postroute.report_timing_late_innovus          success
     postroute.report_postroute.report_late_paths                   success
     postroute.report_postroute.report_clock_timing                 success
     postroute.report_postroute.report_power_innovus                success
     postroute.report_postroute.report_route_process                success
     postroute.report_postroute.report_route_drc                    success
     postroute.report_postroute.report_route_density                success
     postroute.report_postroute.report_finish                       success

 ---------------------------------------------------------------------------------------------------- 
| Snapshot    | flow.cputime (s) | flow.realtime (s) | timing.setup.tns (ns) | timing.setup.wns (ns) |
|-------------+------------------+-------------------+-----------------------+-----------------------|
| syn_generic | 0:00:40          | 0:01:20           |                     0 |                 0.441 |
| syn_map     | 0:01:08          | 0:01:15           |                     0 |                 0.001 |
| syn_opt     | 0:02:49          | 0:04:34           |                     0 |                 0.007 |
| floorplan   | 0:00:42          | 0:01:02           |                       |                       |
| prects      | 0:01:12          | 0:01:57           |                    -0 |                -0.000 |
| cts         | 0:01:39          | 0:02:16           |                     0 |                 0.003 |
| postcts     | 0:00:51          | 0:01:16           |                     0 |                 0.003 |
| route       | 0:10:06          | 0:05:02           |                    -0 |                -0.019 |
| postroute   | 0:14:12          | 0:07:02           |                    -0 |                -0.023 |
 ---------------------------------------------------------------------------------------------------- 
*** Message Summary: 3525 warning(s), 0 error(s)


*** Memory Usage v#1 (Current mem = 8007.672M, initial mem = 856.402M) ***
--- Ending "Innovus" (totcpu=0:14:59, real=0:08:28, mem=8007.7M) ---
